,file_path,length,label
0,train-clean-100/298/126791/298-126791-0067.flac,308720,
1,train-clean-100/3699/47246/3699-47246-0007.flac,291841,
2,train-clean-100/3699/19402/3699-19402-0012.flac,281840,
3,train-clean-100/2893/139322/2893-139322-0041.flac,276800,
4,train-clean-100/226/122538/226-122538-0010.flac,276400,
5,train-clean-100/1970/10594/1970-10594-0039.flac,276320,
6,train-clean-100/1034/121119/1034-121119-0049.flac,275840,
7,train-clean-100/374/180298/374-180298-0041.flac,275360,
8,train-clean-100/1624/168623/1624-168623-0036.flac,275280,
9,train-clean-100/3664/178366/3664-178366-0011.flac,275280,
10,train-clean-100/198/126831/198-126831-0000.flac,275040,
11,train-clean-100/2159/179156/2159-179156-0013.flac,274480,
12,train-clean-100/3374/298026/3374-298026-0023.flac,274080,
13,train-clean-100/1447/17506/1447-17506-0034.flac,273920,
14,train-clean-100/2182/181173/2182-181173-0033.flac,273840,
15,train-clean-100/3486/166424/3486-166424-0048.flac,273840,
16,train-clean-100/3440/171009/3440-171009-0005.flac,273680,
17,train-clean-100/3526/176653/3526-176653-0031.flac,273600,
18,train-clean-100/2436/2481/2436-2481-0027.flac,273600,
19,train-clean-100/1098/133695/1098-133695-0042.flac,273520,
20,train-clean-100/2182/150130/2182-150130-0028.flac,273440,
21,train-clean-100/211/122425/211-122425-0047.flac,273440,
22,train-clean-100/1081/125237/1081-125237-0053.flac,273360,
23,train-clean-100/2764/36619/2764-36619-0024.flac,273120,
24,train-clean-100/2384/152900/2384-152900-0002.flac,272881,
25,train-clean-100/2002/139469/2002-139469-0039.flac,272560,
26,train-clean-100/1363/135842/1363-135842-0010.flac,272400,
27,train-clean-100/3112/9555/3112-9555-0084.flac,272000,
28,train-clean-100/322/124147/322-124147-0039.flac,271680,
29,train-clean-100/1578/140049/1578-140049-0004.flac,271600,
30,train-clean-100/125/121124/125-121124-0050.flac,271600,
31,train-clean-100/1898/145720/1898-145720-0013.flac,271520,
32,train-clean-100/226/131533/226-131533-0002.flac,271440,
33,train-clean-100/311/124404/311-124404-0021.flac,271440,
34,train-clean-100/1081/125237/1081-125237-0046.flac,271440,
35,train-clean-100/3436/172162/3436-172162-0018.flac,271280,
36,train-clean-100/2514/149482/2514-149482-0087.flac,271280,
37,train-clean-100/1183/133256/1183-133256-0005.flac,271200,
38,train-clean-100/39/121914/39-121914-0013.flac,271120,
39,train-clean-100/2002/139469/2002-139469-0093.flac,271040,
40,train-clean-100/1624/142933/1624-142933-0019.flac,270960,
41,train-clean-100/3664/178366/3664-178366-0029.flac,270880,
42,train-clean-100/2764/36616/2764-36616-0038.flac,270800,
43,train-clean-100/3112/9554/3112-9554-0006.flac,270640,
44,train-clean-100/298/126791/298-126791-0053.flac,270640,
45,train-clean-100/3830/12531/3830-12531-0009.flac,270640,
46,train-clean-100/2007/132570/2007-132570-0059.flac,270561,
47,train-clean-100/311/124404/311-124404-0112.flac,270560,
48,train-clean-100/307/127535/307-127535-0005.flac,270560,
49,train-clean-100/103/1241/103-1241-0034.flac,270560,
50,train-clean-100/1447/17506/1447-17506-0014.flac,270480,
51,train-clean-100/27/124992/27-124992-0000.flac,270480,
52,train-clean-100/2691/156745/2691-156745-0002.flac,270480,
53,train-clean-100/328/129766/328-129766-0011.flac,270080,
54,train-clean-100/2893/139322/2893-139322-0023.flac,270080,
55,train-clean-100/298/126790/298-126790-0038.flac,270000,
56,train-clean-100/103/1240/103-1240-0031.flac,269760,
57,train-clean-100/3830/12535/3830-12535-0029.flac,269680,
58,train-clean-100/226/122538/226-122538-0014.flac,269600,
59,train-clean-100/2002/139469/2002-139469-0034.flac,269600,
60,train-clean-100/1334/135589/1334-135589-0002.flac,269600,
61,train-clean-100/1081/125237/1081-125237-0085.flac,269520,
62,train-clean-100/26/496/26-496-0012.flac,269520,
63,train-clean-100/3374/298032/3374-298032-0008.flac,269520,
64,train-clean-100/3259/158083/3259-158083-0089.flac,269440,
65,train-clean-100/250/142276/250-142276-0050.flac,269440,
66,train-clean-100/2952/407/2952-407-0001.flac,269360,
67,train-clean-100/198/126831/198-126831-0021.flac,269120,
68,train-clean-100/248/130697/248-130697-0018.flac,269120,
69,train-clean-100/1355/39947/1355-39947-0035.flac,269040,
70,train-clean-100/2182/150130/2182-150130-0036.flac,269040,
71,train-clean-100/1502/122619/1502-122619-0004.flac,268880,
72,train-clean-100/2952/410/2952-410-0047.flac,268800,
73,train-clean-100/3723/171115/3723-171115-0013.flac,268720,
74,train-clean-100/307/127539/307-127539-0006.flac,268640,
75,train-clean-100/2092/145706/2092-145706-0055.flac,268640,
76,train-clean-100/229/130880/229-130880-0000.flac,268560,
77,train-clean-100/2989/138035/2989-138035-0043.flac,268560,
78,train-clean-100/2836/5354/2836-5354-0024.flac,268480,
79,train-clean-100/3526/175658/3526-175658-0027.flac,268400,
80,train-clean-100/1069/133699/1069-133699-0032.flac,268320,
81,train-clean-100/3526/176653/3526-176653-0027.flac,268320,
82,train-clean-100/1088/129236/1088-129236-0003.flac,268240,
83,train-clean-100/332/128985/332-128985-0073.flac,268240,
84,train-clean-100/1926/147987/1926-147987-0019.flac,268240,
85,train-clean-100/39/121916/39-121916-0023.flac,268160,
86,train-clean-100/1992/141719/1992-141719-0017.flac,268160,
87,train-clean-100/307/127539/307-127539-0030.flac,268160,
88,train-clean-100/254/127705/254-127705-0038.flac,268160,
89,train-clean-100/2691/156755/2691-156755-0035.flac,268080,
90,train-clean-100/3664/11714/3664-11714-0023.flac,268080,
91,train-clean-100/3374/298025/3374-298025-0000.flac,268080,
92,train-clean-100/3240/131231/3240-131231-0064.flac,268080,
93,train-clean-100/1553/140048/1553-140048-0040.flac,268000,
94,train-clean-100/2514/149482/2514-149482-0103.flac,268000,
95,train-clean-100/3374/298025/3374-298025-0019.flac,268000,
96,train-clean-100/2514/149482/2514-149482-0040.flac,268000,
97,train-clean-100/2514/149482/2514-149482-0013.flac,267920,
98,train-clean-100/3240/131231/3240-131231-0017.flac,267920,
99,train-clean-100/3436/172162/3436-172162-0000.flac,267920,
100,train-clean-100/2952/410/2952-410-0020.flac,267920,
101,train-clean-100/3486/166424/3486-166424-0020.flac,267920,
102,train-clean-100/150/126112/150-126112-0015.flac,267920,
103,train-clean-100/3830/12530/3830-12530-0019.flac,267920,
104,train-clean-100/1898/145715/1898-145715-0022.flac,267840,
105,train-clean-100/2007/149877/2007-149877-0019.flac,267840,
106,train-clean-100/3259/158083/3259-158083-0068.flac,267840,
107,train-clean-100/1841/159771/1841-159771-0042.flac,267760,
108,train-clean-100/1502/122615/1502-122615-0024.flac,267760,
109,train-clean-100/198/126831/198-126831-0029.flac,267760,
110,train-clean-100/196/122150/196-122150-0032.flac,267680,
111,train-clean-100/302/123523/302-123523-0025.flac,267680,
112,train-clean-100/328/129766/328-129766-0021.flac,267680,
113,train-clean-100/27/123349/27-123349-0011.flac,267679,
114,train-clean-100/200/126784/200-126784-0026.flac,267600,
115,train-clean-100/2518/154826/2518-154826-0030.flac,267600,
116,train-clean-100/2136/5143/2136-5143-0025.flac,267520,
117,train-clean-100/3168/173564/3168-173564-0023.flac,267520,
118,train-clean-100/3214/167606/3214-167606-0006.flac,267520,
119,train-clean-100/118/121721/118-121721-0024.flac,267520,
120,train-clean-100/26/495/26-495-0023.flac,267360,
121,train-clean-100/2136/5147/2136-5147-0038.flac,267360,
122,train-clean-100/2514/149482/2514-149482-0005.flac,267360,
123,train-clean-100/1246/124550/1246-124550-0005.flac,267280,
124,train-clean-100/2092/145706/2092-145706-0074.flac,267280,
125,train-clean-100/1723/141149/1723-141149-0052.flac,267120,
126,train-clean-100/3807/4955/3807-4955-0022.flac,267040,
127,train-clean-100/1737/148989/1737-148989-0008.flac,266960,
128,train-clean-100/3242/67153/3242-67153-0004.flac,266881,
129,train-clean-100/3242/67153/3242-67153-0007.flac,266880,
130,train-clean-100/1183/133256/1183-133256-0013.flac,266800,
131,train-clean-100/2893/139322/2893-139322-0050.flac,266800,
132,train-clean-100/125/121124/125-121124-0076.flac,266800,
133,train-clean-100/103/1241/103-1241-0023.flac,266720,
134,train-clean-100/289/121665/289-121665-0005.flac,266640,
135,train-clean-100/2910/131096/2910-131096-0090.flac,266640,
136,train-clean-100/2514/149482/2514-149482-0033.flac,266640,
137,train-clean-100/3982/182255/3982-182255-0009.flac,266640,
138,train-clean-100/302/123516/302-123516-0013.flac,266640,
139,train-clean-100/3374/298025/3374-298025-0010.flac,266560,
140,train-clean-100/2416/152137/2416-152137-0006.flac,266560,
141,train-clean-100/1594/135914/1594-135914-0095.flac,266560,
142,train-clean-100/289/121665/289-121665-0032.flac,266560,
143,train-clean-100/2136/5143/2136-5143-0028.flac,266480,
144,train-clean-100/3830/12535/3830-12535-0007.flac,266480,
145,train-clean-100/2092/145706/2092-145706-0067.flac,266400,
146,train-clean-100/2384/152900/2384-152900-0080.flac,266320,
147,train-clean-100/3830/12530/3830-12530-0003.flac,266320,
148,train-clean-100/3807/4955/3807-4955-0016.flac,266320,
149,train-clean-100/1040/133433/1040-133433-0080.flac,266240,
150,train-clean-100/1116/137572/1116-137572-0048.flac,266240,
151,train-clean-100/2007/149877/2007-149877-0032.flac,266240,
152,train-clean-100/1355/39947/1355-39947-0008.flac,266240,
153,train-clean-100/2893/139322/2893-139322-0043.flac,266160,
154,train-clean-100/3214/167602/3214-167602-0033.flac,266160,
155,train-clean-100/2416/152139/2416-152139-0041.flac,266080,
156,train-clean-100/19/198/19-198-0034.flac,266000,
157,train-clean-100/2691/156755/2691-156755-0030.flac,266000,
158,train-clean-100/3983/5331/3983-5331-0004.flac,266000,
159,train-clean-100/1898/145702/1898-145702-0006.flac,265920,
160,train-clean-100/3259/158083/3259-158083-0019.flac,265920,
161,train-clean-100/2952/407/2952-407-0002.flac,265680,
162,train-clean-100/226/131532/226-131532-0003.flac,265680,
163,train-clean-100/254/127705/254-127705-0019.flac,265520,
164,train-clean-100/250/142276/250-142276-0020.flac,265440,
165,train-clean-100/307/127535/307-127535-0031.flac,265440,
166,train-clean-100/1098/133695/1098-133695-0090.flac,265440,
167,train-clean-100/2007/132570/2007-132570-0029.flac,265440,
168,train-clean-100/2764/36616/2764-36616-0001.flac,265360,
169,train-clean-100/1841/159771/1841-159771-0029.flac,265280,
170,train-clean-100/2911/15084/2911-15084-0007.flac,265280,
171,train-clean-100/1624/142933/1624-142933-0022.flac,265280,
172,train-clean-100/1455/138263/1455-138263-0049.flac,265280,
173,train-clean-100/3168/173564/3168-173564-0017.flac,265200,
174,train-clean-100/3259/158083/3259-158083-0115.flac,265200,
175,train-clean-100/198/126831/198-126831-0015.flac,265120,
176,train-clean-100/1926/147979/1926-147979-0011.flac,265120,
177,train-clean-100/200/126784/200-126784-0010.flac,265120,
178,train-clean-100/3235/11599/3235-11599-0009.flac,265040,
179,train-clean-100/1578/140049/1578-140049-0035.flac,264880,
180,train-clean-100/2136/5147/2136-5147-0016.flac,264880,
181,train-clean-100/1069/133699/1069-133699-0025.flac,264880,
182,train-clean-100/3486/166446/3486-166446-0005.flac,264800,
183,train-clean-100/248/130644/248-130644-0019.flac,264800,
184,train-clean-100/1743/142912/1743-142912-0028.flac,264800,
185,train-clean-100/1737/148989/1737-148989-0004.flac,264720,
186,train-clean-100/1898/145720/1898-145720-0014.flac,264640,
187,train-clean-100/250/142276/250-142276-0016.flac,264640,
188,train-clean-100/2910/131096/2910-131096-0036.flac,264640,
189,train-clean-100/2893/139322/2893-139322-0009.flac,264640,
190,train-clean-100/1970/26100/1970-26100-0015.flac,264560,
191,train-clean-100/118/124588/118-124588-0019.flac,264560,
192,train-clean-100/2952/410/2952-410-0026.flac,264481,
193,train-clean-100/3440/171006/3440-171006-0008.flac,264480,
194,train-clean-100/3168/173564/3168-173564-0002.flac,264480,
195,train-clean-100/1723/141149/1723-141149-0064.flac,264480,
196,train-clean-100/2289/152254/2289-152254-0005.flac,264400,
197,train-clean-100/118/47824/118-47824-0008.flac,264321,
198,train-clean-100/2159/179157/2159-179157-0028.flac,264321,
199,train-clean-100/2196/174172/2196-174172-0017.flac,264320,
200,train-clean-100/3857/182317/3857-182317-0006.flac,264320,
201,train-clean-100/2196/170151/2196-170151-0024.flac,264240,
202,train-clean-100/2514/149482/2514-149482-0028.flac,264240,
203,train-clean-100/3240/131232/3240-131232-0021.flac,264240,
204,train-clean-100/2436/2476/2436-2476-0029.flac,264240,
205,train-clean-100/3664/178355/3664-178355-0028.flac,264240,
206,train-clean-100/1235/135884/1235-135884-0009.flac,264240,
207,train-clean-100/233/155990/233-155990-0045.flac,264160,
208,train-clean-100/3830/12530/3830-12530-0023.flac,264160,
209,train-clean-100/1235/135884/1235-135884-0012.flac,264160,
210,train-clean-100/1069/133709/1069-133709-0030.flac,264160,
211,train-clean-100/1246/124550/1246-124550-0029.flac,264160,
212,train-clean-100/3259/158083/3259-158083-0119.flac,264160,
213,train-clean-100/3947/13262/3947-13262-0051.flac,264080,
214,train-clean-100/3947/13260/3947-13260-0033.flac,264000,
215,train-clean-100/2196/170151/2196-170151-0009.flac,264000,
216,train-clean-100/1455/138263/1455-138263-0052.flac,263920,
217,train-clean-100/233/134440/233-134440-0048.flac,263920,
218,train-clean-100/3168/173565/3168-173565-0033.flac,263919,
219,train-clean-100/1743/142914/1743-142914-0029.flac,263840,
220,train-clean-100/298/126790/298-126790-0005.flac,263840,
221,train-clean-100/1578/140045/1578-140045-0009.flac,263840,
222,train-clean-100/3857/182315/3857-182315-0023.flac,263840,
223,train-clean-100/1363/139304/1363-139304-0036.flac,263840,
224,train-clean-100/2159/179156/2159-179156-0004.flac,263840,
225,train-clean-100/2836/5354/2836-5354-0046.flac,263760,
226,train-clean-100/19/227/19-227-0041.flac,263760,
227,train-clean-100/3723/171631/3723-171631-0049.flac,263680,
228,train-clean-100/3168/173565/3168-173565-0055.flac,263680,
229,train-clean-100/2002/139469/2002-139469-0063.flac,263680,
230,train-clean-100/2384/152900/2384-152900-0059.flac,263520,
231,train-clean-100/2764/36617/2764-36617-0016.flac,263440,
232,train-clean-100/3982/178459/3982-178459-0026.flac,263440,
233,train-clean-100/2092/145706/2092-145706-0029.flac,263439,
234,train-clean-100/2436/2481/2436-2481-0013.flac,263360,
235,train-clean-100/3242/67168/3242-67168-0017.flac,263360,
236,train-clean-100/2691/156745/2691-156745-0027.flac,263360,
237,train-clean-100/254/12312/254-12312-0020.flac,263360,
238,train-clean-100/150/126112/150-126112-0028.flac,263280,
239,train-clean-100/26/495/26-495-0077.flac,263280,
240,train-clean-100/226/122538/226-122538-0024.flac,263280,
241,train-clean-100/2092/145706/2092-145706-0044.flac,263200,
242,train-clean-100/2514/149482/2514-149482-0075.flac,263200,
243,train-clean-100/1502/122619/1502-122619-0021.flac,263200,
244,train-clean-100/2136/5140/2136-5140-0036.flac,263120,
245,train-clean-100/1334/135589/1334-135589-0047.flac,263120,
246,train-clean-100/3699/47246/3699-47246-0012.flac,263120,
247,train-clean-100/3947/13260/3947-13260-0022.flac,263120,
248,train-clean-100/307/127540/307-127540-0015.flac,263120,
249,train-clean-100/298/126790/298-126790-0029.flac,263120,
250,train-clean-100/298/126791/298-126791-0020.flac,263040,
251,train-clean-100/3947/13260/3947-13260-0009.flac,263040,
252,train-clean-100/2159/179156/2159-179156-0017.flac,263040,
253,train-clean-100/298/126791/298-126791-0016.flac,263040,
254,train-clean-100/3214/167606/3214-167606-0026.flac,263040,
255,train-clean-100/332/128985/332-128985-0058.flac,262960,
256,train-clean-100/3830/12531/3830-12531-0007.flac,262960,
257,train-clean-100/3699/19402/3699-19402-0017.flac,262880,
258,train-clean-100/3607/135982/3607-135982-0023.flac,262880,
259,train-clean-100/163/122947/163-122947-0037.flac,262880,
260,train-clean-100/2893/139310/2893-139310-0027.flac,262800,
261,train-clean-100/3607/135982/3607-135982-0026.flac,262800,
262,train-clean-100/2416/152139/2416-152139-0053.flac,262800,
263,train-clean-100/211/122425/211-122425-0044.flac,262720,
264,train-clean-100/3235/28433/3235-28433-0021.flac,262720,
265,train-clean-100/233/155990/233-155990-0003.flac,262720,
266,train-clean-100/1455/138263/1455-138263-0026.flac,262640,
267,train-clean-100/289/121652/289-121652-0017.flac,262640,
268,train-clean-100/1363/135842/1363-135842-0042.flac,262640,
269,train-clean-100/1867/154075/1867-154075-0028.flac,262560,
270,train-clean-100/2436/2476/2436-2476-0039.flac,262560,
271,train-clean-100/2002/139469/2002-139469-0097.flac,262560,
272,train-clean-100/1069/133709/1069-133709-0016.flac,262480,
273,train-clean-100/2436/2481/2436-2481-0021.flac,262480,
274,train-clean-100/150/132655/150-132655-0017.flac,262480,
275,train-clean-100/3947/13260/3947-13260-0035.flac,262480,
276,train-clean-100/3699/47246/3699-47246-0000.flac,262480,
277,train-clean-100/248/130652/248-130652-0002.flac,262400,
278,train-clean-100/332/128985/332-128985-0048.flac,262400,
279,train-clean-100/3699/175950/3699-175950-0015.flac,262400,
280,train-clean-100/3664/178366/3664-178366-0016.flac,262400,
281,train-clean-100/1455/134435/1455-134435-0049.flac,262400,
282,train-clean-100/3699/175950/3699-175950-0018.flac,262321,
283,train-clean-100/2289/152258/2289-152258-0005.flac,262320,
284,train-clean-100/2289/152258/2289-152258-0008.flac,262320,
285,train-clean-100/328/129766/328-129766-0048.flac,262320,
286,train-clean-100/103/1240/103-1240-0044.flac,262240,
287,train-clean-100/3982/178459/3982-178459-0015.flac,262240,
288,train-clean-100/2910/131096/2910-131096-0078.flac,262239,
289,train-clean-100/226/131532/226-131532-0030.flac,262160,
290,train-clean-100/226/131532/226-131532-0001.flac,262160,
291,train-clean-100/200/124140/200-124140-0001.flac,262160,
292,train-clean-100/196/122152/196-122152-0007.flac,262080,
293,train-clean-100/2092/145706/2092-145706-0076.flac,262080,
294,train-clean-100/26/495/26-495-0055.flac,262080,
295,train-clean-100/2952/408/2952-408-0023.flac,262080,
296,train-clean-100/2910/131096/2910-131096-0067.flac,262080,
297,train-clean-100/254/27760/254-27760-0027.flac,262080,
298,train-clean-100/3240/131232/3240-131232-0010.flac,262080,
299,train-clean-100/1447/130551/1447-130551-0006.flac,262080,
300,train-clean-100/103/1240/103-1240-0022.flac,262000,
301,train-clean-100/3168/173565/3168-173565-0019.flac,262000,
302,train-clean-100/3168/173565/3168-173565-0001.flac,262000,
303,train-clean-100/1081/125237/1081-125237-0104.flac,261920,
304,train-clean-100/3112/9555/3112-9555-0047.flac,261920,
305,train-clean-100/3664/178355/3664-178355-0001.flac,261920,
306,train-clean-100/3607/29116/3607-29116-0008.flac,261840,
307,train-clean-100/322/124147/322-124147-0015.flac,261840,
308,train-clean-100/307/127535/307-127535-0001.flac,261840,
309,train-clean-100/3879/174923/3879-174923-0025.flac,261840,
310,train-clean-100/163/122947/163-122947-0013.flac,261840,
311,train-clean-100/1578/6379/1578-6379-0032.flac,261840,
312,train-clean-100/2952/407/2952-407-0003.flac,261760,
313,train-clean-100/1578/140049/1578-140049-0024.flac,261760,
314,train-clean-100/374/180298/374-180298-0048.flac,261760,
315,train-clean-100/1594/135914/1594-135914-0107.flac,261680,
316,train-clean-100/226/131532/226-131532-0027.flac,261680,
317,train-clean-100/1334/135589/1334-135589-0077.flac,261600,
318,train-clean-100/2518/154826/2518-154826-0031.flac,261600,
319,train-clean-100/1737/142397/1737-142397-0024.flac,261600,
320,train-clean-100/103/1241/103-1241-0022.flac,261600,
321,train-clean-100/1867/154071/1867-154071-0017.flac,261600,
322,train-clean-100/1447/130550/1447-130550-0003.flac,261600,
323,train-clean-100/118/47824/118-47824-0070.flac,261520,
324,train-clean-100/1841/159771/1841-159771-0008.flac,261520,
325,train-clean-100/150/126107/150-126107-0039.flac,261440,
326,train-clean-100/1926/147979/1926-147979-0036.flac,261440,
327,train-clean-100/2182/150130/2182-150130-0015.flac,261440,
328,train-clean-100/3259/158083/3259-158083-0120.flac,261440,
329,train-clean-100/298/126791/298-126791-0064.flac,261440,
330,train-clean-100/2518/154825/2518-154825-0051.flac,261440,
331,train-clean-100/163/122947/163-122947-0066.flac,261360,
332,train-clean-100/1992/141719/1992-141719-0043.flac,261360,
333,train-clean-100/103/1240/103-1240-0054.flac,261360,
334,train-clean-100/3259/158083/3259-158083-0063.flac,261280,
335,train-clean-100/289/121652/289-121652-0030.flac,261280,
336,train-clean-100/3235/28452/3235-28452-0009.flac,261200,
337,train-clean-100/2817/142371/2817-142371-0069.flac,261200,
338,train-clean-100/1743/142914/1743-142914-0024.flac,261200,
339,train-clean-100/250/142276/250-142276-0011.flac,261200,
340,train-clean-100/2092/145706/2092-145706-0070.flac,261200,
341,train-clean-100/1578/140049/1578-140049-0031.flac,261120,
342,train-clean-100/2436/2476/2436-2476-0024.flac,261120,
343,train-clean-100/198/129977/198-129977-0020.flac,261120,
344,train-clean-100/3526/176653/3526-176653-0053.flac,261120,
345,train-clean-100/2911/15045/2911-15045-0011.flac,261120,
346,train-clean-100/1040/133433/1040-133433-0055.flac,261120,
347,train-clean-100/2514/149482/2514-149482-0011.flac,261040,
348,train-clean-100/198/209/198-209-0023.flac,261040,
349,train-clean-100/1040/133433/1040-133433-0016.flac,261040,
350,train-clean-100/1867/148436/1867-148436-0016.flac,261040,
351,train-clean-100/374/180298/374-180298-0047.flac,261040,
352,train-clean-100/1447/130551/1447-130551-0014.flac,260960,
353,train-clean-100/3983/5331/3983-5331-0013.flac,260960,
354,train-clean-100/211/122442/211-122442-0038.flac,260960,
355,train-clean-100/3214/167606/3214-167606-0036.flac,260960,
356,train-clean-100/3526/176651/3526-176651-0012.flac,260960,
357,train-clean-100/1263/138246/1263-138246-0032.flac,260960,
358,train-clean-100/2691/156750/2691-156750-0023.flac,260960,
359,train-clean-100/3526/176653/3526-176653-0006.flac,260960,
360,train-clean-100/1737/146161/1737-146161-0001.flac,260880,
361,train-clean-100/118/47824/118-47824-0051.flac,260880,
362,train-clean-100/3947/13262/3947-13262-0022.flac,260800,
363,train-clean-100/2416/152137/2416-152137-0034.flac,260800,
364,train-clean-100/196/122150/196-122150-0018.flac,260800,
365,train-clean-100/2384/152900/2384-152900-0056.flac,260800,
366,train-clean-100/1898/145720/1898-145720-0006.flac,260800,
367,train-clean-100/3664/11714/3664-11714-0006.flac,260720,
368,train-clean-100/3830/12530/3830-12530-0025.flac,260720,
369,train-clean-100/2910/131096/2910-131096-0042.flac,260720,
370,train-clean-100/311/124404/311-124404-0057.flac,260720,
371,train-clean-100/19/198/19-198-0021.flac,260640,
372,train-clean-100/3664/178355/3664-178355-0034.flac,260640,
373,train-clean-100/3436/172162/3436-172162-0045.flac,260560,
374,train-clean-100/250/142276/250-142276-0002.flac,260560,
375,train-clean-100/3112/9554/3112-9554-0017.flac,260560,
376,train-clean-100/1069/133699/1069-133699-0033.flac,260560,
377,train-clean-100/328/129766/328-129766-0035.flac,260480,
378,train-clean-100/3374/298025/3374-298025-0026.flac,260480,
379,train-clean-100/2136/5147/2136-5147-0033.flac,260480,
380,train-clean-100/2910/131096/2910-131096-0063.flac,260400,
381,train-clean-100/226/131532/226-131532-0012.flac,260400,
382,train-clean-100/2514/149482/2514-149482-0074.flac,260400,
383,train-clean-100/3982/182255/3982-182255-0024.flac,260320,
384,train-clean-100/3440/171009/3440-171009-0040.flac,260320,
385,train-clean-100/1116/137572/1116-137572-0019.flac,260320,
386,train-clean-100/2843/152918/2843-152918-0086.flac,260320,
387,train-clean-100/1334/135589/1334-135589-0019.flac,260240,
388,train-clean-100/2514/149482/2514-149482-0032.flac,260240,
389,train-clean-100/1355/39947/1355-39947-0009.flac,260240,
390,train-clean-100/1088/129236/1088-129236-0011.flac,260239,
391,train-clean-100/322/124147/322-124147-0003.flac,260160,
392,train-clean-100/3436/172171/3436-172171-0041.flac,260160,
393,train-clean-100/3240/131232/3240-131232-0019.flac,260160,
394,train-clean-100/3982/178459/3982-178459-0011.flac,260160,
395,train-clean-100/163/122947/163-122947-0071.flac,260160,
396,train-clean-100/150/126107/150-126107-0006.flac,260080,
397,train-clean-100/3259/158083/3259-158083-0053.flac,260080,
398,train-clean-100/3235/28433/3235-28433-0007.flac,260080,
399,train-clean-100/289/121652/289-121652-0036.flac,260080,
400,train-clean-100/32/21631/32-21631-0000.flac,260000,
401,train-clean-100/2416/152137/2416-152137-0002.flac,260000,
402,train-clean-100/163/122947/163-122947-0024.flac,259920,
403,train-clean-100/2182/181183/2182-181183-0016.flac,259920,
404,train-clean-100/2384/152900/2384-152900-0009.flac,259920,
405,train-clean-100/1970/10594/1970-10594-0033.flac,259920,
406,train-clean-100/248/130644/248-130644-0021.flac,259920,
407,train-clean-100/1926/147979/1926-147979-0005.flac,259840,
408,train-clean-100/3486/166446/3486-166446-0028.flac,259840,
409,train-clean-100/229/130880/229-130880-0049.flac,259840,
410,train-clean-100/1578/140049/1578-140049-0036.flac,259840,
411,train-clean-100/196/122150/196-122150-0006.flac,259840,
412,train-clean-100/163/122947/163-122947-0030.flac,259840,
413,train-clean-100/2893/139310/2893-139310-0037.flac,259840,
414,train-clean-100/298/126791/298-126791-0012.flac,259760,
415,train-clean-100/26/495/26-495-0011.flac,259760,
416,train-clean-100/2518/154826/2518-154826-0037.flac,259760,
417,train-clean-100/196/122150/196-122150-0001.flac,259760,
418,train-clean-100/1841/150351/1841-150351-0023.flac,259680,
419,train-clean-100/1737/146161/1737-146161-0002.flac,259680,
420,train-clean-100/3374/298025/3374-298025-0006.flac,259680,
421,train-clean-100/2989/138035/2989-138035-0028.flac,259680,
422,train-clean-100/226/131533/226-131533-0006.flac,259680,
423,train-clean-100/3214/167606/3214-167606-0008.flac,259600,
424,train-clean-100/1970/26100/1970-26100-0035.flac,259600,
425,train-clean-100/2007/132570/2007-132570-0025.flac,259600,
426,train-clean-100/1183/133256/1183-133256-0007.flac,259600,
427,train-clean-100/27/123349/27-123349-0043.flac,259600,
428,train-clean-100/1355/39947/1355-39947-0010.flac,259600,
429,train-clean-100/196/122150/196-122150-0036.flac,259600,
430,train-clean-100/1624/142933/1624-142933-0009.flac,259600,
431,train-clean-100/198/209/198-209-0010.flac,259520,
432,train-clean-100/2691/156750/2691-156750-0014.flac,259520,
433,train-clean-100/2843/152918/2843-152918-0019.flac,259520,
434,train-clean-100/2893/139322/2893-139322-0034.flac,259520,
435,train-clean-100/2007/132570/2007-132570-0004.flac,259520,
436,train-clean-100/1970/10594/1970-10594-0003.flac,259520,
437,train-clean-100/1355/39947/1355-39947-0016.flac,259520,
438,train-clean-100/3664/178355/3664-178355-0011.flac,259440,
439,train-clean-100/39/121916/39-121916-0013.flac,259440,
440,train-clean-100/332/128985/332-128985-0056.flac,259440,
441,train-clean-100/211/122425/211-122425-0045.flac,259440,
442,train-clean-100/322/124146/322-124146-0029.flac,259360,
443,train-clean-100/3242/67168/3242-67168-0009.flac,259360,
444,train-clean-100/125/121342/125-121342-0009.flac,259280,
445,train-clean-100/196/122152/196-122152-0015.flac,259280,
446,train-clean-100/2007/132570/2007-132570-0038.flac,259280,
447,train-clean-100/307/127535/307-127535-0000.flac,259280,
448,train-clean-100/196/122152/196-122152-0026.flac,259280,
449,train-clean-100/1069/133699/1069-133699-0037.flac,259200,
450,train-clean-100/311/124404/311-124404-0020.flac,259200,
451,train-clean-100/248/130697/248-130697-0003.flac,259200,
452,train-clean-100/322/124147/322-124147-0052.flac,259200,
453,train-clean-100/1334/135589/1334-135589-0049.flac,259200,
454,train-clean-100/322/124147/322-124147-0053.flac,259120,
455,train-clean-100/2436/2476/2436-2476-0006.flac,259120,
456,train-clean-100/118/47824/118-47824-0066.flac,259120,
457,train-clean-100/26/495/26-495-0005.flac,259120,
458,train-clean-100/226/122538/226-122538-0002.flac,259120,
459,train-clean-100/2843/152918/2843-152918-0031.flac,259040,
460,train-clean-100/3607/29116/3607-29116-0025.flac,259040,
461,train-clean-100/3259/158083/3259-158083-0024.flac,259040,
462,train-clean-100/150/132655/150-132655-0023.flac,259040,
463,train-clean-100/3214/167606/3214-167606-0023.flac,259040,
464,train-clean-100/118/47824/118-47824-0077.flac,259040,
465,train-clean-100/1355/39947/1355-39947-0020.flac,259040,
466,train-clean-100/3240/131231/3240-131231-0000.flac,259040,
467,train-clean-100/1334/135589/1334-135589-0024.flac,259040,
468,train-clean-100/211/122425/211-122425-0019.flac,258960,
469,train-clean-100/3947/13262/3947-13262-0009.flac,258960,
470,train-clean-100/2007/149877/2007-149877-0003.flac,258960,
471,train-clean-100/3486/166446/3486-166446-0029.flac,258960,
472,train-clean-100/3112/9555/3112-9555-0052.flac,258960,
473,train-clean-100/2182/181173/2182-181173-0027.flac,258960,
474,train-clean-100/3240/131231/3240-131231-0034.flac,258960,
475,train-clean-100/196/122152/196-122152-0033.flac,258880,
476,train-clean-100/3259/158083/3259-158083-0056.flac,258880,
477,train-clean-100/2691/156750/2691-156750-0032.flac,258880,
478,train-clean-100/2911/7601/2911-7601-0045.flac,258880,
479,train-clean-100/2182/181183/2182-181183-0019.flac,258880,
480,train-clean-100/1040/133433/1040-133433-0026.flac,258800,
481,train-clean-100/2764/36616/2764-36616-0012.flac,258800,
482,train-clean-100/1334/135589/1334-135589-0005.flac,258800,
483,train-clean-100/3879/174923/3879-174923-0053.flac,258800,
484,train-clean-100/150/132655/150-132655-0018.flac,258800,
485,train-clean-100/250/142286/250-142286-0007.flac,258800,
486,train-clean-100/3240/131231/3240-131231-0044.flac,258800,
487,train-clean-100/3214/167602/3214-167602-0034.flac,258720,
488,train-clean-100/1970/26100/1970-26100-0012.flac,258720,
489,train-clean-100/2817/142380/2817-142380-0000.flac,258720,
490,train-clean-100/2893/139322/2893-139322-0026.flac,258720,
491,train-clean-100/39/121914/39-121914-0020.flac,258720,
492,train-clean-100/254/127705/254-127705-0016.flac,258720,
493,train-clean-100/150/126112/150-126112-0001.flac,258720,
494,train-clean-100/1069/133699/1069-133699-0016.flac,258640,
495,train-clean-100/2910/131096/2910-131096-0003.flac,258640,
496,train-clean-100/1553/140048/1553-140048-0041.flac,258640,
497,train-clean-100/150/126107/150-126107-0026.flac,258561,
498,train-clean-100/302/123523/302-123523-0030.flac,258560,
499,train-clean-100/1263/138246/1263-138246-0030.flac,258560,
500,train-clean-100/2910/131096/2910-131096-0080.flac,258560,
501,train-clean-100/163/121908/163-121908-0001.flac,258560,
502,train-clean-100/1723/141149/1723-141149-0014.flac,258560,
503,train-clean-100/298/126790/298-126790-0020.flac,258480,
504,train-clean-100/3440/171009/3440-171009-0071.flac,258480,
505,train-clean-100/2691/156755/2691-156755-0027.flac,258480,
506,train-clean-100/226/131533/226-131533-0021.flac,258480,
507,train-clean-100/3807/4923/3807-4923-0053.flac,258480,
508,train-clean-100/150/126107/150-126107-0035.flac,258480,
509,train-clean-100/2196/170151/2196-170151-0020.flac,258480,
510,train-clean-100/196/122150/196-122150-0007.flac,258400,
511,train-clean-100/1594/135914/1594-135914-0026.flac,258400,
512,train-clean-100/1926/143879/1926-143879-0024.flac,258400,
513,train-clean-100/3526/176651/3526-176651-0019.flac,258400,
514,train-clean-100/200/124139/200-124139-0025.flac,258400,
515,train-clean-100/1246/124548/1246-124548-0034.flac,258400,
516,train-clean-100/3112/9555/3112-9555-0060.flac,258400,
517,train-clean-100/3374/298025/3374-298025-0016.flac,258400,
518,train-clean-100/2136/5147/2136-5147-0039.flac,258320,
519,train-clean-100/3214/167607/3214-167607-0012.flac,258320,
520,train-clean-100/118/47824/118-47824-0006.flac,258320,
521,train-clean-100/3214/167606/3214-167606-0032.flac,258320,
522,train-clean-100/1263/138246/1263-138246-0010.flac,258320,
523,train-clean-100/1455/134435/1455-134435-0048.flac,258320,
524,train-clean-100/3112/9555/3112-9555-0034.flac,258240,
525,train-clean-100/2436/2477/2436-2477-0010.flac,258240,
526,train-clean-100/2764/36617/2764-36617-0038.flac,258240,
527,train-clean-100/2989/138035/2989-138035-0070.flac,258240,
528,train-clean-100/1992/141719/1992-141719-0038.flac,258240,
529,train-clean-100/2518/154825/2518-154825-0041.flac,258160,
530,train-clean-100/2159/179157/2159-179157-0024.flac,258160,
531,train-clean-100/103/1241/103-1241-0039.flac,258160,
532,train-clean-100/2817/142380/2817-142380-0032.flac,258160,
533,train-clean-100/19/227/19-227-0008.flac,258160,
534,train-clean-100/2843/152918/2843-152918-0020.flac,258160,
535,train-clean-100/3374/298026/3374-298026-0011.flac,258080,
536,train-clean-100/27/123349/27-123349-0029.flac,258080,
537,train-clean-100/2416/152139/2416-152139-0070.flac,258080,
538,train-clean-100/3240/131231/3240-131231-0015.flac,258080,
539,train-clean-100/298/126790/298-126790-0028.flac,258080,
540,train-clean-100/248/130697/248-130697-0016.flac,258080,
541,train-clean-100/125/121124/125-121124-0053.flac,258080,
542,train-clean-100/226/122538/226-122538-0005.flac,258079,
543,train-clean-100/298/126790/298-126790-0017.flac,258000,
544,train-clean-100/1455/134435/1455-134435-0042.flac,258000,
545,train-clean-100/1069/133709/1069-133709-0043.flac,258000,
546,train-clean-100/3947/13262/3947-13262-0018.flac,258000,
547,train-clean-100/1040/133433/1040-133433-0017.flac,257920,
548,train-clean-100/3607/135982/3607-135982-0040.flac,257920,
549,train-clean-100/200/126784/200-126784-0001.flac,257840,
550,train-clean-100/248/130652/248-130652-0024.flac,257840,
551,train-clean-100/2514/149482/2514-149482-0050.flac,257840,
552,train-clean-100/3699/47246/3699-47246-0011.flac,257840,
553,train-clean-100/328/129766/328-129766-0012.flac,257840,
554,train-clean-100/3214/167602/3214-167602-0032.flac,257840,
555,train-clean-100/302/123523/302-123523-0037.flac,257760,
556,train-clean-100/39/121915/39-121915-0017.flac,257760,
557,train-clean-100/3240/131231/3240-131231-0023.flac,257760,
558,train-clean-100/1355/39947/1355-39947-0050.flac,257760,
559,train-clean-100/1992/141719/1992-141719-0012.flac,257680,
560,train-clean-100/1502/122615/1502-122615-0003.flac,257680,
561,train-clean-100/2436/2477/2436-2477-0007.flac,257680,
562,train-clean-100/1867/154071/1867-154071-0043.flac,257680,
563,train-clean-100/2384/152900/2384-152900-0085.flac,257680,
564,train-clean-100/1594/135914/1594-135914-0000.flac,257680,
565,train-clean-100/3214/167606/3214-167606-0005.flac,257600,
566,train-clean-100/1963/142393/1963-142393-0011.flac,257600,
567,train-clean-100/254/145458/254-145458-0007.flac,257600,
568,train-clean-100/250/142286/250-142286-0006.flac,257600,
569,train-clean-100/3214/167606/3214-167606-0027.flac,257600,
570,train-clean-100/200/126784/200-126784-0003.flac,257520,
571,train-clean-100/3214/167607/3214-167607-0001.flac,257520,
572,train-clean-100/2764/36617/2764-36617-0003.flac,257520,
573,train-clean-100/1502/122615/1502-122615-0018.flac,257520,
574,train-clean-100/200/124139/200-124139-0029.flac,257520,
575,train-clean-100/2182/181183/2182-181183-0018.flac,257520,
576,train-clean-100/3214/167606/3214-167606-0012.flac,257520,
577,train-clean-100/1624/142933/1624-142933-0033.flac,257520,
578,train-clean-100/2196/170379/2196-170379-0027.flac,257520,
579,train-clean-100/3857/182317/3857-182317-0005.flac,257440,
580,train-clean-100/2007/132570/2007-132570-0037.flac,257440,
581,train-clean-100/1867/154075/1867-154075-0032.flac,257440,
582,train-clean-100/1069/133709/1069-133709-0025.flac,257440,
583,train-clean-100/1455/134435/1455-134435-0068.flac,257440,
584,train-clean-100/3982/178459/3982-178459-0030.flac,257440,
585,train-clean-100/1867/154075/1867-154075-0018.flac,257440,
586,train-clean-100/1183/133255/1183-133255-0004.flac,257440,
587,train-clean-100/3242/67168/3242-67168-0027.flac,257440,
588,train-clean-100/2514/149482/2514-149482-0107.flac,257440,
589,train-clean-100/1334/135589/1334-135589-0010.flac,257440,
590,train-clean-100/2518/154825/2518-154825-0047.flac,257440,
591,train-clean-100/374/180298/374-180298-0001.flac,257360,
592,train-clean-100/3259/158083/3259-158083-0010.flac,257360,
593,train-clean-100/3374/298032/3374-298032-0040.flac,257360,
594,train-clean-100/1235/135884/1235-135884-0034.flac,257280,
595,train-clean-100/2843/152918/2843-152918-0084.flac,257280,
596,train-clean-100/1898/145715/1898-145715-0026.flac,257280,
597,train-clean-100/233/134440/233-134440-0010.flac,257280,
598,train-clean-100/2514/149482/2514-149482-0039.flac,257280,
599,train-clean-100/196/122150/196-122150-0011.flac,257200,
600,train-clean-100/2911/15045/2911-15045-0022.flac,257200,
601,train-clean-100/3857/182317/3857-182317-0000.flac,257200,
602,train-clean-100/2893/139322/2893-139322-0031.flac,257200,
603,train-clean-100/1363/135842/1363-135842-0043.flac,257200,
604,train-clean-100/1334/135589/1334-135589-0039.flac,257120,
605,train-clean-100/3664/11714/3664-11714-0005.flac,257120,
606,train-clean-100/254/145458/254-145458-0014.flac,257120,
607,train-clean-100/200/124139/200-124139-0016.flac,257120,
608,train-clean-100/32/4137/32-4137-0007.flac,257120,
609,train-clean-100/1363/139304/1363-139304-0003.flac,257120,
610,train-clean-100/201/122255/201-122255-0001.flac,257120,
611,train-clean-100/3807/4923/3807-4923-0011.flac,257120,
612,train-clean-100/1723/141149/1723-141149-0025.flac,257120,
613,train-clean-100/1334/135589/1334-135589-0015.flac,257120,
614,train-clean-100/3947/13262/3947-13262-0000.flac,257040,
615,train-clean-100/3723/171115/3723-171115-0053.flac,257040,
616,train-clean-100/2092/145709/2092-145709-0000.flac,257040,
617,train-clean-100/3982/178459/3982-178459-0065.flac,257040,
618,train-clean-100/3857/182315/3857-182315-0019.flac,257040,
619,train-clean-100/201/122255/201-122255-0030.flac,257040,
620,train-clean-100/1235/135883/1235-135883-0023.flac,257040,
621,train-clean-100/2764/36616/2764-36616-0036.flac,257040,
622,train-clean-100/118/121721/118-121721-0026.flac,257040,
623,train-clean-100/3168/173564/3168-173564-0012.flac,257040,
624,train-clean-100/1594/135914/1594-135914-0094.flac,256960,
625,train-clean-100/2136/5140/2136-5140-0003.flac,256960,
626,train-clean-100/248/130697/248-130697-0011.flac,256960,
627,train-clean-100/307/127535/307-127535-0044.flac,256960,
628,train-clean-100/254/127705/254-127705-0031.flac,256960,
629,train-clean-100/1723/141149/1723-141149-0015.flac,256960,
630,train-clean-100/1553/140048/1553-140048-0044.flac,256960,
631,train-clean-100/374/180299/374-180299-0040.flac,256960,
632,train-clean-100/2391/145015/2391-145015-0024.flac,256960,
633,train-clean-100/32/4137/32-4137-0035.flac,256959,
634,train-clean-100/2092/145706/2092-145706-0045.flac,256880,
635,train-clean-100/3830/12535/3830-12535-0028.flac,256880,
636,train-clean-100/2007/149877/2007-149877-0033.flac,256880,
637,train-clean-100/2514/149482/2514-149482-0035.flac,256880,
638,train-clean-100/150/126107/150-126107-0028.flac,256880,
639,train-clean-100/302/123504/302-123504-0030.flac,256880,
640,train-clean-100/2092/145709/2092-145709-0009.flac,256880,
641,train-clean-100/3607/135982/3607-135982-0034.flac,256880,
642,train-clean-100/3436/172162/3436-172162-0032.flac,256800,
643,train-clean-100/1081/125237/1081-125237-0069.flac,256800,
644,train-clean-100/2843/152918/2843-152918-0004.flac,256800,
645,train-clean-100/1553/140048/1553-140048-0013.flac,256800,
646,train-clean-100/196/122150/196-122150-0020.flac,256800,
647,train-clean-100/3112/9554/3112-9554-0010.flac,256800,
648,train-clean-100/1594/135914/1594-135914-0109.flac,256800,
649,train-clean-100/39/121916/39-121916-0000.flac,256800,
650,train-clean-100/3664/178366/3664-178366-0014.flac,256721,
651,train-clean-100/1235/135887/1235-135887-0025.flac,256720,
652,train-clean-100/248/130644/248-130644-0010.flac,256720,
653,train-clean-100/3486/166446/3486-166446-0040.flac,256720,
654,train-clean-100/103/1240/103-1240-0035.flac,256720,
655,train-clean-100/1069/133709/1069-133709-0021.flac,256720,
656,train-clean-100/298/126790/298-126790-0014.flac,256720,
657,train-clean-100/289/121652/289-121652-0018.flac,256640,
658,train-clean-100/1723/141149/1723-141149-0018.flac,256640,
659,train-clean-100/3807/4955/3807-4955-0036.flac,256640,
660,train-clean-100/2952/410/2952-410-0028.flac,256640,
661,train-clean-100/2952/407/2952-407-0013.flac,256640,
662,train-clean-100/2159/179156/2159-179156-0028.flac,256640,
663,train-clean-100/248/130697/248-130697-0010.flac,256640,
664,train-clean-100/332/128985/332-128985-0012.flac,256640,
665,train-clean-100/27/123349/27-123349-0044.flac,256640,
666,train-clean-100/2416/152137/2416-152137-0021.flac,256640,
667,train-clean-100/3607/135982/3607-135982-0003.flac,256640,
668,train-clean-100/374/180299/374-180299-0034.flac,256560,
669,train-clean-100/1355/39947/1355-39947-0066.flac,256560,
670,train-clean-100/3982/178459/3982-178459-0044.flac,256560,
671,train-clean-100/1723/141149/1723-141149-0056.flac,256560,
672,train-clean-100/26/495/26-495-0008.flac,256560,
673,train-clean-100/1081/125237/1081-125237-0030.flac,256560,
674,train-clean-100/1455/138263/1455-138263-0042.flac,256480,
675,train-clean-100/2764/36619/2764-36619-0003.flac,256480,
676,train-clean-100/1455/134435/1455-134435-0047.flac,256480,
677,train-clean-100/39/121916/39-121916-0016.flac,256480,
678,train-clean-100/2691/156745/2691-156745-0037.flac,256480,
679,train-clean-100/1624/168623/1624-168623-0045.flac,256480,
680,train-clean-100/2911/15045/2911-15045-0003.flac,256480,
681,train-clean-100/1992/141719/1992-141719-0031.flac,256480,
682,train-clean-100/200/124140/200-124140-0022.flac,256480,
683,train-clean-100/3440/171006/3440-171006-0000.flac,256400,
684,train-clean-100/198/209/198-209-0021.flac,256400,
685,train-clean-100/1970/28415/1970-28415-0033.flac,256400,
686,train-clean-100/3242/67168/3242-67168-0007.flac,256320,
687,train-clean-100/229/130880/229-130880-0011.flac,256320,
688,train-clean-100/32/4137/32-4137-0010.flac,256320,
689,train-clean-100/1088/129236/1088-129236-0013.flac,256320,
690,train-clean-100/2007/132570/2007-132570-0006.flac,256320,
691,train-clean-100/2691/156750/2691-156750-0002.flac,256320,
692,train-clean-100/322/124146/322-124146-0015.flac,256320,
693,train-clean-100/1334/135589/1334-135589-0037.flac,256240,
694,train-clean-100/1743/142914/1743-142914-0025.flac,256240,
695,train-clean-100/2159/179154/2159-179154-0030.flac,256240,
696,train-clean-100/3486/166446/3486-166446-0033.flac,256240,
697,train-clean-100/1235/135883/1235-135883-0020.flac,256240,
698,train-clean-100/27/123349/27-123349-0041.flac,256240,
699,train-clean-100/3857/180923/3857-180923-0024.flac,256240,
700,train-clean-100/289/121665/289-121665-0037.flac,256240,
701,train-clean-100/307/127539/307-127539-0008.flac,256240,
702,train-clean-100/2518/154826/2518-154826-0051.flac,256240,
703,train-clean-100/3235/28433/3235-28433-0003.flac,256240,
704,train-clean-100/3982/182255/3982-182255-0010.flac,256240,
705,train-clean-100/3235/28433/3235-28433-0017.flac,256161,
706,train-clean-100/1246/124550/1246-124550-0011.flac,256160,
707,train-clean-100/1743/142912/1743-142912-0030.flac,256160,
708,train-clean-100/2911/15084/2911-15084-0011.flac,256160,
709,train-clean-100/2136/5143/2136-5143-0024.flac,256160,
710,train-clean-100/2910/131096/2910-131096-0061.flac,256160,
711,train-clean-100/3235/28452/3235-28452-0013.flac,256160,
712,train-clean-100/1594/135914/1594-135914-0090.flac,256160,
713,train-clean-100/254/127705/254-127705-0029.flac,256160,
714,train-clean-100/2910/131096/2910-131096-0065.flac,256160,
715,train-clean-100/1334/135589/1334-135589-0016.flac,256160,
716,train-clean-100/1455/138263/1455-138263-0056.flac,256080,
717,train-clean-100/150/126107/150-126107-0022.flac,256080,
718,train-clean-100/2391/145015/2391-145015-0013.flac,256080,
719,train-clean-100/1723/141149/1723-141149-0082.flac,256000,
720,train-clean-100/307/127539/307-127539-0001.flac,256000,
721,train-clean-100/3440/171006/3440-171006-0014.flac,256000,
722,train-clean-100/1743/142914/1743-142914-0022.flac,256000,
723,train-clean-100/1447/17506/1447-17506-0003.flac,256000,
724,train-clean-100/1578/6379/1578-6379-0008.flac,256000,
725,train-clean-100/254/127705/254-127705-0033.flac,256000,
726,train-clean-100/200/124140/200-124140-0000.flac,256000,
727,train-clean-100/2893/139322/2893-139322-0032.flac,256000,
728,train-clean-100/233/134440/233-134440-0017.flac,256000,
729,train-clean-100/1235/135884/1235-135884-0010.flac,256000,
730,train-clean-100/322/124147/322-124147-0068.flac,256000,
731,train-clean-100/1926/143879/1926-143879-0005.flac,255920,
732,train-clean-100/2952/410/2952-410-0036.flac,255920,
733,train-clean-100/2910/131096/2910-131096-0077.flac,255920,
734,train-clean-100/3807/4955/3807-4955-0017.flac,255920,
735,train-clean-100/125/121124/125-121124-0051.flac,255920,
736,train-clean-100/3240/131232/3240-131232-0020.flac,255920,
737,train-clean-100/3486/166424/3486-166424-0021.flac,255920,
738,train-clean-100/1246/124550/1246-124550-0018.flac,255840,
739,train-clean-100/3235/28452/3235-28452-0018.flac,255840,
740,train-clean-100/226/131533/226-131533-0031.flac,255840,
741,train-clean-100/39/121916/39-121916-0030.flac,255840,
742,train-clean-100/19/227/19-227-0001.flac,255840,
743,train-clean-100/2843/152918/2843-152918-0025.flac,255840,
744,train-clean-100/2893/139322/2893-139322-0036.flac,255840,
745,train-clean-100/328/129766/328-129766-0024.flac,255840,
746,train-clean-100/3526/176653/3526-176653-0041.flac,255840,
747,train-clean-100/1898/145720/1898-145720-0017.flac,255840,
748,train-clean-100/3830/12531/3830-12531-0010.flac,255840,
749,train-clean-100/1624/142933/1624-142933-0017.flac,255760,
750,train-clean-100/1723/141149/1723-141149-0010.flac,255760,
751,train-clean-100/2002/139469/2002-139469-0018.flac,255760,
752,train-clean-100/1034/121119/1034-121119-0014.flac,255760,
753,train-clean-100/3664/178355/3664-178355-0005.flac,255760,
754,train-clean-100/118/124588/118-124588-0013.flac,255760,
755,train-clean-100/1578/6379/1578-6379-0027.flac,255760,
756,train-clean-100/307/127535/307-127535-0029.flac,255760,
757,train-clean-100/1841/150351/1841-150351-0000.flac,255760,
758,train-clean-100/2196/170379/2196-170379-0004.flac,255760,
759,train-clean-100/39/121914/39-121914-0029.flac,255760,
760,train-clean-100/1246/124548/1246-124548-0029.flac,255759,
761,train-clean-100/2989/138028/2989-138028-0058.flac,255759,
762,train-clean-100/1743/142913/1743-142913-0028.flac,255680,
763,train-clean-100/196/122150/196-122150-0037.flac,255680,
764,train-clean-100/302/123504/302-123504-0005.flac,255680,
765,train-clean-100/1992/141719/1992-141719-0009.flac,255680,
766,train-clean-100/1502/122615/1502-122615-0034.flac,255680,
767,train-clean-100/2843/152918/2843-152918-0046.flac,255680,
768,train-clean-100/3259/158083/3259-158083-0018.flac,255680,
769,train-clean-100/322/124147/322-124147-0064.flac,255680,
770,train-clean-100/1970/10594/1970-10594-0035.flac,255680,
771,train-clean-100/374/180299/374-180299-0046.flac,255680,
772,train-clean-100/1235/135883/1235-135883-0034.flac,255680,
773,train-clean-100/2764/36619/2764-36619-0004.flac,255680,
774,train-clean-100/200/126784/200-126784-0024.flac,255680,
775,train-clean-100/3214/167606/3214-167606-0013.flac,255600,
776,train-clean-100/2518/154826/2518-154826-0007.flac,255600,
777,train-clean-100/3807/4955/3807-4955-0021.flac,255600,
778,train-clean-100/2002/139469/2002-139469-0095.flac,255600,
779,train-clean-100/289/121665/289-121665-0002.flac,255600,
780,train-clean-100/248/130652/248-130652-0018.flac,255600,
781,train-clean-100/2159/179157/2159-179157-0015.flac,255600,
782,train-clean-100/3242/67168/3242-67168-0038.flac,255600,
783,train-clean-100/2836/5354/2836-5354-0013.flac,255600,
784,train-clean-100/2514/149482/2514-149482-0006.flac,255600,
785,train-clean-100/3374/298026/3374-298026-0033.flac,255600,
786,train-clean-100/250/142276/250-142276-0045.flac,255600,
787,train-clean-100/322/124147/322-124147-0026.flac,255600,
788,train-clean-100/3830/12535/3830-12535-0030.flac,255600,
789,train-clean-100/39/121914/39-121914-0022.flac,255520,
790,train-clean-100/211/122425/211-122425-0067.flac,255520,
791,train-clean-100/3830/12535/3830-12535-0013.flac,255520,
792,train-clean-100/1334/135589/1334-135589-0070.flac,255520,
793,train-clean-100/1455/134435/1455-134435-0041.flac,255520,
794,train-clean-100/1246/124548/1246-124548-0006.flac,255520,
795,train-clean-100/2416/152139/2416-152139-0012.flac,255520,
796,train-clean-100/3664/11714/3664-11714-0018.flac,255520,
797,train-clean-100/1069/133699/1069-133699-0030.flac,255520,
798,train-clean-100/3440/171006/3440-171006-0013.flac,255520,
799,train-clean-100/3983/5331/3983-5331-0012.flac,255520,
800,train-clean-100/1235/135887/1235-135887-0028.flac,255440,
801,train-clean-100/2182/150130/2182-150130-0006.flac,255440,
802,train-clean-100/1034/121119/1034-121119-0055.flac,255440,
803,train-clean-100/3235/28452/3235-28452-0032.flac,255440,
804,train-clean-100/229/130880/229-130880-0087.flac,255440,
805,train-clean-100/233/134440/233-134440-0016.flac,255440,
806,train-clean-100/3664/178355/3664-178355-0007.flac,255440,
807,train-clean-100/2182/181183/2182-181183-0005.flac,255440,
808,train-clean-100/2436/2481/2436-2481-0003.flac,255440,
809,train-clean-100/103/1241/103-1241-0000.flac,255440,
810,train-clean-100/2436/2476/2436-2476-0025.flac,255360,
811,train-clean-100/226/122538/226-122538-0025.flac,255360,
812,train-clean-100/3168/173564/3168-173564-0025.flac,255360,
813,train-clean-100/1578/140049/1578-140049-0000.flac,255360,
814,train-clean-100/289/121652/289-121652-0016.flac,255360,
815,train-clean-100/3486/166424/3486-166424-0066.flac,255360,
816,train-clean-100/1363/139304/1363-139304-0005.flac,255360,
817,train-clean-100/2289/152254/2289-152254-0022.flac,255360,
818,train-clean-100/3526/176651/3526-176651-0008.flac,255360,
819,train-clean-100/289/121665/289-121665-0042.flac,255360,
820,train-clean-100/307/127535/307-127535-0002.flac,255360,
821,train-clean-100/254/27760/254-27760-0023.flac,255280,
822,train-clean-100/2817/142371/2817-142371-0048.flac,255280,
823,train-clean-100/2910/131096/2910-131096-0088.flac,255280,
824,train-clean-100/254/145458/254-145458-0003.flac,255280,
825,train-clean-100/2764/36617/2764-36617-0010.flac,255280,
826,train-clean-100/3235/28452/3235-28452-0020.flac,255280,
827,train-clean-100/1898/145715/1898-145715-0009.flac,255280,
828,train-clean-100/3526/175658/3526-175658-0029.flac,255280,
829,train-clean-100/3486/166424/3486-166424-0019.flac,255280,
830,train-clean-100/3242/67168/3242-67168-0016.flac,255280,
831,train-clean-100/3486/166446/3486-166446-0020.flac,255280,
832,train-clean-100/1624/142933/1624-142933-0028.flac,255280,
833,train-clean-100/3723/171115/3723-171115-0044.flac,255280,
834,train-clean-100/3664/11714/3664-11714-0015.flac,255200,
835,train-clean-100/2007/132570/2007-132570-0036.flac,255200,
836,train-clean-100/3879/173592/3879-173592-0002.flac,255200,
837,train-clean-100/3436/172162/3436-172162-0026.flac,255200,
838,train-clean-100/3374/298032/3374-298032-0002.flac,255200,
839,train-clean-100/32/21631/32-21631-0006.flac,255200,
840,train-clean-100/2002/139469/2002-139469-0066.flac,255200,
841,train-clean-100/1737/142397/1737-142397-0028.flac,255200,
842,train-clean-100/1867/154075/1867-154075-0031.flac,255200,
843,train-clean-100/3486/166424/3486-166424-0010.flac,255200,
844,train-clean-100/2817/142380/2817-142380-0014.flac,255200,
845,train-clean-100/1594/135914/1594-135914-0119.flac,255200,
846,train-clean-100/2893/139310/2893-139310-0011.flac,255200,
847,train-clean-100/302/123523/302-123523-0031.flac,255200,
848,train-clean-100/1992/141719/1992-141719-0020.flac,255120,
849,train-clean-100/1553/140047/1553-140047-0008.flac,255120,
850,train-clean-100/196/122152/196-122152-0031.flac,255120,
851,train-clean-100/254/12312/254-12312-0003.flac,255120,
852,train-clean-100/1578/140045/1578-140045-0023.flac,255120,
853,train-clean-100/103/1240/103-1240-0001.flac,255120,
854,train-clean-100/2514/149482/2514-149482-0069.flac,255120,
855,train-clean-100/2843/152918/2843-152918-0026.flac,255119,
856,train-clean-100/2836/5354/2836-5354-0015.flac,255041,
857,train-clean-100/233/155990/233-155990-0020.flac,255040,
858,train-clean-100/1116/137572/1116-137572-0006.flac,255040,
859,train-clean-100/1116/137572/1116-137572-0003.flac,255040,
860,train-clean-100/3879/174923/3879-174923-0056.flac,255040,
861,train-clean-100/1334/135589/1334-135589-0079.flac,255040,
862,train-clean-100/1841/159771/1841-159771-0031.flac,255040,
863,train-clean-100/374/180299/374-180299-0020.flac,255040,
864,train-clean-100/1723/141149/1723-141149-0080.flac,254960,
865,train-clean-100/3807/4923/3807-4923-0021.flac,254960,
866,train-clean-100/2691/156750/2691-156750-0005.flac,254960,
867,train-clean-100/1578/6379/1578-6379-0037.flac,254960,
868,train-clean-100/3982/178459/3982-178459-0038.flac,254960,
869,train-clean-100/3259/158083/3259-158083-0016.flac,254960,
870,train-clean-100/311/124404/311-124404-0031.flac,254960,
871,train-clean-100/2843/152918/2843-152918-0013.flac,254960,
872,train-clean-100/3723/171115/3723-171115-0041.flac,254960,
873,train-clean-100/1502/122619/1502-122619-0005.flac,254960,
874,train-clean-100/3112/9555/3112-9555-0055.flac,254960,
875,train-clean-100/1363/139304/1363-139304-0014.flac,254960,
876,train-clean-100/196/122159/196-122159-0020.flac,254960,
877,train-clean-100/201/127786/201-127786-0058.flac,254880,
878,train-clean-100/3242/67168/3242-67168-0010.flac,254880,
879,train-clean-100/26/496/26-496-0018.flac,254880,
880,train-clean-100/1069/133699/1069-133699-0008.flac,254880,
881,train-clean-100/201/122255/201-122255-0032.flac,254880,
882,train-clean-100/2910/131096/2910-131096-0005.flac,254880,
883,train-clean-100/1116/137572/1116-137572-0037.flac,254880,
884,train-clean-100/200/124139/200-124139-0033.flac,254880,
885,train-clean-100/19/227/19-227-0042.flac,254880,
886,train-clean-100/1034/121119/1034-121119-0091.flac,254880,
887,train-clean-100/1040/133433/1040-133433-0014.flac,254880,
888,train-clean-100/2092/145706/2092-145706-0013.flac,254880,
889,train-clean-100/2691/156755/2691-156755-0020.flac,254800,
890,train-clean-100/27/123349/27-123349-0004.flac,254800,
891,train-clean-100/3168/173565/3168-173565-0029.flac,254800,
892,train-clean-100/2518/154825/2518-154825-0048.flac,254800,
893,train-clean-100/200/124140/200-124140-0017.flac,254800,
894,train-clean-100/3607/29116/3607-29116-0017.flac,254800,
895,train-clean-100/2952/410/2952-410-0039.flac,254800,
896,train-clean-100/1116/137572/1116-137572-0039.flac,254800,
897,train-clean-100/3664/178366/3664-178366-0028.flac,254800,
898,train-clean-100/1098/133695/1098-133695-0087.flac,254800,
899,train-clean-100/2289/152253/2289-152253-0003.flac,254800,
900,train-clean-100/1926/147979/1926-147979-0018.flac,254800,
901,train-clean-100/3982/182255/3982-182255-0023.flac,254800,
902,train-clean-100/2764/36619/2764-36619-0002.flac,254800,
903,train-clean-100/2989/138035/2989-138035-0032.flac,254800,
904,train-clean-100/3982/178459/3982-178459-0003.flac,254800,
905,train-clean-100/201/127786/201-127786-0079.flac,254800,
906,train-clean-100/1088/129236/1088-129236-0002.flac,254720,
907,train-clean-100/125/121124/125-121124-0043.flac,254720,
908,train-clean-100/2384/152900/2384-152900-0051.flac,254720,
909,train-clean-100/1098/133695/1098-133695-0031.flac,254720,
910,train-clean-100/3723/171631/3723-171631-0021.flac,254720,
911,train-clean-100/3947/13260/3947-13260-0012.flac,254720,
912,train-clean-100/2843/152918/2843-152918-0050.flac,254720,
913,train-clean-100/3242/8112/3242-8112-0035.flac,254720,
914,train-clean-100/2910/131096/2910-131096-0041.flac,254720,
915,train-clean-100/328/129766/328-129766-0080.flac,254640,
916,train-clean-100/2002/139469/2002-139469-0103.flac,254640,
917,train-clean-100/2136/5143/2136-5143-0004.flac,254640,
918,train-clean-100/2952/410/2952-410-0012.flac,254640,
919,train-clean-100/198/209/198-209-0037.flac,254640,
920,train-clean-100/226/131533/226-131533-0009.flac,254640,
921,train-clean-100/250/142276/250-142276-0004.flac,254560,
922,train-clean-100/2092/145706/2092-145706-0020.flac,254560,
923,train-clean-100/3214/167607/3214-167607-0000.flac,254560,
924,train-clean-100/3440/171006/3440-171006-0018.flac,254560,
925,train-clean-100/1447/130551/1447-130551-0027.flac,254560,
926,train-clean-100/2836/5354/2836-5354-0011.flac,254560,
927,train-clean-100/125/121124/125-121124-0059.flac,254560,
928,train-clean-100/1334/135589/1334-135589-0043.flac,254560,
929,train-clean-100/3214/167606/3214-167606-0004.flac,254560,
930,train-clean-100/302/123523/302-123523-0008.flac,254560,
931,train-clean-100/3807/4955/3807-4955-0014.flac,254480,
932,train-clean-100/1723/141149/1723-141149-0041.flac,254480,
933,train-clean-100/150/126107/150-126107-0010.flac,254480,
934,train-clean-100/1355/39947/1355-39947-0001.flac,254480,
935,train-clean-100/2989/138028/2989-138028-0057.flac,254480,
936,train-clean-100/3982/178459/3982-178459-0021.flac,254480,
937,train-clean-100/1081/125237/1081-125237-0078.flac,254480,
938,train-clean-100/2159/179157/2159-179157-0032.flac,254480,
939,train-clean-100/1116/137572/1116-137572-0009.flac,254480,
940,train-clean-100/198/126831/198-126831-0028.flac,254480,
941,train-clean-100/3436/172162/3436-172162-0006.flac,254480,
942,train-clean-100/229/130880/229-130880-0025.flac,254480,
943,train-clean-100/163/121908/163-121908-0009.flac,254480,
944,train-clean-100/2092/145709/2092-145709-0015.flac,254400,
945,train-clean-100/2764/36616/2764-36616-0004.flac,254400,
946,train-clean-100/289/121665/289-121665-0011.flac,254400,
947,train-clean-100/39/121914/39-121914-0021.flac,254400,
948,train-clean-100/200/126784/200-126784-0007.flac,254400,
949,train-clean-100/125/121124/125-121124-0027.flac,254400,
950,train-clean-100/1069/133699/1069-133699-0021.flac,254320,
951,train-clean-100/2436/2481/2436-2481-0028.flac,254320,
952,train-clean-100/1723/141149/1723-141149-0094.flac,254320,
953,train-clean-100/3440/171009/3440-171009-0027.flac,254320,
954,train-clean-100/1455/134435/1455-134435-0032.flac,254320,
955,train-clean-100/2910/131096/2910-131096-0044.flac,254320,
956,train-clean-100/1898/145702/1898-145702-0015.flac,254320,
957,train-clean-100/2893/139310/2893-139310-0012.flac,254320,
958,train-clean-100/3807/4923/3807-4923-0015.flac,254320,
959,train-clean-100/1455/138263/1455-138263-0025.flac,254320,
960,train-clean-100/3982/178459/3982-178459-0017.flac,254240,
961,train-clean-100/3983/5331/3983-5331-0006.flac,254240,
962,train-clean-100/1355/39947/1355-39947-0055.flac,254240,
963,train-clean-100/103/1241/103-1241-0017.flac,254240,
964,train-clean-100/1841/150351/1841-150351-0013.flac,254240,
965,train-clean-100/103/1241/103-1241-0024.flac,254240,
966,train-clean-100/248/130652/248-130652-0008.flac,254240,
967,train-clean-100/1355/39947/1355-39947-0067.flac,254240,
968,train-clean-100/1841/159771/1841-159771-0006.flac,254240,
969,train-clean-100/3699/47246/3699-47246-0014.flac,254240,
970,train-clean-100/298/126790/298-126790-0006.flac,254160,
971,train-clean-100/3112/9554/3112-9554-0022.flac,254160,
972,train-clean-100/198/129977/198-129977-0010.flac,254160,
973,train-clean-100/1963/147036/1963-147036-0017.flac,254160,
974,train-clean-100/1867/148436/1867-148436-0020.flac,254160,
975,train-clean-100/1334/135589/1334-135589-0066.flac,254160,
976,train-clean-100/125/121124/125-121124-0017.flac,254160,
977,train-clean-100/2843/152918/2843-152918-0007.flac,254160,
978,train-clean-100/1594/135914/1594-135914-0043.flac,254160,
979,train-clean-100/248/130644/248-130644-0008.flac,254160,
980,train-clean-100/2514/149482/2514-149482-0021.flac,254160,
981,train-clean-100/332/128985/332-128985-0008.flac,254160,
982,train-clean-100/1081/125237/1081-125237-0016.flac,254160,
983,train-clean-100/150/132655/150-132655-0014.flac,254160,
984,train-clean-100/2514/149482/2514-149482-0030.flac,254160,
985,train-clean-100/2384/152900/2384-152900-0048.flac,254160,
986,train-clean-100/2092/145709/2092-145709-0017.flac,254080,
987,train-clean-100/2911/15045/2911-15045-0001.flac,254080,
988,train-clean-100/250/142276/250-142276-0023.flac,254080,
989,train-clean-100/1502/122619/1502-122619-0058.flac,254080,
990,train-clean-100/226/131533/226-131533-0011.flac,254080,
991,train-clean-100/254/145458/254-145458-0006.flac,254080,
992,train-clean-100/1898/145720/1898-145720-0005.flac,254080,
993,train-clean-100/3374/298026/3374-298026-0016.flac,254080,
994,train-clean-100/1069/133709/1069-133709-0033.flac,254080,
995,train-clean-100/1235/135883/1235-135883-0037.flac,254080,
996,train-clean-100/2182/150130/2182-150130-0019.flac,254080,
997,train-clean-100/3830/12531/3830-12531-0024.flac,254080,
998,train-clean-100/3240/131231/3240-131231-0057.flac,254080,
999,train-clean-100/2436/2477/2436-2477-0002.flac,254080,
1000,train-clean-100/302/123504/302-123504-0029.flac,254080,
1001,train-clean-100/2817/142371/2817-142371-0056.flac,254080,
1002,train-clean-100/1553/140047/1553-140047-0037.flac,254080,
1003,train-clean-100/3664/178366/3664-178366-0008.flac,254080,
1004,train-clean-100/2518/154826/2518-154826-0053.flac,254080,
1005,train-clean-100/163/122947/163-122947-0051.flac,254080,
1006,train-clean-100/198/209/198-209-0007.flac,254000,
1007,train-clean-100/307/127535/307-127535-0006.flac,254000,
1008,train-clean-100/1624/142933/1624-142933-0037.flac,254000,
1009,train-clean-100/3259/158083/3259-158083-0102.flac,254000,
1010,train-clean-100/328/129766/328-129766-0038.flac,254000,
1011,train-clean-100/200/124139/200-124139-0006.flac,254000,
1012,train-clean-100/2764/36616/2764-36616-0031.flac,254000,
1013,train-clean-100/1355/39947/1355-39947-0005.flac,254000,
1014,train-clean-100/103/1241/103-1241-0010.flac,253920,
1015,train-clean-100/1992/141719/1992-141719-0033.flac,253920,
1016,train-clean-100/229/130880/229-130880-0082.flac,253920,
1017,train-clean-100/298/126791/298-126791-0033.flac,253920,
1018,train-clean-100/3526/176653/3526-176653-0009.flac,253920,
1019,train-clean-100/3723/171631/3723-171631-0054.flac,253920,
1020,train-clean-100/1624/142933/1624-142933-0007.flac,253920,
1021,train-clean-100/289/121665/289-121665-0004.flac,253920,
1022,train-clean-100/2159/179154/2159-179154-0037.flac,253920,
1023,train-clean-100/2843/152918/2843-152918-0081.flac,253920,
1024,train-clean-100/250/142276/250-142276-0058.flac,253920,
1025,train-clean-100/1553/140047/1553-140047-0010.flac,253840,
1026,train-clean-100/2196/170379/2196-170379-0009.flac,253840,
1027,train-clean-100/2518/154826/2518-154826-0024.flac,253840,
1028,train-clean-100/229/130880/229-130880-0064.flac,253840,
1029,train-clean-100/3242/8112/3242-8112-0014.flac,253840,
1030,train-clean-100/19/227/19-227-0059.flac,253840,
1031,train-clean-100/2989/138028/2989-138028-0026.flac,253840,
1032,train-clean-100/2989/138028/2989-138028-0011.flac,253840,
1033,train-clean-100/1069/133699/1069-133699-0001.flac,253840,
1034,train-clean-100/1246/124550/1246-124550-0008.flac,253840,
1035,train-clean-100/322/124147/322-124147-0049.flac,253760,
1036,train-clean-100/2136/5140/2136-5140-0038.flac,253760,
1037,train-clean-100/2843/152918/2843-152918-0022.flac,253760,
1038,train-clean-100/3807/4923/3807-4923-0010.flac,253760,
1039,train-clean-100/3982/178459/3982-178459-0022.flac,253760,
1040,train-clean-100/3486/166424/3486-166424-0068.flac,253760,
1041,train-clean-100/1235/135883/1235-135883-0035.flac,253760,
1042,train-clean-100/2002/139469/2002-139469-0041.flac,253760,
1043,train-clean-100/1963/147036/1963-147036-0013.flac,253760,
1044,train-clean-100/3607/135982/3607-135982-0044.flac,253760,
1045,train-clean-100/2911/7601/2911-7601-0036.flac,253760,
1046,train-clean-100/254/27760/254-27760-0032.flac,253680,
1047,train-clean-100/1040/133433/1040-133433-0010.flac,253680,
1048,train-clean-100/1594/135914/1594-135914-0037.flac,253680,
1049,train-clean-100/2989/138028/2989-138028-0019.flac,253680,
1050,train-clean-100/3607/29116/3607-29116-0024.flac,253680,
1051,train-clean-100/3440/171006/3440-171006-0005.flac,253680,
1052,train-clean-100/2911/7601/2911-7601-0044.flac,253680,
1053,train-clean-100/233/155990/233-155990-0040.flac,253680,
1054,train-clean-100/3664/178355/3664-178355-0012.flac,253680,
1055,train-clean-100/3879/173592/3879-173592-0026.flac,253680,
1056,train-clean-100/2136/5140/2136-5140-0029.flac,253680,
1057,train-clean-100/2989/138035/2989-138035-0003.flac,253600,
1058,train-clean-100/2092/145706/2092-145706-0037.flac,253600,
1059,train-clean-100/226/131532/226-131532-0021.flac,253600,
1060,train-clean-100/2514/149482/2514-149482-0055.flac,253600,
1061,train-clean-100/1841/179183/1841-179183-0017.flac,253600,
1062,train-clean-100/298/126791/298-126791-0048.flac,253600,
1063,train-clean-100/3486/166424/3486-166424-0011.flac,253600,
1064,train-clean-100/19/198/19-198-0036.flac,253600,
1065,train-clean-100/3440/171006/3440-171006-0011.flac,253600,
1066,train-clean-100/302/123504/302-123504-0021.flac,253600,
1067,train-clean-100/1992/141719/1992-141719-0036.flac,253600,
1068,train-clean-100/2289/152253/2289-152253-0022.flac,253600,
1069,train-clean-100/1867/148436/1867-148436-0037.flac,253600,
1070,train-clean-100/3723/171115/3723-171115-0018.flac,253600,
1071,train-clean-100/1040/133433/1040-133433-0032.flac,253599,
1072,train-clean-100/229/130880/229-130880-0012.flac,253520,
1073,train-clean-100/1594/135914/1594-135914-0077.flac,253520,
1074,train-clean-100/39/121914/39-121914-0054.flac,253520,
1075,train-clean-100/3723/171631/3723-171631-0004.flac,253520,
1076,train-clean-100/163/122947/163-122947-0080.flac,253520,
1077,train-clean-100/2416/152139/2416-152139-0061.flac,253520,
1078,train-clean-100/2182/150130/2182-150130-0039.flac,253520,
1079,train-clean-100/1992/141719/1992-141719-0018.flac,253520,
1080,train-clean-100/1898/145720/1898-145720-0004.flac,253520,
1081,train-clean-100/3436/172162/3436-172162-0035.flac,253520,
1082,train-clean-100/250/142286/250-142286-0020.flac,253520,
1083,train-clean-100/2159/179157/2159-179157-0022.flac,253520,
1084,train-clean-100/3807/4923/3807-4923-0000.flac,253520,
1085,train-clean-100/1992/141719/1992-141719-0049.flac,253520,
1086,train-clean-100/2196/170379/2196-170379-0005.flac,253520,
1087,train-clean-100/374/180298/374-180298-0052.flac,253520,
1088,train-clean-100/2518/154826/2518-154826-0011.flac,253520,
1089,train-clean-100/3830/12535/3830-12535-0006.flac,253440,
1090,train-clean-100/2843/152918/2843-152918-0058.flac,253440,
1091,train-clean-100/1246/124548/1246-124548-0014.flac,253440,
1092,train-clean-100/1363/135842/1363-135842-0048.flac,253440,
1093,train-clean-100/2416/152139/2416-152139-0030.flac,253440,
1094,train-clean-100/233/155990/233-155990-0015.flac,253440,
1095,train-clean-100/1624/142933/1624-142933-0027.flac,253440,
1096,train-clean-100/1098/133695/1098-133695-0057.flac,253440,
1097,train-clean-100/39/121915/39-121915-0027.flac,253440,
1098,train-clean-100/3374/298026/3374-298026-0019.flac,253440,
1099,train-clean-100/1246/124550/1246-124550-0010.flac,253360,
1100,train-clean-100/233/155990/233-155990-0005.flac,253360,
1101,train-clean-100/298/126791/298-126791-0065.flac,253360,
1102,train-clean-100/1970/28415/1970-28415-0021.flac,253360,
1103,train-clean-100/3879/174923/3879-174923-0019.flac,253360,
1104,train-clean-100/2764/36619/2764-36619-0036.flac,253360,
1105,train-clean-100/2092/145706/2092-145706-0063.flac,253360,
1106,train-clean-100/3947/13260/3947-13260-0005.flac,253360,
1107,train-clean-100/1841/159771/1841-159771-0021.flac,253360,
1108,train-clean-100/3857/182315/3857-182315-0021.flac,253360,
1109,train-clean-100/2764/36619/2764-36619-0019.flac,253360,
1110,train-clean-100/3440/171006/3440-171006-0016.flac,253360,
1111,train-clean-100/19/227/19-227-0009.flac,253360,
1112,train-clean-100/289/121665/289-121665-0038.flac,253360,
1113,train-clean-100/2384/152900/2384-152900-0025.flac,253360,
1114,train-clean-100/39/121916/39-121916-0008.flac,253360,
1115,train-clean-100/1992/141719/1992-141719-0039.flac,253360,
1116,train-clean-100/2518/154826/2518-154826-0036.flac,253280,
1117,train-clean-100/1963/142776/1963-142776-0026.flac,253280,
1118,train-clean-100/3723/171115/3723-171115-0049.flac,253280,
1119,train-clean-100/3440/171009/3440-171009-0054.flac,253280,
1120,train-clean-100/2911/7601/2911-7601-0022.flac,253280,
1121,train-clean-100/3440/171006/3440-171006-0009.flac,253280,
1122,train-clean-100/1235/135887/1235-135887-0026.flac,253280,
1123,train-clean-100/198/209/198-209-0026.flac,253280,
1124,train-clean-100/3240/131232/3240-131232-0012.flac,253280,
1125,train-clean-100/1235/135883/1235-135883-0019.flac,253200,
1126,train-clean-100/2836/5354/2836-5354-0030.flac,253200,
1127,train-clean-100/3947/13260/3947-13260-0045.flac,253200,
1128,train-clean-100/229/130880/229-130880-0001.flac,253200,
1129,train-clean-100/150/126112/150-126112-0027.flac,253200,
1130,train-clean-100/2911/7601/2911-7601-0046.flac,253200,
1131,train-clean-100/1594/135914/1594-135914-0029.flac,253200,
1132,train-clean-100/1898/145724/1898-145724-0001.flac,253200,
1133,train-clean-100/1743/142913/1743-142913-0025.flac,253120,
1134,train-clean-100/2691/156745/2691-156745-0004.flac,253120,
1135,train-clean-100/307/127535/307-127535-0037.flac,253120,
1136,train-clean-100/3486/166424/3486-166424-0002.flac,253120,
1137,train-clean-100/302/123516/302-123516-0027.flac,253120,
1138,train-clean-100/1898/145715/1898-145715-0036.flac,253120,
1139,train-clean-100/1737/148989/1737-148989-0015.flac,253120,
1140,train-clean-100/3664/178355/3664-178355-0006.flac,253120,
1141,train-clean-100/3699/175950/3699-175950-0012.flac,253120,
1142,train-clean-100/3857/182317/3857-182317-0008.flac,253120,
1143,train-clean-100/1898/145724/1898-145724-0022.flac,253120,
1144,train-clean-100/2436/2477/2436-2477-0019.flac,253120,
1145,train-clean-100/1867/154071/1867-154071-0039.flac,253120,
1146,train-clean-100/1624/168623/1624-168623-0006.flac,253120,
1147,train-clean-100/1116/137572/1116-137572-0004.flac,253120,
1148,train-clean-100/3664/178355/3664-178355-0015.flac,253120,
1149,train-clean-100/1970/28415/1970-28415-0004.flac,253040,
1150,train-clean-100/289/121665/289-121665-0040.flac,253040,
1151,train-clean-100/1992/141719/1992-141719-0041.flac,253040,
1152,train-clean-100/289/121665/289-121665-0026.flac,253040,
1153,train-clean-100/3664/178366/3664-178366-0037.flac,253040,
1154,train-clean-100/2893/139310/2893-139310-0024.flac,253040,
1155,train-clean-100/3857/182317/3857-182317-0009.flac,253040,
1156,train-clean-100/2159/179157/2159-179157-0018.flac,253040,
1157,train-clean-100/200/126784/200-126784-0009.flac,252960,
1158,train-clean-100/3374/298026/3374-298026-0028.flac,252960,
1159,train-clean-100/2384/152900/2384-152900-0088.flac,252960,
1160,train-clean-100/332/128985/332-128985-0045.flac,252960,
1161,train-clean-100/3879/174923/3879-174923-0039.flac,252960,
1162,train-clean-100/2911/15045/2911-15045-0004.flac,252960,
1163,train-clean-100/2514/149482/2514-149482-0076.flac,252960,
1164,train-clean-100/118/47824/118-47824-0067.flac,252960,
1165,train-clean-100/1723/141149/1723-141149-0048.flac,252960,
1166,train-clean-100/32/21625/32-21625-0011.flac,252960,
1167,train-clean-100/3242/67168/3242-67168-0001.flac,252960,
1168,train-clean-100/2910/131096/2910-131096-0022.flac,252960,
1169,train-clean-100/3242/67153/3242-67153-0003.flac,252959,
1170,train-clean-100/1116/132847/1116-132847-0020.flac,252880,
1171,train-clean-100/226/122538/226-122538-0029.flac,252880,
1172,train-clean-100/1040/133433/1040-133433-0022.flac,252880,
1173,train-clean-100/163/121908/163-121908-0007.flac,252880,
1174,train-clean-100/125/121124/125-121124-0023.flac,252880,
1175,train-clean-100/2514/149482/2514-149482-0099.flac,252880,
1176,train-clean-100/2384/152900/2384-152900-0054.flac,252880,
1177,train-clean-100/2196/170151/2196-170151-0033.flac,252880,
1178,train-clean-100/201/127786/201-127786-0038.flac,252880,
1179,train-clean-100/198/129977/198-129977-0025.flac,252880,
1180,train-clean-100/1737/142397/1737-142397-0004.flac,252880,
1181,train-clean-100/1992/141719/1992-141719-0035.flac,252880,
1182,train-clean-100/3879/174923/3879-174923-0000.flac,252880,
1183,train-clean-100/2952/410/2952-410-0059.flac,252880,
1184,train-clean-100/2002/139469/2002-139469-0094.flac,252880,
1185,train-clean-100/1963/147036/1963-147036-0034.flac,252879,
1186,train-clean-100/27/123349/27-123349-0016.flac,252800,
1187,train-clean-100/3947/13262/3947-13262-0049.flac,252800,
1188,train-clean-100/2416/152139/2416-152139-0037.flac,252800,
1189,train-clean-100/3168/173565/3168-173565-0011.flac,252800,
1190,train-clean-100/3242/67168/3242-67168-0002.flac,252800,
1191,train-clean-100/3947/13260/3947-13260-0039.flac,252800,
1192,train-clean-100/163/122947/163-122947-0028.flac,252800,
1193,train-clean-100/3982/178459/3982-178459-0009.flac,252800,
1194,train-clean-100/1069/133699/1069-133699-0013.flac,252800,
1195,train-clean-100/3526/175658/3526-175658-0024.flac,252800,
1196,train-clean-100/3240/131232/3240-131232-0007.flac,252800,
1197,train-clean-100/1098/133695/1098-133695-0036.flac,252800,
1198,train-clean-100/3214/167607/3214-167607-0004.flac,252800,
1199,train-clean-100/3607/29116/3607-29116-0045.flac,252800,
1200,train-clean-100/3807/4955/3807-4955-0034.flac,252800,
1201,train-clean-100/1502/122615/1502-122615-0010.flac,252800,
1202,train-clean-100/1502/122619/1502-122619-0074.flac,252799,
1203,train-clean-100/3214/167607/3214-167607-0026.flac,252799,
1204,train-clean-100/163/122947/163-122947-0009.flac,252720,
1205,train-clean-100/1723/141149/1723-141149-0026.flac,252720,
1206,train-clean-100/2514/149482/2514-149482-0027.flac,252720,
1207,train-clean-100/2836/5354/2836-5354-0023.flac,252720,
1208,train-clean-100/2391/145015/2391-145015-0007.flac,252720,
1209,train-clean-100/233/134440/233-134440-0006.flac,252720,
1210,train-clean-100/1898/145724/1898-145724-0021.flac,252720,
1211,train-clean-100/2092/145706/2092-145706-0039.flac,252720,
1212,train-clean-100/2136/5147/2136-5147-0036.flac,252720,
1213,train-clean-100/2817/142371/2817-142371-0033.flac,252720,
1214,train-clean-100/1116/137572/1116-137572-0051.flac,252720,
1215,train-clean-100/3664/11714/3664-11714-0007.flac,252720,
1216,train-clean-100/250/142286/250-142286-0008.flac,252720,
1217,train-clean-100/1926/147979/1926-147979-0029.flac,252640,
1218,train-clean-100/2518/154825/2518-154825-0056.flac,252640,
1219,train-clean-100/196/122150/196-122150-0034.flac,252640,
1220,train-clean-100/198/129977/198-129977-0011.flac,252640,
1221,train-clean-100/1246/124550/1246-124550-0037.flac,252640,
1222,train-clean-100/3242/8112/3242-8112-0017.flac,252640,
1223,train-clean-100/3857/182315/3857-182315-0009.flac,252640,
1224,train-clean-100/3440/171006/3440-171006-0007.flac,252640,
1225,train-clean-100/201/127786/201-127786-0072.flac,252640,
1226,train-clean-100/2989/138035/2989-138035-0021.flac,252640,
1227,train-clean-100/163/122947/163-122947-0079.flac,252640,
1228,train-clean-100/226/122538/226-122538-0004.flac,252640,
1229,train-clean-100/3879/174923/3879-174923-0024.flac,252640,
1230,train-clean-100/1098/133695/1098-133695-0004.flac,252640,
1231,train-clean-100/250/142276/250-142276-0001.flac,252560,
1232,train-clean-100/3857/180923/3857-180923-0012.flac,252560,
1233,train-clean-100/3607/29116/3607-29116-0000.flac,252560,
1234,train-clean-100/2911/15045/2911-15045-0014.flac,252560,
1235,train-clean-100/2159/179156/2159-179156-0022.flac,252560,
1236,train-clean-100/196/122152/196-122152-0027.flac,252560,
1237,train-clean-100/328/129766/328-129766-0077.flac,252560,
1238,train-clean-100/1963/142393/1963-142393-0048.flac,252480,
1239,train-clean-100/2910/131096/2910-131096-0023.flac,252480,
1240,train-clean-100/1963/142393/1963-142393-0005.flac,252480,
1241,train-clean-100/311/124404/311-124404-0018.flac,252480,
1242,train-clean-100/248/130697/248-130697-0024.flac,252480,
1243,train-clean-100/1841/159771/1841-159771-0034.flac,252480,
1244,train-clean-100/2910/131096/2910-131096-0062.flac,252480,
1245,train-clean-100/2182/150130/2182-150130-0016.flac,252480,
1246,train-clean-100/2416/152139/2416-152139-0051.flac,252480,
1247,train-clean-100/1578/6379/1578-6379-0026.flac,252480,
1248,train-clean-100/374/180298/374-180298-0040.flac,252480,
1249,train-clean-100/2416/152139/2416-152139-0029.flac,252480,
1250,train-clean-100/2518/154825/2518-154825-0026.flac,252480,
1251,train-clean-100/1363/139304/1363-139304-0029.flac,252480,
1252,train-clean-100/1743/142912/1743-142912-0027.flac,252480,
1253,train-clean-100/1594/135914/1594-135914-0025.flac,252480,
1254,train-clean-100/2911/7601/2911-7601-0010.flac,252400,
1255,train-clean-100/3440/171006/3440-171006-0019.flac,252400,
1256,train-clean-100/3664/178355/3664-178355-0033.flac,252400,
1257,train-clean-100/3112/9554/3112-9554-0019.flac,252400,
1258,train-clean-100/3242/67153/3242-67153-0036.flac,252400,
1259,train-clean-100/2289/152257/2289-152257-0001.flac,252400,
1260,train-clean-100/1578/140049/1578-140049-0019.flac,252400,
1261,train-clean-100/3664/178355/3664-178355-0025.flac,252400,
1262,train-clean-100/3214/167606/3214-167606-0020.flac,252400,
1263,train-clean-100/2952/410/2952-410-0032.flac,252400,
1264,train-clean-100/298/126791/298-126791-0022.flac,252400,
1265,train-clean-100/198/129977/198-129977-0007.flac,252400,
1266,train-clean-100/289/121652/289-121652-0009.flac,252400,
1267,train-clean-100/3440/171006/3440-171006-0017.flac,252400,
1268,train-clean-100/328/129766/328-129766-0043.flac,252320,
1269,train-clean-100/118/47824/118-47824-0005.flac,252320,
1270,train-clean-100/2136/5140/2136-5140-0007.flac,252320,
1271,train-clean-100/2092/145709/2092-145709-0005.flac,252320,
1272,train-clean-100/1992/141719/1992-141719-0029.flac,252320,
1273,train-clean-100/1594/135914/1594-135914-0069.flac,252320,
1274,train-clean-100/1594/135914/1594-135914-0017.flac,252320,
1275,train-clean-100/3235/11599/3235-11599-0005.flac,252320,
1276,train-clean-100/2836/5354/2836-5354-0004.flac,252320,
1277,train-clean-100/1363/135842/1363-135842-0041.flac,252320,
1278,train-clean-100/2182/150130/2182-150130-0034.flac,252240,
1279,train-clean-100/3664/178366/3664-178366-0005.flac,252240,
1280,train-clean-100/1447/17506/1447-17506-0022.flac,252240,
1281,train-clean-100/2182/150130/2182-150130-0020.flac,252240,
1282,train-clean-100/1743/142912/1743-142912-0008.flac,252240,
1283,train-clean-100/1363/139304/1363-139304-0001.flac,252240,
1284,train-clean-100/1578/6379/1578-6379-0021.flac,252240,
1285,train-clean-100/3723/171115/3723-171115-0007.flac,252240,
1286,train-clean-100/250/142276/250-142276-0021.flac,252240,
1287,train-clean-100/2911/15045/2911-15045-0010.flac,252240,
1288,train-clean-100/103/1241/103-1241-0041.flac,252240,
1289,train-clean-100/3983/5331/3983-5331-0011.flac,252239,
1290,train-clean-100/3235/28433/3235-28433-0046.flac,252160,
1291,train-clean-100/2092/145706/2092-145706-0065.flac,252160,
1292,train-clean-100/39/121916/39-121916-0002.flac,252160,
1293,train-clean-100/332/128985/332-128985-0080.flac,252160,
1294,train-clean-100/1578/140049/1578-140049-0033.flac,252160,
1295,train-clean-100/1363/139304/1363-139304-0011.flac,252160,
1296,train-clean-100/3664/178366/3664-178366-0021.flac,252160,
1297,train-clean-100/302/123523/302-123523-0002.flac,252160,
1298,train-clean-100/3947/13260/3947-13260-0015.flac,252160,
1299,train-clean-100/1578/140049/1578-140049-0034.flac,252160,
1300,train-clean-100/2952/410/2952-410-0027.flac,252080,
1301,train-clean-100/226/131532/226-131532-0010.flac,252080,
1302,train-clean-100/229/130880/229-130880-0070.flac,252080,
1303,train-clean-100/1624/168623/1624-168623-0026.flac,252080,
1304,train-clean-100/2196/170151/2196-170151-0027.flac,252080,
1305,train-clean-100/1088/129236/1088-129236-0016.flac,252080,
1306,train-clean-100/163/122947/163-122947-0025.flac,252080,
1307,train-clean-100/1970/26100/1970-26100-0005.flac,252080,
1308,train-clean-100/1455/134435/1455-134435-0051.flac,252080,
1309,train-clean-100/1594/135914/1594-135914-0045.flac,252000,
1310,train-clean-100/3374/298032/3374-298032-0019.flac,252000,
1311,train-clean-100/254/145458/254-145458-0004.flac,252000,
1312,train-clean-100/1081/125237/1081-125237-0110.flac,252000,
1313,train-clean-100/1723/141149/1723-141149-0107.flac,252000,
1314,train-clean-100/2836/5354/2836-5354-0010.flac,252000,
1315,train-clean-100/19/227/19-227-0058.flac,252000,
1316,train-clean-100/196/122150/196-122150-0035.flac,252000,
1317,train-clean-100/374/180298/374-180298-0007.flac,252000,
1318,train-clean-100/1246/124548/1246-124548-0026.flac,252000,
1319,train-clean-100/2136/5147/2136-5147-0005.flac,252000,
1320,train-clean-100/1926/143879/1926-143879-0041.flac,252000,
1321,train-clean-100/1263/138246/1263-138246-0035.flac,252000,
1322,train-clean-100/3947/13260/3947-13260-0044.flac,252000,
1323,train-clean-100/1235/135883/1235-135883-0029.flac,252000,
1324,train-clean-100/374/180298/374-180298-0034.flac,251920,
1325,train-clean-100/2910/131096/2910-131096-0000.flac,251920,
1326,train-clean-100/118/124588/118-124588-0006.flac,251920,
1327,train-clean-100/1624/168623/1624-168623-0018.flac,251920,
1328,train-clean-100/2416/152137/2416-152137-0025.flac,251920,
1329,train-clean-100/3440/171009/3440-171009-0038.flac,251920,
1330,train-clean-100/103/1241/103-1241-0033.flac,251920,
1331,train-clean-100/311/124404/311-124404-0105.flac,251920,
1332,train-clean-100/1624/142933/1624-142933-0029.flac,251920,
1333,train-clean-100/3486/166424/3486-166424-0046.flac,251920,
1334,train-clean-100/196/122150/196-122150-0033.flac,251920,
1335,train-clean-100/3486/166446/3486-166446-0023.flac,251920,
1336,train-clean-100/2518/154826/2518-154826-0021.flac,251840,
1337,train-clean-100/3436/172162/3436-172162-0025.flac,251840,
1338,train-clean-100/3214/167606/3214-167606-0019.flac,251840,
1339,train-clean-100/2843/152918/2843-152918-0091.flac,251840,
1340,train-clean-100/3830/12531/3830-12531-0015.flac,251840,
1341,train-clean-100/1963/142393/1963-142393-0053.flac,251840,
1342,train-clean-100/1926/143879/1926-143879-0015.flac,251840,
1343,train-clean-100/3168/173565/3168-173565-0053.flac,251840,
1344,train-clean-100/1069/133709/1069-133709-0008.flac,251840,
1345,train-clean-100/3830/12530/3830-12530-0034.flac,251840,
1346,train-clean-100/3982/178459/3982-178459-0056.flac,251840,
1347,train-clean-100/3947/13262/3947-13262-0014.flac,251840,
1348,train-clean-100/2002/139469/2002-139469-0001.flac,251840,
1349,train-clean-100/1926/147979/1926-147979-0043.flac,251840,
1350,train-clean-100/1723/141149/1723-141149-0067.flac,251760,
1351,train-clean-100/2384/152900/2384-152900-0076.flac,251760,
1352,train-clean-100/2384/152900/2384-152900-0065.flac,251760,
1353,train-clean-100/2989/138028/2989-138028-0036.flac,251760,
1354,train-clean-100/1926/143879/1926-143879-0033.flac,251760,
1355,train-clean-100/196/122159/196-122159-0027.flac,251760,
1356,train-clean-100/26/496/26-496-0019.flac,251760,
1357,train-clean-100/1081/125237/1081-125237-0072.flac,251760,
1358,train-clean-100/2952/410/2952-410-0053.flac,251760,
1359,train-clean-100/374/180298/374-180298-0018.flac,251680,
1360,train-clean-100/311/124404/311-124404-0026.flac,251680,
1361,train-clean-100/3664/178355/3664-178355-0035.flac,251680,
1362,train-clean-100/2514/149482/2514-149482-0008.flac,251680,
1363,train-clean-100/3807/4955/3807-4955-0009.flac,251680,
1364,train-clean-100/150/132655/150-132655-0030.flac,251680,
1365,train-clean-100/2691/156755/2691-156755-0000.flac,251680,
1366,train-clean-100/2843/152918/2843-152918-0059.flac,251680,
1367,train-clean-100/3168/173565/3168-173565-0020.flac,251680,
1368,train-clean-100/302/123516/302-123516-0012.flac,251680,
1369,train-clean-100/3879/174923/3879-174923-0035.flac,251680,
1370,train-clean-100/328/129766/328-129766-0016.flac,251680,
1371,train-clean-100/2196/174172/2196-174172-0037.flac,251680,
1372,train-clean-100/2436/2476/2436-2476-0004.flac,251680,
1373,train-clean-100/2514/149482/2514-149482-0062.flac,251600,
1374,train-clean-100/3664/178366/3664-178366-0023.flac,251600,
1375,train-clean-100/196/122159/196-122159-0030.flac,251600,
1376,train-clean-100/307/127540/307-127540-0007.flac,251600,
1377,train-clean-100/374/180298/374-180298-0044.flac,251600,
1378,train-clean-100/2416/152137/2416-152137-0017.flac,251600,
1379,train-clean-100/2196/170379/2196-170379-0008.flac,251600,
1380,train-clean-100/2092/145706/2092-145706-0080.flac,251600,
1381,train-clean-100/3857/182315/3857-182315-0024.flac,251600,
1382,train-clean-100/307/127539/307-127539-0031.flac,251600,
1383,train-clean-100/2007/149877/2007-149877-0021.flac,251600,
1384,train-clean-100/289/121652/289-121652-0037.flac,251600,
1385,train-clean-100/3982/182255/3982-182255-0015.flac,251600,
1386,train-clean-100/1455/134435/1455-134435-0050.flac,251520,
1387,train-clean-100/211/122425/211-122425-0025.flac,251520,
1388,train-clean-100/1069/133699/1069-133699-0031.flac,251520,
1389,train-clean-100/2416/152139/2416-152139-0066.flac,251520,
1390,train-clean-100/2159/179154/2159-179154-0039.flac,251520,
1391,train-clean-100/307/127540/307-127540-0013.flac,251520,
1392,train-clean-100/1502/122619/1502-122619-0082.flac,251520,
1393,train-clean-100/39/121916/39-121916-0015.flac,251520,
1394,train-clean-100/125/121124/125-121124-0066.flac,251520,
1395,train-clean-100/2289/152257/2289-152257-0025.flac,251520,
1396,train-clean-100/3242/67153/3242-67153-0033.flac,251520,
1397,train-clean-100/150/126112/150-126112-0011.flac,251520,
1398,train-clean-100/3830/12531/3830-12531-0011.flac,251520,
1399,train-clean-100/250/142276/250-142276-0032.flac,251520,
1400,train-clean-100/1447/130551/1447-130551-0015.flac,251520,
1401,train-clean-100/3168/173565/3168-173565-0018.flac,251520,
1402,train-clean-100/3879/174923/3879-174923-0062.flac,251520,
1403,train-clean-100/3235/28433/3235-28433-0043.flac,251520,
1404,train-clean-100/27/123349/27-123349-0047.flac,251520,
1405,train-clean-100/2893/139322/2893-139322-0027.flac,251520,
1406,train-clean-100/2007/132570/2007-132570-0026.flac,251520,
1407,train-clean-100/2196/170379/2196-170379-0032.flac,251440,
1408,train-clean-100/198/129977/198-129977-0021.flac,251440,
1409,train-clean-100/3259/158083/3259-158083-0059.flac,251440,
1410,train-clean-100/1970/10594/1970-10594-0021.flac,251440,
1411,train-clean-100/3830/12535/3830-12535-0017.flac,251440,
1412,train-clean-100/1594/135914/1594-135914-0001.flac,251440,
1413,train-clean-100/2092/145706/2092-145706-0081.flac,251440,
1414,train-clean-100/26/495/26-495-0065.flac,251440,
1415,train-clean-100/233/134440/233-134440-0011.flac,251440,
1416,train-clean-100/3440/171009/3440-171009-0011.flac,251440,
1417,train-clean-100/229/130880/229-130880-0003.flac,251440,
1418,train-clean-100/3699/19402/3699-19402-0028.flac,251360,
1419,train-clean-100/298/126791/298-126791-0014.flac,251360,
1420,train-clean-100/302/123523/302-123523-0003.flac,251360,
1421,train-clean-100/2893/139322/2893-139322-0028.flac,251360,
1422,train-clean-100/2182/181183/2182-181183-0006.flac,251360,
1423,train-clean-100/118/124588/118-124588-0014.flac,251360,
1424,train-clean-100/3526/175658/3526-175658-0006.flac,251360,
1425,train-clean-100/3374/298032/3374-298032-0003.flac,251360,
1426,train-clean-100/1069/133699/1069-133699-0029.flac,251360,
1427,train-clean-100/196/122159/196-122159-0031.flac,251360,
1428,train-clean-100/1841/150351/1841-150351-0015.flac,251360,
1429,train-clean-100/2416/152139/2416-152139-0014.flac,251360,
1430,train-clean-100/1841/179183/1841-179183-0032.flac,251360,
1431,train-clean-100/3486/166424/3486-166424-0013.flac,251280,
1432,train-clean-100/2196/174172/2196-174172-0004.flac,251280,
1433,train-clean-100/3214/167606/3214-167606-0018.flac,251280,
1434,train-clean-100/2136/5143/2136-5143-0006.flac,251280,
1435,train-clean-100/289/121652/289-121652-0015.flac,251280,
1436,train-clean-100/328/129766/328-129766-0056.flac,251280,
1437,train-clean-100/3168/173564/3168-173564-0026.flac,251280,
1438,train-clean-100/2289/152254/2289-152254-0028.flac,251280,
1439,train-clean-100/1553/140048/1553-140048-0029.flac,251280,
1440,train-clean-100/289/121652/289-121652-0007.flac,251279,
1441,train-clean-100/1841/159771/1841-159771-0009.flac,251200,
1442,train-clean-100/3259/158083/3259-158083-0064.flac,251200,
1443,train-clean-100/254/145458/254-145458-0012.flac,251200,
1444,train-clean-100/3830/12535/3830-12535-0005.flac,251200,
1445,train-clean-100/298/126790/298-126790-0002.flac,251200,
1446,train-clean-100/233/134440/233-134440-0018.flac,251200,
1447,train-clean-100/1081/125237/1081-125237-0071.flac,251200,
1448,train-clean-100/1355/39947/1355-39947-0042.flac,251200,
1449,train-clean-100/3947/13260/3947-13260-0017.flac,251200,
1450,train-clean-100/1363/135842/1363-135842-0026.flac,251200,
1451,train-clean-100/233/134440/233-134440-0022.flac,251200,
1452,train-clean-100/2182/181183/2182-181183-0035.flac,251120,
1453,train-clean-100/2159/179156/2159-179156-0014.flac,251120,
1454,train-clean-100/1334/135589/1334-135589-0028.flac,251120,
1455,train-clean-100/2007/149877/2007-149877-0040.flac,251120,
1456,train-clean-100/3168/173565/3168-173565-0043.flac,251120,
1457,train-clean-100/2817/142380/2817-142380-0019.flac,251120,
1458,train-clean-100/3526/176653/3526-176653-0008.flac,251120,
1459,train-clean-100/1263/138246/1263-138246-0009.flac,251120,
1460,train-clean-100/1743/142913/1743-142913-0014.flac,251120,
1461,train-clean-100/3235/28433/3235-28433-0016.flac,251119,
1462,train-clean-100/2910/131096/2910-131096-0091.flac,251040,
1463,train-clean-100/3664/11714/3664-11714-0028.flac,251040,
1464,train-clean-100/19/227/19-227-0028.flac,251040,
1465,train-clean-100/2416/152137/2416-152137-0030.flac,251040,
1466,train-clean-100/2136/5143/2136-5143-0000.flac,251040,
1467,train-clean-100/226/122538/226-122538-0028.flac,251040,
1468,train-clean-100/229/130880/229-130880-0040.flac,251040,
1469,train-clean-100/196/122152/196-122152-0009.flac,250960,
1470,train-clean-100/2182/181173/2182-181173-0024.flac,250960,
1471,train-clean-100/289/121665/289-121665-0019.flac,250960,
1472,train-clean-100/2436/2477/2436-2477-0018.flac,250960,
1473,train-clean-100/2518/154826/2518-154826-0005.flac,250960,
1474,train-clean-100/2893/139310/2893-139310-0047.flac,250960,
1475,train-clean-100/233/155990/233-155990-0038.flac,250960,
1476,train-clean-100/1926/147979/1926-147979-0037.flac,250960,
1477,train-clean-100/1034/121119/1034-121119-0002.flac,250960,
1478,train-clean-100/2002/139469/2002-139469-0045.flac,250960,
1479,train-clean-100/3607/135982/3607-135982-0006.flac,250960,
1480,train-clean-100/1363/135842/1363-135842-0019.flac,250960,
1481,train-clean-100/311/124404/311-124404-0115.flac,250960,
1482,train-clean-100/233/134440/233-134440-0014.flac,250960,
1483,train-clean-100/3526/175658/3526-175658-0002.flac,250960,
1484,train-clean-100/1355/39947/1355-39947-0044.flac,250960,
1485,train-clean-100/2289/152257/2289-152257-0026.flac,250960,
1486,train-clean-100/2436/2476/2436-2476-0010.flac,250960,
1487,train-clean-100/2384/152900/2384-152900-0036.flac,250960,
1488,train-clean-100/374/180298/374-180298-0009.flac,250960,
1489,train-clean-100/3723/171115/3723-171115-0027.flac,250960,
1490,train-clean-100/1624/168623/1624-168623-0041.flac,250960,
1491,train-clean-100/1963/147036/1963-147036-0026.flac,250880,
1492,train-clean-100/1594/135914/1594-135914-0057.flac,250880,
1493,train-clean-100/32/4137/32-4137-0029.flac,250880,
1494,train-clean-100/1737/142397/1737-142397-0008.flac,250880,
1495,train-clean-100/2416/152137/2416-152137-0031.flac,250880,
1496,train-clean-100/2182/181183/2182-181183-0031.flac,250880,
1497,train-clean-100/211/122442/211-122442-0060.flac,250880,
1498,train-clean-100/2136/5140/2136-5140-0035.flac,250880,
1499,train-clean-100/3664/178366/3664-178366-0006.flac,250880,
1500,train-clean-100/233/134440/233-134440-0023.flac,250800,
1501,train-clean-100/1455/138263/1455-138263-0032.flac,250800,
1502,train-clean-100/1069/133699/1069-133699-0049.flac,250800,
1503,train-clean-100/2436/2481/2436-2481-0026.flac,250800,
1504,train-clean-100/1963/142776/1963-142776-0013.flac,250800,
1505,train-clean-100/3947/13262/3947-13262-0029.flac,250800,
1506,train-clean-100/32/21631/32-21631-0010.flac,250800,
1507,train-clean-100/103/1240/103-1240-0045.flac,250800,
1508,train-clean-100/3526/175658/3526-175658-0028.flac,250800,
1509,train-clean-100/2518/154825/2518-154825-0049.flac,250800,
1510,train-clean-100/233/155990/233-155990-0046.flac,250720,
1511,train-clean-100/1743/142913/1743-142913-0009.flac,250720,
1512,train-clean-100/1355/39947/1355-39947-0079.flac,250720,
1513,train-clean-100/1069/133699/1069-133699-0014.flac,250720,
1514,train-clean-100/3807/4955/3807-4955-0033.flac,250720,
1515,train-clean-100/2289/152257/2289-152257-0002.flac,250720,
1516,train-clean-100/3947/13260/3947-13260-0026.flac,250720,
1517,train-clean-100/2911/12359/2911-12359-0019.flac,250720,
1518,train-clean-100/1926/143879/1926-143879-0028.flac,250720,
1519,train-clean-100/3879/173592/3879-173592-0017.flac,250720,
1520,train-clean-100/250/140277/250-140277-0000.flac,250720,
1521,train-clean-100/103/1240/103-1240-0016.flac,250640,
1522,train-clean-100/2817/142371/2817-142371-0011.flac,250640,
1523,train-clean-100/163/122947/163-122947-0038.flac,250640,
1524,train-clean-100/3168/173565/3168-173565-0024.flac,250640,
1525,train-clean-100/2836/5354/2836-5354-0032.flac,250640,
1526,train-clean-100/3259/158083/3259-158083-0058.flac,250640,
1527,train-clean-100/3526/176653/3526-176653-0030.flac,250640,
1528,train-clean-100/201/122255/201-122255-0022.flac,250640,
1529,train-clean-100/1246/124550/1246-124550-0024.flac,250640,
1530,train-clean-100/3857/182317/3857-182317-0015.flac,250640,
1531,train-clean-100/1723/141149/1723-141149-0054.flac,250560,
1532,train-clean-100/1723/141149/1723-141149-0089.flac,250560,
1533,train-clean-100/125/121124/125-121124-0080.flac,250560,
1534,train-clean-100/2952/408/2952-408-0010.flac,250560,
1535,train-clean-100/302/123504/302-123504-0020.flac,250560,
1536,train-clean-100/1743/142914/1743-142914-0006.flac,250560,
1537,train-clean-100/2893/139310/2893-139310-0006.flac,250560,
1538,train-clean-100/1867/154075/1867-154075-0033.flac,250560,
1539,train-clean-100/3879/174923/3879-174923-0023.flac,250560,
1540,train-clean-100/374/180299/374-180299-0021.flac,250560,
1541,train-clean-100/2289/152254/2289-152254-0026.flac,250560,
1542,train-clean-100/26/495/26-495-0083.flac,250560,
1543,train-clean-100/1502/122615/1502-122615-0016.flac,250560,
1544,train-clean-100/19/198/19-198-0024.flac,250560,
1545,train-clean-100/2182/181173/2182-181173-0011.flac,250560,
1546,train-clean-100/1502/122615/1502-122615-0020.flac,250480,
1547,train-clean-100/298/126790/298-126790-0011.flac,250480,
1548,train-clean-100/1116/137572/1116-137572-0050.flac,250480,
1549,train-clean-100/298/126791/298-126791-0007.flac,250480,
1550,train-clean-100/1992/141719/1992-141719-0047.flac,250480,
1551,train-clean-100/26/495/26-495-0075.flac,250480,
1552,train-clean-100/2843/152918/2843-152918-0001.flac,250480,
1553,train-clean-100/250/142276/250-142276-0048.flac,250480,
1554,train-clean-100/1737/142397/1737-142397-0033.flac,250480,
1555,train-clean-100/118/47824/118-47824-0016.flac,250480,
1556,train-clean-100/1355/39947/1355-39947-0089.flac,250480,
1557,train-clean-100/1098/133695/1098-133695-0007.flac,250480,
1558,train-clean-100/2893/139310/2893-139310-0028.flac,250480,
1559,train-clean-100/3240/131231/3240-131231-0012.flac,250400,
1560,train-clean-100/2196/170379/2196-170379-0020.flac,250400,
1561,train-clean-100/1992/141719/1992-141719-0030.flac,250400,
1562,train-clean-100/1737/148989/1737-148989-0036.flac,250400,
1563,train-clean-100/1841/179183/1841-179183-0016.flac,250400,
1564,train-clean-100/2910/131096/2910-131096-0068.flac,250400,
1565,train-clean-100/2817/142371/2817-142371-0077.flac,250400,
1566,train-clean-100/2092/145706/2092-145706-0035.flac,250400,
1567,train-clean-100/1553/140048/1553-140048-0026.flac,250400,
1568,train-clean-100/103/1240/103-1240-0028.flac,250400,
1569,train-clean-100/254/27760/254-27760-0008.flac,250400,
1570,train-clean-100/1578/140049/1578-140049-0010.flac,250400,
1571,train-clean-100/1098/133695/1098-133695-0020.flac,250400,
1572,train-clean-100/1737/148989/1737-148989-0018.flac,250400,
1573,train-clean-100/3259/158083/3259-158083-0060.flac,250400,
1574,train-clean-100/289/121665/289-121665-0030.flac,250400,
1575,train-clean-100/3436/172162/3436-172162-0034.flac,250320,
1576,train-clean-100/1455/134435/1455-134435-0002.flac,250320,
1577,train-clean-100/1553/140047/1553-140047-0009.flac,250320,
1578,train-clean-100/1841/179183/1841-179183-0008.flac,250320,
1579,train-clean-100/3214/167607/3214-167607-0013.flac,250320,
1580,train-clean-100/3723/171631/3723-171631-0018.flac,250320,
1581,train-clean-100/298/126791/298-126791-0027.flac,250320,
1582,train-clean-100/2514/149482/2514-149482-0091.flac,250320,
1583,train-clean-100/226/131533/226-131533-0013.flac,250320,
1584,train-clean-100/2159/179157/2159-179157-0008.flac,250320,
1585,train-clean-100/2817/142371/2817-142371-0072.flac,250320,
1586,train-clean-100/307/127540/307-127540-0028.flac,250320,
1587,train-clean-100/229/130880/229-130880-0084.flac,250320,
1588,train-clean-100/1841/159771/1841-159771-0036.flac,250320,
1589,train-clean-100/233/134440/233-134440-0042.flac,250320,
1590,train-clean-100/201/127786/201-127786-0069.flac,250320,
1591,train-clean-100/19/227/19-227-0027.flac,250320,
1592,train-clean-100/1594/135914/1594-135914-0067.flac,250320,
1593,train-clean-100/2136/5140/2136-5140-0008.flac,250320,
1594,train-clean-100/233/134440/233-134440-0044.flac,250320,
1595,train-clean-100/3879/174923/3879-174923-0014.flac,250240,
1596,train-clean-100/2514/149482/2514-149482-0094.flac,250240,
1597,train-clean-100/1963/147036/1963-147036-0025.flac,250240,
1598,train-clean-100/19/198/19-198-0017.flac,250240,
1599,train-clean-100/196/122152/196-122152-0019.flac,250240,
1600,train-clean-100/2764/36617/2764-36617-0015.flac,250240,
1601,train-clean-100/2817/142371/2817-142371-0004.flac,250240,
1602,train-clean-100/3857/180923/3857-180923-0007.flac,250240,
1603,train-clean-100/1235/135883/1235-135883-0018.flac,250240,
1604,train-clean-100/3857/182315/3857-182315-0031.flac,250240,
1605,train-clean-100/2196/174172/2196-174172-0042.flac,250240,
1606,train-clean-100/302/123516/302-123516-0009.flac,250240,
1607,train-clean-100/3436/172162/3436-172162-0038.flac,250160,
1608,train-clean-100/118/47824/118-47824-0062.flac,250160,
1609,train-clean-100/2893/139310/2893-139310-0041.flac,250160,
1610,train-clean-100/3242/67168/3242-67168-0015.flac,250160,
1611,train-clean-100/2196/170151/2196-170151-0006.flac,250160,
1612,train-clean-100/39/121915/39-121915-0001.flac,250160,
1613,train-clean-100/1455/134435/1455-134435-0040.flac,250160,
1614,train-clean-100/1963/142393/1963-142393-0004.flac,250160,
1615,train-clean-100/2817/142371/2817-142371-0021.flac,250160,
1616,train-clean-100/26/495/26-495-0076.flac,250160,
1617,train-clean-100/1081/128618/1081-128618-0003.flac,250160,
1618,train-clean-100/226/131533/226-131533-0015.flac,250080,
1619,train-clean-100/1723/141149/1723-141149-0016.flac,250080,
1620,train-clean-100/1246/124550/1246-124550-0036.flac,250080,
1621,train-clean-100/2182/181183/2182-181183-0026.flac,250080,
1622,train-clean-100/1069/133699/1069-133699-0000.flac,250080,
1623,train-clean-100/226/122538/226-122538-0026.flac,250080,
1624,train-clean-100/2843/152918/2843-152918-0098.flac,250080,
1625,train-clean-100/1578/6379/1578-6379-0003.flac,250080,
1626,train-clean-100/1926/147979/1926-147979-0028.flac,250080,
1627,train-clean-100/201/127786/201-127786-0009.flac,250080,
1628,train-clean-100/2391/145015/2391-145015-0021.flac,250080,
1629,train-clean-100/1970/28415/1970-28415-0006.flac,250080,
1630,train-clean-100/3242/8112/3242-8112-0042.flac,250080,
1631,train-clean-100/2159/179157/2159-179157-0011.flac,250080,
1632,train-clean-100/229/130880/229-130880-0034.flac,250080,
1633,train-clean-100/2514/149482/2514-149482-0041.flac,250000,
1634,train-clean-100/3235/28452/3235-28452-0002.flac,250000,
1635,train-clean-100/2764/36617/2764-36617-0033.flac,250000,
1636,train-clean-100/1926/143879/1926-143879-0043.flac,250000,
1637,train-clean-100/1263/138246/1263-138246-0012.flac,250000,
1638,train-clean-100/328/129766/328-129766-0094.flac,250000,
1639,train-clean-100/2092/145706/2092-145706-0051.flac,250000,
1640,train-clean-100/3214/167602/3214-167602-0017.flac,250000,
1641,train-clean-100/1970/28415/1970-28415-0031.flac,250000,
1642,train-clean-100/1594/135914/1594-135914-0007.flac,250000,
1643,train-clean-100/201/122255/201-122255-0040.flac,250000,
1644,train-clean-100/302/123516/302-123516-0002.flac,250000,
1645,train-clean-100/229/130880/229-130880-0045.flac,250000,
1646,train-clean-100/2384/152900/2384-152900-0064.flac,250000,
1647,train-clean-100/1624/168623/1624-168623-0015.flac,250000,
1648,train-clean-100/250/142276/250-142276-0005.flac,250000,
1649,train-clean-100/2159/179156/2159-179156-0012.flac,249920,
1650,train-clean-100/1502/122619/1502-122619-0038.flac,249920,
1651,train-clean-100/3240/131231/3240-131231-0084.flac,249920,
1652,train-clean-100/1594/135914/1594-135914-0004.flac,249920,
1653,train-clean-100/2182/181173/2182-181173-0015.flac,249920,
1654,train-clean-100/2289/152258/2289-152258-0007.flac,249920,
1655,train-clean-100/2384/152900/2384-152900-0040.flac,249920,
1656,train-clean-100/2910/131096/2910-131096-0092.flac,249920,
1657,train-clean-100/150/126112/150-126112-0036.flac,249920,
1658,train-clean-100/1455/138263/1455-138263-0035.flac,249920,
1659,train-clean-100/1034/121119/1034-121119-0053.flac,249920,
1660,train-clean-100/3879/173592/3879-173592-0014.flac,249841,
1661,train-clean-100/2952/410/2952-410-0056.flac,249840,
1662,train-clean-100/3436/172171/3436-172171-0042.flac,249840,
1663,train-clean-100/3879/174923/3879-174923-0061.flac,249840,
1664,train-clean-100/1926/147979/1926-147979-0046.flac,249840,
1665,train-clean-100/1553/140048/1553-140048-0002.flac,249840,
1666,train-clean-100/1926/147979/1926-147979-0007.flac,249840,
1667,train-clean-100/19/227/19-227-0026.flac,249840,
1668,train-clean-100/2436/2477/2436-2477-0004.flac,249840,
1669,train-clean-100/2092/145706/2092-145706-0003.flac,249840,
1670,train-clean-100/3879/173592/3879-173592-0039.flac,249840,
1671,train-clean-100/1898/145724/1898-145724-0025.flac,249840,
1672,train-clean-100/1081/125237/1081-125237-0068.flac,249840,
1673,train-clean-100/332/128985/332-128985-0028.flac,249840,
1674,train-clean-100/1363/139304/1363-139304-0019.flac,249840,
1675,train-clean-100/302/123504/302-123504-0014.flac,249840,
1676,train-clean-100/2384/152900/2384-152900-0001.flac,249839,
1677,train-clean-100/125/121342/125-121342-0014.flac,249760,
1678,train-clean-100/1970/26100/1970-26100-0001.flac,249760,
1679,train-clean-100/332/128985/332-128985-0063.flac,249760,
1680,train-clean-100/1116/132847/1116-132847-0039.flac,249760,
1681,train-clean-100/32/4137/32-4137-0003.flac,249760,
1682,train-clean-100/1841/179183/1841-179183-0000.flac,249760,
1683,train-clean-100/1263/138246/1263-138246-0008.flac,249760,
1684,train-clean-100/1992/141719/1992-141719-0048.flac,249760,
1685,train-clean-100/1867/148436/1867-148436-0044.flac,249760,
1686,train-clean-100/1970/10594/1970-10594-0019.flac,249760,
1687,train-clean-100/307/127539/307-127539-0026.flac,249760,
1688,train-clean-100/2893/139322/2893-139322-0005.flac,249680,
1689,train-clean-100/3240/131231/3240-131231-0058.flac,249680,
1690,train-clean-100/307/127539/307-127539-0016.flac,249680,
1691,train-clean-100/250/140277/250-140277-0003.flac,249680,
1692,train-clean-100/103/1240/103-1240-0042.flac,249680,
1693,train-clean-100/201/122255/201-122255-0014.flac,249680,
1694,train-clean-100/1926/147979/1926-147979-0012.flac,249680,
1695,train-clean-100/2911/12359/2911-12359-0015.flac,249680,
1696,train-clean-100/250/142286/250-142286-0013.flac,249680,
1697,train-clean-100/3723/171115/3723-171115-0020.flac,249680,
1698,train-clean-100/3240/131231/3240-131231-0083.flac,249680,
1699,train-clean-100/3879/173592/3879-173592-0015.flac,249680,
1700,train-clean-100/3526/175658/3526-175658-0009.flac,249600,
1701,train-clean-100/3664/11714/3664-11714-0009.flac,249600,
1702,train-clean-100/163/122947/163-122947-0050.flac,249600,
1703,train-clean-100/2007/132570/2007-132570-0040.flac,249600,
1704,train-clean-100/39/121914/39-121914-0024.flac,249600,
1705,train-clean-100/1723/141149/1723-141149-0099.flac,249600,
1706,train-clean-100/1069/133699/1069-133699-0012.flac,249600,
1707,train-clean-100/1624/168623/1624-168623-0001.flac,249600,
1708,train-clean-100/1926/143879/1926-143879-0027.flac,249600,
1709,train-clean-100/27/123349/27-123349-0039.flac,249600,
1710,train-clean-100/1447/130552/1447-130552-0006.flac,249600,
1711,train-clean-100/1594/135914/1594-135914-0108.flac,249600,
1712,train-clean-100/2817/142371/2817-142371-0014.flac,249600,
1713,train-clean-100/1743/142914/1743-142914-0026.flac,249600,
1714,train-clean-100/233/134440/233-134440-0054.flac,249600,
1715,train-clean-100/2817/142371/2817-142371-0015.flac,249600,
1716,train-clean-100/2843/152918/2843-152918-0115.flac,249600,
1717,train-clean-100/3526/176651/3526-176651-0021.flac,249600,
1718,train-clean-100/26/495/26-495-0082.flac,249520,
1719,train-clean-100/229/130880/229-130880-0086.flac,249520,
1720,train-clean-100/254/127705/254-127705-0009.flac,249520,
1721,train-clean-100/1502/122615/1502-122615-0019.flac,249520,
1722,train-clean-100/3436/172162/3436-172162-0009.flac,249520,
1723,train-clean-100/311/124404/311-124404-0001.flac,249520,
1724,train-clean-100/302/123504/302-123504-0004.flac,249440,
1725,train-clean-100/2836/5354/2836-5354-0008.flac,249440,
1726,train-clean-100/1624/168623/1624-168623-0005.flac,249440,
1727,train-clean-100/3607/29116/3607-29116-0027.flac,249440,
1728,train-clean-100/2952/410/2952-410-0010.flac,249440,
1729,train-clean-100/3857/180923/3857-180923-0027.flac,249440,
1730,train-clean-100/2092/145709/2092-145709-0019.flac,249440,
1731,train-clean-100/1334/135589/1334-135589-0058.flac,249440,
1732,train-clean-100/1578/6379/1578-6379-0041.flac,249360,
1733,train-clean-100/328/129766/328-129766-0060.flac,249360,
1734,train-clean-100/311/124404/311-124404-0036.flac,249360,
1735,train-clean-100/3699/175950/3699-175950-0024.flac,249360,
1736,train-clean-100/3112/9555/3112-9555-0039.flac,249360,
1737,train-clean-100/3664/178366/3664-178366-0018.flac,249360,
1738,train-clean-100/254/12312/254-12312-0009.flac,249360,
1739,train-clean-100/2514/149482/2514-149482-0022.flac,249360,
1740,train-clean-100/2893/139310/2893-139310-0025.flac,249280,
1741,train-clean-100/2893/139322/2893-139322-0013.flac,249280,
1742,train-clean-100/250/142286/250-142286-0003.flac,249280,
1743,train-clean-100/3807/4923/3807-4923-0040.flac,249280,
1744,train-clean-100/2817/142380/2817-142380-0006.flac,249280,
1745,train-clean-100/2159/179157/2159-179157-0000.flac,249280,
1746,train-clean-100/1334/135589/1334-135589-0072.flac,249280,
1747,train-clean-100/32/21634/32-21634-0000.flac,249280,
1748,train-clean-100/3259/158083/3259-158083-0067.flac,249280,
1749,train-clean-100/1926/147987/1926-147987-0012.flac,249280,
1750,train-clean-100/3526/175658/3526-175658-0017.flac,249280,
1751,train-clean-100/1098/133695/1098-133695-0063.flac,249200,
1752,train-clean-100/150/126112/150-126112-0002.flac,249200,
1753,train-clean-100/3699/47246/3699-47246-0018.flac,249200,
1754,train-clean-100/3259/158083/3259-158083-0069.flac,249200,
1755,train-clean-100/2002/139469/2002-139469-0016.flac,249200,
1756,train-clean-100/248/130644/248-130644-0018.flac,249200,
1757,train-clean-100/2196/174172/2196-174172-0005.flac,249200,
1758,train-clean-100/250/142276/250-142276-0025.flac,249200,
1759,train-clean-100/2182/150130/2182-150130-0002.flac,249200,
1760,train-clean-100/1502/122619/1502-122619-0041.flac,249200,
1761,train-clean-100/1594/135914/1594-135914-0075.flac,249200,
1762,train-clean-100/1867/154071/1867-154071-0011.flac,249200,
1763,train-clean-100/2817/142380/2817-142380-0012.flac,249121,
1764,train-clean-100/374/180298/374-180298-0012.flac,249120,
1765,train-clean-100/2836/5354/2836-5354-0017.flac,249120,
1766,train-clean-100/1723/141149/1723-141149-0009.flac,249120,
1767,train-clean-100/2092/145706/2092-145706-0004.flac,249120,
1768,train-clean-100/3259/158083/3259-158083-0008.flac,249120,
1769,train-clean-100/2893/139310/2893-139310-0049.flac,249120,
1770,train-clean-100/298/126790/298-126790-0040.flac,249120,
1771,train-clean-100/1334/135589/1334-135589-0086.flac,249120,
1772,train-clean-100/1926/147979/1926-147979-0010.flac,249120,
1773,train-clean-100/322/124146/322-124146-0003.flac,249120,
1774,train-clean-100/19/198/19-198-0014.flac,249120,
1775,train-clean-100/3857/182317/3857-182317-0013.flac,249120,
1776,train-clean-100/103/1241/103-1241-0036.flac,249040,
1777,train-clean-100/226/131533/226-131533-0003.flac,249040,
1778,train-clean-100/1841/150351/1841-150351-0017.flac,249040,
1779,train-clean-100/2911/15084/2911-15084-0008.flac,249040,
1780,train-clean-100/3259/158083/3259-158083-0087.flac,249040,
1781,train-clean-100/2910/131096/2910-131096-0011.flac,249040,
1782,train-clean-100/3214/167606/3214-167606-0002.flac,249040,
1783,train-clean-100/254/127705/254-127705-0007.flac,249040,
1784,train-clean-100/3214/167607/3214-167607-0039.flac,249040,
1785,train-clean-100/3235/28452/3235-28452-0016.flac,249040,
1786,train-clean-100/103/1241/103-1241-0002.flac,249040,
1787,train-clean-100/2136/5143/2136-5143-0019.flac,249040,
1788,train-clean-100/2817/142380/2817-142380-0026.flac,249040,
1789,train-clean-100/3830/12531/3830-12531-0021.flac,249040,
1790,train-clean-100/1034/121119/1034-121119-0043.flac,249040,
1791,train-clean-100/2159/179157/2159-179157-0027.flac,249039,
1792,train-clean-100/2436/2481/2436-2481-0022.flac,248960,
1793,train-clean-100/1246/124548/1246-124548-0012.flac,248960,
1794,train-clean-100/289/121665/289-121665-0035.flac,248960,
1795,train-clean-100/3699/19402/3699-19402-0015.flac,248960,
1796,train-clean-100/200/124139/200-124139-0009.flac,248960,
1797,train-clean-100/2196/170151/2196-170151-0019.flac,248960,
1798,train-clean-100/322/124147/322-124147-0001.flac,248960,
1799,train-clean-100/1578/6379/1578-6379-0047.flac,248960,
1800,train-clean-100/201/127786/201-127786-0060.flac,248960,
1801,train-clean-100/39/121916/39-121916-0009.flac,248960,
1802,train-clean-100/1723/141149/1723-141149-0011.flac,248880,
1803,train-clean-100/1963/142393/1963-142393-0002.flac,248880,
1804,train-clean-100/2764/36619/2764-36619-0009.flac,248880,
1805,train-clean-100/2182/150130/2182-150130-0022.flac,248880,
1806,train-clean-100/229/130880/229-130880-0091.flac,248880,
1807,train-clean-100/374/180298/374-180298-0031.flac,248880,
1808,train-clean-100/3699/19401/3699-19401-0013.flac,248880,
1809,train-clean-100/2817/142371/2817-142371-0001.flac,248880,
1810,train-clean-100/196/122152/196-122152-0008.flac,248880,
1811,train-clean-100/2002/139469/2002-139469-0077.flac,248880,
1812,train-clean-100/3440/171009/3440-171009-0073.flac,248880,
1813,train-clean-100/200/124140/200-124140-0029.flac,248880,
1814,train-clean-100/2136/5140/2136-5140-0013.flac,248880,
1815,train-clean-100/2911/15045/2911-15045-0008.flac,248880,
1816,train-clean-100/3807/4923/3807-4923-0055.flac,248880,
1817,train-clean-100/103/1241/103-1241-0028.flac,248880,
1818,train-clean-100/211/122442/211-122442-0036.flac,248880,
1819,train-clean-100/2196/170151/2196-170151-0013.flac,248879,
1820,train-clean-100/254/127705/254-127705-0025.flac,248800,
1821,train-clean-100/3879/173592/3879-173592-0042.flac,248800,
1822,train-clean-100/3664/11714/3664-11714-0008.flac,248800,
1823,train-clean-100/32/4137/32-4137-0049.flac,248800,
1824,train-clean-100/1624/168623/1624-168623-0027.flac,248800,
1825,train-clean-100/201/122255/201-122255-0010.flac,248800,
1826,train-clean-100/2289/152257/2289-152257-0005.flac,248800,
1827,train-clean-100/103/1241/103-1241-0001.flac,248800,
1828,train-clean-100/26/495/26-495-0044.flac,248800,
1829,train-clean-100/103/1241/103-1241-0035.flac,248800,
1830,train-clean-100/328/129766/328-129766-0093.flac,248800,
1831,train-clean-100/150/126112/150-126112-0033.flac,248720,
1832,train-clean-100/2002/139469/2002-139469-0064.flac,248720,
1833,train-clean-100/3168/173565/3168-173565-0003.flac,248720,
1834,train-clean-100/3214/167607/3214-167607-0033.flac,248720,
1835,train-clean-100/2989/138035/2989-138035-0000.flac,248720,
1836,train-clean-100/1069/133699/1069-133699-0047.flac,248720,
1837,train-clean-100/3259/158083/3259-158083-0122.flac,248720,
1838,train-clean-100/2196/170151/2196-170151-0004.flac,248720,
1839,train-clean-100/250/142276/250-142276-0010.flac,248720,
1840,train-clean-100/233/134440/233-134440-0061.flac,248720,
1841,train-clean-100/1963/142393/1963-142393-0054.flac,248720,
1842,train-clean-100/211/122442/211-122442-0033.flac,248720,
1843,train-clean-100/3436/172162/3436-172162-0022.flac,248720,
1844,train-clean-100/2136/5140/2136-5140-0039.flac,248720,
1845,train-clean-100/2893/139310/2893-139310-0042.flac,248720,
1846,train-clean-100/200/126784/200-126784-0022.flac,248720,
1847,train-clean-100/332/128985/332-128985-0041.flac,248720,
1848,train-clean-100/3982/178459/3982-178459-0054.flac,248720,
1849,train-clean-100/198/126831/198-126831-0008.flac,248720,
1850,train-clean-100/226/131533/226-131533-0024.flac,248640,
1851,train-clean-100/322/124147/322-124147-0007.flac,248640,
1852,train-clean-100/1455/134435/1455-134435-0069.flac,248640,
1853,train-clean-100/1081/125237/1081-125237-0048.flac,248640,
1854,train-clean-100/1553/140047/1553-140047-0017.flac,248640,
1855,train-clean-100/3112/9554/3112-9554-0007.flac,248640,
1856,train-clean-100/289/121665/289-121665-0022.flac,248640,
1857,train-clean-100/374/180298/374-180298-0051.flac,248640,
1858,train-clean-100/1963/142393/1963-142393-0057.flac,248640,
1859,train-clean-100/125/121124/125-121124-0065.flac,248640,
1860,train-clean-100/229/130880/229-130880-0066.flac,248640,
1861,train-clean-100/1040/133433/1040-133433-0076.flac,248640,
1862,train-clean-100/125/121124/125-121124-0052.flac,248560,
1863,train-clean-100/3168/173564/3168-173564-0038.flac,248560,
1864,train-clean-100/2843/152918/2843-152918-0062.flac,248560,
1865,train-clean-100/2436/2477/2436-2477-0017.flac,248560,
1866,train-clean-100/3947/13260/3947-13260-0007.flac,248560,
1867,train-clean-100/19/227/19-227-0006.flac,248560,
1868,train-clean-100/1963/142393/1963-142393-0047.flac,248560,
1869,train-clean-100/3242/67153/3242-67153-0028.flac,248560,
1870,train-clean-100/1737/148989/1737-148989-0029.flac,248560,
1871,train-clean-100/307/127539/307-127539-0004.flac,248560,
1872,train-clean-100/3807/4955/3807-4955-0007.flac,248560,
1873,train-clean-100/26/495/26-495-0048.flac,248560,
1874,train-clean-100/311/124404/311-124404-0049.flac,248560,
1875,train-clean-100/118/47824/118-47824-0038.flac,248481,
1876,train-clean-100/1578/6379/1578-6379-0007.flac,248480,
1877,train-clean-100/1355/39947/1355-39947-0011.flac,248480,
1878,train-clean-100/3242/8112/3242-8112-0036.flac,248480,
1879,train-clean-100/3723/171115/3723-171115-0017.flac,248480,
1880,train-clean-100/1926/143879/1926-143879-0042.flac,248480,
1881,train-clean-100/307/127540/307-127540-0017.flac,248480,
1882,train-clean-100/289/121665/289-121665-0020.flac,248480,
1883,train-clean-100/2518/154825/2518-154825-0029.flac,248480,
1884,train-clean-100/1553/140047/1553-140047-0044.flac,248480,
1885,train-clean-100/3240/131231/3240-131231-0065.flac,248480,
1886,train-clean-100/32/4137/32-4137-0044.flac,248480,
1887,train-clean-100/3526/176653/3526-176653-0033.flac,248480,
1888,train-clean-100/2436/2481/2436-2481-0020.flac,248480,
1889,train-clean-100/1455/138263/1455-138263-0050.flac,248400,
1890,train-clean-100/198/209/198-209-0036.flac,248400,
1891,train-clean-100/1926/147979/1926-147979-0021.flac,248400,
1892,train-clean-100/3168/173564/3168-173564-0016.flac,248400,
1893,train-clean-100/1723/141149/1723-141149-0063.flac,248400,
1894,train-clean-100/2691/156755/2691-156755-0036.flac,248400,
1895,train-clean-100/3879/174923/3879-174923-0026.flac,248400,
1896,train-clean-100/3699/47246/3699-47246-0027.flac,248400,
1897,train-clean-100/1970/28415/1970-28415-0012.flac,248400,
1898,train-clean-100/3723/171115/3723-171115-0035.flac,248400,
1899,train-clean-100/2159/179154/2159-179154-0031.flac,248400,
1900,train-clean-100/3112/9555/3112-9555-0053.flac,248400,
1901,train-clean-100/1963/142776/1963-142776-0009.flac,248400,
1902,train-clean-100/2416/152139/2416-152139-0017.flac,248400,
1903,train-clean-100/1963/142393/1963-142393-0034.flac,248400,
1904,train-clean-100/1263/138246/1263-138246-0026.flac,248400,
1905,train-clean-100/3240/131231/3240-131231-0035.flac,248400,
1906,train-clean-100/322/124147/322-124147-0048.flac,248321,
1907,train-clean-100/3486/166446/3486-166446-0008.flac,248320,
1908,train-clean-100/3879/174923/3879-174923-0038.flac,248320,
1909,train-clean-100/3526/176653/3526-176653-0014.flac,248320,
1910,train-clean-100/2952/408/2952-408-0022.flac,248320,
1911,train-clean-100/200/124139/200-124139-0012.flac,248320,
1912,train-clean-100/328/129766/328-129766-0008.flac,248320,
1913,train-clean-100/3526/176653/3526-176653-0017.flac,248320,
1914,train-clean-100/2196/174172/2196-174172-0013.flac,248320,
1915,train-clean-100/3374/298025/3374-298025-0031.flac,248320,
1916,train-clean-100/2136/5140/2136-5140-0032.flac,248320,
1917,train-clean-100/1263/138246/1263-138246-0003.flac,248320,
1918,train-clean-100/3374/298032/3374-298032-0016.flac,248320,
1919,train-clean-100/1455/138263/1455-138263-0038.flac,248320,
1920,train-clean-100/2182/181183/2182-181183-0020.flac,248320,
1921,train-clean-100/3235/28452/3235-28452-0006.flac,248320,
1922,train-clean-100/1578/140045/1578-140045-0021.flac,248320,
1923,train-clean-100/1116/132851/1116-132851-0021.flac,248320,
1924,train-clean-100/3983/5331/3983-5331-0014.flac,248320,
1925,train-clean-100/1334/135589/1334-135589-0099.flac,248240,
1926,train-clean-100/2007/132570/2007-132570-0042.flac,248240,
1927,train-clean-100/3168/173565/3168-173565-0010.flac,248240,
1928,train-clean-100/27/123349/27-123349-0053.flac,248240,
1929,train-clean-100/200/126784/200-126784-0002.flac,248240,
1930,train-clean-100/311/124404/311-124404-0116.flac,248240,
1931,train-clean-100/254/12312/254-12312-0011.flac,248240,
1932,train-clean-100/3240/131231/3240-131231-0039.flac,248240,
1933,train-clean-100/3526/176653/3526-176653-0011.flac,248240,
1934,train-clean-100/248/130697/248-130697-0004.flac,248240,
1935,train-clean-100/19/227/19-227-0068.flac,248240,
1936,train-clean-100/1502/122615/1502-122615-0000.flac,248240,
1937,train-clean-100/1578/140049/1578-140049-0029.flac,248240,
1938,train-clean-100/3857/180923/3857-180923-0004.flac,248240,
1939,train-clean-100/1594/135914/1594-135914-0011.flac,248240,
1940,train-clean-100/3664/178366/3664-178366-0020.flac,248160,
1941,train-clean-100/2416/152139/2416-152139-0004.flac,248160,
1942,train-clean-100/3440/171009/3440-171009-0060.flac,248160,
1943,train-clean-100/2136/5140/2136-5140-0023.flac,248160,
1944,train-clean-100/322/124147/322-124147-0081.flac,248160,
1945,train-clean-100/2416/152139/2416-152139-0054.flac,248160,
1946,train-clean-100/2518/154826/2518-154826-0017.flac,248160,
1947,train-clean-100/3830/12535/3830-12535-0016.flac,248160,
1948,train-clean-100/3857/182317/3857-182317-0010.flac,248160,
1949,train-clean-100/1624/168623/1624-168623-0023.flac,248160,
1950,train-clean-100/39/121916/39-121916-0004.flac,248080,
1951,train-clean-100/2910/131096/2910-131096-0051.flac,248080,
1952,train-clean-100/3440/171009/3440-171009-0022.flac,248080,
1953,train-clean-100/1081/125237/1081-125237-0052.flac,248080,
1954,train-clean-100/2136/5143/2136-5143-0008.flac,248080,
1955,train-clean-100/3879/173592/3879-173592-0005.flac,248080,
1956,train-clean-100/1737/142397/1737-142397-0032.flac,248080,
1957,train-clean-100/2436/2476/2436-2476-0032.flac,248080,
1958,train-clean-100/322/124147/322-124147-0038.flac,248080,
1959,train-clean-100/3699/19401/3699-19401-0014.flac,248080,
1960,train-clean-100/3168/173564/3168-173564-0035.flac,248000,
1961,train-clean-100/1841/179183/1841-179183-0007.flac,248000,
1962,train-clean-100/2817/142371/2817-142371-0007.flac,248000,
1963,train-clean-100/3857/180923/3857-180923-0010.flac,248000,
1964,train-clean-100/226/131533/226-131533-0010.flac,248000,
1965,train-clean-100/3242/67168/3242-67168-0032.flac,248000,
1966,train-clean-100/2893/139322/2893-139322-0037.flac,248000,
1967,train-clean-100/3807/4923/3807-4923-0019.flac,248000,
1968,train-clean-100/27/123349/27-123349-0031.flac,248000,
1969,train-clean-100/3235/28452/3235-28452-0027.flac,248000,
1970,train-clean-100/322/124147/322-124147-0029.flac,248000,
1971,train-clean-100/2952/410/2952-410-0017.flac,248000,
1972,train-clean-100/3879/174923/3879-174923-0011.flac,248000,
1973,train-clean-100/250/142276/250-142276-0059.flac,248000,
1974,train-clean-100/3723/171115/3723-171115-0042.flac,248000,
1975,train-clean-100/1116/132851/1116-132851-0005.flac,248000,
1976,train-clean-100/1970/10594/1970-10594-0001.flac,248000,
1977,train-clean-100/2182/181173/2182-181173-0035.flac,248000,
1978,train-clean-100/1898/145715/1898-145715-0027.flac,248000,
1979,train-clean-100/1334/135589/1334-135589-0097.flac,247920,
1980,train-clean-100/3440/171009/3440-171009-0041.flac,247920,
1981,train-clean-100/1723/141149/1723-141149-0065.flac,247920,
1982,train-clean-100/2436/2477/2436-2477-0021.flac,247920,
1983,train-clean-100/3982/178459/3982-178459-0060.flac,247920,
1984,train-clean-100/3214/167606/3214-167606-0022.flac,247920,
1985,train-clean-100/3240/131231/3240-131231-0016.flac,247920,
1986,train-clean-100/1040/133433/1040-133433-0052.flac,247920,
1987,train-clean-100/2289/152258/2289-152258-0035.flac,247920,
1988,train-clean-100/3723/171115/3723-171115-0014.flac,247920,
1989,train-clean-100/3857/182317/3857-182317-0032.flac,247920,
1990,train-clean-100/163/122947/163-122947-0075.flac,247920,
1991,train-clean-100/3235/28452/3235-28452-0024.flac,247920,
1992,train-clean-100/2817/142380/2817-142380-0031.flac,247840,
1993,train-clean-100/2911/7601/2911-7601-0047.flac,247840,
1994,train-clean-100/2159/179154/2159-179154-0027.flac,247840,
1995,train-clean-100/26/496/26-496-0009.flac,247840,
1996,train-clean-100/2196/174172/2196-174172-0026.flac,247840,
1997,train-clean-100/229/130880/229-130880-0037.flac,247840,
1998,train-clean-100/150/126112/150-126112-0024.flac,247840,
1999,train-clean-100/27/123349/27-123349-0023.flac,247840,
2000,train-clean-100/2182/150130/2182-150130-0013.flac,247840,
2001,train-clean-100/3664/178366/3664-178366-0031.flac,247840,
2002,train-clean-100/3526/175658/3526-175658-0004.flac,247840,
2003,train-clean-100/2436/2477/2436-2477-0023.flac,247840,
2004,train-clean-100/3664/11714/3664-11714-0027.flac,247840,
2005,train-clean-100/1246/124550/1246-124550-0033.flac,247840,
2006,train-clean-100/1578/140045/1578-140045-0026.flac,247840,
2007,train-clean-100/196/122159/196-122159-0002.flac,247840,
2008,train-clean-100/3440/171009/3440-171009-0034.flac,247840,
2009,train-clean-100/3526/176653/3526-176653-0022.flac,247760,
2010,train-clean-100/1455/138263/1455-138263-0015.flac,247760,
2011,train-clean-100/2764/36619/2764-36619-0006.flac,247760,
2012,train-clean-100/1594/135914/1594-135914-0068.flac,247760,
2013,train-clean-100/1992/141719/1992-141719-0008.flac,247760,
2014,train-clean-100/198/209/198-209-0028.flac,247760,
2015,train-clean-100/1363/139304/1363-139304-0023.flac,247760,
2016,train-clean-100/1898/145715/1898-145715-0013.flac,247760,
2017,train-clean-100/3242/67168/3242-67168-0028.flac,247760,
2018,train-clean-100/2416/152139/2416-152139-0049.flac,247760,
2019,train-clean-100/2691/156745/2691-156745-0042.flac,247760,
2020,train-clean-100/3168/173565/3168-173565-0014.flac,247760,
2021,train-clean-100/19/198/19-198-0003.flac,247680,
2022,train-clean-100/1235/135883/1235-135883-0039.flac,247680,
2023,train-clean-100/3947/13260/3947-13260-0003.flac,247680,
2024,train-clean-100/1970/28415/1970-28415-0022.flac,247680,
2025,train-clean-100/1898/145715/1898-145715-0001.flac,247680,
2026,train-clean-100/19/227/19-227-0061.flac,247680,
2027,train-clean-100/1963/142393/1963-142393-0049.flac,247600,
2028,train-clean-100/1723/141149/1723-141149-0091.flac,247600,
2029,train-clean-100/3982/182255/3982-182255-0004.flac,247600,
2030,train-clean-100/3440/171006/3440-171006-0006.flac,247600,
2031,train-clean-100/163/122947/163-122947-0056.flac,247600,
2032,train-clean-100/2911/7601/2911-7601-0032.flac,247600,
2033,train-clean-100/196/122150/196-122150-0029.flac,247600,
2034,train-clean-100/196/122159/196-122159-0015.flac,247600,
2035,train-clean-100/2289/152253/2289-152253-0004.flac,247600,
2036,train-clean-100/2518/154825/2518-154825-0054.flac,247600,
2037,train-clean-100/3235/11599/3235-11599-0012.flac,247600,
2038,train-clean-100/1034/121119/1034-121119-0016.flac,247600,
2039,train-clean-100/39/121914/39-121914-0019.flac,247600,
2040,train-clean-100/298/126791/298-126791-0045.flac,247520,
2041,train-clean-100/2514/149482/2514-149482-0000.flac,247520,
2042,train-clean-100/3879/174923/3879-174923-0042.flac,247520,
2043,train-clean-100/1334/135589/1334-135589-0017.flac,247520,
2044,train-clean-100/322/124146/322-124146-0008.flac,247520,
2045,train-clean-100/2092/145706/2092-145706-0027.flac,247520,
2046,train-clean-100/2384/152900/2384-152900-0003.flac,247520,
2047,train-clean-100/1502/122615/1502-122615-0011.flac,247520,
2048,train-clean-100/3807/4923/3807-4923-0050.flac,247520,
2049,train-clean-100/1363/139304/1363-139304-0044.flac,247520,
2050,train-clean-100/229/130880/229-130880-0067.flac,247520,
2051,train-clean-100/2911/15045/2911-15045-0020.flac,247520,
2052,train-clean-100/229/130880/229-130880-0028.flac,247520,
2053,train-clean-100/103/1241/103-1241-0030.flac,247520,
2054,train-clean-100/1992/141719/1992-141719-0028.flac,247520,
2055,train-clean-100/2136/5147/2136-5147-0034.flac,247520,
2056,train-clean-100/1867/148436/1867-148436-0000.flac,247520,
2057,train-clean-100/322/124146/322-124146-0016.flac,247440,
2058,train-clean-100/32/21625/32-21625-0013.flac,247440,
2059,train-clean-100/2691/156755/2691-156755-0034.flac,247440,
2060,train-clean-100/3486/166446/3486-166446-0030.flac,247440,
2061,train-clean-100/26/496/26-496-0020.flac,247440,
2062,train-clean-100/3486/166424/3486-166424-0055.flac,247440,
2063,train-clean-100/332/128985/332-128985-0075.flac,247440,
2064,train-clean-100/1963/142393/1963-142393-0006.flac,247440,
2065,train-clean-100/2182/181183/2182-181183-0034.flac,247440,
2066,train-clean-100/3526/175658/3526-175658-0032.flac,247440,
2067,train-clean-100/233/155990/233-155990-0030.flac,247440,
2068,train-clean-100/3486/166446/3486-166446-0000.flac,247440,
2069,train-clean-100/26/495/26-495-0045.flac,247440,
2070,train-clean-100/2007/132570/2007-132570-0048.flac,247440,
2071,train-clean-100/3526/176653/3526-176653-0042.flac,247440,
2072,train-clean-100/2182/150130/2182-150130-0031.flac,247360,
2073,train-clean-100/2289/152254/2289-152254-0000.flac,247360,
2074,train-clean-100/2196/170379/2196-170379-0012.flac,247360,
2075,train-clean-100/2843/152918/2843-152918-0114.flac,247360,
2076,train-clean-100/2182/150130/2182-150130-0014.flac,247360,
2077,train-clean-100/1235/135884/1235-135884-0040.flac,247360,
2078,train-clean-100/1841/179183/1841-179183-0005.flac,247360,
2079,train-clean-100/1737/148989/1737-148989-0024.flac,247280,
2080,train-clean-100/2518/154825/2518-154825-0009.flac,247280,
2081,train-clean-100/1069/133699/1069-133699-0053.flac,247280,
2082,train-clean-100/150/126112/150-126112-0016.flac,247280,
2083,train-clean-100/2911/7601/2911-7601-0023.flac,247280,
2084,train-clean-100/2910/131096/2910-131096-0014.flac,247280,
2085,train-clean-100/32/4137/32-4137-0022.flac,247200,
2086,train-clean-100/1355/39947/1355-39947-0030.flac,247200,
2087,train-clean-100/3440/171009/3440-171009-0078.flac,247200,
2088,train-clean-100/19/227/19-227-0055.flac,247200,
2089,train-clean-100/32/21634/32-21634-0004.flac,247200,
2090,train-clean-100/3259/158083/3259-158083-0001.flac,247200,
2091,train-clean-100/1963/142393/1963-142393-0026.flac,247200,
2092,train-clean-100/3526/176653/3526-176653-0025.flac,247200,
2093,train-clean-100/248/130652/248-130652-0026.flac,247200,
2094,train-clean-100/3983/5331/3983-5331-0005.flac,247200,
2095,train-clean-100/2764/36616/2764-36616-0016.flac,247200,
2096,train-clean-100/2436/2476/2436-2476-0036.flac,247200,
2097,train-clean-100/322/124147/322-124147-0031.flac,247200,
2098,train-clean-100/2817/142380/2817-142380-0033.flac,247200,
2099,train-clean-100/1116/132847/1116-132847-0006.flac,247200,
2100,train-clean-100/3259/158083/3259-158083-0082.flac,247200,
2101,train-clean-100/248/130644/248-130644-0026.flac,247200,
2102,train-clean-100/163/122947/163-122947-0054.flac,247200,
2103,train-clean-100/3240/131232/3240-131232-0003.flac,247200,
2104,train-clean-100/3807/4923/3807-4923-0018.flac,247200,
2105,train-clean-100/3436/172162/3436-172162-0047.flac,247120,
2106,train-clean-100/3242/8112/3242-8112-0041.flac,247120,
2107,train-clean-100/150/126107/150-126107-0030.flac,247120,
2108,train-clean-100/1081/128618/1081-128618-0002.flac,247120,
2109,train-clean-100/39/121915/39-121915-0015.flac,247120,
2110,train-clean-100/2007/149877/2007-149877-0000.flac,247120,
2111,train-clean-100/250/142276/250-142276-0019.flac,247120,
2112,train-clean-100/2764/36619/2764-36619-0035.flac,247120,
2113,train-clean-100/1246/124548/1246-124548-0027.flac,247120,
2114,train-clean-100/2002/139469/2002-139469-0114.flac,247120,
2115,train-clean-100/3664/178366/3664-178366-0001.flac,247120,
2116,train-clean-100/2691/156755/2691-156755-0008.flac,247120,
2117,train-clean-100/2136/5140/2136-5140-0002.flac,247120,
2118,train-clean-100/2817/142380/2817-142380-0028.flac,247040,
2119,train-clean-100/1355/39947/1355-39947-0081.flac,247040,
2120,train-clean-100/1235/135887/1235-135887-0027.flac,247040,
2121,train-clean-100/198/126831/198-126831-0040.flac,247040,
2122,train-clean-100/311/124404/311-124404-0086.flac,247040,
2123,train-clean-100/1334/135589/1334-135589-0100.flac,247040,
2124,train-clean-100/1898/145715/1898-145715-0025.flac,247040,
2125,train-clean-100/2416/152139/2416-152139-0016.flac,247040,
2126,train-clean-100/1034/121119/1034-121119-0044.flac,247040,
2127,train-clean-100/298/126790/298-126790-0008.flac,247040,
2128,train-clean-100/3947/13262/3947-13262-0025.flac,246960,
2129,train-clean-100/1737/142397/1737-142397-0013.flac,246960,
2130,train-clean-100/103/1240/103-1240-0008.flac,246960,
2131,train-clean-100/254/145458/254-145458-0021.flac,246960,
2132,train-clean-100/1624/168623/1624-168623-0040.flac,246960,
2133,train-clean-100/250/142276/250-142276-0049.flac,246960,
2134,train-clean-100/3982/178459/3982-178459-0000.flac,246960,
2135,train-clean-100/2514/149482/2514-149482-0106.flac,246960,
2136,train-clean-100/3235/28452/3235-28452-0015.flac,246880,
2137,train-clean-100/1040/133433/1040-133433-0073.flac,246880,
2138,train-clean-100/2893/139322/2893-139322-0044.flac,246880,
2139,train-clean-100/3112/9555/3112-9555-0031.flac,246880,
2140,train-clean-100/233/134440/233-134440-0005.flac,246880,
2141,train-clean-100/3723/171631/3723-171631-0014.flac,246880,
2142,train-clean-100/2002/139469/2002-139469-0021.flac,246880,
2143,train-clean-100/3436/172162/3436-172162-0033.flac,246880,
2144,train-clean-100/322/124147/322-124147-0046.flac,246880,
2145,train-clean-100/1578/140045/1578-140045-0001.flac,246880,
2146,train-clean-100/2952/407/2952-407-0026.flac,246880,
2147,train-clean-100/2196/170151/2196-170151-0001.flac,246880,
2148,train-clean-100/233/155990/233-155990-0007.flac,246880,
2149,train-clean-100/2196/174172/2196-174172-0028.flac,246801,
2150,train-clean-100/3214/167606/3214-167606-0010.flac,246800,
2151,train-clean-100/163/121908/163-121908-0008.flac,246800,
2152,train-clean-100/118/47824/118-47824-0057.flac,246800,
2153,train-clean-100/3240/131231/3240-131231-0075.flac,246800,
2154,train-clean-100/1578/140049/1578-140049-0018.flac,246800,
2155,train-clean-100/1246/124550/1246-124550-0020.flac,246800,
2156,train-clean-100/2518/154825/2518-154825-0001.flac,246800,
2157,train-clean-100/1970/10594/1970-10594-0036.flac,246800,
2158,train-clean-100/1098/133695/1098-133695-0033.flac,246800,
2159,train-clean-100/1553/140047/1553-140047-0006.flac,246800,
2160,train-clean-100/250/142276/250-142276-0036.flac,246800,
2161,train-clean-100/229/130880/229-130880-0050.flac,246800,
2162,train-clean-100/2893/139310/2893-139310-0018.flac,246800,
2163,train-clean-100/2836/5354/2836-5354-0007.flac,246800,
2164,train-clean-100/2952/410/2952-410-0004.flac,246800,
2165,train-clean-100/374/180299/374-180299-0006.flac,246800,
2166,train-clean-100/254/127705/254-127705-0022.flac,246800,
2167,train-clean-100/2910/131096/2910-131096-0007.flac,246721,
2168,train-clean-100/1898/145702/1898-145702-0011.flac,246720,
2169,train-clean-100/1594/135914/1594-135914-0008.flac,246720,
2170,train-clean-100/3664/178366/3664-178366-0003.flac,246720,
2171,train-clean-100/3242/8112/3242-8112-0001.flac,246720,
2172,train-clean-100/311/124404/311-124404-0047.flac,246720,
2173,train-clean-100/125/121342/125-121342-0010.flac,246720,
2174,train-clean-100/118/47824/118-47824-0034.flac,246720,
2175,train-clean-100/1723/141149/1723-141149-0017.flac,246720,
2176,train-clean-100/2159/179156/2159-179156-0015.flac,246720,
2177,train-clean-100/3242/67153/3242-67153-0022.flac,246720,
2178,train-clean-100/2691/156755/2691-156755-0019.flac,246720,
2179,train-clean-100/3723/171115/3723-171115-0034.flac,246720,
2180,train-clean-100/2989/138028/2989-138028-0010.flac,246720,
2181,train-clean-100/1737/142397/1737-142397-0003.flac,246720,
2182,train-clean-100/211/122425/211-122425-0011.flac,246720,
2183,train-clean-100/2092/145706/2092-145706-0038.flac,246720,
2184,train-clean-100/1737/146161/1737-146161-0004.flac,246720,
2185,train-clean-100/1926/143879/1926-143879-0022.flac,246720,
2186,train-clean-100/3857/182317/3857-182317-0025.flac,246720,
2187,train-clean-100/3168/173564/3168-173564-0045.flac,246640,
2188,train-clean-100/1737/148989/1737-148989-0031.flac,246640,
2189,train-clean-100/1624/142933/1624-142933-0021.flac,246640,
2190,train-clean-100/3259/158083/3259-158083-0002.flac,246640,
2191,train-clean-100/3982/178459/3982-178459-0048.flac,246640,
2192,train-clean-100/3486/166424/3486-166424-0057.flac,246640,
2193,train-clean-100/226/131533/226-131533-0033.flac,246640,
2194,train-clean-100/2843/152918/2843-152918-0077.flac,246640,
2195,train-clean-100/1594/135914/1594-135914-0110.flac,246640,
2196,train-clean-100/311/124404/311-124404-0060.flac,246640,
2197,train-clean-100/1992/141719/1992-141719-0042.flac,246640,
2198,train-clean-100/3830/12530/3830-12530-0005.flac,246560,
2199,train-clean-100/3168/173565/3168-173565-0023.flac,246560,
2200,train-clean-100/2691/156745/2691-156745-0016.flac,246560,
2201,train-clean-100/196/122152/196-122152-0032.flac,246560,
2202,train-clean-100/2182/181173/2182-181173-0025.flac,246560,
2203,train-clean-100/2764/36617/2764-36617-0032.flac,246560,
2204,train-clean-100/2002/139469/2002-139469-0061.flac,246560,
2205,train-clean-100/2092/145706/2092-145706-0061.flac,246560,
2206,train-clean-100/2910/131096/2910-131096-0033.flac,246560,
2207,train-clean-100/3807/4923/3807-4923-0017.flac,246560,
2208,train-clean-100/1363/135842/1363-135842-0049.flac,246560,
2209,train-clean-100/163/122947/163-122947-0074.flac,246560,
2210,train-clean-100/289/121665/289-121665-0025.flac,246560,
2211,train-clean-100/200/124140/200-124140-0030.flac,246560,
2212,train-clean-100/3607/135982/3607-135982-0031.flac,246560,
2213,train-clean-100/1963/147036/1963-147036-0020.flac,246560,
2214,train-clean-100/150/126107/150-126107-0017.flac,246480,
2215,train-clean-100/2910/131096/2910-131096-0049.flac,246480,
2216,train-clean-100/332/128985/332-128985-0070.flac,246480,
2217,train-clean-100/211/122425/211-122425-0001.flac,246480,
2218,train-clean-100/1898/145724/1898-145724-0008.flac,246480,
2219,train-clean-100/1081/125237/1081-125237-0111.flac,246480,
2220,train-clean-100/3242/8112/3242-8112-0008.flac,246480,
2221,train-clean-100/1578/140045/1578-140045-0006.flac,246480,
2222,train-clean-100/1723/141149/1723-141149-0102.flac,246480,
2223,train-clean-100/103/1240/103-1240-0034.flac,246480,
2224,train-clean-100/103/1240/103-1240-0019.flac,246480,
2225,train-clean-100/1898/145715/1898-145715-0023.flac,246480,
2226,train-clean-100/3807/4955/3807-4955-0002.flac,246400,
2227,train-clean-100/3807/4923/3807-4923-0046.flac,246400,
2228,train-clean-100/3664/178355/3664-178355-0031.flac,246400,
2229,train-clean-100/2384/152900/2384-152900-0010.flac,246400,
2230,train-clean-100/1069/133709/1069-133709-0044.flac,246400,
2231,train-clean-100/2836/5354/2836-5354-0005.flac,246400,
2232,train-clean-100/2136/5143/2136-5143-0011.flac,246400,
2233,train-clean-100/2007/132570/2007-132570-0012.flac,246400,
2234,train-clean-100/1970/10594/1970-10594-0012.flac,246400,
2235,train-clean-100/1594/135914/1594-135914-0092.flac,246400,
2236,train-clean-100/289/121652/289-121652-0035.flac,246400,
2237,train-clean-100/3214/167602/3214-167602-0018.flac,246400,
2238,train-clean-100/2092/145706/2092-145706-0040.flac,246400,
2239,train-clean-100/229/130880/229-130880-0033.flac,246321,
2240,train-clean-100/150/132655/150-132655-0010.flac,246320,
2241,train-clean-100/19/198/19-198-0016.flac,246320,
2242,train-clean-100/163/122947/163-122947-0011.flac,246320,
2243,train-clean-100/2843/152918/2843-152918-0099.flac,246320,
2244,train-clean-100/2843/152918/2843-152918-0107.flac,246320,
2245,train-clean-100/1034/121119/1034-121119-0056.flac,246320,
2246,train-clean-100/311/124404/311-124404-0071.flac,246320,
2247,train-clean-100/1992/141719/1992-141719-0025.flac,246320,
2248,train-clean-100/1992/141719/1992-141719-0015.flac,246320,
2249,train-clean-100/3607/29116/3607-29116-0030.flac,246320,
2250,train-clean-100/322/124147/322-124147-0056.flac,246320,
2251,train-clean-100/311/124404/311-124404-0008.flac,246320,
2252,train-clean-100/2843/152918/2843-152918-0021.flac,246320,
2253,train-clean-100/254/27760/254-27760-0015.flac,246320,
2254,train-clean-100/196/122152/196-122152-0028.flac,246320,
2255,train-clean-100/2764/36617/2764-36617-0002.flac,246320,
2256,train-clean-100/3664/178355/3664-178355-0009.flac,246240,
2257,train-clean-100/201/127786/201-127786-0046.flac,246240,
2258,train-clean-100/3807/4955/3807-4955-0012.flac,246240,
2259,train-clean-100/1334/135589/1334-135589-0038.flac,246240,
2260,train-clean-100/3259/158083/3259-158083-0092.flac,246240,
2261,train-clean-100/2952/410/2952-410-0006.flac,246240,
2262,train-clean-100/2518/154825/2518-154825-0019.flac,246240,
2263,train-clean-100/250/142276/250-142276-0044.flac,246240,
2264,train-clean-100/3235/28433/3235-28433-0022.flac,246160,
2265,train-clean-100/2007/132570/2007-132570-0051.flac,246160,
2266,train-clean-100/150/126107/150-126107-0033.flac,246160,
2267,train-clean-100/2289/152258/2289-152258-0017.flac,246160,
2268,train-clean-100/1867/154075/1867-154075-0008.flac,246160,
2269,train-clean-100/1116/132847/1116-132847-0029.flac,246160,
2270,train-clean-100/3440/171009/3440-171009-0068.flac,246160,
2271,train-clean-100/1898/145702/1898-145702-0001.flac,246159,
2272,train-clean-100/1040/133433/1040-133433-0001.flac,246081,
2273,train-clean-100/125/121124/125-121124-0087.flac,246080,
2274,train-clean-100/2764/36616/2764-36616-0007.flac,246080,
2275,train-clean-100/3214/167607/3214-167607-0007.flac,246080,
2276,train-clean-100/198/209/198-209-0003.flac,246080,
2277,train-clean-100/2893/139322/2893-139322-0015.flac,246080,
2278,train-clean-100/3526/176653/3526-176653-0016.flac,246080,
2279,train-clean-100/118/47824/118-47824-0080.flac,246080,
2280,train-clean-100/3235/28433/3235-28433-0045.flac,246080,
2281,train-clean-100/328/129766/328-129766-0037.flac,246080,
2282,train-clean-100/311/124404/311-124404-0013.flac,246080,
2283,train-clean-100/332/128985/332-128985-0000.flac,246080,
2284,train-clean-100/2182/181183/2182-181183-0002.flac,246080,
2285,train-clean-100/226/131533/226-131533-0004.flac,246080,
2286,train-clean-100/1553/140047/1553-140047-0029.flac,246080,
2287,train-clean-100/3112/9555/3112-9555-0043.flac,246080,
2288,train-clean-100/2952/408/2952-408-0014.flac,246080,
2289,train-clean-100/2136/5140/2136-5140-0006.flac,246080,
2290,train-clean-100/2092/145706/2092-145706-0075.flac,246080,
2291,train-clean-100/322/124147/322-124147-0079.flac,246080,
2292,train-clean-100/3830/12531/3830-12531-0016.flac,246080,
2293,train-clean-100/1963/142393/1963-142393-0018.flac,246080,
2294,train-clean-100/2518/154825/2518-154825-0035.flac,246000,
2295,train-clean-100/1963/142393/1963-142393-0039.flac,246000,
2296,train-clean-100/1034/121119/1034-121119-0023.flac,246000,
2297,train-clean-100/322/124146/322-124146-0033.flac,246000,
2298,train-clean-100/2514/149482/2514-149482-0077.flac,246000,
2299,train-clean-100/3857/182315/3857-182315-0018.flac,246000,
2300,train-clean-100/2893/139322/2893-139322-0006.flac,246000,
2301,train-clean-100/3374/298026/3374-298026-0017.flac,246000,
2302,train-clean-100/3168/173564/3168-173564-0009.flac,246000,
2303,train-clean-100/3607/29116/3607-29116-0040.flac,245920,
2304,train-clean-100/1355/39947/1355-39947-0096.flac,245920,
2305,train-clean-100/2691/156745/2691-156745-0012.flac,245920,
2306,train-clean-100/2196/174172/2196-174172-0024.flac,245920,
2307,train-clean-100/298/126791/298-126791-0004.flac,245920,
2308,train-clean-100/328/129766/328-129766-0057.flac,245920,
2309,train-clean-100/2817/142371/2817-142371-0044.flac,245920,
2310,train-clean-100/2691/156745/2691-156745-0014.flac,245920,
2311,train-clean-100/3699/175950/3699-175950-0011.flac,245920,
2312,train-clean-100/2691/156750/2691-156750-0031.flac,245920,
2313,train-clean-100/2817/142371/2817-142371-0016.flac,245920,
2314,train-clean-100/332/128985/332-128985-0036.flac,245920,
2315,train-clean-100/1594/135914/1594-135914-0076.flac,245920,
2316,train-clean-100/201/127786/201-127786-0047.flac,245840,
2317,train-clean-100/1624/142933/1624-142933-0045.flac,245840,
2318,train-clean-100/2436/2477/2436-2477-0003.flac,245840,
2319,train-clean-100/2092/145706/2092-145706-0056.flac,245840,
2320,train-clean-100/2989/138035/2989-138035-0046.flac,245840,
2321,train-clean-100/3983/5331/3983-5331-0003.flac,245840,
2322,train-clean-100/1363/139304/1363-139304-0033.flac,245840,
2323,train-clean-100/1578/6379/1578-6379-0001.flac,245840,
2324,train-clean-100/1723/141149/1723-141149-0034.flac,245840,
2325,train-clean-100/2092/145706/2092-145706-0023.flac,245840,
2326,train-clean-100/248/130652/248-130652-0029.flac,245840,
2327,train-clean-100/1098/133695/1098-133695-0065.flac,245840,
2328,train-clean-100/3242/8112/3242-8112-0028.flac,245760,
2329,train-clean-100/103/1240/103-1240-0051.flac,245760,
2330,train-clean-100/1723/141149/1723-141149-0095.flac,245760,
2331,train-clean-100/1970/10594/1970-10594-0032.flac,245760,
2332,train-clean-100/229/130880/229-130880-0069.flac,245760,
2333,train-clean-100/3807/4955/3807-4955-0039.flac,245760,
2334,train-clean-100/3982/182255/3982-182255-0019.flac,245760,
2335,train-clean-100/2518/154826/2518-154826-0050.flac,245760,
2336,train-clean-100/3259/158083/3259-158083-0121.flac,245760,
2337,train-clean-100/2952/410/2952-410-0043.flac,245760,
2338,train-clean-100/2416/152139/2416-152139-0038.flac,245760,
2339,train-clean-100/39/121916/39-121916-0022.flac,245760,
2340,train-clean-100/1898/145715/1898-145715-0020.flac,245760,
2341,train-clean-100/2136/5143/2136-5143-0033.flac,245760,
2342,train-clean-100/1898/145724/1898-145724-0000.flac,245760,
2343,train-clean-100/2893/139322/2893-139322-0014.flac,245760,
2344,train-clean-100/2092/145706/2092-145706-0079.flac,245760,
2345,train-clean-100/2196/174172/2196-174172-0041.flac,245760,
2346,train-clean-100/289/121652/289-121652-0026.flac,245760,
2347,train-clean-100/2817/142371/2817-142371-0035.flac,245760,
2348,train-clean-100/3112/9554/3112-9554-0011.flac,245680,
2349,train-clean-100/1737/142397/1737-142397-0035.flac,245680,
2350,train-clean-100/1235/135883/1235-135883-0026.flac,245680,
2351,train-clean-100/2136/5140/2136-5140-0025.flac,245680,
2352,train-clean-100/3168/173565/3168-173565-0059.flac,245680,
2353,train-clean-100/1081/125237/1081-125237-0007.flac,245600,
2354,train-clean-100/150/126112/150-126112-0029.flac,245600,
2355,train-clean-100/3240/131232/3240-131232-0000.flac,245600,
2356,train-clean-100/1069/133699/1069-133699-0048.flac,245600,
2357,train-clean-100/1040/133433/1040-133433-0002.flac,245600,
2358,train-clean-100/374/180298/374-180298-0016.flac,245600,
2359,train-clean-100/32/21634/32-21634-0006.flac,245600,
2360,train-clean-100/26/495/26-495-0051.flac,245600,
2361,train-clean-100/1624/168623/1624-168623-0035.flac,245600,
2362,train-clean-100/2836/5354/2836-5354-0048.flac,245600,
2363,train-clean-100/2893/139322/2893-139322-0042.flac,245600,
2364,train-clean-100/2518/154825/2518-154825-0015.flac,245600,
2365,train-clean-100/19/227/19-227-0051.flac,245600,
2366,train-clean-100/3982/178459/3982-178459-0033.flac,245599,
2367,train-clean-100/233/134440/233-134440-0059.flac,245520,
2368,train-clean-100/332/128985/332-128985-0060.flac,245520,
2369,train-clean-100/2910/131096/2910-131096-0074.flac,245520,
2370,train-clean-100/211/122442/211-122442-0080.flac,245520,
2371,train-clean-100/1502/122619/1502-122619-0002.flac,245520,
2372,train-clean-100/1069/133699/1069-133699-0038.flac,245520,
2373,train-clean-100/3374/298026/3374-298026-0014.flac,245520,
2374,train-clean-100/1867/154071/1867-154071-0015.flac,245520,
2375,train-clean-100/332/128985/332-128985-0086.flac,245520,
2376,train-clean-100/2289/152254/2289-152254-0029.flac,245520,
2377,train-clean-100/2007/149877/2007-149877-0020.flac,245520,
2378,train-clean-100/3259/158083/3259-158083-0083.flac,245520,
2379,train-clean-100/298/126790/298-126790-0004.flac,245520,
2380,train-clean-100/2196/174172/2196-174172-0027.flac,245519,
2381,train-clean-100/3259/158083/3259-158083-0042.flac,245440,
2382,train-clean-100/1069/133709/1069-133709-0007.flac,245440,
2383,train-clean-100/1624/168623/1624-168623-0003.flac,245440,
2384,train-clean-100/1455/134435/1455-134435-0028.flac,245440,
2385,train-clean-100/1334/135589/1334-135589-0033.flac,245440,
2386,train-clean-100/328/129766/328-129766-0095.flac,245440,
2387,train-clean-100/298/126791/298-126791-0056.flac,245440,
2388,train-clean-100/2518/154826/2518-154826-0041.flac,245440,
2389,train-clean-100/254/127705/254-127705-0003.flac,245440,
2390,train-clean-100/2092/145709/2092-145709-0014.flac,245440,
2391,train-clean-100/3879/173592/3879-173592-0019.flac,245440,
2392,train-clean-100/3830/12529/3830-12529-0004.flac,245440,
2393,train-clean-100/1363/139304/1363-139304-0027.flac,245440,
2394,train-clean-100/3259/158083/3259-158083-0096.flac,245440,
2395,train-clean-100/3235/28452/3235-28452-0011.flac,245440,
2396,train-clean-100/3857/182315/3857-182315-0001.flac,245361,
2397,train-clean-100/118/47824/118-47824-0075.flac,245360,
2398,train-clean-100/2691/156750/2691-156750-0010.flac,245360,
2399,train-clean-100/1069/133699/1069-133699-0018.flac,245360,
2400,train-clean-100/39/121915/39-121915-0018.flac,245360,
2401,train-clean-100/2159/179157/2159-179157-0004.flac,245360,
2402,train-clean-100/3235/28433/3235-28433-0013.flac,245360,
2403,train-clean-100/3168/173565/3168-173565-0015.flac,245360,
2404,train-clean-100/1246/124548/1246-124548-0009.flac,245360,
2405,train-clean-100/2092/145706/2092-145706-0005.flac,245360,
2406,train-clean-100/3242/67153/3242-67153-0001.flac,245360,
2407,train-clean-100/26/495/26-495-0029.flac,245280,
2408,train-clean-100/2159/179157/2159-179157-0030.flac,245280,
2409,train-clean-100/1963/142776/1963-142776-0031.flac,245280,
2410,train-clean-100/3242/8112/3242-8112-0005.flac,245280,
2411,train-clean-100/2514/149482/2514-149482-0034.flac,245280,
2412,train-clean-100/1594/135914/1594-135914-0102.flac,245280,
2413,train-clean-100/3242/67153/3242-67153-0014.flac,245280,
2414,train-clean-100/3664/178355/3664-178355-0008.flac,245280,
2415,train-clean-100/2159/179157/2159-179157-0017.flac,245280,
2416,train-clean-100/2910/131096/2910-131096-0031.flac,245280,
2417,train-clean-100/1069/133699/1069-133699-0026.flac,245280,
2418,train-clean-100/2691/156755/2691-156755-0001.flac,245280,
2419,train-clean-100/163/122947/163-122947-0060.flac,245280,
2420,train-clean-100/233/134440/233-134440-0055.flac,245280,
2421,train-clean-100/201/127786/201-127786-0014.flac,245200,
2422,train-clean-100/32/21631/32-21631-0005.flac,245200,
2423,train-clean-100/1116/132847/1116-132847-0000.flac,245200,
2424,train-clean-100/1116/137572/1116-137572-0007.flac,245200,
2425,train-clean-100/3807/4923/3807-4923-0026.flac,245200,
2426,train-clean-100/1553/140048/1553-140048-0009.flac,245200,
2427,train-clean-100/26/495/26-495-0062.flac,245200,
2428,train-clean-100/1363/135842/1363-135842-0038.flac,245200,
2429,train-clean-100/2384/152900/2384-152900-0050.flac,245200,
2430,train-clean-100/150/126112/150-126112-0006.flac,245200,
2431,train-clean-100/1334/135589/1334-135589-0027.flac,245200,
2432,train-clean-100/2416/152139/2416-152139-0064.flac,245200,
2433,train-clean-100/32/21625/32-21625-0007.flac,245200,
2434,train-clean-100/196/122159/196-122159-0003.flac,245200,
2435,train-clean-100/2136/5143/2136-5143-0009.flac,245200,
2436,train-clean-100/3664/178355/3664-178355-0020.flac,245200,
2437,train-clean-100/2836/5354/2836-5354-0044.flac,245200,
2438,train-clean-100/2843/152918/2843-152918-0018.flac,245200,
2439,train-clean-100/2843/152918/2843-152918-0027.flac,245121,
2440,train-clean-100/322/124147/322-124147-0002.flac,245120,
2441,train-clean-100/2989/138028/2989-138028-0008.flac,245120,
2442,train-clean-100/1363/139304/1363-139304-0000.flac,245120,
2443,train-clean-100/1898/145724/1898-145724-0031.flac,245120,
2444,train-clean-100/2989/138028/2989-138028-0075.flac,245120,
2445,train-clean-100/3607/135982/3607-135982-0013.flac,245120,
2446,train-clean-100/1246/124548/1246-124548-0001.flac,245120,
2447,train-clean-100/1963/147036/1963-147036-0031.flac,245120,
2448,train-clean-100/2182/181173/2182-181173-0008.flac,245120,
2449,train-clean-100/200/124139/200-124139-0004.flac,245120,
2450,train-clean-100/250/142276/250-142276-0024.flac,245120,
2451,train-clean-100/2911/12359/2911-12359-0000.flac,245120,
2452,train-clean-100/302/123504/302-123504-0025.flac,245120,
2453,train-clean-100/1081/125237/1081-125237-0039.flac,245040,
2454,train-clean-100/201/127786/201-127786-0077.flac,245040,
2455,train-clean-100/118/124588/118-124588-0010.flac,245040,
2456,train-clean-100/2691/156755/2691-156755-0028.flac,245040,
2457,train-clean-100/2893/139322/2893-139322-0040.flac,245040,
2458,train-clean-100/2436/2481/2436-2481-0011.flac,245040,
2459,train-clean-100/3857/182317/3857-182317-0024.flac,245040,
2460,train-clean-100/1841/159771/1841-159771-0012.flac,245040,
2461,train-clean-100/2007/132570/2007-132570-0045.flac,245040,
2462,train-clean-100/3807/4923/3807-4923-0044.flac,245040,
2463,train-clean-100/196/122152/196-122152-0029.flac,245040,
2464,train-clean-100/118/121721/118-121721-0018.flac,245040,
2465,train-clean-100/2764/36617/2764-36617-0028.flac,245040,
2466,train-clean-100/27/123349/27-123349-0054.flac,245039,
2467,train-clean-100/118/121721/118-121721-0001.flac,244960,
2468,train-clean-100/3699/175950/3699-175950-0006.flac,244960,
2469,train-clean-100/1334/135589/1334-135589-0020.flac,244960,
2470,train-clean-100/1737/142396/1737-142396-0017.flac,244960,
2471,train-clean-100/1235/135884/1235-135884-0030.flac,244960,
2472,train-clean-100/3486/166446/3486-166446-0013.flac,244960,
2473,train-clean-100/103/1241/103-1241-0029.flac,244960,
2474,train-clean-100/27/123349/27-123349-0051.flac,244960,
2475,train-clean-100/1334/135589/1334-135589-0092.flac,244960,
2476,train-clean-100/1334/135589/1334-135589-0105.flac,244960,
2477,train-clean-100/163/122947/163-122947-0086.flac,244960,
2478,train-clean-100/3235/11599/3235-11599-0022.flac,244960,
2479,train-clean-100/374/180298/374-180298-0024.flac,244960,
2480,train-clean-100/311/124404/311-124404-0023.flac,244960,
2481,train-clean-100/26/496/26-496-0017.flac,244960,
2482,train-clean-100/163/122947/163-122947-0003.flac,244880,
2483,train-clean-100/2159/179157/2159-179157-0012.flac,244880,
2484,train-clean-100/1737/142397/1737-142397-0010.flac,244880,
2485,train-clean-100/1737/142396/1737-142396-0021.flac,244880,
2486,train-clean-100/233/134440/233-134440-0029.flac,244880,
2487,train-clean-100/332/128985/332-128985-0032.flac,244880,
2488,train-clean-100/3242/8112/3242-8112-0002.flac,244880,
2489,train-clean-100/1040/133433/1040-133433-0072.flac,244880,
2490,train-clean-100/229/130880/229-130880-0042.flac,244880,
2491,train-clean-100/39/121916/39-121916-0017.flac,244880,
2492,train-clean-100/3526/176651/3526-176651-0000.flac,244880,
2493,train-clean-100/2416/152139/2416-152139-0065.flac,244880,
2494,train-clean-100/2910/131096/2910-131096-0050.flac,244800,
2495,train-clean-100/332/128985/332-128985-0016.flac,244800,
2496,train-clean-100/2514/149482/2514-149482-0088.flac,244800,
2497,train-clean-100/3235/11599/3235-11599-0020.flac,244800,
2498,train-clean-100/1455/138263/1455-138263-0055.flac,244800,
2499,train-clean-100/311/124404/311-124404-0017.flac,244800,
2500,train-clean-100/3857/182317/3857-182317-0022.flac,244800,
2501,train-clean-100/3982/178459/3982-178459-0064.flac,244800,
2502,train-clean-100/2391/145015/2391-145015-0038.flac,244800,
2503,train-clean-100/2007/132570/2007-132570-0044.flac,244800,
2504,train-clean-100/1737/148989/1737-148989-0001.flac,244800,
2505,train-clean-100/3168/173564/3168-173564-0032.flac,244800,
2506,train-clean-100/3486/166424/3486-166424-0018.flac,244800,
2507,train-clean-100/196/122159/196-122159-0011.flac,244800,
2508,train-clean-100/229/130880/229-130880-0038.flac,244720,
2509,train-clean-100/1235/135883/1235-135883-0000.flac,244720,
2510,train-clean-100/2514/149482/2514-149482-0057.flac,244720,
2511,train-clean-100/2007/149877/2007-149877-0047.flac,244720,
2512,train-clean-100/3664/178366/3664-178366-0024.flac,244720,
2513,train-clean-100/2416/152137/2416-152137-0005.flac,244720,
2514,train-clean-100/311/124404/311-124404-0120.flac,244720,
2515,train-clean-100/125/121124/125-121124-0069.flac,244720,
2516,train-clean-100/1116/137572/1116-137572-0020.flac,244720,
2517,train-clean-100/3982/178459/3982-178459-0059.flac,244720,
2518,train-clean-100/2843/152918/2843-152918-0056.flac,244720,
2519,train-clean-100/1363/139304/1363-139304-0030.flac,244720,
2520,train-clean-100/1363/135842/1363-135842-0015.flac,244720,
2521,train-clean-100/1867/154075/1867-154075-0015.flac,244719,
2522,train-clean-100/2182/150130/2182-150130-0021.flac,244640,
2523,train-clean-100/3374/298026/3374-298026-0037.flac,244640,
2524,train-clean-100/2817/142371/2817-142371-0063.flac,244640,
2525,train-clean-100/2518/154825/2518-154825-0042.flac,244640,
2526,train-clean-100/1553/140047/1553-140047-0018.flac,244640,
2527,train-clean-100/32/21634/32-21634-0018.flac,244640,
2528,train-clean-100/1594/135914/1594-135914-0002.flac,244640,
2529,train-clean-100/248/130644/248-130644-0005.flac,244640,
2530,train-clean-100/2391/145015/2391-145015-0042.flac,244640,
2531,train-clean-100/2416/152139/2416-152139-0006.flac,244640,
2532,train-clean-100/1246/124548/1246-124548-0028.flac,244640,
2533,train-clean-100/1088/129236/1088-129236-0001.flac,244640,
2534,train-clean-100/2384/152900/2384-152900-0081.flac,244640,
2535,train-clean-100/3214/167606/3214-167606-0017.flac,244640,
2536,train-clean-100/1246/124548/1246-124548-0003.flac,244640,
2537,train-clean-100/1737/146161/1737-146161-0003.flac,244640,
2538,train-clean-100/2893/139322/2893-139322-0016.flac,244640,
2539,train-clean-100/3235/28433/3235-28433-0008.flac,244640,
2540,train-clean-100/2843/152918/2843-152918-0015.flac,244640,
2541,train-clean-100/1334/135589/1334-135589-0061.flac,244640,
2542,train-clean-100/226/122538/226-122538-0031.flac,244640,
2543,train-clean-100/229/130880/229-130880-0075.flac,244640,
2544,train-clean-100/374/180298/374-180298-0027.flac,244640,
2545,train-clean-100/1841/179183/1841-179183-0015.flac,244560,
2546,train-clean-100/200/126784/200-126784-0023.flac,244560,
2547,train-clean-100/1867/154075/1867-154075-0041.flac,244560,
2548,train-clean-100/2952/410/2952-410-0049.flac,244560,
2549,train-clean-100/2910/131096/2910-131096-0086.flac,244560,
2550,train-clean-100/3723/171631/3723-171631-0031.flac,244560,
2551,train-clean-100/103/1240/103-1240-0049.flac,244560,
2552,train-clean-100/1737/142396/1737-142396-0000.flac,244560,
2553,train-clean-100/3374/298025/3374-298025-0004.flac,244560,
2554,train-clean-100/2136/5140/2136-5140-0019.flac,244560,
2555,train-clean-100/1743/142913/1743-142913-0010.flac,244560,
2556,train-clean-100/2436/2481/2436-2481-0019.flac,244560,
2557,train-clean-100/3982/182255/3982-182255-0005.flac,244560,
2558,train-clean-100/1116/132847/1116-132847-0040.flac,244560,
2559,train-clean-100/2764/36616/2764-36616-0017.flac,244560,
2560,train-clean-100/1246/124550/1246-124550-0028.flac,244560,
2561,train-clean-100/3486/166424/3486-166424-0032.flac,244560,
2562,train-clean-100/198/129977/198-129977-0031.flac,244560,
2563,train-clean-100/3723/171115/3723-171115-0016.flac,244560,
2564,train-clean-100/1098/133695/1098-133695-0022.flac,244480,
2565,train-clean-100/2196/174172/2196-174172-0007.flac,244480,
2566,train-clean-100/2384/152900/2384-152900-0086.flac,244480,
2567,train-clean-100/1737/148989/1737-148989-0010.flac,244480,
2568,train-clean-100/1970/10594/1970-10594-0034.flac,244480,
2569,train-clean-100/374/180299/374-180299-0032.flac,244480,
2570,train-clean-100/2514/149482/2514-149482-0024.flac,244480,
2571,train-clean-100/2691/156750/2691-156750-0009.flac,244480,
2572,train-clean-100/3526/176653/3526-176653-0004.flac,244480,
2573,train-clean-100/3259/158083/3259-158083-0029.flac,244480,
2574,train-clean-100/1069/133699/1069-133699-0023.flac,244480,
2575,train-clean-100/1116/132847/1116-132847-0008.flac,244480,
2576,train-clean-100/2843/152918/2843-152918-0016.flac,244480,
2577,train-clean-100/298/126791/298-126791-0043.flac,244480,
2578,train-clean-100/2159/179156/2159-179156-0018.flac,244400,
2579,train-clean-100/3374/298032/3374-298032-0027.flac,244400,
2580,train-clean-100/1737/142396/1737-142396-0008.flac,244400,
2581,train-clean-100/307/127539/307-127539-0036.flac,244400,
2582,train-clean-100/2136/5143/2136-5143-0013.flac,244400,
2583,train-clean-100/150/126107/150-126107-0040.flac,244400,
2584,train-clean-100/39/121915/39-121915-0012.flac,244400,
2585,train-clean-100/226/122538/226-122538-0000.flac,244400,
2586,train-clean-100/2159/179156/2159-179156-0003.flac,244400,
2587,train-clean-100/150/126112/150-126112-0010.flac,244400,
2588,train-clean-100/39/121915/39-121915-0005.flac,244400,
2589,train-clean-100/226/131532/226-131532-0015.flac,244320,
2590,train-clean-100/103/1240/103-1240-0029.flac,244320,
2591,train-clean-100/1594/135914/1594-135914-0012.flac,244320,
2592,train-clean-100/3699/19402/3699-19402-0019.flac,244320,
2593,train-clean-100/2182/150130/2182-150130-0018.flac,244320,
2594,train-clean-100/1624/142933/1624-142933-0010.flac,244320,
2595,train-clean-100/1841/179183/1841-179183-0018.flac,244320,
2596,train-clean-100/103/1240/103-1240-0024.flac,244320,
2597,train-clean-100/250/140277/250-140277-0008.flac,244320,
2598,train-clean-100/1034/121119/1034-121119-0019.flac,244320,
2599,train-clean-100/26/495/26-495-0026.flac,244320,
2600,train-clean-100/150/126112/150-126112-0021.flac,244320,
2601,train-clean-100/3240/131231/3240-131231-0061.flac,244320,
2602,train-clean-100/2391/145015/2391-145015-0046.flac,244320,
2603,train-clean-100/1970/10594/1970-10594-0017.flac,244320,
2604,train-clean-100/2989/138035/2989-138035-0001.flac,244241,
2605,train-clean-100/1116/137572/1116-137572-0000.flac,244240,
2606,train-clean-100/3168/173564/3168-173564-0024.flac,244240,
2607,train-clean-100/248/130697/248-130697-0013.flac,244240,
2608,train-clean-100/302/123516/302-123516-0014.flac,244240,
2609,train-clean-100/1992/141719/1992-141719-0053.flac,244240,
2610,train-clean-100/307/127539/307-127539-0022.flac,244240,
2611,train-clean-100/1723/141149/1723-141149-0073.flac,244240,
2612,train-clean-100/201/127786/201-127786-0018.flac,244240,
2613,train-clean-100/1447/17506/1447-17506-0001.flac,244240,
2614,train-clean-100/1116/137572/1116-137572-0002.flac,244240,
2615,train-clean-100/1455/134435/1455-134435-0013.flac,244240,
2616,train-clean-100/1116/132851/1116-132851-0015.flac,244240,
2617,train-clean-100/26/496/26-496-0016.flac,244240,
2618,train-clean-100/118/47824/118-47824-0017.flac,244240,
2619,train-clean-100/1578/140045/1578-140045-0008.flac,244240,
2620,train-clean-100/2136/5140/2136-5140-0004.flac,244161,
2621,train-clean-100/1578/6379/1578-6379-0011.flac,244160,
2622,train-clean-100/196/122152/196-122152-0030.flac,244160,
2623,train-clean-100/27/123349/27-123349-0008.flac,244160,
2624,train-clean-100/2952/407/2952-407-0008.flac,244160,
2625,train-clean-100/3240/131231/3240-131231-0001.flac,244160,
2626,train-clean-100/3807/4955/3807-4955-0023.flac,244160,
2627,train-clean-100/1355/39947/1355-39947-0015.flac,244160,
2628,train-clean-100/3879/174923/3879-174923-0030.flac,244160,
2629,train-clean-100/1069/133699/1069-133699-0015.flac,244160,
2630,train-clean-100/1263/138246/1263-138246-0029.flac,244160,
2631,train-clean-100/3242/67153/3242-67153-0020.flac,244160,
2632,train-clean-100/163/122947/163-122947-0044.flac,244160,
2633,train-clean-100/103/1240/103-1240-0013.flac,244160,
2634,train-clean-100/1578/6379/1578-6379-0045.flac,244080,
2635,train-clean-100/226/131533/226-131533-0007.flac,244080,
2636,train-clean-100/226/131532/226-131532-0005.flac,244080,
2637,train-clean-100/196/122152/196-122152-0002.flac,244080,
2638,train-clean-100/3879/174923/3879-174923-0047.flac,244080,
2639,train-clean-100/2182/181173/2182-181173-0007.flac,244080,
2640,train-clean-100/1867/154071/1867-154071-0001.flac,244080,
2641,train-clean-100/3440/171009/3440-171009-0044.flac,244080,
2642,train-clean-100/3830/12531/3830-12531-0019.flac,244000,
2643,train-clean-100/3607/135982/3607-135982-0024.flac,244000,
2644,train-clean-100/1578/140045/1578-140045-0014.flac,244000,
2645,train-clean-100/3112/9555/3112-9555-0021.flac,244000,
2646,train-clean-100/3664/178366/3664-178366-0036.flac,244000,
2647,train-clean-100/19/227/19-227-0047.flac,244000,
2648,train-clean-100/250/142276/250-142276-0028.flac,244000,
2649,train-clean-100/1334/135589/1334-135589-0089.flac,244000,
2650,train-clean-100/248/130697/248-130697-0002.flac,244000,
2651,train-clean-100/3526/175658/3526-175658-0007.flac,244000,
2652,train-clean-100/248/130644/248-130644-0035.flac,244000,
2653,train-clean-100/3879/174923/3879-174923-0033.flac,244000,
2654,train-clean-100/1502/122619/1502-122619-0054.flac,244000,
2655,train-clean-100/332/128985/332-128985-0034.flac,243920,
2656,train-clean-100/2436/2477/2436-2477-0020.flac,243920,
2657,train-clean-100/302/123504/302-123504-0028.flac,243920,
2658,train-clean-100/1355/39947/1355-39947-0012.flac,243920,
2659,train-clean-100/3440/171006/3440-171006-0012.flac,243920,
2660,train-clean-100/1246/124550/1246-124550-0006.flac,243920,
2661,train-clean-100/1116/132851/1116-132851-0012.flac,243920,
2662,train-clean-100/226/131533/226-131533-0029.flac,243920,
2663,train-clean-100/3436/172162/3436-172162-0028.flac,243920,
2664,train-clean-100/3440/171006/3440-171006-0025.flac,243920,
2665,train-clean-100/19/227/19-227-0010.flac,243920,
2666,train-clean-100/3879/173592/3879-173592-0011.flac,243920,
2667,train-clean-100/1737/148989/1737-148989-0038.flac,243920,
2668,train-clean-100/3214/167602/3214-167602-0014.flac,243920,
2669,train-clean-100/1246/124550/1246-124550-0030.flac,243920,
2670,train-clean-100/3699/19401/3699-19401-0003.flac,243840,
2671,train-clean-100/3168/173564/3168-173564-0033.flac,243840,
2672,train-clean-100/2416/152139/2416-152139-0043.flac,243840,
2673,train-clean-100/1841/150351/1841-150351-0008.flac,243840,
2674,train-clean-100/1553/140047/1553-140047-0024.flac,243840,
2675,train-clean-100/1502/122619/1502-122619-0022.flac,243840,
2676,train-clean-100/248/130652/248-130652-0027.flac,243840,
2677,train-clean-100/2384/152900/2384-152900-0020.flac,243840,
2678,train-clean-100/332/128985/332-128985-0083.flac,243840,
2679,train-clean-100/1723/141149/1723-141149-0104.flac,243840,
2680,train-clean-100/1502/122615/1502-122615-0008.flac,243840,
2681,train-clean-100/3947/13260/3947-13260-0034.flac,243840,
2682,train-clean-100/2007/149877/2007-149877-0052.flac,243840,
2683,train-clean-100/248/130644/248-130644-0016.flac,243840,
2684,train-clean-100/3607/29116/3607-29116-0016.flac,243840,
2685,train-clean-100/3242/8112/3242-8112-0007.flac,243840,
2686,train-clean-100/118/47824/118-47824-0047.flac,243760,
2687,train-clean-100/1069/133699/1069-133699-0027.flac,243760,
2688,train-clean-100/2817/142371/2817-142371-0026.flac,243760,
2689,train-clean-100/289/121665/289-121665-0003.flac,243760,
2690,train-clean-100/3982/178459/3982-178459-0046.flac,243760,
2691,train-clean-100/248/130644/248-130644-0030.flac,243760,
2692,train-clean-100/2289/152254/2289-152254-0009.flac,243760,
2693,train-clean-100/3374/298032/3374-298032-0005.flac,243760,
2694,train-clean-100/1841/150351/1841-150351-0029.flac,243760,
2695,train-clean-100/3235/28452/3235-28452-0001.flac,243760,
2696,train-clean-100/3440/171009/3440-171009-0050.flac,243760,
2697,train-clean-100/103/1241/103-1241-0006.flac,243760,
2698,train-clean-100/196/122152/196-122152-0011.flac,243760,
2699,train-clean-100/2989/138028/2989-138028-0003.flac,243680,
2700,train-clean-100/2514/149482/2514-149482-0042.flac,243680,
2701,train-clean-100/2159/179157/2159-179157-0029.flac,243680,
2702,train-clean-100/2989/138035/2989-138035-0041.flac,243680,
2703,train-clean-100/1737/146161/1737-146161-0012.flac,243680,
2704,train-clean-100/1098/133695/1098-133695-0019.flac,243680,
2705,train-clean-100/1235/135884/1235-135884-0014.flac,243680,
2706,train-clean-100/1502/122615/1502-122615-0012.flac,243680,
2707,train-clean-100/3857/182317/3857-182317-0033.flac,243680,
2708,train-clean-100/1992/141719/1992-141719-0004.flac,243680,
2709,train-clean-100/118/47824/118-47824-0029.flac,243680,
2710,train-clean-100/233/134440/233-134440-0038.flac,243680,
2711,train-clean-100/1447/17506/1447-17506-0016.flac,243679,
2712,train-clean-100/1624/142933/1624-142933-0006.flac,243600,
2713,train-clean-100/1116/132847/1116-132847-0019.flac,243600,
2714,train-clean-100/1355/39947/1355-39947-0062.flac,243600,
2715,train-clean-100/3235/28433/3235-28433-0020.flac,243600,
2716,train-clean-100/2384/152900/2384-152900-0028.flac,243600,
2717,train-clean-100/254/127705/254-127705-0039.flac,243600,
2718,train-clean-100/2514/149482/2514-149482-0082.flac,243600,
2719,train-clean-100/2817/142371/2817-142371-0040.flac,243600,
2720,train-clean-100/19/227/19-227-0024.flac,243600,
2721,train-clean-100/1723/141149/1723-141149-0019.flac,243600,
2722,train-clean-100/229/130880/229-130880-0081.flac,243600,
2723,train-clean-100/2289/152257/2289-152257-0007.flac,243600,
2724,train-clean-100/3879/174923/3879-174923-0029.flac,243600,
2725,train-clean-100/2182/150130/2182-150130-0001.flac,243600,
2726,train-clean-100/2436/2481/2436-2481-0017.flac,243600,
2727,train-clean-100/2989/138028/2989-138028-0032.flac,243600,
2728,train-clean-100/1334/135589/1334-135589-0050.flac,243520,
2729,train-clean-100/1235/135884/1235-135884-0027.flac,243520,
2730,train-clean-100/3830/12535/3830-12535-0014.flac,243520,
2731,train-clean-100/2002/139469/2002-139469-0036.flac,243520,
2732,train-clean-100/2691/156745/2691-156745-0034.flac,243520,
2733,train-clean-100/2911/7601/2911-7601-0035.flac,243520,
2734,train-clean-100/3982/182255/3982-182255-0003.flac,243520,
2735,train-clean-100/1963/142393/1963-142393-0008.flac,243520,
2736,train-clean-100/2384/152900/2384-152900-0066.flac,243520,
2737,train-clean-100/374/180299/374-180299-0036.flac,243520,
2738,train-clean-100/254/27760/254-27760-0030.flac,243440,
2739,train-clean-100/1116/132847/1116-132847-0028.flac,243440,
2740,train-clean-100/307/127540/307-127540-0008.flac,243440,
2741,train-clean-100/125/121124/125-121124-0031.flac,243440,
2742,train-clean-100/2514/149482/2514-149482-0081.flac,243440,
2743,train-clean-100/2196/174172/2196-174172-0033.flac,243440,
2744,train-clean-100/2910/131096/2910-131096-0002.flac,243440,
2745,train-clean-100/1737/148989/1737-148989-0013.flac,243440,
2746,train-clean-100/3982/182255/3982-182255-0017.flac,243360,
2747,train-clean-100/1594/135914/1594-135914-0097.flac,243360,
2748,train-clean-100/289/121665/289-121665-0043.flac,243360,
2749,train-clean-100/2289/152253/2289-152253-0017.flac,243360,
2750,train-clean-100/150/132655/150-132655-0029.flac,243360,
2751,train-clean-100/1594/135914/1594-135914-0027.flac,243360,
2752,train-clean-100/1081/125237/1081-125237-0067.flac,243360,
2753,train-clean-100/1970/28415/1970-28415-0001.flac,243360,
2754,train-clean-100/2893/139310/2893-139310-0022.flac,243360,
2755,train-clean-100/2764/36617/2764-36617-0018.flac,243360,
2756,train-clean-100/2911/7601/2911-7601-0039.flac,243360,
2757,train-clean-100/250/142276/250-142276-0039.flac,243360,
2758,train-clean-100/1069/133709/1069-133709-0042.flac,243360,
2759,train-clean-100/233/134440/233-134440-0045.flac,243360,
2760,train-clean-100/229/130880/229-130880-0063.flac,243360,
2761,train-clean-100/2514/149482/2514-149482-0100.flac,243360,
2762,train-clean-100/3168/173564/3168-173564-0030.flac,243360,
2763,train-clean-100/3486/166446/3486-166446-0041.flac,243360,
2764,train-clean-100/298/126791/298-126791-0031.flac,243280,
2765,train-clean-100/1926/147979/1926-147979-0016.flac,243280,
2766,train-clean-100/3664/11714/3664-11714-0024.flac,243280,
2767,train-clean-100/3982/178459/3982-178459-0052.flac,243280,
2768,train-clean-100/1334/135589/1334-135589-0035.flac,243280,
2769,train-clean-100/3807/4955/3807-4955-0006.flac,243280,
2770,train-clean-100/118/121721/118-121721-0020.flac,243280,
2771,train-clean-100/3240/131231/3240-131231-0020.flac,243280,
2772,train-clean-100/1246/124550/1246-124550-0007.flac,243280,
2773,train-clean-100/2416/152139/2416-152139-0005.flac,243280,
2774,train-clean-100/3879/173592/3879-173592-0031.flac,243280,
2775,train-clean-100/3723/171631/3723-171631-0050.flac,243280,
2776,train-clean-100/39/121914/39-121914-0008.flac,243280,
2777,train-clean-100/328/129766/328-129766-0009.flac,243200,
2778,train-clean-100/211/122425/211-122425-0021.flac,243200,
2779,train-clean-100/3664/178366/3664-178366-0033.flac,243200,
2780,train-clean-100/1737/142397/1737-142397-0036.flac,243200,
2781,train-clean-100/3857/182315/3857-182315-0034.flac,243200,
2782,train-clean-100/2911/15045/2911-15045-0005.flac,243200,
2783,train-clean-100/1963/142393/1963-142393-0043.flac,243200,
2784,train-clean-100/3242/67168/3242-67168-0013.flac,243200,
2785,train-clean-100/118/121721/118-121721-0025.flac,243200,
2786,train-clean-100/1624/168623/1624-168623-0000.flac,243200,
2787,train-clean-100/3879/173592/3879-173592-0022.flac,243200,
2788,train-clean-100/1363/135842/1363-135842-0045.flac,243200,
2789,train-clean-100/2289/152253/2289-152253-0014.flac,243200,
2790,train-clean-100/1363/135842/1363-135842-0025.flac,243200,
2791,train-clean-100/1183/133255/1183-133255-0000.flac,243200,
2792,train-clean-100/250/140277/250-140277-0006.flac,243200,
2793,train-clean-100/2002/139469/2002-139469-0023.flac,243200,
2794,train-clean-100/3436/172162/3436-172162-0015.flac,243120,
2795,train-clean-100/1246/124550/1246-124550-0001.flac,243120,
2796,train-clean-100/3214/167607/3214-167607-0021.flac,243120,
2797,train-clean-100/3830/12530/3830-12530-0010.flac,243120,
2798,train-clean-100/2843/152918/2843-152918-0104.flac,243120,
2799,train-clean-100/2416/152139/2416-152139-0031.flac,243120,
2800,train-clean-100/3879/174923/3879-174923-0068.flac,243120,
2801,train-clean-100/3214/167602/3214-167602-0020.flac,243120,
2802,train-clean-100/201/122255/201-122255-0009.flac,243120,
2803,train-clean-100/2514/149482/2514-149482-0009.flac,243120,
2804,train-clean-100/2092/145706/2092-145706-0019.flac,243120,
2805,train-clean-100/302/123516/302-123516-0023.flac,243120,
2806,train-clean-100/2159/179154/2159-179154-0032.flac,243120,
2807,train-clean-100/1355/39947/1355-39947-0039.flac,243120,
2808,train-clean-100/2910/131096/2910-131096-0030.flac,243120,
2809,train-clean-100/2384/152900/2384-152900-0083.flac,243120,
2810,train-clean-100/3214/167602/3214-167602-0003.flac,243040,
2811,train-clean-100/2196/170151/2196-170151-0028.flac,243040,
2812,train-clean-100/1455/138263/1455-138263-0027.flac,243040,
2813,train-clean-100/1334/135589/1334-135589-0011.flac,243040,
2814,train-clean-100/2910/131096/2910-131096-0093.flac,243040,
2815,train-clean-100/2092/145706/2092-145706-0009.flac,243040,
2816,train-clean-100/2817/142380/2817-142380-0013.flac,243040,
2817,train-clean-100/307/127540/307-127540-0006.flac,243040,
2818,train-clean-100/302/123504/302-123504-0036.flac,243040,
2819,train-clean-100/3240/131231/3240-131231-0026.flac,243040,
2820,train-clean-100/2893/139322/2893-139322-0051.flac,243040,
2821,train-clean-100/332/128985/332-128985-0049.flac,243040,
2822,train-clean-100/3436/172171/3436-172171-0047.flac,243040,
2823,train-clean-100/2196/174172/2196-174172-0016.flac,243040,
2824,train-clean-100/3486/166424/3486-166424-0030.flac,243040,
2825,train-clean-100/1235/135884/1235-135884-0037.flac,243040,
2826,train-clean-100/1363/135842/1363-135842-0044.flac,243040,
2827,train-clean-100/1040/133433/1040-133433-0035.flac,243040,
2828,train-clean-100/1246/124550/1246-124550-0019.flac,243040,
2829,train-clean-100/103/1240/103-1240-0012.flac,243040,
2830,train-clean-100/196/122152/196-122152-0014.flac,243040,
2831,train-clean-100/1246/124548/1246-124548-0013.flac,242960,
2832,train-clean-100/2893/139310/2893-139310-0046.flac,242960,
2833,train-clean-100/2196/170151/2196-170151-0008.flac,242960,
2834,train-clean-100/374/180298/374-180298-0064.flac,242960,
2835,train-clean-100/1069/133709/1069-133709-0017.flac,242960,
2836,train-clean-100/2196/174172/2196-174172-0020.flac,242960,
2837,train-clean-100/3982/178459/3982-178459-0057.flac,242960,
2838,train-clean-100/1992/141719/1992-141719-0005.flac,242960,
2839,train-clean-100/198/209/198-209-0029.flac,242880,
2840,train-clean-100/125/121124/125-121124-0054.flac,242880,
2841,train-clean-100/1737/142397/1737-142397-0034.flac,242880,
2842,train-clean-100/2002/139469/2002-139469-0081.flac,242880,
2843,train-clean-100/1594/135914/1594-135914-0064.flac,242880,
2844,train-clean-100/201/127786/201-127786-0076.flac,242880,
2845,train-clean-100/311/124404/311-124404-0110.flac,242880,
2846,train-clean-100/150/126107/150-126107-0021.flac,242880,
2847,train-clean-100/198/209/198-209-0015.flac,242880,
2848,train-clean-100/2436/2477/2436-2477-0009.flac,242880,
2849,train-clean-100/1578/140049/1578-140049-0023.flac,242880,
2850,train-clean-100/2836/5354/2836-5354-0025.flac,242880,
2851,train-clean-100/1898/145715/1898-145715-0015.flac,242880,
2852,train-clean-100/3112/9555/3112-9555-0029.flac,242880,
2853,train-clean-100/2514/149482/2514-149482-0020.flac,242880,
2854,train-clean-100/103/1241/103-1241-0021.flac,242880,
2855,train-clean-100/2843/152918/2843-152918-0036.flac,242880,
2856,train-clean-100/196/122159/196-122159-0026.flac,242800,
2857,train-clean-100/2196/170151/2196-170151-0011.flac,242800,
2858,train-clean-100/1116/137572/1116-137572-0038.flac,242800,
2859,train-clean-100/103/1240/103-1240-0005.flac,242800,
2860,train-clean-100/2182/181173/2182-181173-0006.flac,242800,
2861,train-clean-100/2196/174172/2196-174172-0002.flac,242800,
2862,train-clean-100/1898/145702/1898-145702-0010.flac,242800,
2863,train-clean-100/196/122150/196-122150-0019.flac,242800,
2864,train-clean-100/1040/133433/1040-133433-0058.flac,242800,
2865,train-clean-100/1246/124548/1246-124548-0040.flac,242800,
2866,train-clean-100/2518/154826/2518-154826-0052.flac,242800,
2867,train-clean-100/1841/150351/1841-150351-0003.flac,242800,
2868,train-clean-100/2159/179156/2159-179156-0025.flac,242800,
2869,train-clean-100/2002/139469/2002-139469-0027.flac,242800,
2870,train-clean-100/302/123523/302-123523-0032.flac,242800,
2871,train-clean-100/2910/131096/2910-131096-0081.flac,242800,
2872,train-clean-100/289/121665/289-121665-0007.flac,242800,
2873,train-clean-100/298/126791/298-126791-0055.flac,242720,
2874,train-clean-100/3830/12530/3830-12530-0036.flac,242720,
2875,train-clean-100/1069/133699/1069-133699-0036.flac,242720,
2876,train-clean-100/2989/138035/2989-138035-0013.flac,242720,
2877,train-clean-100/2911/7601/2911-7601-0049.flac,242720,
2878,train-clean-100/3607/29116/3607-29116-0033.flac,242720,
2879,train-clean-100/1624/168623/1624-168623-0028.flac,242720,
2880,train-clean-100/3235/28433/3235-28433-0034.flac,242720,
2881,train-clean-100/233/155990/233-155990-0025.flac,242720,
2882,train-clean-100/2764/36617/2764-36617-0011.flac,242720,
2883,train-clean-100/1594/135914/1594-135914-0062.flac,242720,
2884,train-clean-100/2952/410/2952-410-0044.flac,242720,
2885,train-clean-100/1334/135589/1334-135589-0009.flac,242720,
2886,train-clean-100/1926/147979/1926-147979-0000.flac,242720,
2887,train-clean-100/3879/174923/3879-174923-0028.flac,242640,
2888,train-clean-100/198/126831/198-126831-0004.flac,242640,
2889,train-clean-100/2002/139469/2002-139469-0044.flac,242640,
2890,train-clean-100/3436/172162/3436-172162-0039.flac,242640,
2891,train-clean-100/1455/138263/1455-138263-0036.flac,242640,
2892,train-clean-100/374/180299/374-180299-0039.flac,242640,
2893,train-clean-100/229/130880/229-130880-0041.flac,242640,
2894,train-clean-100/3259/158083/3259-158083-0111.flac,242640,
2895,train-clean-100/163/122947/163-122947-0094.flac,242640,
2896,train-clean-100/2514/149482/2514-149482-0014.flac,242640,
2897,train-clean-100/2002/139469/2002-139469-0012.flac,242640,
2898,train-clean-100/226/122538/226-122538-0019.flac,242640,
2899,train-clean-100/3214/167607/3214-167607-0005.flac,242640,
2900,train-clean-100/254/12312/254-12312-0012.flac,242640,
2901,train-clean-100/1363/139304/1363-139304-0008.flac,242640,
2902,train-clean-100/2384/152900/2384-152900-0058.flac,242640,
2903,train-clean-100/3830/12535/3830-12535-0023.flac,242640,
2904,train-clean-100/1263/138246/1263-138246-0023.flac,242639,
2905,train-clean-100/3374/298025/3374-298025-0024.flac,242560,
2906,train-clean-100/226/122538/226-122538-0017.flac,242560,
2907,train-clean-100/211/122442/211-122442-0044.flac,242560,
2908,train-clean-100/1553/140048/1553-140048-0032.flac,242560,
2909,train-clean-100/2989/138035/2989-138035-0008.flac,242560,
2910,train-clean-100/3374/298025/3374-298025-0014.flac,242560,
2911,train-clean-100/196/122152/196-122152-0005.flac,242560,
2912,train-clean-100/3807/4955/3807-4955-0026.flac,242560,
2913,train-clean-100/307/127539/307-127539-0039.flac,242560,
2914,train-clean-100/1723/141149/1723-141149-0038.flac,242560,
2915,train-clean-100/2289/152254/2289-152254-0003.flac,242560,
2916,train-clean-100/2843/152918/2843-152918-0095.flac,242480,
2917,train-clean-100/1926/147979/1926-147979-0051.flac,242480,
2918,train-clean-100/2691/156745/2691-156745-0007.flac,242480,
2919,train-clean-100/198/209/198-209-0004.flac,242480,
2920,train-clean-100/3723/171631/3723-171631-0022.flac,242480,
2921,train-clean-100/3526/176653/3526-176653-0043.flac,242480,
2922,train-clean-100/3440/171009/3440-171009-0072.flac,242480,
2923,train-clean-100/3723/171631/3723-171631-0048.flac,242480,
2924,train-clean-100/2893/139322/2893-139322-0038.flac,242480,
2925,train-clean-100/1034/121119/1034-121119-0025.flac,242480,
2926,train-clean-100/3259/158083/3259-158083-0100.flac,242480,
2927,train-clean-100/2289/152258/2289-152258-0026.flac,242480,
2928,train-clean-100/2092/145706/2092-145706-0007.flac,242480,
2929,train-clean-100/3486/166424/3486-166424-0058.flac,242400,
2930,train-clean-100/118/121721/118-121721-0013.flac,242400,
2931,train-clean-100/1069/133709/1069-133709-0027.flac,242400,
2932,train-clean-100/3214/167607/3214-167607-0019.flac,242400,
2933,train-clean-100/2182/181173/2182-181173-0014.flac,242400,
2934,train-clean-100/1867/154075/1867-154075-0021.flac,242400,
2935,train-clean-100/2007/132570/2007-132570-0047.flac,242400,
2936,train-clean-100/3947/13260/3947-13260-0030.flac,242400,
2937,train-clean-100/1246/124548/1246-124548-0004.flac,242400,
2938,train-clean-100/2289/152253/2289-152253-0000.flac,242400,
2939,train-clean-100/311/124404/311-124404-0070.flac,242400,
2940,train-clean-100/39/121914/39-121914-0044.flac,242320,
2941,train-clean-100/2007/149877/2007-149877-0022.flac,242320,
2942,train-clean-100/3983/5331/3983-5331-0000.flac,242320,
2943,train-clean-100/250/142276/250-142276-0026.flac,242320,
2944,train-clean-100/1363/135842/1363-135842-0022.flac,242320,
2945,train-clean-100/118/47824/118-47824-0043.flac,242320,
2946,train-clean-100/27/123349/27-123349-0040.flac,242320,
2947,train-clean-100/3240/131232/3240-131232-0030.flac,242320,
2948,train-clean-100/103/1241/103-1241-0007.flac,242320,
2949,train-clean-100/2817/142380/2817-142380-0041.flac,242320,
2950,train-clean-100/1743/142913/1743-142913-0000.flac,242320,
2951,train-clean-100/2952/407/2952-407-0015.flac,242320,
2952,train-clean-100/2911/7601/2911-7601-0037.flac,242320,
2953,train-clean-100/3664/178355/3664-178355-0002.flac,242320,
2954,train-clean-100/3526/175658/3526-175658-0003.flac,242320,
2955,train-clean-100/1235/135883/1235-135883-0003.flac,242320,
2956,train-clean-100/322/124147/322-124147-0019.flac,242320,
2957,train-clean-100/254/145458/254-145458-0008.flac,242320,
2958,train-clean-100/118/47824/118-47824-0007.flac,242319,
2959,train-clean-100/150/126107/150-126107-0005.flac,242240,
2960,train-clean-100/1723/141149/1723-141149-0083.flac,242240,
2961,train-clean-100/2384/152900/2384-152900-0055.flac,242240,
2962,train-clean-100/200/126784/200-126784-0019.flac,242240,
2963,train-clean-100/2416/152139/2416-152139-0028.flac,242240,
2964,train-clean-100/328/129766/328-129766-0086.flac,242240,
2965,train-clean-100/3526/176653/3526-176653-0010.flac,242240,
2966,train-clean-100/2518/154826/2518-154826-0001.flac,242240,
2967,train-clean-100/1723/141149/1723-141149-0049.flac,242240,
2968,train-clean-100/1116/137572/1116-137572-0032.flac,242160,
2969,train-clean-100/163/122947/163-122947-0033.flac,242160,
2970,train-clean-100/103/1241/103-1241-0008.flac,242160,
2971,train-clean-100/328/129766/328-129766-0031.flac,242160,
2972,train-clean-100/200/124140/200-124140-0026.flac,242160,
2973,train-clean-100/1040/133433/1040-133433-0031.flac,242160,
2974,train-clean-100/198/126831/198-126831-0005.flac,242160,
2975,train-clean-100/1737/146161/1737-146161-0005.flac,242160,
2976,train-clean-100/298/126791/298-126791-0026.flac,242160,
2977,train-clean-100/3374/298026/3374-298026-0010.flac,242160,
2978,train-clean-100/1246/124548/1246-124548-0007.flac,242160,
2979,train-clean-100/2092/145706/2092-145706-0082.flac,242160,
2980,train-clean-100/1355/39947/1355-39947-0003.flac,242160,
2981,train-clean-100/211/122442/211-122442-0025.flac,242160,
2982,train-clean-100/3664/178355/3664-178355-0017.flac,242160,
2983,train-clean-100/26/495/26-495-0060.flac,242160,
2984,train-clean-100/2514/149482/2514-149482-0016.flac,242160,
2985,train-clean-100/1723/141149/1723-141149-0051.flac,242160,
2986,train-clean-100/2836/5354/2836-5354-0031.flac,242160,
2987,train-clean-100/311/124404/311-124404-0037.flac,242160,
2988,train-clean-100/3436/172171/3436-172171-0065.flac,242080,
2989,train-clean-100/248/130652/248-130652-0000.flac,242080,
2990,train-clean-100/1334/135589/1334-135589-0041.flac,242080,
2991,train-clean-100/2691/156750/2691-156750-0011.flac,242080,
2992,train-clean-100/1455/138263/1455-138263-0003.flac,242080,
2993,train-clean-100/196/122159/196-122159-0007.flac,242080,
2994,train-clean-100/3440/171009/3440-171009-0024.flac,242080,
2995,train-clean-100/196/122152/196-122152-0024.flac,242080,
2996,train-clean-100/2007/149877/2007-149877-0017.flac,242080,
2997,train-clean-100/289/121652/289-121652-0020.flac,242080,
2998,train-clean-100/196/122152/196-122152-0003.flac,242080,
2999,train-clean-100/229/130880/229-130880-0026.flac,242080,
3000,train-clean-100/103/1241/103-1241-0014.flac,242080,
3001,train-clean-100/1553/140048/1553-140048-0043.flac,242080,
3002,train-clean-100/2002/139469/2002-139469-0080.flac,242080,
3003,train-clean-100/289/121665/289-121665-0010.flac,242080,
3004,train-clean-100/307/127540/307-127540-0016.flac,242080,
3005,train-clean-100/1963/147036/1963-147036-0000.flac,242000,
3006,train-clean-100/1355/39947/1355-39947-0072.flac,242000,
3007,train-clean-100/307/127540/307-127540-0014.flac,242000,
3008,train-clean-100/2817/142380/2817-142380-0020.flac,242000,
3009,train-clean-100/302/123523/302-123523-0012.flac,242000,
3010,train-clean-100/1963/142776/1963-142776-0030.flac,242000,
3011,train-clean-100/3807/4955/3807-4955-0029.flac,242000,
3012,train-clean-100/374/180298/374-180298-0029.flac,242000,
3013,train-clean-100/1116/132851/1116-132851-0027.flac,242000,
3014,train-clean-100/374/180299/374-180299-0022.flac,242000,
3015,train-clean-100/32/21625/32-21625-0000.flac,242000,
3016,train-clean-100/233/134440/233-134440-0051.flac,242000,
3017,train-clean-100/250/142276/250-142276-0043.flac,242000,
3018,train-clean-100/226/122538/226-122538-0001.flac,242000,
3019,train-clean-100/1970/26100/1970-26100-0007.flac,242000,
3020,train-clean-100/39/121916/39-121916-0019.flac,241920,
3021,train-clean-100/3374/298025/3374-298025-0029.flac,241920,
3022,train-clean-100/163/122947/163-122947-0087.flac,241920,
3023,train-clean-100/3242/8112/3242-8112-0022.flac,241920,
3024,train-clean-100/2436/2476/2436-2476-0033.flac,241920,
3025,train-clean-100/26/496/26-496-0002.flac,241920,
3026,train-clean-100/2196/174172/2196-174172-0025.flac,241920,
3027,train-clean-100/163/122947/163-122947-0052.flac,241920,
3028,train-clean-100/3214/167607/3214-167607-0032.flac,241920,
3029,train-clean-100/226/122538/226-122538-0009.flac,241920,
3030,train-clean-100/289/121652/289-121652-0024.flac,241920,
3031,train-clean-100/1737/148989/1737-148989-0022.flac,241920,
3032,train-clean-100/2196/170379/2196-170379-0013.flac,241920,
3033,train-clean-100/103/1240/103-1240-0025.flac,241920,
3034,train-clean-100/302/123504/302-123504-0009.flac,241920,
3035,train-clean-100/3112/9555/3112-9555-0027.flac,241920,
3036,train-clean-100/2196/170379/2196-170379-0028.flac,241920,
3037,train-clean-100/201/122255/201-122255-0007.flac,241920,
3038,train-clean-100/2893/139322/2893-139322-0012.flac,241840,
3039,train-clean-100/1963/147036/1963-147036-0023.flac,241840,
3040,train-clean-100/302/123523/302-123523-0009.flac,241840,
3041,train-clean-100/26/495/26-495-0014.flac,241840,
3042,train-clean-100/1363/139304/1363-139304-0034.flac,241840,
3043,train-clean-100/1898/145720/1898-145720-0015.flac,241840,
3044,train-clean-100/200/126784/200-126784-0015.flac,241840,
3045,train-clean-100/3235/28452/3235-28452-0017.flac,241840,
3046,train-clean-100/2817/142371/2817-142371-0055.flac,241840,
3047,train-clean-100/1116/137572/1116-137572-0005.flac,241840,
3048,train-clean-100/26/495/26-495-0050.flac,241840,
3049,train-clean-100/1743/142913/1743-142913-0019.flac,241840,
3050,train-clean-100/3436/172162/3436-172162-0027.flac,241840,
3051,train-clean-100/2843/152918/2843-152918-0057.flac,241840,
3052,train-clean-100/250/142276/250-142276-0030.flac,241840,
3053,train-clean-100/1334/135589/1334-135589-0042.flac,241840,
3054,train-clean-100/2989/138035/2989-138035-0033.flac,241760,
3055,train-clean-100/1081/125237/1081-125237-0035.flac,241760,
3056,train-clean-100/2196/170151/2196-170151-0016.flac,241760,
3057,train-clean-100/198/126831/198-126831-0025.flac,241760,
3058,train-clean-100/1040/133433/1040-133433-0063.flac,241760,
3059,train-clean-100/311/124404/311-124404-0067.flac,241760,
3060,train-clean-100/2764/36616/2764-36616-0021.flac,241760,
3061,train-clean-100/3240/131232/3240-131232-0032.flac,241760,
3062,train-clean-100/311/124404/311-124404-0025.flac,241760,
3063,train-clean-100/1743/142914/1743-142914-0002.flac,241760,
3064,train-clean-100/3857/182317/3857-182317-0017.flac,241760,
3065,train-clean-100/3374/298025/3374-298025-0025.flac,241760,
3066,train-clean-100/2764/36619/2764-36619-0025.flac,241760,
3067,train-clean-100/1246/124548/1246-124548-0031.flac,241760,
3068,train-clean-100/1867/154071/1867-154071-0041.flac,241760,
3069,train-clean-100/198/209/198-209-0032.flac,241760,
3070,train-clean-100/2989/138035/2989-138035-0006.flac,241760,
3071,train-clean-100/2518/154825/2518-154825-0032.flac,241760,
3072,train-clean-100/2416/152137/2416-152137-0008.flac,241760,
3073,train-clean-100/2817/142371/2817-142371-0052.flac,241680,
3074,train-clean-100/374/180298/374-180298-0030.flac,241680,
3075,train-clean-100/2196/174172/2196-174172-0030.flac,241680,
3076,train-clean-100/1594/135914/1594-135914-0099.flac,241680,
3077,train-clean-100/3807/4955/3807-4955-0000.flac,241680,
3078,train-clean-100/1355/39947/1355-39947-0059.flac,241680,
3079,train-clean-100/201/127786/201-127786-0012.flac,241680,
3080,train-clean-100/3526/176653/3526-176653-0002.flac,241680,
3081,train-clean-100/289/121652/289-121652-0003.flac,241680,
3082,train-clean-100/1553/140048/1553-140048-0042.flac,241680,
3083,train-clean-100/328/129766/328-129766-0066.flac,241680,
3084,train-clean-100/3240/131232/3240-131232-0011.flac,241680,
3085,train-clean-100/3857/182317/3857-182317-0020.flac,241680,
3086,train-clean-100/1970/28415/1970-28415-0025.flac,241680,
3087,train-clean-100/1594/135914/1594-135914-0014.flac,241680,
3088,train-clean-100/3947/13260/3947-13260-0029.flac,241680,
3089,train-clean-100/1098/133695/1098-133695-0001.flac,241600,
3090,train-clean-100/3723/171631/3723-171631-0009.flac,241600,
3091,train-clean-100/3214/167606/3214-167606-0015.flac,241600,
3092,train-clean-100/1970/10594/1970-10594-0016.flac,241600,
3093,train-clean-100/3235/28433/3235-28433-0005.flac,241600,
3094,train-clean-100/289/121665/289-121665-0034.flac,241600,
3095,train-clean-100/1743/142914/1743-142914-0000.flac,241600,
3096,train-clean-100/150/132655/150-132655-0035.flac,241600,
3097,train-clean-100/307/127540/307-127540-0030.flac,241600,
3098,train-clean-100/1034/121119/1034-121119-0008.flac,241600,
3099,train-clean-100/3982/178459/3982-178459-0034.flac,241521,
3100,train-clean-100/1116/137572/1116-137572-0022.flac,241520,
3101,train-clean-100/1578/140045/1578-140045-0000.flac,241520,
3102,train-clean-100/2159/179156/2159-179156-0011.flac,241520,
3103,train-clean-100/2817/142380/2817-142380-0009.flac,241520,
3104,train-clean-100/3374/298026/3374-298026-0009.flac,241520,
3105,train-clean-100/1098/133695/1098-133695-0049.flac,241520,
3106,train-clean-100/289/121665/289-121665-0008.flac,241520,
3107,train-clean-100/3240/131231/3240-131231-0066.flac,241520,
3108,train-clean-100/1970/26100/1970-26100-0008.flac,241520,
3109,train-clean-100/3857/182317/3857-182317-0011.flac,241440,
3110,train-clean-100/125/121342/125-121342-0013.flac,241440,
3111,train-clean-100/2384/152900/2384-152900-0011.flac,241440,
3112,train-clean-100/3607/29116/3607-29116-0004.flac,241440,
3113,train-clean-100/2007/149877/2007-149877-0058.flac,241440,
3114,train-clean-100/3879/174923/3879-174923-0015.flac,241440,
3115,train-clean-100/3807/4955/3807-4955-0024.flac,241440,
3116,train-clean-100/3112/9555/3112-9555-0023.flac,241440,
3117,train-clean-100/2691/156755/2691-156755-0025.flac,241440,
3118,train-clean-100/233/134440/233-134440-0002.flac,241440,
3119,train-clean-100/2764/36616/2764-36616-0024.flac,241440,
3120,train-clean-100/322/124147/322-124147-0011.flac,241440,
3121,train-clean-100/3982/178459/3982-178459-0027.flac,241440,
3122,train-clean-100/2518/154826/2518-154826-0013.flac,241360,
3123,train-clean-100/2092/145706/2092-145706-0046.flac,241360,
3124,train-clean-100/26/495/26-495-0089.flac,241360,
3125,train-clean-100/3982/182255/3982-182255-0013.flac,241360,
3126,train-clean-100/3664/178366/3664-178366-0002.flac,241360,
3127,train-clean-100/1447/17506/1447-17506-0008.flac,241360,
3128,train-clean-100/3830/12530/3830-12530-0027.flac,241360,
3129,train-clean-100/3440/171009/3440-171009-0045.flac,241360,
3130,train-clean-100/1116/137572/1116-137572-0008.flac,241360,
3131,train-clean-100/2182/181173/2182-181173-0029.flac,241360,
3132,train-clean-100/307/127540/307-127540-0021.flac,241360,
3133,train-clean-100/2384/152900/2384-152900-0014.flac,241360,
3134,train-clean-100/39/121914/39-121914-0011.flac,241280,
3135,train-clean-100/3259/158083/3259-158083-0065.flac,241280,
3136,train-clean-100/229/130880/229-130880-0068.flac,241280,
3137,train-clean-100/3214/167602/3214-167602-0007.flac,241280,
3138,train-clean-100/3982/178459/3982-178459-0019.flac,241280,
3139,train-clean-100/311/124404/311-124404-0103.flac,241280,
3140,train-clean-100/211/122425/211-122425-0063.flac,241280,
3141,train-clean-100/1743/142914/1743-142914-0030.flac,241280,
3142,train-clean-100/1098/133695/1098-133695-0060.flac,241280,
3143,train-clean-100/226/122538/226-122538-0027.flac,241280,
3144,train-clean-100/150/126112/150-126112-0017.flac,241280,
3145,train-clean-100/311/124404/311-124404-0054.flac,241280,
3146,train-clean-100/2911/15084/2911-15084-0012.flac,241280,
3147,train-clean-100/374/180298/374-180298-0022.flac,241280,
3148,train-clean-100/2289/152257/2289-152257-0024.flac,241280,
3149,train-clean-100/2952/410/2952-410-0014.flac,241280,
3150,train-clean-100/198/129977/198-129977-0003.flac,241280,
3151,train-clean-100/3168/173565/3168-173565-0056.flac,241200,
3152,train-clean-100/2159/179156/2159-179156-0007.flac,241200,
3153,train-clean-100/311/124404/311-124404-0022.flac,241200,
3154,train-clean-100/1723/141149/1723-141149-0071.flac,241200,
3155,train-clean-100/3242/67168/3242-67168-0036.flac,241200,
3156,train-clean-100/298/126791/298-126791-0063.flac,241200,
3157,train-clean-100/3168/173564/3168-173564-0044.flac,241200,
3158,train-clean-100/3857/182315/3857-182315-0032.flac,241200,
3159,train-clean-100/1355/39947/1355-39947-0060.flac,241200,
3160,train-clean-100/19/227/19-227-0011.flac,241200,
3161,train-clean-100/3607/135982/3607-135982-0010.flac,241200,
3162,train-clean-100/2911/15084/2911-15084-0000.flac,241200,
3163,train-clean-100/3242/8112/3242-8112-0010.flac,241200,
3164,train-clean-100/226/131532/226-131532-0008.flac,241200,
3165,train-clean-100/3982/178459/3982-178459-0029.flac,241120,
3166,train-clean-100/3235/28433/3235-28433-0039.flac,241120,
3167,train-clean-100/198/126831/198-126831-0049.flac,241120,
3168,train-clean-100/229/130880/229-130880-0027.flac,241120,
3169,train-clean-100/3242/8112/3242-8112-0034.flac,241120,
3170,train-clean-100/3436/172171/3436-172171-0005.flac,241120,
3171,train-clean-100/2092/145706/2092-145706-0031.flac,241120,
3172,train-clean-100/2002/139469/2002-139469-0025.flac,241120,
3173,train-clean-100/1040/133433/1040-133433-0075.flac,241120,
3174,train-clean-100/3830/12531/3830-12531-0000.flac,241120,
3175,train-clean-100/2416/152137/2416-152137-0014.flac,241120,
3176,train-clean-100/1455/138263/1455-138263-0017.flac,241120,
3177,train-clean-100/1963/142393/1963-142393-0045.flac,241120,
3178,train-clean-100/1235/135884/1235-135884-0020.flac,241120,
3179,train-clean-100/1040/133433/1040-133433-0009.flac,241120,
3180,train-clean-100/1578/6379/1578-6379-0034.flac,241120,
3181,train-clean-100/374/180299/374-180299-0045.flac,241040,
3182,train-clean-100/39/121914/39-121914-0012.flac,241040,
3183,train-clean-100/200/124140/200-124140-0031.flac,241040,
3184,train-clean-100/2136/5140/2136-5140-0011.flac,241040,
3185,train-clean-100/3235/11599/3235-11599-0008.flac,241040,
3186,train-clean-100/1098/133695/1098-133695-0064.flac,241040,
3187,train-clean-100/3235/11599/3235-11599-0007.flac,241040,
3188,train-clean-100/1594/135914/1594-135914-0044.flac,241040,
3189,train-clean-100/2843/152918/2843-152918-0072.flac,240960,
3190,train-clean-100/201/127786/201-127786-0050.flac,240960,
3191,train-clean-100/2514/149482/2514-149482-0018.flac,240960,
3192,train-clean-100/1723/141149/1723-141149-0110.flac,240960,
3193,train-clean-100/3486/166424/3486-166424-0014.flac,240960,
3194,train-clean-100/1183/133255/1183-133255-0006.flac,240960,
3195,train-clean-100/1898/145702/1898-145702-0013.flac,240960,
3196,train-clean-100/150/126112/150-126112-0009.flac,240960,
3197,train-clean-100/1743/142912/1743-142912-0012.flac,240960,
3198,train-clean-100/1069/133709/1069-133709-0020.flac,240960,
3199,train-clean-100/1069/133709/1069-133709-0000.flac,240960,
3200,train-clean-100/289/121665/289-121665-0039.flac,240880,
3201,train-clean-100/3440/171009/3440-171009-0004.flac,240880,
3202,train-clean-100/1578/6379/1578-6379-0035.flac,240880,
3203,train-clean-100/1355/39947/1355-39947-0040.flac,240880,
3204,train-clean-100/3723/171115/3723-171115-0025.flac,240880,
3205,train-clean-100/2182/150130/2182-150130-0012.flac,240880,
3206,train-clean-100/248/130652/248-130652-0007.flac,240880,
3207,train-clean-100/1363/139304/1363-139304-0037.flac,240880,
3208,train-clean-100/1723/141149/1723-141149-0096.flac,240880,
3209,train-clean-100/1553/140048/1553-140048-0034.flac,240880,
3210,train-clean-100/332/128985/332-128985-0022.flac,240880,
3211,train-clean-100/118/124588/118-124588-0008.flac,240880,
3212,train-clean-100/322/124147/322-124147-0061.flac,240880,
3213,train-clean-100/3486/166446/3486-166446-0034.flac,240880,
3214,train-clean-100/1970/10594/1970-10594-0020.flac,240880,
3215,train-clean-100/1040/133433/1040-133433-0008.flac,240801,
3216,train-clean-100/3436/172162/3436-172162-0046.flac,240800,
3217,train-clean-100/328/129766/328-129766-0050.flac,240800,
3218,train-clean-100/250/142276/250-142276-0034.flac,240800,
3219,train-clean-100/2159/179154/2159-179154-0010.flac,240800,
3220,train-clean-100/226/131532/226-131532-0025.flac,240800,
3221,train-clean-100/3440/171009/3440-171009-0033.flac,240800,
3222,train-clean-100/3857/182315/3857-182315-0014.flac,240800,
3223,train-clean-100/2518/154825/2518-154825-0012.flac,240800,
3224,train-clean-100/1926/147979/1926-147979-0020.flac,240800,
3225,train-clean-100/2911/7601/2911-7601-0015.flac,240800,
3226,train-clean-100/198/129977/198-129977-0027.flac,240800,
3227,train-clean-100/311/124404/311-124404-0043.flac,240800,
3228,train-clean-100/2007/132570/2007-132570-0055.flac,240800,
3229,train-clean-100/1363/139304/1363-139304-0032.flac,240800,
3230,train-clean-100/3879/174923/3879-174923-0071.flac,240800,
3231,train-clean-100/1737/148989/1737-148989-0009.flac,240800,
3232,train-clean-100/39/121914/39-121914-0032.flac,240720,
3233,train-clean-100/32/4137/32-4137-0013.flac,240720,
3234,train-clean-100/2911/7601/2911-7601-0021.flac,240720,
3235,train-clean-100/1737/142397/1737-142397-0005.flac,240720,
3236,train-clean-100/250/142276/250-142276-0018.flac,240720,
3237,train-clean-100/3857/182317/3857-182317-0019.flac,240720,
3238,train-clean-100/307/127540/307-127540-0023.flac,240720,
3239,train-clean-100/248/130652/248-130652-0004.flac,240720,
3240,train-clean-100/2196/174172/2196-174172-0038.flac,240720,
3241,train-clean-100/1578/6379/1578-6379-0028.flac,240720,
3242,train-clean-100/298/126790/298-126790-0024.flac,240720,
3243,train-clean-100/298/126791/298-126791-0047.flac,240720,
3244,train-clean-100/1081/125237/1081-125237-0033.flac,240720,
3245,train-clean-100/3374/298025/3374-298025-0008.flac,240720,
3246,train-clean-100/1098/133695/1098-133695-0054.flac,240720,
3247,train-clean-100/2007/132570/2007-132570-0056.flac,240720,
3248,train-clean-100/2989/138035/2989-138035-0058.flac,240720,
3249,train-clean-100/3526/176651/3526-176651-0014.flac,240720,
3250,train-clean-100/2843/152918/2843-152918-0017.flac,240720,
3251,train-clean-100/3830/12530/3830-12530-0007.flac,240720,
3252,train-clean-100/201/122255/201-122255-0023.flac,240720,
3253,train-clean-100/248/130697/248-130697-0030.flac,240720,
3254,train-clean-100/1963/142393/1963-142393-0035.flac,240720,
3255,train-clean-100/1183/133256/1183-133256-0022.flac,240720,
3256,train-clean-100/1334/135589/1334-135589-0082.flac,240641,
3257,train-clean-100/254/12312/254-12312-0014.flac,240640,
3258,train-clean-100/2436/2481/2436-2481-0035.flac,240640,
3259,train-clean-100/32/21634/32-21634-0015.flac,240640,
3260,train-clean-100/1081/125237/1081-125237-0008.flac,240640,
3261,train-clean-100/118/121721/118-121721-0006.flac,240640,
3262,train-clean-100/3699/47246/3699-47246-0023.flac,240640,
3263,train-clean-100/1963/142393/1963-142393-0013.flac,240640,
3264,train-clean-100/3982/182255/3982-182255-0007.flac,240640,
3265,train-clean-100/1841/150351/1841-150351-0012.flac,240640,
3266,train-clean-100/233/134440/233-134440-0060.flac,240640,
3267,train-clean-100/233/155990/233-155990-0004.flac,240640,
3268,train-clean-100/1926/147987/1926-147987-0010.flac,240640,
3269,train-clean-100/3723/171115/3723-171115-0040.flac,240640,
3270,train-clean-100/250/142286/250-142286-0021.flac,240639,
3271,train-clean-100/1034/121119/1034-121119-0063.flac,240560,
3272,train-clean-100/2817/142371/2817-142371-0042.flac,240560,
3273,train-clean-100/2893/139322/2893-139322-0008.flac,240560,
3274,train-clean-100/26/495/26-495-0070.flac,240560,
3275,train-clean-100/3235/28452/3235-28452-0012.flac,240560,
3276,train-clean-100/2136/5147/2136-5147-0027.flac,240560,
3277,train-clean-100/19/227/19-227-0043.flac,240560,
3278,train-clean-100/1334/135589/1334-135589-0101.flac,240560,
3279,train-clean-100/1841/159771/1841-159771-0005.flac,240560,
3280,train-clean-100/374/180298/374-180298-0028.flac,240560,
3281,train-clean-100/163/121908/163-121908-0012.flac,240560,
3282,train-clean-100/2159/179156/2159-179156-0034.flac,240560,
3283,train-clean-100/3807/4955/3807-4955-0011.flac,240560,
3284,train-clean-100/103/1240/103-1240-0007.flac,240560,
3285,train-clean-100/248/130644/248-130644-0006.flac,240560,
3286,train-clean-100/307/127535/307-127535-0013.flac,240560,
3287,train-clean-100/1970/28415/1970-28415-0016.flac,240480,
3288,train-clean-100/1898/145715/1898-145715-0032.flac,240480,
3289,train-clean-100/1040/133433/1040-133433-0029.flac,240480,
3290,train-clean-100/3723/171631/3723-171631-0051.flac,240480,
3291,train-clean-100/2989/138035/2989-138035-0034.flac,240480,
3292,train-clean-100/289/121665/289-121665-0000.flac,240480,
3293,train-clean-100/1723/141149/1723-141149-0020.flac,240480,
3294,train-clean-100/233/155990/233-155990-0021.flac,240480,
3295,train-clean-100/3168/173565/3168-173565-0060.flac,240480,
3296,train-clean-100/3235/28433/3235-28433-0006.flac,240480,
3297,train-clean-100/3440/171006/3440-171006-0010.flac,240480,
3298,train-clean-100/3947/13260/3947-13260-0024.flac,240400,
3299,train-clean-100/32/21631/32-21631-0009.flac,240400,
3300,train-clean-100/307/127535/307-127535-0016.flac,240400,
3301,train-clean-100/19/227/19-227-0000.flac,240400,
3302,train-clean-100/311/124404/311-124404-0101.flac,240400,
3303,train-clean-100/2989/138035/2989-138035-0040.flac,240400,
3304,train-clean-100/1553/140047/1553-140047-0020.flac,240400,
3305,train-clean-100/1898/145715/1898-145715-0008.flac,240400,
3306,train-clean-100/248/130652/248-130652-0033.flac,240400,
3307,train-clean-100/229/130880/229-130880-0085.flac,240320,
3308,train-clean-100/332/128985/332-128985-0047.flac,240320,
3309,train-clean-100/1624/168623/1624-168623-0051.flac,240320,
3310,train-clean-100/322/124147/322-124147-0082.flac,240320,
3311,train-clean-100/2910/131096/2910-131096-0083.flac,240320,
3312,train-clean-100/2910/131096/2910-131096-0035.flac,240320,
3313,train-clean-100/1235/135883/1235-135883-0041.flac,240320,
3314,train-clean-100/1334/135589/1334-135589-0095.flac,240320,
3315,train-clean-100/3240/131231/3240-131231-0011.flac,240240,
3316,train-clean-100/3235/28433/3235-28433-0044.flac,240240,
3317,train-clean-100/229/130880/229-130880-0053.flac,240240,
3318,train-clean-100/2002/139469/2002-139469-0008.flac,240240,
3319,train-clean-100/1116/132847/1116-132847-0016.flac,240240,
3320,train-clean-100/226/122538/226-122538-0013.flac,240240,
3321,train-clean-100/2384/152900/2384-152900-0073.flac,240240,
3322,train-clean-100/322/124147/322-124147-0000.flac,240240,
3323,train-clean-100/2436/2476/2436-2476-0028.flac,240240,
3324,train-clean-100/3879/173592/3879-173592-0032.flac,240240,
3325,train-clean-100/211/122442/211-122442-0054.flac,240240,
3326,train-clean-100/1963/147036/1963-147036-0007.flac,240240,
3327,train-clean-100/2136/5143/2136-5143-0021.flac,240240,
3328,train-clean-100/2952/410/2952-410-0033.flac,240160,
3329,train-clean-100/3699/19401/3699-19401-0019.flac,240160,
3330,train-clean-100/2384/152900/2384-152900-0060.flac,240160,
3331,train-clean-100/1069/133699/1069-133699-0046.flac,240160,
3332,train-clean-100/2289/152253/2289-152253-0013.flac,240160,
3333,train-clean-100/200/126784/200-126784-0016.flac,240160,
3334,train-clean-100/1098/133695/1098-133695-0078.flac,240160,
3335,train-clean-100/3259/158083/3259-158083-0062.flac,240160,
3336,train-clean-100/2893/139310/2893-139310-0040.flac,240160,
3337,train-clean-100/2182/150130/2182-150130-0023.flac,240160,
3338,train-clean-100/3240/131232/3240-131232-0006.flac,240160,
3339,train-clean-100/118/47824/118-47824-0000.flac,240160,
3340,train-clean-100/3857/182315/3857-182315-0017.flac,240080,
3341,train-clean-100/196/122159/196-122159-0029.flac,240080,
3342,train-clean-100/2910/131096/2910-131096-0060.flac,240080,
3343,train-clean-100/307/127540/307-127540-0031.flac,240080,
3344,train-clean-100/26/496/26-496-0022.flac,240080,
3345,train-clean-100/1624/142933/1624-142933-0025.flac,240080,
3346,train-clean-100/2436/2476/2436-2476-0007.flac,240080,
3347,train-clean-100/1992/141719/1992-141719-0054.flac,240080,
3348,train-clean-100/3436/172162/3436-172162-0041.flac,240080,
3349,train-clean-100/233/155990/233-155990-0018.flac,240080,
3350,train-clean-100/1246/124550/1246-124550-0032.flac,240080,
3351,train-clean-100/211/122442/211-122442-0008.flac,240080,
3352,train-clean-100/248/130644/248-130644-0002.flac,240080,
3353,train-clean-100/3947/13262/3947-13262-0023.flac,240000,
3354,train-clean-100/1963/147036/1963-147036-0019.flac,240000,
3355,train-clean-100/1355/39947/1355-39947-0024.flac,240000,
3356,train-clean-100/254/27760/254-27760-0002.flac,240000,
3357,train-clean-100/1183/133255/1183-133255-0001.flac,240000,
3358,train-clean-100/2182/150130/2182-150130-0026.flac,240000,
3359,train-clean-100/19/198/19-198-0013.flac,240000,
3360,train-clean-100/2836/5354/2836-5354-0002.flac,240000,
3361,train-clean-100/307/127535/307-127535-0018.flac,240000,
3362,train-clean-100/1743/142913/1743-142913-0021.flac,240000,
3363,train-clean-100/1098/133695/1098-133695-0085.flac,240000,
3364,train-clean-100/1334/135589/1334-135589-0065.flac,240000,
3365,train-clean-100/196/122150/196-122150-0027.flac,240000,
3366,train-clean-100/3240/131232/3240-131232-0037.flac,240000,
3367,train-clean-100/1363/135842/1363-135842-0028.flac,240000,
3368,train-clean-100/3440/171009/3440-171009-0061.flac,240000,
3369,train-clean-100/1594/135914/1594-135914-0010.flac,240000,
3370,train-clean-100/3436/172171/3436-172171-0003.flac,239920,
3371,train-clean-100/1502/122619/1502-122619-0001.flac,239920,
3372,train-clean-100/2691/156745/2691-156745-0006.flac,239920,
3373,train-clean-100/2518/154825/2518-154825-0039.flac,239920,
3374,train-clean-100/1334/135589/1334-135589-0104.flac,239920,
3375,train-clean-100/2514/149482/2514-149482-0045.flac,239920,
3376,train-clean-100/374/180299/374-180299-0011.flac,239920,
3377,train-clean-100/311/124404/311-124404-0052.flac,239920,
3378,train-clean-100/3607/29116/3607-29116-0031.flac,239920,
3379,train-clean-100/2893/139322/2893-139322-0019.flac,239920,
3380,train-clean-100/322/124147/322-124147-0063.flac,239920,
3381,train-clean-100/2911/7601/2911-7601-0003.flac,239840,
3382,train-clean-100/211/122425/211-122425-0010.flac,239840,
3383,train-clean-100/3259/158083/3259-158083-0055.flac,239840,
3384,train-clean-100/2092/145706/2092-145706-0043.flac,239840,
3385,train-clean-100/3436/172162/3436-172162-0017.flac,239840,
3386,train-clean-100/3607/135982/3607-135982-0027.flac,239840,
3387,train-clean-100/150/126112/150-126112-0030.flac,239840,
3388,train-clean-100/1246/124548/1246-124548-0019.flac,239840,
3389,train-clean-100/1088/129236/1088-129236-0028.flac,239840,
3390,train-clean-100/3168/173565/3168-173565-0028.flac,239840,
3391,train-clean-100/2843/152918/2843-152918-0006.flac,239840,
3392,train-clean-100/3259/158083/3259-158083-0109.flac,239840,
3393,train-clean-100/248/130697/248-130697-0028.flac,239840,
3394,train-clean-100/1363/139304/1363-139304-0002.flac,239840,
3395,train-clean-100/226/131532/226-131532-0019.flac,239840,
3396,train-clean-100/32/21631/32-21631-0018.flac,239840,
3397,train-clean-100/1098/133695/1098-133695-0028.flac,239840,
3398,train-clean-100/27/123349/27-123349-0018.flac,239840,
3399,train-clean-100/3607/135982/3607-135982-0049.flac,239840,
3400,train-clean-100/2289/152254/2289-152254-0023.flac,239840,
3401,train-clean-100/2952/408/2952-408-0026.flac,239760,
3402,train-clean-100/250/142276/250-142276-0017.flac,239760,
3403,train-clean-100/322/124147/322-124147-0067.flac,239760,
3404,train-clean-100/211/122442/211-122442-0040.flac,239760,
3405,train-clean-100/1624/142933/1624-142933-0014.flac,239760,
3406,train-clean-100/248/130697/248-130697-0032.flac,239760,
3407,train-clean-100/2893/139310/2893-139310-0038.flac,239760,
3408,train-clean-100/1723/141149/1723-141149-0081.flac,239760,
3409,train-clean-100/1723/141149/1723-141149-0092.flac,239760,
3410,train-clean-100/3374/298032/3374-298032-0000.flac,239760,
3411,train-clean-100/3436/172162/3436-172162-0023.flac,239760,
3412,train-clean-100/2136/5140/2136-5140-0022.flac,239760,
3413,train-clean-100/233/134440/233-134440-0043.flac,239760,
3414,train-clean-100/2518/154826/2518-154826-0020.flac,239760,
3415,train-clean-100/2136/5147/2136-5147-0008.flac,239760,
3416,train-clean-100/3436/172162/3436-172162-0042.flac,239760,
3417,train-clean-100/3664/11714/3664-11714-0014.flac,239760,
3418,train-clean-100/1926/147987/1926-147987-0020.flac,239760,
3419,train-clean-100/1034/121119/1034-121119-0051.flac,239680,
3420,train-clean-100/198/126831/198-126831-0033.flac,239680,
3421,train-clean-100/1334/135589/1334-135589-0000.flac,239680,
3422,train-clean-100/103/1241/103-1241-0012.flac,239680,
3423,train-clean-100/200/124140/200-124140-0034.flac,239680,
3424,train-clean-100/2182/181173/2182-181173-0003.flac,239680,
3425,train-clean-100/3486/166424/3486-166424-0017.flac,239600,
3426,train-clean-100/2289/152254/2289-152254-0010.flac,239600,
3427,train-clean-100/2007/132570/2007-132570-0030.flac,239600,
3428,train-clean-100/3664/11714/3664-11714-0025.flac,239600,
3429,train-clean-100/118/47824/118-47824-0009.flac,239600,
3430,train-clean-100/2893/139310/2893-139310-0030.flac,239600,
3431,train-clean-100/2196/170151/2196-170151-0018.flac,239600,
3432,train-clean-100/3664/178366/3664-178366-0012.flac,239600,
3433,train-clean-100/2893/139322/2893-139322-0007.flac,239521,
3434,train-clean-100/1355/39947/1355-39947-0034.flac,239520,
3435,train-clean-100/1040/133433/1040-133433-0003.flac,239520,
3436,train-clean-100/3486/166446/3486-166446-0009.flac,239520,
3437,train-clean-100/2836/5354/2836-5354-0006.flac,239520,
3438,train-clean-100/2911/7601/2911-7601-0051.flac,239520,
3439,train-clean-100/2436/2481/2436-2481-0000.flac,239520,
3440,train-clean-100/2182/181173/2182-181173-0004.flac,239520,
3441,train-clean-100/1723/141149/1723-141149-0050.flac,239520,
3442,train-clean-100/198/209/198-209-0022.flac,239520,
3443,train-clean-100/2196/174172/2196-174172-0015.flac,239520,
3444,train-clean-100/374/180299/374-180299-0042.flac,239520,
3445,train-clean-100/3374/298026/3374-298026-0012.flac,239520,
3446,train-clean-100/1235/135887/1235-135887-0014.flac,239440,
3447,train-clean-100/2002/139469/2002-139469-0091.flac,239440,
3448,train-clean-100/3607/135982/3607-135982-0025.flac,239440,
3449,train-clean-100/1553/140047/1553-140047-0042.flac,239440,
3450,train-clean-100/3440/171009/3440-171009-0023.flac,239440,
3451,train-clean-100/1334/135589/1334-135589-0004.flac,239440,
3452,train-clean-100/2384/152900/2384-152900-0053.flac,239440,
3453,train-clean-100/2092/145709/2092-145709-0011.flac,239440,
3454,train-clean-100/2182/150130/2182-150130-0037.flac,239440,
3455,train-clean-100/2910/131096/2910-131096-0073.flac,239440,
3456,train-clean-100/2002/139469/2002-139469-0037.flac,239440,
3457,train-clean-100/2514/149482/2514-149482-0064.flac,239440,
3458,train-clean-100/2436/2476/2436-2476-0005.flac,239440,
3459,train-clean-100/2691/156745/2691-156745-0003.flac,239440,
3460,train-clean-100/3947/13262/3947-13262-0013.flac,239440,
3461,train-clean-100/1898/145715/1898-145715-0047.flac,239440,
3462,train-clean-100/3723/171631/3723-171631-0057.flac,239440,
3463,train-clean-100/3607/135982/3607-135982-0014.flac,239440,
3464,train-clean-100/19/227/19-227-0015.flac,239360,
3465,train-clean-100/2952/410/2952-410-0046.flac,239360,
3466,train-clean-100/254/127705/254-127705-0000.flac,239360,
3467,train-clean-100/2691/156755/2691-156755-0012.flac,239360,
3468,train-clean-100/374/180299/374-180299-0003.flac,239360,
3469,train-clean-100/26/496/26-496-0003.flac,239360,
3470,train-clean-100/2764/36617/2764-36617-0004.flac,239360,
3471,train-clean-100/2817/142371/2817-142371-0054.flac,239360,
3472,train-clean-100/2691/156745/2691-156745-0036.flac,239360,
3473,train-clean-100/2416/152139/2416-152139-0044.flac,239360,
3474,train-clean-100/1723/141149/1723-141149-0002.flac,239360,
3475,train-clean-100/3526/175658/3526-175658-0030.flac,239360,
3476,train-clean-100/1867/148436/1867-148436-0025.flac,239360,
3477,train-clean-100/200/124139/200-124139-0037.flac,239280,
3478,train-clean-100/2691/156750/2691-156750-0020.flac,239280,
3479,train-clean-100/1183/133256/1183-133256-0000.flac,239280,
3480,train-clean-100/3235/28452/3235-28452-0004.flac,239280,
3481,train-clean-100/322/124147/322-124147-0037.flac,239280,
3482,train-clean-100/3214/167602/3214-167602-0021.flac,239280,
3483,train-clean-100/302/123523/302-123523-0000.flac,239280,
3484,train-clean-100/226/131532/226-131532-0014.flac,239280,
3485,train-clean-100/1334/135589/1334-135589-0081.flac,239279,
3486,train-clean-100/2159/179156/2159-179156-0026.flac,239200,
3487,train-clean-100/1034/121119/1034-121119-0015.flac,239200,
3488,train-clean-100/332/128985/332-128985-0002.flac,239200,
3489,train-clean-100/2817/142380/2817-142380-0005.flac,239200,
3490,train-clean-100/1069/133709/1069-133709-0037.flac,239200,
3491,train-clean-100/1553/140047/1553-140047-0014.flac,239200,
3492,train-clean-100/3526/175658/3526-175658-0008.flac,239200,
3493,train-clean-100/118/47824/118-47824-0081.flac,239200,
3494,train-clean-100/1363/139304/1363-139304-0026.flac,239200,
3495,train-clean-100/163/122947/163-122947-0039.flac,239200,
3496,train-clean-100/125/121124/125-121124-0056.flac,239200,
3497,train-clean-100/2836/5354/2836-5354-0020.flac,239200,
3498,train-clean-100/19/198/19-198-0025.flac,239200,
3499,train-clean-100/2691/156750/2691-156750-0024.flac,239200,
3500,train-clean-100/254/145458/254-145458-0020.flac,239200,
3501,train-clean-100/2836/5354/2836-5354-0021.flac,239200,
3502,train-clean-100/2002/139469/2002-139469-0020.flac,239120,
3503,train-clean-100/198/126831/198-126831-0018.flac,239120,
3504,train-clean-100/3235/28433/3235-28433-0023.flac,239120,
3505,train-clean-100/3440/171009/3440-171009-0001.flac,239120,
3506,train-clean-100/2391/145015/2391-145015-0034.flac,239120,
3507,train-clean-100/3440/171006/3440-171006-0002.flac,239120,
3508,train-clean-100/229/130880/229-130880-0029.flac,239120,
3509,train-clean-100/2159/179156/2159-179156-0024.flac,239120,
3510,train-clean-100/1334/135589/1334-135589-0048.flac,239120,
3511,train-clean-100/1578/140049/1578-140049-0016.flac,239120,
3512,train-clean-100/1963/142393/1963-142393-0032.flac,239120,
3513,train-clean-100/1246/124550/1246-124550-0015.flac,239040,
3514,train-clean-100/1502/122615/1502-122615-0035.flac,239040,
3515,train-clean-100/250/142276/250-142276-0061.flac,239040,
3516,train-clean-100/248/130644/248-130644-0025.flac,239040,
3517,train-clean-100/2514/149482/2514-149482-0051.flac,239040,
3518,train-clean-100/2817/142380/2817-142380-0018.flac,239040,
3519,train-clean-100/2289/152257/2289-152257-0011.flac,239040,
3520,train-clean-100/3112/9554/3112-9554-0002.flac,239040,
3521,train-clean-100/2002/139469/2002-139469-0042.flac,239040,
3522,train-clean-100/3486/166424/3486-166424-0059.flac,239040,
3523,train-clean-100/3982/182255/3982-182255-0025.flac,239040,
3524,train-clean-100/1040/133433/1040-133433-0071.flac,239040,
3525,train-clean-100/1447/130552/1447-130552-0000.flac,239040,
3526,train-clean-100/2289/152257/2289-152257-0013.flac,238960,
3527,train-clean-100/163/121908/163-121908-0010.flac,238960,
3528,train-clean-100/1867/154075/1867-154075-0043.flac,238960,
3529,train-clean-100/328/129766/328-129766-0004.flac,238960,
3530,train-clean-100/1334/135589/1334-135589-0090.flac,238960,
3531,train-clean-100/3607/29116/3607-29116-0026.flac,238960,
3532,train-clean-100/103/1241/103-1241-0038.flac,238960,
3533,train-clean-100/26/495/26-495-0021.flac,238880,
3534,train-clean-100/2518/154825/2518-154825-0027.flac,238880,
3535,train-clean-100/328/129766/328-129766-0083.flac,238880,
3536,train-clean-100/3440/171009/3440-171009-0015.flac,238880,
3537,train-clean-100/1334/135589/1334-135589-0103.flac,238880,
3538,train-clean-100/1455/138263/1455-138263-0028.flac,238880,
3539,train-clean-100/298/126791/298-126791-0040.flac,238880,
3540,train-clean-100/3947/13262/3947-13262-0032.flac,238880,
3541,train-clean-100/302/123523/302-123523-0017.flac,238880,
3542,train-clean-100/1963/147036/1963-147036-0009.flac,238880,
3543,train-clean-100/3235/28433/3235-28433-0011.flac,238880,
3544,train-clean-100/3699/47246/3699-47246-0032.flac,238800,
3545,train-clean-100/2764/36619/2764-36619-0034.flac,238800,
3546,train-clean-100/2817/142371/2817-142371-0030.flac,238800,
3547,train-clean-100/1246/124548/1246-124548-0022.flac,238800,
3548,train-clean-100/2843/152918/2843-152918-0087.flac,238800,
3549,train-clean-100/1098/133695/1098-133695-0038.flac,238800,
3550,train-clean-100/1034/121119/1034-121119-0034.flac,238800,
3551,train-clean-100/2289/152254/2289-152254-0004.flac,238800,
3552,train-clean-100/2910/131096/2910-131096-0071.flac,238800,
3553,train-clean-100/3235/28452/3235-28452-0025.flac,238800,
3554,train-clean-100/2196/174172/2196-174172-0010.flac,238800,
3555,train-clean-100/2691/156755/2691-156755-0017.flac,238800,
3556,train-clean-100/1183/133256/1183-133256-0014.flac,238800,
3557,train-clean-100/2092/145706/2092-145706-0014.flac,238720,
3558,train-clean-100/2092/145706/2092-145706-0047.flac,238720,
3559,train-clean-100/2002/139469/2002-139469-0085.flac,238720,
3560,train-clean-100/1963/142393/1963-142393-0022.flac,238720,
3561,train-clean-100/298/126791/298-126791-0018.flac,238720,
3562,train-clean-100/1963/142393/1963-142393-0020.flac,238720,
3563,train-clean-100/248/130644/248-130644-0007.flac,238720,
3564,train-clean-100/374/180299/374-180299-0013.flac,238720,
3565,train-clean-100/1081/125237/1081-125237-0081.flac,238720,
3566,train-clean-100/118/47824/118-47824-0048.flac,238720,
3567,train-clean-100/211/122425/211-122425-0056.flac,238720,
3568,train-clean-100/2817/142371/2817-142371-0045.flac,238720,
3569,train-clean-100/233/134440/233-134440-0027.flac,238720,
3570,train-clean-100/322/124147/322-124147-0057.flac,238720,
3571,train-clean-100/211/122442/211-122442-0062.flac,238720,
3572,train-clean-100/2518/154825/2518-154825-0014.flac,238640,
3573,train-clean-100/26/495/26-495-0063.flac,238640,
3574,train-clean-100/2196/174172/2196-174172-0023.flac,238640,
3575,train-clean-100/3374/298025/3374-298025-0012.flac,238640,
3576,train-clean-100/3259/158083/3259-158083-0004.flac,238640,
3577,train-clean-100/2289/152257/2289-152257-0012.flac,238640,
3578,train-clean-100/3214/167602/3214-167602-0037.flac,238640,
3579,train-clean-100/19/198/19-198-0015.flac,238640,
3580,train-clean-100/3947/13260/3947-13260-0047.flac,238640,
3581,train-clean-100/200/124139/200-124139-0036.flac,238640,
3582,train-clean-100/3723/171115/3723-171115-0002.flac,238640,
3583,train-clean-100/3259/158083/3259-158083-0074.flac,238640,
3584,train-clean-100/2518/154825/2518-154825-0036.flac,238560,
3585,train-clean-100/1624/142933/1624-142933-0030.flac,238560,
3586,train-clean-100/1447/130551/1447-130551-0016.flac,238560,
3587,train-clean-100/3436/172171/3436-172171-0002.flac,238560,
3588,train-clean-100/3374/298026/3374-298026-0013.flac,238560,
3589,train-clean-100/1363/139304/1363-139304-0012.flac,238560,
3590,train-clean-100/3259/158083/3259-158083-0084.flac,238560,
3591,train-clean-100/2893/139310/2893-139310-0000.flac,238560,
3592,train-clean-100/26/495/26-495-0037.flac,238560,
3593,train-clean-100/1963/142393/1963-142393-0051.flac,238560,
3594,train-clean-100/1963/142393/1963-142393-0009.flac,238560,
3595,train-clean-100/3807/4923/3807-4923-0042.flac,238480,
3596,train-clean-100/39/121916/39-121916-0005.flac,238480,
3597,train-clean-100/2384/152900/2384-152900-0044.flac,238480,
3598,train-clean-100/2691/156745/2691-156745-0024.flac,238480,
3599,train-clean-100/3112/9554/3112-9554-0012.flac,238480,
3600,train-clean-100/1594/135914/1594-135914-0112.flac,238480,
3601,train-clean-100/2910/131096/2910-131096-0008.flac,238480,
3602,train-clean-100/298/126791/298-126791-0013.flac,238480,
3603,train-clean-100/233/134440/233-134440-0039.flac,238480,
3604,train-clean-100/2007/149877/2007-149877-0050.flac,238480,
3605,train-clean-100/1970/28415/1970-28415-0032.flac,238480,
3606,train-clean-100/328/129766/328-129766-0028.flac,238480,
3607,train-clean-100/3235/28452/3235-28452-0030.flac,238480,
3608,train-clean-100/3664/11714/3664-11714-0003.flac,238480,
3609,train-clean-100/1363/139304/1363-139304-0013.flac,238480,
3610,train-clean-100/1867/154075/1867-154075-0001.flac,238400,
3611,train-clean-100/374/180298/374-180298-0023.flac,238400,
3612,train-clean-100/163/122947/163-122947-0026.flac,238400,
3613,train-clean-100/2289/152253/2289-152253-0023.flac,238400,
3614,train-clean-100/2092/145706/2092-145706-0078.flac,238400,
3615,train-clean-100/200/124139/200-124139-0031.flac,238400,
3616,train-clean-100/2159/179157/2159-179157-0010.flac,238400,
3617,train-clean-100/2691/156750/2691-156750-0029.flac,238400,
3618,train-clean-100/289/121652/289-121652-0011.flac,238400,
3619,train-clean-100/1723/141149/1723-141149-0007.flac,238400,
3620,train-clean-100/254/145458/254-145458-0015.flac,238400,
3621,train-clean-100/2196/174172/2196-174172-0014.flac,238400,
3622,train-clean-100/1867/154075/1867-154075-0034.flac,238400,
3623,train-clean-100/2002/139469/2002-139469-0051.flac,238400,
3624,train-clean-100/3436/172171/3436-172171-0036.flac,238400,
3625,train-clean-100/226/131533/226-131533-0008.flac,238400,
3626,train-clean-100/2136/5140/2136-5140-0005.flac,238400,
3627,train-clean-100/1743/142913/1743-142913-0024.flac,238400,
3628,train-clean-100/3242/67168/3242-67168-0025.flac,238400,
3629,train-clean-100/2416/152139/2416-152139-0008.flac,238400,
3630,train-clean-100/2910/131096/2910-131096-0087.flac,238320,
3631,train-clean-100/3664/178366/3664-178366-0026.flac,238320,
3632,train-clean-100/332/128985/332-128985-0084.flac,238320,
3633,train-clean-100/2436/2476/2436-2476-0000.flac,238320,
3634,train-clean-100/2092/145709/2092-145709-0008.flac,238320,
3635,train-clean-100/3723/171631/3723-171631-0036.flac,238320,
3636,train-clean-100/2910/131096/2910-131096-0043.flac,238320,
3637,train-clean-100/332/128985/332-128985-0010.flac,238320,
3638,train-clean-100/2136/5147/2136-5147-0017.flac,238320,
3639,train-clean-100/3440/171009/3440-171009-0026.flac,238320,
3640,train-clean-100/3526/175658/3526-175658-0011.flac,238320,
3641,train-clean-100/3830/12530/3830-12530-0042.flac,238320,
3642,train-clean-100/1578/6379/1578-6379-0039.flac,238320,
3643,train-clean-100/3242/67168/3242-67168-0006.flac,238320,
3644,train-clean-100/3607/29116/3607-29116-0032.flac,238320,
3645,train-clean-100/254/145458/254-145458-0018.flac,238240,
3646,train-clean-100/3699/175950/3699-175950-0008.flac,238240,
3647,train-clean-100/39/121914/39-121914-0053.flac,238240,
3648,train-clean-100/2518/154826/2518-154826-0027.flac,238240,
3649,train-clean-100/2196/170151/2196-170151-0010.flac,238240,
3650,train-clean-100/3486/166424/3486-166424-0071.flac,238240,
3651,train-clean-100/163/121908/163-121908-0005.flac,238240,
3652,train-clean-100/163/121908/163-121908-0002.flac,238240,
3653,train-clean-100/3723/171631/3723-171631-0039.flac,238240,
3654,train-clean-100/3526/175658/3526-175658-0034.flac,238240,
3655,train-clean-100/2989/138028/2989-138028-0020.flac,238240,
3656,train-clean-100/1963/147036/1963-147036-0028.flac,238240,
3657,train-clean-100/1355/39947/1355-39947-0056.flac,238240,
3658,train-clean-100/233/155990/233-155990-0042.flac,238240,
3659,train-clean-100/2764/36617/2764-36617-0007.flac,238240,
3660,train-clean-100/3112/9555/3112-9555-0040.flac,238240,
3661,train-clean-100/1553/140047/1553-140047-0016.flac,238240,
3662,train-clean-100/2384/152900/2384-152900-0082.flac,238240,
3663,train-clean-100/3436/172171/3436-172171-0008.flac,238160,
3664,train-clean-100/2893/139322/2893-139322-0035.flac,238160,
3665,train-clean-100/3436/172162/3436-172162-0002.flac,238160,
3666,train-clean-100/2911/7601/2911-7601-0013.flac,238160,
3667,train-clean-100/2196/170151/2196-170151-0012.flac,238160,
3668,train-clean-100/3807/4923/3807-4923-0023.flac,238160,
3669,train-clean-100/1502/122615/1502-122615-0006.flac,238160,
3670,train-clean-100/2159/179154/2159-179154-0025.flac,238159,
3671,train-clean-100/125/121124/125-121124-0004.flac,238080,
3672,train-clean-100/103/1241/103-1241-0027.flac,238080,
3673,train-clean-100/298/126791/298-126791-0028.flac,238080,
3674,train-clean-100/2691/156750/2691-156750-0013.flac,238080,
3675,train-clean-100/3240/131231/3240-131231-0030.flac,238080,
3676,train-clean-100/3436/172171/3436-172171-0032.flac,238080,
3677,train-clean-100/229/130880/229-130880-0036.flac,238080,
3678,train-clean-100/2416/152137/2416-152137-0018.flac,238080,
3679,train-clean-100/2989/138028/2989-138028-0066.flac,238000,
3680,train-clean-100/3440/171009/3440-171009-0043.flac,238000,
3681,train-clean-100/3112/9555/3112-9555-0081.flac,238000,
3682,train-clean-100/298/126790/298-126790-0025.flac,238000,
3683,train-clean-100/3240/131231/3240-131231-0067.flac,238000,
3684,train-clean-100/3235/28433/3235-28433-0048.flac,238000,
3685,train-clean-100/201/127786/201-127786-0006.flac,238000,
3686,train-clean-100/3242/67153/3242-67153-0017.flac,238000,
3687,train-clean-100/27/124992/27-124992-0007.flac,238000,
3688,train-clean-100/3214/167607/3214-167607-0029.flac,238000,
3689,train-clean-100/328/129766/328-129766-0039.flac,238000,
3690,train-clean-100/39/121916/39-121916-0027.flac,237920,
3691,train-clean-100/226/131532/226-131532-0022.flac,237920,
3692,train-clean-100/1246/124548/1246-124548-0044.flac,237920,
3693,train-clean-100/1069/133709/1069-133709-0022.flac,237920,
3694,train-clean-100/2514/149482/2514-149482-0017.flac,237920,
3695,train-clean-100/3436/172171/3436-172171-0025.flac,237920,
3696,train-clean-100/3168/173564/3168-173564-0039.flac,237920,
3697,train-clean-100/226/131532/226-131532-0029.flac,237920,
3698,train-clean-100/1069/133709/1069-133709-0002.flac,237840,
3699,train-clean-100/3723/171631/3723-171631-0003.flac,237840,
3700,train-clean-100/1116/132847/1116-132847-0005.flac,237840,
3701,train-clean-100/3486/166424/3486-166424-0067.flac,237840,
3702,train-clean-100/2416/152139/2416-152139-0032.flac,237840,
3703,train-clean-100/2952/408/2952-408-0009.flac,237840,
3704,train-clean-100/3699/19401/3699-19401-0017.flac,237840,
3705,train-clean-100/2092/145706/2092-145706-0057.flac,237840,
3706,train-clean-100/3857/180923/3857-180923-0003.flac,237840,
3707,train-clean-100/3436/172162/3436-172162-0012.flac,237840,
3708,train-clean-100/26/495/26-495-0052.flac,237840,
3709,train-clean-100/1334/135589/1334-135589-0059.flac,237840,
3710,train-clean-100/307/127540/307-127540-0029.flac,237840,
3711,train-clean-100/198/126831/198-126831-0034.flac,237840,
3712,train-clean-100/3436/172171/3436-172171-0059.flac,237840,
3713,train-clean-100/2092/145706/2092-145706-0034.flac,237840,
3714,train-clean-100/332/128985/332-128985-0065.flac,237840,
3715,train-clean-100/2416/152137/2416-152137-0035.flac,237840,
3716,train-clean-100/2002/139469/2002-139469-0092.flac,237840,
3717,train-clean-100/1081/125237/1081-125237-0029.flac,237840,
3718,train-clean-100/2289/152257/2289-152257-0023.flac,237840,
3719,train-clean-100/2843/152918/2843-152918-0048.flac,237840,
3720,train-clean-100/3526/176651/3526-176651-0001.flac,237761,
3721,train-clean-100/2817/142371/2817-142371-0031.flac,237760,
3722,train-clean-100/2817/142380/2817-142380-0022.flac,237760,
3723,train-clean-100/2092/145706/2092-145706-0006.flac,237760,
3724,train-clean-100/3235/28452/3235-28452-0010.flac,237760,
3725,train-clean-100/2514/149482/2514-149482-0001.flac,237760,
3726,train-clean-100/125/121124/125-121124-0055.flac,237760,
3727,train-clean-100/198/209/198-209-0011.flac,237760,
3728,train-clean-100/1355/39947/1355-39947-0021.flac,237760,
3729,train-clean-100/374/180299/374-180299-0024.flac,237760,
3730,train-clean-100/2836/5354/2836-5354-0035.flac,237760,
3731,train-clean-100/1502/122619/1502-122619-0072.flac,237760,
3732,train-clean-100/1963/142776/1963-142776-0011.flac,237760,
3733,train-clean-100/211/122442/211-122442-0041.flac,237760,
3734,train-clean-100/3879/173592/3879-173592-0020.flac,237760,
3735,train-clean-100/3857/180923/3857-180923-0014.flac,237760,
3736,train-clean-100/1970/10594/1970-10594-0011.flac,237760,
3737,train-clean-100/233/155990/233-155990-0017.flac,237760,
3738,train-clean-100/2764/36619/2764-36619-0033.flac,237760,
3739,train-clean-100/1867/148436/1867-148436-0017.flac,237760,
3740,train-clean-100/150/126112/150-126112-0031.flac,237760,
3741,train-clean-100/1578/140049/1578-140049-0015.flac,237680,
3742,train-clean-100/3830/12530/3830-12530-0044.flac,237680,
3743,train-clean-100/1363/139304/1363-139304-0025.flac,237680,
3744,train-clean-100/2182/150130/2182-150130-0010.flac,237680,
3745,train-clean-100/2436/2477/2436-2477-0028.flac,237680,
3746,train-clean-100/3857/180923/3857-180923-0005.flac,237680,
3747,train-clean-100/311/124404/311-124404-0044.flac,237680,
3748,train-clean-100/2836/5354/2836-5354-0039.flac,237680,
3749,train-clean-100/374/180298/374-180298-0057.flac,237680,
3750,train-clean-100/2911/15045/2911-15045-0002.flac,237680,
3751,train-clean-100/3830/12535/3830-12535-0025.flac,237680,
3752,train-clean-100/1116/132847/1116-132847-0009.flac,237680,
3753,train-clean-100/2518/154825/2518-154825-0010.flac,237600,
3754,train-clean-100/302/123523/302-123523-0029.flac,237600,
3755,train-clean-100/254/27760/254-27760-0031.flac,237600,
3756,train-clean-100/2436/2477/2436-2477-0012.flac,237600,
3757,train-clean-100/2817/142380/2817-142380-0015.flac,237600,
3758,train-clean-100/2910/131096/2910-131096-0021.flac,237600,
3759,train-clean-100/332/128985/332-128985-0057.flac,237600,
3760,train-clean-100/1183/133256/1183-133256-0006.flac,237600,
3761,train-clean-100/2764/36619/2764-36619-0029.flac,237600,
3762,train-clean-100/2159/179154/2159-179154-0005.flac,237600,
3763,train-clean-100/1246/124550/1246-124550-0003.flac,237600,
3764,train-clean-100/298/126791/298-126791-0041.flac,237600,
3765,train-clean-100/2910/131096/2910-131096-0006.flac,237599,
3766,train-clean-100/3857/182317/3857-182317-0029.flac,237520,
3767,train-clean-100/1553/140047/1553-140047-0002.flac,237520,
3768,train-clean-100/311/124404/311-124404-0073.flac,237520,
3769,train-clean-100/3259/158083/3259-158083-0007.flac,237520,
3770,train-clean-100/3259/158083/3259-158083-0107.flac,237520,
3771,train-clean-100/1970/10594/1970-10594-0023.flac,237520,
3772,train-clean-100/3440/171009/3440-171009-0065.flac,237520,
3773,train-clean-100/307/127540/307-127540-0000.flac,237520,
3774,train-clean-100/118/121721/118-121721-0012.flac,237520,
3775,train-clean-100/3947/13260/3947-13260-0040.flac,237520,
3776,train-clean-100/163/122947/163-122947-0002.flac,237520,
3777,train-clean-100/3607/29116/3607-29116-0035.flac,237520,
3778,train-clean-100/2092/145706/2092-145706-0026.flac,237520,
3779,train-clean-100/1447/130550/1447-130550-0001.flac,237440,
3780,train-clean-100/374/180298/374-180298-0015.flac,237440,
3781,train-clean-100/2514/149482/2514-149482-0029.flac,237440,
3782,train-clean-100/3526/175658/3526-175658-0026.flac,237440,
3783,train-clean-100/298/126790/298-126790-0027.flac,237440,
3784,train-clean-100/1553/140047/1553-140047-0015.flac,237440,
3785,train-clean-100/1594/135914/1594-135914-0126.flac,237440,
3786,train-clean-100/198/209/198-209-0034.flac,237440,
3787,train-clean-100/254/12312/254-12312-0002.flac,237360,
3788,train-clean-100/2836/5354/2836-5354-0054.flac,237360,
3789,train-clean-100/26/495/26-495-0056.flac,237360,
3790,train-clean-100/3235/28452/3235-28452-0007.flac,237360,
3791,train-clean-100/2416/152137/2416-152137-0010.flac,237360,
3792,train-clean-100/3526/176653/3526-176653-0003.flac,237360,
3793,train-clean-100/27/123349/27-123349-0026.flac,237360,
3794,train-clean-100/3436/172171/3436-172171-0063.flac,237360,
3795,train-clean-100/374/180299/374-180299-0000.flac,237360,
3796,train-clean-100/201/127786/201-127786-0071.flac,237360,
3797,train-clean-100/32/21631/32-21631-0007.flac,237360,
3798,train-clean-100/3259/158083/3259-158083-0123.flac,237360,
3799,train-clean-100/2092/145706/2092-145706-0025.flac,237360,
3800,train-clean-100/1455/138263/1455-138263-0040.flac,237280,
3801,train-clean-100/1992/141719/1992-141719-0022.flac,237280,
3802,train-clean-100/1963/142776/1963-142776-0016.flac,237280,
3803,train-clean-100/2843/152918/2843-152918-0037.flac,237280,
3804,train-clean-100/311/124404/311-124404-0076.flac,237280,
3805,train-clean-100/1355/39947/1355-39947-0090.flac,237280,
3806,train-clean-100/1743/142913/1743-142913-0023.flac,237280,
3807,train-clean-100/39/121914/39-121914-0042.flac,237280,
3808,train-clean-100/2836/5354/2836-5354-0043.flac,237280,
3809,train-clean-100/1081/125237/1081-125237-0063.flac,237280,
3810,train-clean-100/1970/10594/1970-10594-0031.flac,237280,
3811,train-clean-100/32/4137/32-4137-0040.flac,237280,
3812,train-clean-100/1926/147979/1926-147979-0040.flac,237280,
3813,train-clean-100/1088/129236/1088-129236-0018.flac,237280,
3814,train-clean-100/2289/152257/2289-152257-0000.flac,237280,
3815,train-clean-100/3947/13260/3947-13260-0010.flac,237280,
3816,train-clean-100/3699/47246/3699-47246-0003.flac,237201,
3817,train-clean-100/1926/147979/1926-147979-0033.flac,237200,
3818,train-clean-100/2893/139322/2893-139322-0047.flac,237200,
3819,train-clean-100/19/198/19-198-0035.flac,237200,
3820,train-clean-100/311/124404/311-124404-0090.flac,237200,
3821,train-clean-100/198/209/198-209-0002.flac,237200,
3822,train-clean-100/2764/36619/2764-36619-0015.flac,237200,
3823,train-clean-100/1334/135589/1334-135589-0069.flac,237200,
3824,train-clean-100/3168/173564/3168-173564-0019.flac,237200,
3825,train-clean-100/2989/138028/2989-138028-0016.flac,237200,
3826,train-clean-100/254/27760/254-27760-0029.flac,237200,
3827,train-clean-100/1970/28415/1970-28415-0028.flac,237200,
3828,train-clean-100/1040/133433/1040-133433-0004.flac,237200,
3829,train-clean-100/1841/159771/1841-159771-0024.flac,237200,
3830,train-clean-100/1970/28415/1970-28415-0015.flac,237200,
3831,train-clean-100/2436/2477/2436-2477-0036.flac,237200,
3832,train-clean-100/3112/9555/3112-9555-0025.flac,237200,
3833,train-clean-100/3982/182255/3982-182255-0020.flac,237200,
3834,train-clean-100/1088/129236/1088-129236-0025.flac,237120,
3835,train-clean-100/248/130644/248-130644-0033.flac,237120,
3836,train-clean-100/19/227/19-227-0038.flac,237120,
3837,train-clean-100/3168/173564/3168-173564-0007.flac,237120,
3838,train-clean-100/1334/135589/1334-135589-0106.flac,237120,
3839,train-clean-100/2391/145015/2391-145015-0005.flac,237120,
3840,train-clean-100/1034/121119/1034-121119-0072.flac,237120,
3841,train-clean-100/1970/28415/1970-28415-0009.flac,237120,
3842,train-clean-100/3664/178355/3664-178355-0022.flac,237120,
3843,train-clean-100/1578/140045/1578-140045-0015.flac,237120,
3844,train-clean-100/2384/152900/2384-152900-0084.flac,237120,
3845,train-clean-100/200/124139/200-124139-0018.flac,237120,
3846,train-clean-100/2182/181173/2182-181173-0020.flac,237120,
3847,train-clean-100/250/142276/250-142276-0033.flac,237120,
3848,train-clean-100/3830/12535/3830-12535-0011.flac,237120,
3849,train-clean-100/1116/137572/1116-137572-0049.flac,237120,
3850,train-clean-100/1069/133709/1069-133709-0050.flac,237120,
3851,train-clean-100/3436/172162/3436-172162-0040.flac,237120,
3852,train-clean-100/2436/2481/2436-2481-0023.flac,237120,
3853,train-clean-100/2416/152137/2416-152137-0019.flac,237120,
3854,train-clean-100/103/1240/103-1240-0037.flac,237040,
3855,train-clean-100/2196/170379/2196-170379-0022.flac,237040,
3856,train-clean-100/1624/168623/1624-168623-0052.flac,237040,
3857,train-clean-100/1235/135884/1235-135884-0002.flac,237040,
3858,train-clean-100/3259/158083/3259-158083-0079.flac,237040,
3859,train-clean-100/3607/135982/3607-135982-0037.flac,237040,
3860,train-clean-100/248/130644/248-130644-0004.flac,237040,
3861,train-clean-100/1069/133709/1069-133709-0006.flac,237040,
3862,train-clean-100/2182/150130/2182-150130-0011.flac,237040,
3863,train-clean-100/2159/179154/2159-179154-0003.flac,237040,
3864,train-clean-100/2952/407/2952-407-0006.flac,237040,
3865,train-clean-100/3607/29116/3607-29116-0042.flac,237040,
3866,train-clean-100/2910/131096/2910-131096-0040.flac,237040,
3867,train-clean-100/2911/15045/2911-15045-0000.flac,237040,
3868,train-clean-100/2893/139322/2893-139322-0030.flac,237040,
3869,train-clean-100/2092/145709/2092-145709-0003.flac,237040,
3870,train-clean-100/3168/173565/3168-173565-0002.flac,236960,
3871,train-clean-100/3699/47246/3699-47246-0030.flac,236960,
3872,train-clean-100/226/131532/226-131532-0023.flac,236960,
3873,train-clean-100/3214/167607/3214-167607-0008.flac,236960,
3874,train-clean-100/2007/149877/2007-149877-0037.flac,236960,
3875,train-clean-100/2092/145709/2092-145709-0004.flac,236960,
3876,train-clean-100/1578/140045/1578-140045-0013.flac,236960,
3877,train-clean-100/2764/36617/2764-36617-0009.flac,236960,
3878,train-clean-100/1334/135589/1334-135589-0036.flac,236960,
3879,train-clean-100/3723/171631/3723-171631-0006.flac,236960,
3880,train-clean-100/1183/133255/1183-133255-0011.flac,236960,
3881,train-clean-100/103/1241/103-1241-0013.flac,236960,
3882,train-clean-100/103/1240/103-1240-0021.flac,236960,
3883,train-clean-100/1723/141149/1723-141149-0033.flac,236960,
3884,train-clean-100/3699/19402/3699-19402-0001.flac,236880,
3885,train-clean-100/2136/5140/2136-5140-0034.flac,236880,
3886,train-clean-100/2817/142380/2817-142380-0001.flac,236880,
3887,train-clean-100/3607/135982/3607-135982-0033.flac,236880,
3888,train-clean-100/1088/129236/1088-129236-0026.flac,236880,
3889,train-clean-100/32/4137/32-4137-0046.flac,236880,
3890,train-clean-100/2911/7601/2911-7601-0006.flac,236880,
3891,train-clean-100/2384/152900/2384-152900-0072.flac,236880,
3892,train-clean-100/1867/154075/1867-154075-0027.flac,236880,
3893,train-clean-100/3830/12535/3830-12535-0021.flac,236880,
3894,train-clean-100/200/126784/200-126784-0030.flac,236880,
3895,train-clean-100/103/1240/103-1240-0010.flac,236880,
3896,train-clean-100/2092/145706/2092-145706-0000.flac,236880,
3897,train-clean-100/302/123516/302-123516-0000.flac,236880,
3898,train-clean-100/3214/167602/3214-167602-0030.flac,236880,
3899,train-clean-100/2518/154825/2518-154825-0005.flac,236880,
3900,train-clean-100/1723/141149/1723-141149-0029.flac,236880,
3901,train-clean-100/19/198/19-198-0009.flac,236880,
3902,train-clean-100/3526/175658/3526-175658-0018.flac,236800,
3903,train-clean-100/2391/145015/2391-145015-0043.flac,236800,
3904,train-clean-100/19/227/19-227-0019.flac,236800,
3905,train-clean-100/2911/12359/2911-12359-0022.flac,236800,
3906,train-clean-100/3374/298032/3374-298032-0038.flac,236800,
3907,train-clean-100/374/180299/374-180299-0041.flac,236800,
3908,train-clean-100/201/127786/201-127786-0028.flac,236800,
3909,train-clean-100/1737/146161/1737-146161-0008.flac,236800,
3910,train-clean-100/2436/2476/2436-2476-0018.flac,236800,
3911,train-clean-100/1098/133695/1098-133695-0009.flac,236800,
3912,train-clean-100/2514/149482/2514-149482-0048.flac,236800,
3913,train-clean-100/1081/125237/1081-125237-0002.flac,236800,
3914,train-clean-100/3982/178459/3982-178459-0062.flac,236800,
3915,train-clean-100/2893/139310/2893-139310-0048.flac,236800,
3916,train-clean-100/201/127786/201-127786-0067.flac,236720,
3917,train-clean-100/198/126831/198-126831-0009.flac,236720,
3918,train-clean-100/200/124139/200-124139-0034.flac,236720,
3919,train-clean-100/3436/172162/3436-172162-0010.flac,236720,
3920,train-clean-100/2910/131096/2910-131096-0039.flac,236720,
3921,train-clean-100/3664/178355/3664-178355-0032.flac,236720,
3922,train-clean-100/1040/133433/1040-133433-0033.flac,236720,
3923,train-clean-100/3699/19402/3699-19402-0009.flac,236720,
3924,train-clean-100/3857/182315/3857-182315-0043.flac,236720,
3925,train-clean-100/311/124404/311-124404-0095.flac,236720,
3926,train-clean-100/1723/141149/1723-141149-0106.flac,236720,
3927,train-clean-100/3830/12531/3830-12531-0018.flac,236720,
3928,train-clean-100/3526/176651/3526-176651-0004.flac,236720,
3929,train-clean-100/26/495/26-495-0057.flac,236640,
3930,train-clean-100/248/130644/248-130644-0028.flac,236640,
3931,train-clean-100/374/180299/374-180299-0044.flac,236640,
3932,train-clean-100/1235/135884/1235-135884-0004.flac,236640,
3933,train-clean-100/2518/154825/2518-154825-0044.flac,236640,
3934,train-clean-100/1841/159771/1841-159771-0001.flac,236640,
3935,train-clean-100/1334/135589/1334-135589-0074.flac,236640,
3936,train-clean-100/103/1240/103-1240-0052.flac,236640,
3937,train-clean-100/2910/131096/2910-131096-0012.flac,236640,
3938,train-clean-100/2989/138035/2989-138035-0004.flac,236640,
3939,train-clean-100/125/121124/125-121124-0074.flac,236640,
3940,train-clean-100/289/121665/289-121665-0018.flac,236640,
3941,train-clean-100/226/131533/226-131533-0014.flac,236640,
3942,train-clean-100/196/122150/196-122150-0003.flac,236560,
3943,train-clean-100/3607/135982/3607-135982-0009.flac,236560,
3944,train-clean-100/1246/124548/1246-124548-0010.flac,236560,
3945,train-clean-100/3168/173564/3168-173564-0040.flac,236560,
3946,train-clean-100/3168/173565/3168-173565-0026.flac,236560,
3947,train-clean-100/3168/173565/3168-173565-0004.flac,236560,
3948,train-clean-100/3436/172171/3436-172171-0031.flac,236560,
3949,train-clean-100/2952/407/2952-407-0017.flac,236560,
3950,train-clean-100/229/130880/229-130880-0047.flac,236560,
3951,train-clean-100/302/123523/302-123523-0033.flac,236560,
3952,train-clean-100/2159/179157/2159-179157-0025.flac,236560,
3953,train-clean-100/1970/26100/1970-26100-0033.flac,236560,
3954,train-clean-100/39/121915/39-121915-0028.flac,236560,
3955,train-clean-100/198/129977/198-129977-0017.flac,236560,
3956,train-clean-100/3982/178459/3982-178459-0025.flac,236560,
3957,train-clean-100/2416/152139/2416-152139-0062.flac,236560,
3958,train-clean-100/3259/158083/3259-158083-0054.flac,236560,
3959,train-clean-100/3436/172162/3436-172162-0048.flac,236560,
3960,train-clean-100/1992/141719/1992-141719-0014.flac,236560,
3961,train-clean-100/3440/171009/3440-171009-0066.flac,236560,
3962,train-clean-100/2002/139469/2002-139469-0007.flac,236480,
3963,train-clean-100/1447/130551/1447-130551-0033.flac,236480,
3964,train-clean-100/2002/139469/2002-139469-0031.flac,236480,
3965,train-clean-100/1970/26100/1970-26100-0016.flac,236480,
3966,train-clean-100/2436/2476/2436-2476-0003.flac,236480,
3967,train-clean-100/200/126784/200-126784-0005.flac,236480,
3968,train-clean-100/1116/132851/1116-132851-0013.flac,236480,
3969,train-clean-100/1867/154075/1867-154075-0036.flac,236480,
3970,train-clean-100/3235/11599/3235-11599-0011.flac,236480,
3971,train-clean-100/3374/298025/3374-298025-0020.flac,236480,
3972,train-clean-100/150/126107/150-126107-0031.flac,236480,
3973,train-clean-100/3242/67168/3242-67168-0008.flac,236480,
3974,train-clean-100/1723/141149/1723-141149-0004.flac,236480,
3975,train-clean-100/311/124404/311-124404-0035.flac,236480,
3976,train-clean-100/298/126791/298-126791-0019.flac,236480,
3977,train-clean-100/229/130880/229-130880-0030.flac,236400,
3978,train-clean-100/26/495/26-495-0090.flac,236400,
3979,train-clean-100/2817/142371/2817-142371-0018.flac,236400,
3980,train-clean-100/2843/152918/2843-152918-0067.flac,236400,
3981,train-clean-100/200/124140/200-124140-0013.flac,236400,
3982,train-clean-100/2196/174172/2196-174172-0032.flac,236400,
3983,train-clean-100/233/134440/233-134440-0036.flac,236400,
3984,train-clean-100/1069/133709/1069-133709-0048.flac,236400,
3985,train-clean-100/1363/139304/1363-139304-0039.flac,236400,
3986,train-clean-100/2893/139310/2893-139310-0034.flac,236400,
3987,train-clean-100/1743/142912/1743-142912-0032.flac,236400,
3988,train-clean-100/196/122150/196-122150-0013.flac,236400,
3989,train-clean-100/1246/124550/1246-124550-0016.flac,236400,
3990,train-clean-100/1898/145715/1898-145715-0024.flac,236400,
3991,train-clean-100/211/122425/211-122425-0041.flac,236400,
3992,train-clean-100/3168/173565/3168-173565-0025.flac,236400,
3993,train-clean-100/103/1240/103-1240-0032.flac,236400,
3994,train-clean-100/3699/175950/3699-175950-0004.flac,236400,
3995,train-clean-100/2893/139310/2893-139310-0035.flac,236400,
3996,train-clean-100/2384/152900/2384-152900-0008.flac,236400,
3997,train-clean-100/198/209/198-209-0018.flac,236320,
3998,train-clean-100/3440/171009/3440-171009-0002.flac,236320,
3999,train-clean-100/3440/171009/3440-171009-0013.flac,236320,
4000,train-clean-100/198/209/198-209-0024.flac,236320,
4001,train-clean-100/1235/135884/1235-135884-0003.flac,236320,
4002,train-clean-100/298/126790/298-126790-0036.flac,236320,
4003,train-clean-100/1447/130552/1447-130552-0018.flac,236320,
4004,train-clean-100/1502/122619/1502-122619-0028.flac,236320,
4005,train-clean-100/3723/171115/3723-171115-0019.flac,236320,
4006,train-clean-100/3879/174923/3879-174923-0021.flac,236320,
4007,train-clean-100/3112/9555/3112-9555-0022.flac,236320,
4008,train-clean-100/103/1240/103-1240-0048.flac,236320,
4009,train-clean-100/2182/181183/2182-181183-0003.flac,236320,
4010,train-clean-100/332/128985/332-128985-0069.flac,236320,
4011,train-clean-100/2136/5147/2136-5147-0028.flac,236320,
4012,train-clean-100/302/123523/302-123523-0020.flac,236320,
4013,train-clean-100/19/227/19-227-0031.flac,236240,
4014,train-clean-100/2518/154826/2518-154826-0032.flac,236240,
4015,train-clean-100/2843/152918/2843-152918-0047.flac,236240,
4016,train-clean-100/1235/135883/1235-135883-0012.flac,236240,
4017,train-clean-100/32/21625/32-21625-0001.flac,236240,
4018,train-clean-100/1926/147979/1926-147979-0024.flac,236240,
4019,train-clean-100/254/27760/254-27760-0028.flac,236240,
4020,train-clean-100/2910/131096/2910-131096-0089.flac,236240,
4021,train-clean-100/1363/135842/1363-135842-0004.flac,236240,
4022,train-clean-100/3526/176653/3526-176653-0013.flac,236240,
4023,train-clean-100/200/124140/200-124140-0027.flac,236160,
4024,train-clean-100/103/1240/103-1240-0043.flac,236160,
4025,train-clean-100/289/121665/289-121665-0031.flac,236160,
4026,train-clean-100/1355/39947/1355-39947-0038.flac,236160,
4027,train-clean-100/1235/135884/1235-135884-0022.flac,236160,
4028,train-clean-100/248/130697/248-130697-0019.flac,236080,
4029,train-clean-100/1723/141149/1723-141149-0003.flac,236080,
4030,train-clean-100/1447/17506/1447-17506-0007.flac,236080,
4031,train-clean-100/229/130880/229-130880-0054.flac,236080,
4032,train-clean-100/3879/174923/3879-174923-0041.flac,236080,
4033,train-clean-100/1963/142393/1963-142393-0056.flac,236080,
4034,train-clean-100/103/1241/103-1241-0004.flac,236080,
4035,train-clean-100/2007/132570/2007-132570-0018.flac,236080,
4036,train-clean-100/2893/139310/2893-139310-0016.flac,236080,
4037,train-clean-100/2518/154825/2518-154825-0011.flac,236080,
4038,train-clean-100/2436/2476/2436-2476-0040.flac,236080,
4039,train-clean-100/1334/135589/1334-135589-0012.flac,236080,
4040,train-clean-100/1455/134435/1455-134435-0010.flac,236080,
4041,train-clean-100/226/131532/226-131532-0028.flac,236000,
4042,train-clean-100/3807/4923/3807-4923-0009.flac,236000,
4043,train-clean-100/1116/137572/1116-137572-0021.flac,236000,
4044,train-clean-100/2817/142371/2817-142371-0065.flac,236000,
4045,train-clean-100/3982/178459/3982-178459-0013.flac,236000,
4046,train-clean-100/3440/171009/3440-171009-0012.flac,236000,
4047,train-clean-100/1594/135914/1594-135914-0073.flac,236000,
4048,train-clean-100/3440/171009/3440-171009-0051.flac,236000,
4049,train-clean-100/2843/152918/2843-152918-0023.flac,236000,
4050,train-clean-100/3830/12530/3830-12530-0002.flac,236000,
4051,train-clean-100/1553/140048/1553-140048-0018.flac,236000,
4052,train-clean-100/1069/133709/1069-133709-0004.flac,236000,
4053,train-clean-100/3699/47246/3699-47246-0020.flac,236000,
4054,train-clean-100/1334/135589/1334-135589-0102.flac,236000,
4055,train-clean-100/2159/179154/2159-179154-0035.flac,235920,
4056,train-clean-100/1081/125237/1081-125237-0087.flac,235920,
4057,train-clean-100/3214/167606/3214-167606-0035.flac,235920,
4058,train-clean-100/2159/179154/2159-179154-0028.flac,235920,
4059,train-clean-100/328/129766/328-129766-0051.flac,235920,
4060,train-clean-100/2911/7601/2911-7601-0002.flac,235920,
4061,train-clean-100/2196/174172/2196-174172-0019.flac,235920,
4062,train-clean-100/2436/2476/2436-2476-0030.flac,235920,
4063,train-clean-100/3879/174923/3879-174923-0046.flac,235920,
4064,train-clean-100/1553/140047/1553-140047-0021.flac,235920,
4065,train-clean-100/2989/138035/2989-138035-0039.flac,235920,
4066,train-clean-100/1034/121119/1034-121119-0083.flac,235920,
4067,train-clean-100/3235/28433/3235-28433-0002.flac,235920,
4068,train-clean-100/1069/133699/1069-133699-0011.flac,235920,
4069,train-clean-100/2514/149482/2514-149482-0049.flac,235840,
4070,train-clean-100/1553/140048/1553-140048-0008.flac,235840,
4071,train-clean-100/3607/135982/3607-135982-0021.flac,235840,
4072,train-clean-100/2764/36619/2764-36619-0023.flac,235840,
4073,train-clean-100/1355/39947/1355-39947-0032.flac,235840,
4074,train-clean-100/2952/408/2952-408-0017.flac,235840,
4075,train-clean-100/1447/130551/1447-130551-0028.flac,235840,
4076,train-clean-100/307/127540/307-127540-0024.flac,235840,
4077,train-clean-100/32/4137/32-4137-0057.flac,235760,
4078,train-clean-100/311/124404/311-124404-0006.flac,235760,
4079,train-clean-100/374/180299/374-180299-0033.flac,235760,
4080,train-clean-100/254/12312/254-12312-0008.flac,235760,
4081,train-clean-100/2764/36616/2764-36616-0010.flac,235760,
4082,train-clean-100/201/127786/201-127786-0051.flac,235760,
4083,train-clean-100/19/198/19-198-0032.flac,235760,
4084,train-clean-100/2384/152900/2384-152900-0062.flac,235760,
4085,train-clean-100/3168/173564/3168-173564-0015.flac,235760,
4086,train-clean-100/1355/39947/1355-39947-0054.flac,235760,
4087,train-clean-100/196/122150/196-122150-0017.flac,235760,
4088,train-clean-100/3723/171115/3723-171115-0048.flac,235760,
4089,train-clean-100/196/122152/196-122152-0020.flac,235760,
4090,train-clean-100/2817/142371/2817-142371-0009.flac,235760,
4091,train-clean-100/3807/4923/3807-4923-0007.flac,235760,
4092,train-clean-100/1737/148989/1737-148989-0039.flac,235680,
4093,train-clean-100/150/126112/150-126112-0012.flac,235680,
4094,train-clean-100/374/180299/374-180299-0017.flac,235680,
4095,train-clean-100/2514/149482/2514-149482-0002.flac,235680,
4096,train-clean-100/2436/2481/2436-2481-0012.flac,235680,
4097,train-clean-100/201/127786/201-127786-0016.flac,235680,
4098,train-clean-100/226/122538/226-122538-0015.flac,235680,
4099,train-clean-100/163/121908/163-121908-0000.flac,235680,
4100,train-clean-100/226/131532/226-131532-0024.flac,235680,
4101,train-clean-100/3526/176651/3526-176651-0006.flac,235680,
4102,train-clean-100/3664/178355/3664-178355-0026.flac,235680,
4103,train-clean-100/2002/139469/2002-139469-0075.flac,235680,
4104,train-clean-100/2817/142380/2817-142380-0011.flac,235679,
4105,train-clean-100/1624/168623/1624-168623-0008.flac,235600,
4106,train-clean-100/3168/173565/3168-173565-0017.flac,235600,
4107,train-clean-100/2159/179154/2159-179154-0008.flac,235600,
4108,train-clean-100/39/121915/39-121915-0014.flac,235600,
4109,train-clean-100/3879/173592/3879-173592-0040.flac,235600,
4110,train-clean-100/332/128985/332-128985-0019.flac,235600,
4111,train-clean-100/2911/7601/2911-7601-0009.flac,235600,
4112,train-clean-100/1502/122615/1502-122615-0017.flac,235600,
4113,train-clean-100/3240/131231/3240-131231-0082.flac,235600,
4114,train-clean-100/163/122947/163-122947-0001.flac,235600,
4115,train-clean-100/1116/137572/1116-137572-0028.flac,235600,
4116,train-clean-100/2391/145015/2391-145015-0047.flac,235600,
4117,train-clean-100/302/123516/302-123516-0010.flac,235520,
4118,train-clean-100/2289/152258/2289-152258-0037.flac,235520,
4119,train-clean-100/289/121652/289-121652-0013.flac,235520,
4120,train-clean-100/1355/39947/1355-39947-0078.flac,235520,
4121,train-clean-100/1355/39947/1355-39947-0095.flac,235520,
4122,train-clean-100/3607/29116/3607-29116-0021.flac,235520,
4123,train-clean-100/2989/138028/2989-138028-0028.flac,235520,
4124,train-clean-100/233/134440/233-134440-0057.flac,235520,
4125,train-clean-100/322/124147/322-124147-0059.flac,235520,
4126,train-clean-100/298/126791/298-126791-0008.flac,235520,
4127,train-clean-100/2159/179156/2159-179156-0005.flac,235520,
4128,train-clean-100/3607/135982/3607-135982-0048.flac,235520,
4129,train-clean-100/2910/131096/2910-131096-0084.flac,235520,
4130,train-clean-100/254/127705/254-127705-0020.flac,235520,
4131,train-clean-100/2691/156745/2691-156745-0025.flac,235440,
4132,train-clean-100/1594/135914/1594-135914-0028.flac,235440,
4133,train-clean-100/254/127705/254-127705-0002.flac,235440,
4134,train-clean-100/1081/125237/1081-125237-0082.flac,235440,
4135,train-clean-100/2911/7601/2911-7601-0005.flac,235440,
4136,train-clean-100/1841/159771/1841-159771-0019.flac,235440,
4137,train-clean-100/150/126112/150-126112-0035.flac,235440,
4138,train-clean-100/3214/167607/3214-167607-0038.flac,235440,
4139,train-clean-100/1926/147979/1926-147979-0034.flac,235440,
4140,train-clean-100/3112/9555/3112-9555-0066.flac,235440,
4141,train-clean-100/2136/5147/2136-5147-0023.flac,235440,
4142,train-clean-100/2002/139469/2002-139469-0017.flac,235440,
4143,train-clean-100/211/122442/211-122442-0021.flac,235440,
4144,train-clean-100/298/126790/298-126790-0041.flac,235440,
4145,train-clean-100/2910/131096/2910-131096-0019.flac,235440,
4146,train-clean-100/3526/175658/3526-175658-0031.flac,235440,
4147,train-clean-100/3436/172162/3436-172162-0004.flac,235440,
4148,train-clean-100/2289/152253/2289-152253-0009.flac,235440,
4149,train-clean-100/2764/36616/2764-36616-0008.flac,235440,
4150,train-clean-100/1081/125237/1081-125237-0049.flac,235440,
4151,train-clean-100/2893/139310/2893-139310-0043.flac,235360,
4152,train-clean-100/1553/140048/1553-140048-0027.flac,235360,
4153,train-clean-100/200/124139/200-124139-0030.flac,235360,
4154,train-clean-100/103/1240/103-1240-0003.flac,235360,
4155,train-clean-100/328/129766/328-129766-0096.flac,235360,
4156,train-clean-100/1334/135589/1334-135589-0078.flac,235360,
4157,train-clean-100/3436/172171/3436-172171-0016.flac,235360,
4158,train-clean-100/250/142276/250-142276-0057.flac,235360,
4159,train-clean-100/2836/5354/2836-5354-0019.flac,235360,
4160,train-clean-100/196/122159/196-122159-0005.flac,235360,
4161,train-clean-100/3664/11714/3664-11714-0019.flac,235360,
4162,train-clean-100/2989/138028/2989-138028-0031.flac,235280,
4163,train-clean-100/1594/135914/1594-135914-0083.flac,235280,
4164,train-clean-100/2416/152137/2416-152137-0001.flac,235280,
4165,train-clean-100/19/227/19-227-0005.flac,235280,
4166,train-clean-100/233/134440/233-134440-0047.flac,235280,
4167,train-clean-100/311/124404/311-124404-0055.flac,235280,
4168,train-clean-100/2196/170151/2196-170151-0005.flac,235280,
4169,train-clean-100/307/127535/307-127535-0024.flac,235280,
4170,train-clean-100/2911/7601/2911-7601-0011.flac,235280,
4171,train-clean-100/374/180299/374-180299-0014.flac,235280,
4172,train-clean-100/3259/158083/3259-158083-0098.flac,235280,
4173,train-clean-100/1447/17506/1447-17506-0029.flac,235280,
4174,train-clean-100/1455/138263/1455-138263-0039.flac,235280,
4175,train-clean-100/2159/179154/2159-179154-0012.flac,235280,
4176,train-clean-100/196/122150/196-122150-0009.flac,235200,
4177,train-clean-100/2384/152900/2384-152900-0026.flac,235200,
4178,train-clean-100/298/126790/298-126790-0030.flac,235200,
4179,train-clean-100/311/124404/311-124404-0005.flac,235200,
4180,train-clean-100/1455/138263/1455-138263-0053.flac,235200,
4181,train-clean-100/39/121914/39-121914-0052.flac,235200,
4182,train-clean-100/1235/135884/1235-135884-0007.flac,235200,
4183,train-clean-100/3699/175950/3699-175950-0022.flac,235200,
4184,train-clean-100/200/124139/200-124139-0002.flac,235200,
4185,train-clean-100/322/124147/322-124147-0024.flac,235200,
4186,train-clean-100/1743/142912/1743-142912-0009.flac,235120,
4187,train-clean-100/1363/139304/1363-139304-0022.flac,235120,
4188,train-clean-100/1867/154075/1867-154075-0000.flac,235120,
4189,train-clean-100/1098/133695/1098-133695-0068.flac,235120,
4190,train-clean-100/2136/5147/2136-5147-0031.flac,235120,
4191,train-clean-100/1098/133695/1098-133695-0058.flac,235120,
4192,train-clean-100/2910/131096/2910-131096-0029.flac,235120,
4193,train-clean-100/163/122947/163-122947-0064.flac,235120,
4194,train-clean-100/26/495/26-495-0042.flac,235120,
4195,train-clean-100/3723/171631/3723-171631-0015.flac,235120,
4196,train-clean-100/1970/10594/1970-10594-0024.flac,235120,
4197,train-clean-100/2196/174172/2196-174172-0000.flac,235120,
4198,train-clean-100/2416/152139/2416-152139-0039.flac,235120,
4199,train-clean-100/27/123349/27-123349-0056.flac,235120,
4200,train-clean-100/3830/12531/3830-12531-0029.flac,235119,
4201,train-clean-100/3440/171009/3440-171009-0036.flac,235040,
4202,train-clean-100/2289/152254/2289-152254-0024.flac,235040,
4203,train-clean-100/2514/149482/2514-149482-0026.flac,235040,
4204,train-clean-100/163/122947/163-122947-0005.flac,235040,
4205,train-clean-100/1334/135589/1334-135589-0023.flac,235040,
4206,train-clean-100/1737/142396/1737-142396-0003.flac,235040,
4207,train-clean-100/26/495/26-495-0078.flac,235040,
4208,train-clean-100/1963/142393/1963-142393-0015.flac,235040,
4209,train-clean-100/1743/142912/1743-142912-0022.flac,235040,
4210,train-clean-100/1069/133699/1069-133699-0002.flac,234960,
4211,train-clean-100/3440/171009/3440-171009-0007.flac,234960,
4212,train-clean-100/1263/138246/1263-138246-0022.flac,234960,
4213,train-clean-100/1069/133699/1069-133699-0020.flac,234960,
4214,train-clean-100/1081/125237/1081-125237-0055.flac,234960,
4215,train-clean-100/1034/121119/1034-121119-0071.flac,234960,
4216,train-clean-100/1502/122615/1502-122615-0013.flac,234960,
4217,train-clean-100/233/134440/233-134440-0033.flac,234960,
4218,train-clean-100/328/129766/328-129766-0058.flac,234960,
4219,train-clean-100/1898/145715/1898-145715-0037.flac,234960,
4220,train-clean-100/1098/133695/1098-133695-0052.flac,234960,
4221,train-clean-100/1034/121119/1034-121119-0087.flac,234960,
4222,train-clean-100/3240/131231/3240-131231-0021.flac,234960,
4223,train-clean-100/26/495/26-495-0081.flac,234960,
4224,train-clean-100/332/128985/332-128985-0046.flac,234960,
4225,train-clean-100/2002/139469/2002-139469-0050.flac,234960,
4226,train-clean-100/3664/178355/3664-178355-0004.flac,234960,
4227,train-clean-100/1183/133256/1183-133256-0010.flac,234960,
4228,train-clean-100/3879/174923/3879-174923-0045.flac,234960,
4229,train-clean-100/2989/138028/2989-138028-0062.flac,234960,
4230,train-clean-100/2196/174172/2196-174172-0006.flac,234960,
4231,train-clean-100/1246/124548/1246-124548-0011.flac,234960,
4232,train-clean-100/3879/173592/3879-173592-0010.flac,234960,
4233,train-clean-100/1246/124548/1246-124548-0039.flac,234960,
4234,train-clean-100/302/123516/302-123516-0028.flac,234880,
4235,train-clean-100/1594/135914/1594-135914-0050.flac,234880,
4236,train-clean-100/2436/2477/2436-2477-0013.flac,234880,
4237,train-clean-100/233/134440/233-134440-0037.flac,234880,
4238,train-clean-100/1553/140047/1553-140047-0027.flac,234880,
4239,train-clean-100/1246/124550/1246-124550-0009.flac,234880,
4240,train-clean-100/1624/142933/1624-142933-0039.flac,234880,
4241,train-clean-100/2002/139469/2002-139469-0004.flac,234880,
4242,train-clean-100/2843/152918/2843-152918-0002.flac,234880,
4243,train-clean-100/150/126107/150-126107-0011.flac,234800,
4244,train-clean-100/1034/121119/1034-121119-0033.flac,234800,
4245,train-clean-100/19/198/19-198-0029.flac,234800,
4246,train-clean-100/1183/133256/1183-133256-0015.flac,234800,
4247,train-clean-100/2911/15084/2911-15084-0004.flac,234800,
4248,train-clean-100/3374/298032/3374-298032-0024.flac,234800,
4249,train-clean-100/3607/135982/3607-135982-0046.flac,234800,
4250,train-clean-100/3699/47246/3699-47246-0005.flac,234800,
4251,train-clean-100/1926/147987/1926-147987-0011.flac,234799,
4252,train-clean-100/2843/152918/2843-152918-0083.flac,234720,
4253,train-clean-100/1553/140047/1553-140047-0012.flac,234720,
4254,train-clean-100/1624/142933/1624-142933-0044.flac,234720,
4255,train-clean-100/2159/179154/2159-179154-0019.flac,234720,
4256,train-clean-100/1926/147979/1926-147979-0035.flac,234720,
4257,train-clean-100/2384/152900/2384-152900-0023.flac,234720,
4258,train-clean-100/103/1240/103-1240-0040.flac,234720,
4259,train-clean-100/1363/135842/1363-135842-0021.flac,234720,
4260,train-clean-100/1081/125237/1081-125237-0031.flac,234720,
4261,train-clean-100/307/127540/307-127540-0011.flac,234720,
4262,train-clean-100/2910/131096/2910-131096-0048.flac,234720,
4263,train-clean-100/1098/133695/1098-133695-0069.flac,234640,
4264,train-clean-100/103/1241/103-1241-0016.flac,234640,
4265,train-clean-100/2002/139469/2002-139469-0086.flac,234640,
4266,train-clean-100/3240/131231/3240-131231-0074.flac,234640,
4267,train-clean-100/307/127539/307-127539-0032.flac,234640,
4268,train-clean-100/1502/122615/1502-122615-0037.flac,234640,
4269,train-clean-100/2196/174172/2196-174172-0036.flac,234640,
4270,train-clean-100/1334/135589/1334-135589-0051.flac,234640,
4271,train-clean-100/2007/149877/2007-149877-0044.flac,234640,
4272,train-clean-100/307/127539/307-127539-0038.flac,234640,
4273,train-clean-100/1970/26100/1970-26100-0006.flac,234640,
4274,train-clean-100/2514/149482/2514-149482-0023.flac,234640,
4275,train-clean-100/3112/9555/3112-9555-0037.flac,234640,
4276,train-clean-100/3857/182315/3857-182315-0041.flac,234640,
4277,train-clean-100/1867/154075/1867-154075-0007.flac,234640,
4278,train-clean-100/3830/12530/3830-12530-0016.flac,234640,
4279,train-clean-100/1743/142912/1743-142912-0001.flac,234640,
4280,train-clean-100/27/123349/27-123349-0037.flac,234640,
4281,train-clean-100/163/122947/163-122947-0042.flac,234640,
4282,train-clean-100/374/180299/374-180299-0026.flac,234640,
4283,train-clean-100/332/128985/332-128985-0044.flac,234560,
4284,train-clean-100/3983/5331/3983-5331-0009.flac,234560,
4285,train-clean-100/2910/131096/2910-131096-0009.flac,234560,
4286,train-clean-100/1594/135914/1594-135914-0085.flac,234560,
4287,train-clean-100/2289/152258/2289-152258-0038.flac,234560,
4288,train-clean-100/332/128985/332-128985-0074.flac,234560,
4289,train-clean-100/3112/9554/3112-9554-0005.flac,234560,
4290,train-clean-100/3723/171115/3723-171115-0043.flac,234560,
4291,train-clean-100/163/122947/163-122947-0020.flac,234560,
4292,train-clean-100/229/130880/229-130880-0051.flac,234560,
4293,train-clean-100/248/130697/248-130697-0020.flac,234560,
4294,train-clean-100/3879/173592/3879-173592-0004.flac,234560,
4295,train-clean-100/2416/152139/2416-152139-0002.flac,234560,
4296,train-clean-100/1594/135914/1594-135914-0116.flac,234560,
4297,train-clean-100/118/121721/118-121721-0008.flac,234560,
4298,train-clean-100/2518/154826/2518-154826-0033.flac,234560,
4299,train-clean-100/2384/152900/2384-152900-0012.flac,234560,
4300,train-clean-100/103/1240/103-1240-0011.flac,234480,
4301,train-clean-100/19/227/19-227-0007.flac,234480,
4302,train-clean-100/1737/146161/1737-146161-0016.flac,234480,
4303,train-clean-100/2893/139310/2893-139310-0019.flac,234480,
4304,train-clean-100/2436/2476/2436-2476-0020.flac,234480,
4305,train-clean-100/2514/149482/2514-149482-0084.flac,234480,
4306,train-clean-100/1334/135589/1334-135589-0026.flac,234480,
4307,train-clean-100/2002/139469/2002-139469-0071.flac,234480,
4308,train-clean-100/3723/171115/3723-171115-0036.flac,234480,
4309,train-clean-100/254/27760/254-27760-0034.flac,234480,
4310,train-clean-100/118/124588/118-124588-0016.flac,234480,
4311,train-clean-100/3723/171115/3723-171115-0032.flac,234400,
4312,train-clean-100/1334/135589/1334-135589-0080.flac,234400,
4313,train-clean-100/1970/10594/1970-10594-0010.flac,234400,
4314,train-clean-100/1867/148436/1867-148436-0028.flac,234400,
4315,train-clean-100/118/124588/118-124588-0015.flac,234400,
4316,train-clean-100/3607/29116/3607-29116-0028.flac,234400,
4317,train-clean-100/1898/145715/1898-145715-0005.flac,234400,
4318,train-clean-100/163/122947/163-122947-0029.flac,234400,
4319,train-clean-100/2002/139469/2002-139469-0049.flac,234400,
4320,train-clean-100/322/124147/322-124147-0054.flac,234400,
4321,train-clean-100/3830/12531/3830-12531-0004.flac,234400,
4322,train-clean-100/1040/133433/1040-133433-0028.flac,234400,
4323,train-clean-100/201/127786/201-127786-0002.flac,234400,
4324,train-clean-100/2416/152137/2416-152137-0022.flac,234400,
4325,train-clean-100/254/27760/254-27760-0014.flac,234400,
4326,train-clean-100/118/47824/118-47824-0049.flac,234400,
4327,train-clean-100/302/123504/302-123504-0010.flac,234320,
4328,train-clean-100/3830/12531/3830-12531-0013.flac,234320,
4329,train-clean-100/2514/149482/2514-149482-0098.flac,234320,
4330,train-clean-100/1624/168623/1624-168623-0029.flac,234320,
4331,train-clean-100/211/122425/211-122425-0026.flac,234320,
4332,train-clean-100/211/122442/211-122442-0055.flac,234320,
4333,train-clean-100/3664/178366/3664-178366-0034.flac,234320,
4334,train-clean-100/2691/156755/2691-156755-0032.flac,234320,
4335,train-clean-100/2518/154825/2518-154825-0053.flac,234320,
4336,train-clean-100/1098/133695/1098-133695-0016.flac,234320,
4337,train-clean-100/3830/12530/3830-12530-0000.flac,234319,
4338,train-clean-100/2893/139322/2893-139322-0025.flac,234240,
4339,train-clean-100/2893/139310/2893-139310-0039.flac,234240,
4340,train-clean-100/2817/142380/2817-142380-0040.flac,234240,
4341,train-clean-100/1088/129236/1088-129236-0023.flac,234240,
4342,train-clean-100/1737/148989/1737-148989-0021.flac,234240,
4343,train-clean-100/125/121124/125-121124-0028.flac,234240,
4344,train-clean-100/2518/154825/2518-154825-0045.flac,234240,
4345,train-clean-100/1040/133433/1040-133433-0005.flac,234240,
4346,train-clean-100/1363/135842/1363-135842-0023.flac,234240,
4347,train-clean-100/1235/135884/1235-135884-0021.flac,234240,
4348,train-clean-100/1447/130550/1447-130550-0016.flac,234240,
4349,train-clean-100/226/131533/226-131533-0018.flac,234240,
4350,train-clean-100/1447/130552/1447-130552-0013.flac,234240,
4351,train-clean-100/200/126784/200-126784-0008.flac,234160,
4352,train-clean-100/2764/36619/2764-36619-0021.flac,234160,
4353,train-clean-100/1963/147036/1963-147036-0001.flac,234160,
4354,train-clean-100/27/123349/27-123349-0003.flac,234160,
4355,train-clean-100/1841/159771/1841-159771-0002.flac,234160,
4356,train-clean-100/32/4137/32-4137-0056.flac,234160,
4357,train-clean-100/2911/7601/2911-7601-0040.flac,234160,
4358,train-clean-100/1867/148436/1867-148436-0009.flac,234160,
4359,train-clean-100/2092/145706/2092-145706-0032.flac,234160,
4360,train-clean-100/1553/140048/1553-140048-0011.flac,234160,
4361,train-clean-100/298/126791/298-126791-0000.flac,234160,
4362,train-clean-100/3486/166424/3486-166424-0012.flac,234080,
4363,train-clean-100/19/227/19-227-0017.flac,234080,
4364,train-clean-100/1624/142933/1624-142933-0024.flac,234080,
4365,train-clean-100/322/124147/322-124147-0010.flac,234080,
4366,train-clean-100/322/124147/322-124147-0013.flac,234080,
4367,train-clean-100/198/129977/198-129977-0030.flac,234080,
4368,train-clean-100/2436/2477/2436-2477-0016.flac,234080,
4369,train-clean-100/2843/152918/2843-152918-0109.flac,234080,
4370,train-clean-100/1963/142776/1963-142776-0003.flac,234080,
4371,train-clean-100/1841/159771/1841-159771-0038.flac,234080,
4372,train-clean-100/2159/179156/2159-179156-0035.flac,234000,
4373,train-clean-100/2289/152258/2289-152258-0003.flac,234000,
4374,train-clean-100/2196/170151/2196-170151-0026.flac,234000,
4375,train-clean-100/250/142276/250-142276-0015.flac,234000,
4376,train-clean-100/3242/67153/3242-67153-0008.flac,234000,
4377,train-clean-100/2092/145706/2092-145706-0036.flac,234000,
4378,train-clean-100/250/142276/250-142276-0003.flac,234000,
4379,train-clean-100/3242/8112/3242-8112-0040.flac,234000,
4380,train-clean-100/3723/171115/3723-171115-0055.flac,233920,
4381,train-clean-100/19/227/19-227-0036.flac,233920,
4382,train-clean-100/198/126831/198-126831-0035.flac,233920,
4383,train-clean-100/1737/142397/1737-142397-0000.flac,233920,
4384,train-clean-100/2514/149482/2514-149482-0010.flac,233920,
4385,train-clean-100/250/140277/250-140277-0013.flac,233920,
4386,train-clean-100/1743/142914/1743-142914-0023.flac,233920,
4387,train-clean-100/2182/150130/2182-150130-0000.flac,233920,
4388,train-clean-100/322/124147/322-124147-0074.flac,233920,
4389,train-clean-100/1455/134435/1455-134435-0052.flac,233920,
4390,train-clean-100/298/126790/298-126790-0021.flac,233920,
4391,train-clean-100/200/124139/200-124139-0014.flac,233920,
4392,train-clean-100/254/145458/254-145458-0009.flac,233920,
4393,train-clean-100/1992/141719/1992-141719-0013.flac,233920,
4394,train-clean-100/2391/145015/2391-145015-0036.flac,233840,
4395,train-clean-100/1867/154075/1867-154075-0020.flac,233840,
4396,train-clean-100/3983/5331/3983-5331-0015.flac,233840,
4397,train-clean-100/118/47824/118-47824-0033.flac,233840,
4398,train-clean-100/1235/135883/1235-135883-0008.flac,233840,
4399,train-clean-100/3526/176653/3526-176653-0037.flac,233840,
4400,train-clean-100/1963/147036/1963-147036-0010.flac,233840,
4401,train-clean-100/229/130880/229-130880-0044.flac,233840,
4402,train-clean-100/1355/39947/1355-39947-0027.flac,233840,
4403,train-clean-100/1081/125237/1081-125237-0080.flac,233840,
4404,train-clean-100/1447/17506/1447-17506-0024.flac,233840,
4405,train-clean-100/1737/148989/1737-148989-0019.flac,233760,
4406,train-clean-100/1081/125237/1081-125237-0043.flac,233760,
4407,train-clean-100/201/127786/201-127786-0010.flac,233760,
4408,train-clean-100/2159/179156/2159-179156-0032.flac,233760,
4409,train-clean-100/150/126107/150-126107-0014.flac,233760,
4410,train-clean-100/2182/150130/2182-150130-0005.flac,233680,
4411,train-clean-100/1081/125237/1081-125237-0109.flac,233680,
4412,train-clean-100/1867/148436/1867-148436-0041.flac,233680,
4413,train-clean-100/196/122159/196-122159-0012.flac,233680,
4414,train-clean-100/229/130880/229-130880-0083.flac,233680,
4415,train-clean-100/3947/13260/3947-13260-0038.flac,233680,
4416,train-clean-100/3526/175658/3526-175658-0005.flac,233680,
4417,train-clean-100/2843/152918/2843-152918-0102.flac,233680,
4418,train-clean-100/254/127705/254-127705-0040.flac,233680,
4419,train-clean-100/2289/152258/2289-152258-0020.flac,233680,
4420,train-clean-100/3240/131231/3240-131231-0073.flac,233680,
4421,train-clean-100/2910/131096/2910-131096-0037.flac,233680,
4422,train-clean-100/3664/178355/3664-178355-0003.flac,233680,
4423,train-clean-100/2952/408/2952-408-0018.flac,233680,
4424,train-clean-100/1723/141149/1723-141149-0084.flac,233680,
4425,train-clean-100/3168/173564/3168-173564-0028.flac,233680,
4426,train-clean-100/26/495/26-495-0079.flac,233680,
4427,train-clean-100/3699/19402/3699-19402-0011.flac,233680,
4428,train-clean-100/118/47824/118-47824-0052.flac,233600,
4429,train-clean-100/2007/149877/2007-149877-0048.flac,233600,
4430,train-clean-100/1263/138246/1263-138246-0001.flac,233600,
4431,train-clean-100/3982/182255/3982-182255-0011.flac,233600,
4432,train-clean-100/163/122947/163-122947-0065.flac,233600,
4433,train-clean-100/254/145458/254-145458-0002.flac,233600,
4434,train-clean-100/3112/9554/3112-9554-0001.flac,233600,
4435,train-clean-100/1088/129236/1088-129236-0010.flac,233600,
4436,train-clean-100/3947/13262/3947-13262-0001.flac,233600,
4437,train-clean-100/1926/147979/1926-147979-0032.flac,233600,
4438,train-clean-100/311/124404/311-124404-0039.flac,233600,
4439,train-clean-100/1069/133709/1069-133709-0026.flac,233600,
4440,train-clean-100/322/124146/322-124146-0006.flac,233600,
4441,train-clean-100/298/126790/298-126790-0013.flac,233600,
4442,train-clean-100/2514/149482/2514-149482-0047.flac,233600,
4443,train-clean-100/3259/158083/3259-158083-0101.flac,233600,
4444,train-clean-100/2691/156750/2691-156750-0019.flac,233600,
4445,train-clean-100/1723/141149/1723-141149-0000.flac,233600,
4446,train-clean-100/150/132655/150-132655-0021.flac,233600,
4447,train-clean-100/196/122150/196-122150-0014.flac,233600,
4448,train-clean-100/2002/139469/2002-139469-0104.flac,233600,
4449,train-clean-100/374/180299/374-180299-0027.flac,233520,
4450,train-clean-100/1116/137572/1116-137572-0055.flac,233520,
4451,train-clean-100/311/124404/311-124404-0098.flac,233520,
4452,train-clean-100/3168/173564/3168-173564-0001.flac,233520,
4453,train-clean-100/2007/132570/2007-132570-0034.flac,233520,
4454,train-clean-100/2893/139310/2893-139310-0044.flac,233520,
4455,train-clean-100/1363/135842/1363-135842-0047.flac,233520,
4456,train-clean-100/3830/12530/3830-12530-0012.flac,233520,
4457,train-clean-100/3807/4955/3807-4955-0037.flac,233520,
4458,train-clean-100/1040/133433/1040-133433-0000.flac,233520,
4459,train-clean-100/1098/133695/1098-133695-0088.flac,233520,
4460,train-clean-100/254/27760/254-27760-0025.flac,233520,
4461,train-clean-100/3486/166424/3486-166424-0070.flac,233520,
4462,train-clean-100/32/4137/32-4137-0052.flac,233520,
4463,train-clean-100/39/121915/39-121915-0009.flac,233520,
4464,train-clean-100/1578/140049/1578-140049-0008.flac,233520,
4465,train-clean-100/2416/152139/2416-152139-0020.flac,233440,
4466,train-clean-100/254/12312/254-12312-0016.flac,233440,
4467,train-clean-100/118/124588/118-124588-0009.flac,233440,
4468,train-clean-100/2843/152918/2843-152918-0066.flac,233440,
4469,train-clean-100/2092/145706/2092-145706-0077.flac,233440,
4470,train-clean-100/26/495/26-495-0046.flac,233440,
4471,train-clean-100/3374/298025/3374-298025-0027.flac,233440,
4472,train-clean-100/163/122947/163-122947-0041.flac,233440,
4473,train-clean-100/163/122947/163-122947-0069.flac,233440,
4474,train-clean-100/1578/140049/1578-140049-0006.flac,233440,
4475,train-clean-100/3112/9555/3112-9555-0086.flac,233439,
4476,train-clean-100/302/123504/302-123504-0012.flac,233360,
4477,train-clean-100/1246/124550/1246-124550-0000.flac,233360,
4478,train-clean-100/3807/4955/3807-4955-0003.flac,233360,
4479,train-clean-100/2002/139469/2002-139469-0006.flac,233360,
4480,train-clean-100/311/124404/311-124404-0050.flac,233360,
4481,train-clean-100/1363/139304/1363-139304-0041.flac,233360,
4482,train-clean-100/2007/149877/2007-149877-0031.flac,233360,
4483,train-clean-100/196/122150/196-122150-0022.flac,233280,
4484,train-clean-100/2836/5354/2836-5354-0049.flac,233280,
4485,train-clean-100/26/496/26-496-0000.flac,233280,
4486,train-clean-100/3607/135982/3607-135982-0047.flac,233280,
4487,train-clean-100/1363/135842/1363-135842-0046.flac,233280,
4488,train-clean-100/2436/2476/2436-2476-0031.flac,233280,
4489,train-clean-100/1841/159771/1841-159771-0035.flac,233280,
4490,train-clean-100/3374/298026/3374-298026-0042.flac,233280,
4491,train-clean-100/2136/5147/2136-5147-0035.flac,233280,
4492,train-clean-100/1081/125237/1081-125237-0011.flac,233280,
4493,train-clean-100/3486/166446/3486-166446-0003.flac,233280,
4494,train-clean-100/3807/4955/3807-4955-0004.flac,233280,
4495,train-clean-100/1743/142913/1743-142913-0004.flac,233280,
4496,train-clean-100/1455/134435/1455-134435-0053.flac,233200,
4497,train-clean-100/3607/29116/3607-29116-0019.flac,233200,
4498,train-clean-100/3526/176653/3526-176653-0001.flac,233200,
4499,train-clean-100/3723/171631/3723-171631-0043.flac,233200,
4500,train-clean-100/1355/39947/1355-39947-0049.flac,233200,
4501,train-clean-100/211/122425/211-122425-0068.flac,233200,
4502,train-clean-100/2136/5140/2136-5140-0001.flac,233200,
4503,train-clean-100/3526/176651/3526-176651-0003.flac,233200,
4504,train-clean-100/2843/152918/2843-152918-0106.flac,233200,
4505,train-clean-100/1723/141149/1723-141149-0108.flac,233199,
4506,train-clean-100/150/126112/150-126112-0023.flac,233120,
4507,train-clean-100/39/121914/39-121914-0028.flac,233120,
4508,train-clean-100/2196/170379/2196-170379-0026.flac,233120,
4509,train-clean-100/1502/122619/1502-122619-0078.flac,233120,
4510,train-clean-100/3240/131232/3240-131232-0036.flac,233120,
4511,train-clean-100/3526/176651/3526-176651-0010.flac,233120,
4512,train-clean-100/2843/152918/2843-152918-0082.flac,233040,
4513,train-clean-100/3879/174923/3879-174923-0048.flac,233040,
4514,train-clean-100/3983/5331/3983-5331-0001.flac,233040,
4515,train-clean-100/3374/298032/3374-298032-0029.flac,233040,
4516,train-clean-100/163/122947/163-122947-0031.flac,233040,
4517,train-clean-100/289/121665/289-121665-0014.flac,233040,
4518,train-clean-100/2518/154826/2518-154826-0002.flac,233040,
4519,train-clean-100/27/123349/27-123349-0048.flac,233040,
4520,train-clean-100/2836/5354/2836-5354-0000.flac,233040,
4521,train-clean-100/3526/176653/3526-176653-0005.flac,233040,
4522,train-clean-100/2836/5354/2836-5354-0029.flac,233039,
4523,train-clean-100/211/122425/211-122425-0017.flac,232960,
4524,train-clean-100/2416/152139/2416-152139-0050.flac,232960,
4525,train-clean-100/2436/2477/2436-2477-0035.flac,232960,
4526,train-clean-100/3235/28433/3235-28433-0028.flac,232960,
4527,train-clean-100/2384/152900/2384-152900-0057.flac,232960,
4528,train-clean-100/2989/138035/2989-138035-0056.flac,232960,
4529,train-clean-100/2159/179154/2159-179154-0020.flac,232960,
4530,train-clean-100/1578/6379/1578-6379-0004.flac,232960,
4531,train-clean-100/3112/9555/3112-9555-0019.flac,232960,
4532,train-clean-100/211/122442/211-122442-0043.flac,232960,
4533,train-clean-100/163/122947/163-122947-0043.flac,232960,
4534,train-clean-100/3486/166424/3486-166424-0072.flac,232960,
4535,train-clean-100/1578/6379/1578-6379-0016.flac,232880,
4536,train-clean-100/1898/145715/1898-145715-0045.flac,232880,
4537,train-clean-100/2416/152139/2416-152139-0003.flac,232880,
4538,train-clean-100/1098/133695/1098-133695-0021.flac,232880,
4539,train-clean-100/3112/9555/3112-9555-0041.flac,232880,
4540,train-clean-100/328/129766/328-129766-0071.flac,232880,
4541,train-clean-100/3983/5331/3983-5331-0007.flac,232880,
4542,train-clean-100/2416/152137/2416-152137-0007.flac,232880,
4543,train-clean-100/2836/5354/2836-5354-0052.flac,232880,
4544,train-clean-100/2843/152918/2843-152918-0060.flac,232880,
4545,train-clean-100/26/495/26-495-0002.flac,232880,
4546,train-clean-100/3240/131232/3240-131232-0024.flac,232880,
4547,train-clean-100/2518/154825/2518-154825-0046.flac,232880,
4548,train-clean-100/2893/139322/2893-139322-0002.flac,232880,
4549,train-clean-100/3242/67153/3242-67153-0029.flac,232880,
4550,train-clean-100/2416/152139/2416-152139-0055.flac,232880,
4551,train-clean-100/32/21625/32-21625-0014.flac,232800,
4552,train-clean-100/196/122152/196-122152-0010.flac,232800,
4553,train-clean-100/1624/168623/1624-168623-0014.flac,232800,
4554,train-clean-100/1594/135914/1594-135914-0038.flac,232800,
4555,train-clean-100/2989/138028/2989-138028-0070.flac,232800,
4556,train-clean-100/3259/158083/3259-158083-0071.flac,232800,
4557,train-clean-100/39/121915/39-121915-0011.flac,232800,
4558,train-clean-100/1116/137572/1116-137572-0023.flac,232800,
4559,train-clean-100/1235/135883/1235-135883-0001.flac,232800,
4560,train-clean-100/233/155990/233-155990-0043.flac,232800,
4561,train-clean-100/3982/178459/3982-178459-0002.flac,232800,
4562,train-clean-100/2007/132570/2007-132570-0054.flac,232800,
4563,train-clean-100/1578/140045/1578-140045-0018.flac,232800,
4564,train-clean-100/1624/168623/1624-168623-0012.flac,232800,
4565,train-clean-100/1081/128618/1081-128618-0011.flac,232800,
4566,train-clean-100/1578/6379/1578-6379-0046.flac,232720,
4567,train-clean-100/2989/138028/2989-138028-0006.flac,232720,
4568,train-clean-100/226/122538/226-122538-0012.flac,232720,
4569,train-clean-100/3699/19402/3699-19402-0027.flac,232720,
4570,train-clean-100/3486/166424/3486-166424-0033.flac,232720,
4571,train-clean-100/254/12312/254-12312-0021.flac,232720,
4572,train-clean-100/2196/174172/2196-174172-0021.flac,232720,
4573,train-clean-100/3374/298026/3374-298026-0030.flac,232720,
4574,train-clean-100/3436/172162/3436-172162-0001.flac,232720,
4575,train-clean-100/150/126107/150-126107-0003.flac,232720,
4576,train-clean-100/226/131532/226-131532-0026.flac,232720,
4577,train-clean-100/2136/5140/2136-5140-0037.flac,232720,
4578,train-clean-100/3259/158083/3259-158083-0022.flac,232720,
4579,train-clean-100/1737/148989/1737-148989-0023.flac,232640,
4580,train-clean-100/254/127705/254-127705-0017.flac,232640,
4581,train-clean-100/1970/26100/1970-26100-0030.flac,232640,
4582,train-clean-100/1455/138263/1455-138263-0021.flac,232640,
4583,train-clean-100/1098/133695/1098-133695-0039.flac,232640,
4584,train-clean-100/1235/135884/1235-135884-0016.flac,232640,
4585,train-clean-100/2436/2476/2436-2476-0001.flac,232640,
4586,train-clean-100/3242/8112/3242-8112-0026.flac,232640,
4587,train-clean-100/2289/152254/2289-152254-0006.flac,232640,
4588,train-clean-100/3807/4923/3807-4923-0035.flac,232640,
4589,train-clean-100/3374/298032/3374-298032-0018.flac,232640,
4590,train-clean-100/2002/139469/2002-139469-0013.flac,232640,
4591,train-clean-100/1867/148436/1867-148436-0005.flac,232640,
4592,train-clean-100/3259/158083/3259-158083-0012.flac,232640,
4593,train-clean-100/2764/36616/2764-36616-0005.flac,232640,
4594,train-clean-100/1363/139304/1363-139304-0042.flac,232560,
4595,train-clean-100/2092/145706/2092-145706-0054.flac,232560,
4596,train-clean-100/302/123516/302-123516-0031.flac,232560,
4597,train-clean-100/1116/132851/1116-132851-0002.flac,232560,
4598,train-clean-100/2691/156755/2691-156755-0014.flac,232560,
4599,train-clean-100/3699/19402/3699-19402-0014.flac,232560,
4600,train-clean-100/3436/172171/3436-172171-0050.flac,232560,
4601,train-clean-100/1034/121119/1034-121119-0058.flac,232560,
4602,train-clean-100/2952/410/2952-410-0037.flac,232560,
4603,train-clean-100/1898/145724/1898-145724-0005.flac,232560,
4604,train-clean-100/1898/145702/1898-145702-0005.flac,232560,
4605,train-clean-100/1743/142912/1743-142912-0031.flac,232560,
4606,train-clean-100/3486/166424/3486-166424-0026.flac,232481,
4607,train-clean-100/2843/152918/2843-152918-0042.flac,232480,
4608,train-clean-100/2836/5354/2836-5354-0009.flac,232480,
4609,train-clean-100/1034/121119/1034-121119-0028.flac,232480,
4610,train-clean-100/3526/176651/3526-176651-0020.flac,232480,
4611,train-clean-100/3857/182315/3857-182315-0016.flac,232480,
4612,train-clean-100/374/180298/374-180298-0000.flac,232480,
4613,train-clean-100/289/121652/289-121652-0021.flac,232480,
4614,train-clean-100/3214/167607/3214-167607-0022.flac,232480,
4615,train-clean-100/229/130880/229-130880-0052.flac,232480,
4616,train-clean-100/248/130652/248-130652-0022.flac,232480,
4617,train-clean-100/39/121914/39-121914-0035.flac,232400,
4618,train-clean-100/2817/142380/2817-142380-0003.flac,232400,
4619,train-clean-100/322/124146/322-124146-0014.flac,232400,
4620,train-clean-100/302/123504/302-123504-0002.flac,232400,
4621,train-clean-100/3607/135982/3607-135982-0030.flac,232400,
4622,train-clean-100/2092/145709/2092-145709-0012.flac,232400,
4623,train-clean-100/26/495/26-495-0067.flac,232400,
4624,train-clean-100/1502/122619/1502-122619-0034.flac,232400,
4625,train-clean-100/1841/179183/1841-179183-0033.flac,232400,
4626,train-clean-100/1898/145720/1898-145720-0002.flac,232400,
4627,train-clean-100/307/127539/307-127539-0024.flac,232320,
4628,train-clean-100/226/122538/226-122538-0018.flac,232320,
4629,train-clean-100/229/130880/229-130880-0061.flac,232320,
4630,train-clean-100/3486/166424/3486-166424-0064.flac,232320,
4631,train-clean-100/2416/152139/2416-152139-0007.flac,232320,
4632,train-clean-100/2836/5354/2836-5354-0033.flac,232320,
4633,train-clean-100/3607/135982/3607-135982-0007.flac,232320,
4634,train-clean-100/2384/152900/2384-152900-0045.flac,232320,
4635,train-clean-100/1363/135842/1363-135842-0035.flac,232320,
4636,train-clean-100/1553/140047/1553-140047-0003.flac,232320,
4637,train-clean-100/1447/130551/1447-130551-0005.flac,232320,
4638,train-clean-100/2092/145706/2092-145706-0011.flac,232320,
4639,train-clean-100/1088/129236/1088-129236-0022.flac,232320,
4640,train-clean-100/103/1240/103-1240-0030.flac,232320,
4641,train-clean-100/26/495/26-495-0064.flac,232320,
4642,train-clean-100/3982/178459/3982-178459-0032.flac,232240,
4643,train-clean-100/302/123516/302-123516-0001.flac,232240,
4644,train-clean-100/150/126107/150-126107-0020.flac,232240,
4645,train-clean-100/3112/9554/3112-9554-0014.flac,232240,
4646,train-clean-100/1069/133699/1069-133699-0006.flac,232240,
4647,train-clean-100/2518/154826/2518-154826-0025.flac,232240,
4648,train-clean-100/1553/140047/1553-140047-0005.flac,232240,
4649,train-clean-100/2817/142371/2817-142371-0053.flac,232240,
4650,train-clean-100/200/124139/200-124139-0022.flac,232240,
4651,train-clean-100/302/123516/302-123516-0016.flac,232240,
4652,train-clean-100/2764/36619/2764-36619-0005.flac,232240,
4653,train-clean-100/3526/175658/3526-175658-0021.flac,232240,
4654,train-clean-100/3982/178459/3982-178459-0028.flac,232240,
4655,train-clean-100/322/124146/322-124146-0000.flac,232160,
4656,train-clean-100/32/21631/32-21631-0017.flac,232160,
4657,train-clean-100/2817/142371/2817-142371-0024.flac,232160,
4658,train-clean-100/2196/170379/2196-170379-0029.flac,232160,
4659,train-clean-100/1447/130551/1447-130551-0017.flac,232160,
4660,train-clean-100/3259/158083/3259-158083-0093.flac,232160,
4661,train-clean-100/3526/176653/3526-176653-0029.flac,232160,
4662,train-clean-100/1926/143879/1926-143879-0019.flac,232160,
4663,train-clean-100/2911/12359/2911-12359-0018.flac,232080,
4664,train-clean-100/2136/5143/2136-5143-0014.flac,232080,
4665,train-clean-100/1355/39947/1355-39947-0093.flac,232080,
4666,train-clean-100/3607/29116/3607-29116-0022.flac,232080,
4667,train-clean-100/1081/125237/1081-125237-0023.flac,232080,
4668,train-clean-100/233/155990/233-155990-0032.flac,232080,
4669,train-clean-100/2989/138028/2989-138028-0046.flac,232080,
4670,train-clean-100/2952/408/2952-408-0015.flac,232080,
4671,train-clean-100/2514/149482/2514-149482-0044.flac,232080,
4672,train-clean-100/2518/154826/2518-154826-0042.flac,232080,
4673,train-clean-100/1034/121119/1034-121119-0037.flac,232080,
4674,train-clean-100/2893/139310/2893-139310-0020.flac,232080,
4675,train-clean-100/200/124140/200-124140-0036.flac,232080,
4676,train-clean-100/1069/133709/1069-133709-0029.flac,232080,
4677,train-clean-100/2817/142380/2817-142380-0034.flac,232000,
4678,train-clean-100/3664/178355/3664-178355-0030.flac,232000,
4679,train-clean-100/226/131533/226-131533-0028.flac,232000,
4680,train-clean-100/298/126791/298-126791-0062.flac,232000,
4681,train-clean-100/2384/152900/2384-152900-0030.flac,232000,
4682,train-clean-100/1088/129236/1088-129236-0019.flac,232000,
4683,train-clean-100/3664/11714/3664-11714-0001.flac,232000,
4684,train-clean-100/26/495/26-495-0058.flac,232000,
4685,train-clean-100/2817/142371/2817-142371-0002.flac,232000,
4686,train-clean-100/2436/2476/2436-2476-0016.flac,232000,
4687,train-clean-100/27/124992/27-124992-0067.flac,232000,
4688,train-clean-100/1723/141149/1723-141149-0066.flac,232000,
4689,train-clean-100/1069/133709/1069-133709-0046.flac,232000,
4690,train-clean-100/1246/124548/1246-124548-0030.flac,231921,
4691,train-clean-100/200/126784/200-126784-0021.flac,231920,
4692,train-clean-100/1334/135589/1334-135589-0003.flac,231920,
4693,train-clean-100/1553/140048/1553-140048-0007.flac,231920,
4694,train-clean-100/2843/152918/2843-152918-0041.flac,231920,
4695,train-clean-100/1363/139304/1363-139304-0040.flac,231920,
4696,train-clean-100/163/122947/163-122947-0067.flac,231920,
4697,train-clean-100/3879/173592/3879-173592-0024.flac,231920,
4698,train-clean-100/2893/139322/2893-139322-0004.flac,231920,
4699,train-clean-100/1553/140048/1553-140048-0033.flac,231920,
4700,train-clean-100/200/126784/200-126784-0033.flac,231920,
4701,train-clean-100/211/122425/211-122425-0035.flac,231920,
4702,train-clean-100/3807/4923/3807-4923-0025.flac,231920,
4703,train-clean-100/302/123516/302-123516-0004.flac,231920,
4704,train-clean-100/3112/9555/3112-9555-0012.flac,231920,
4705,train-clean-100/201/127786/201-127786-0057.flac,231920,
4706,train-clean-100/2518/154825/2518-154825-0028.flac,231840,
4707,train-clean-100/2092/145709/2092-145709-0002.flac,231840,
4708,train-clean-100/125/121124/125-121124-0081.flac,231840,
4709,train-clean-100/3436/172171/3436-172171-0021.flac,231840,
4710,train-clean-100/2518/154825/2518-154825-0004.flac,231840,
4711,train-clean-100/2952/410/2952-410-0023.flac,231840,
4712,train-clean-100/1355/39947/1355-39947-0019.flac,231840,
4713,train-clean-100/3214/167607/3214-167607-0015.flac,231840,
4714,train-clean-100/201/122255/201-122255-0002.flac,231840,
4715,train-clean-100/2136/5147/2136-5147-0010.flac,231760,
4716,train-clean-100/1553/140047/1553-140047-0019.flac,231760,
4717,train-clean-100/2182/181183/2182-181183-0001.flac,231760,
4718,train-clean-100/103/1241/103-1241-0011.flac,231760,
4719,train-clean-100/1088/129236/1088-129236-0021.flac,231760,
4720,train-clean-100/3807/4955/3807-4955-0030.flac,231760,
4721,train-clean-100/1841/159771/1841-159771-0041.flac,231760,
4722,train-clean-100/2092/145706/2092-145706-0018.flac,231760,
4723,train-clean-100/150/126107/150-126107-0007.flac,231760,
4724,train-clean-100/1069/133699/1069-133699-0034.flac,231760,
4725,train-clean-100/322/124147/322-124147-0025.flac,231760,
4726,train-clean-100/3879/173592/3879-173592-0001.flac,231760,
4727,train-clean-100/1841/159771/1841-159771-0000.flac,231760,
4728,train-clean-100/233/134440/233-134440-0050.flac,231760,
4729,train-clean-100/2911/7601/2911-7601-0043.flac,231760,
4730,train-clean-100/2893/139310/2893-139310-0036.flac,231760,
4731,train-clean-100/302/123504/302-123504-0027.flac,231680,
4732,train-clean-100/2893/139322/2893-139322-0017.flac,231680,
4733,train-clean-100/1898/145724/1898-145724-0002.flac,231680,
4734,train-clean-100/3830/12530/3830-12530-0008.flac,231680,
4735,train-clean-100/2764/36619/2764-36619-0017.flac,231680,
4736,train-clean-100/200/124140/200-124140-0002.flac,231680,
4737,train-clean-100/3983/5331/3983-5331-0010.flac,231680,
4738,train-clean-100/1723/141149/1723-141149-0078.flac,231680,
4739,train-clean-100/1183/133256/1183-133256-0020.flac,231680,
4740,train-clean-100/3879/174923/3879-174923-0064.flac,231680,
4741,train-clean-100/2893/139310/2893-139310-0021.flac,231680,
4742,train-clean-100/19/198/19-198-0028.flac,231680,
4743,train-clean-100/328/129766/328-129766-0015.flac,231680,
4744,train-clean-100/26/496/26-496-0008.flac,231601,
4745,train-clean-100/1553/140048/1553-140048-0006.flac,231600,
4746,train-clean-100/118/121721/118-121721-0010.flac,231600,
4747,train-clean-100/1898/145724/1898-145724-0019.flac,231600,
4748,train-clean-100/229/130880/229-130880-0057.flac,231600,
4749,train-clean-100/2952/408/2952-408-0020.flac,231600,
4750,train-clean-100/2518/154826/2518-154826-0012.flac,231600,
4751,train-clean-100/3235/28433/3235-28433-0037.flac,231600,
4752,train-clean-100/2289/152257/2289-152257-0015.flac,231600,
4753,train-clean-100/2002/139469/2002-139469-0035.flac,231600,
4754,train-clean-100/298/126790/298-126790-0019.flac,231600,
4755,train-clean-100/1898/145724/1898-145724-0035.flac,231600,
4756,train-clean-100/2911/7601/2911-7601-0034.flac,231600,
4757,train-clean-100/2159/179157/2159-179157-0033.flac,231600,
4758,train-clean-100/374/180298/374-180298-0049.flac,231520,
4759,train-clean-100/1992/141719/1992-141719-0040.flac,231520,
4760,train-clean-100/1578/140045/1578-140045-0016.flac,231520,
4761,train-clean-100/2159/179154/2159-179154-0023.flac,231520,
4762,train-clean-100/2911/15045/2911-15045-0025.flac,231520,
4763,train-clean-100/1970/26100/1970-26100-0034.flac,231520,
4764,train-clean-100/226/131533/226-131533-0023.flac,231520,
4765,train-clean-100/3240/131231/3240-131231-0068.flac,231520,
4766,train-clean-100/1246/124550/1246-124550-0038.flac,231520,
4767,train-clean-100/2764/36616/2764-36616-0025.flac,231520,
4768,train-clean-100/2817/142371/2817-142371-0038.flac,231520,
4769,train-clean-100/2989/138028/2989-138028-0014.flac,231520,
4770,train-clean-100/1898/145724/1898-145724-0028.flac,231520,
4771,train-clean-100/307/127540/307-127540-0010.flac,231520,
4772,train-clean-100/1081/125237/1081-125237-0084.flac,231520,
4773,train-clean-100/307/127539/307-127539-0037.flac,231520,
4774,train-clean-100/1116/137572/1116-137572-0054.flac,231520,
4775,train-clean-100/3526/176651/3526-176651-0013.flac,231440,
4776,train-clean-100/2002/139469/2002-139469-0022.flac,231440,
4777,train-clean-100/198/126831/198-126831-0001.flac,231440,
4778,train-clean-100/328/129766/328-129766-0041.flac,231440,
4779,train-clean-100/1447/17506/1447-17506-0033.flac,231440,
4780,train-clean-100/39/121914/39-121914-0016.flac,231440,
4781,train-clean-100/2836/5354/2836-5354-0018.flac,231440,
4782,train-clean-100/1098/133695/1098-133695-0014.flac,231440,
4783,train-clean-100/3857/180923/3857-180923-0026.flac,231440,
4784,train-clean-100/3607/135982/3607-135982-0001.flac,231440,
4785,train-clean-100/3436/172171/3436-172171-0009.flac,231440,
4786,train-clean-100/302/123504/302-123504-0023.flac,231440,
4787,train-clean-100/3168/173564/3168-173564-0029.flac,231360,
4788,train-clean-100/32/21634/32-21634-0007.flac,231360,
4789,train-clean-100/3857/182315/3857-182315-0035.flac,231360,
4790,train-clean-100/2817/142371/2817-142371-0057.flac,231360,
4791,train-clean-100/1069/133699/1069-133699-0003.flac,231360,
4792,train-clean-100/3436/172171/3436-172171-0011.flac,231360,
4793,train-clean-100/1034/121119/1034-121119-0052.flac,231360,
4794,train-clean-100/289/121665/289-121665-0029.flac,231360,
4795,train-clean-100/118/124588/118-124588-0000.flac,231360,
4796,train-clean-100/1553/140048/1553-140048-0004.flac,231360,
4797,train-clean-100/1578/140049/1578-140049-0014.flac,231360,
4798,train-clean-100/1034/121119/1034-121119-0040.flac,231360,
4799,train-clean-100/3982/178459/3982-178459-0037.flac,231360,
4800,train-clean-100/19/227/19-227-0030.flac,231360,
4801,train-clean-100/1088/129236/1088-129236-0008.flac,231360,
4802,train-clean-100/2416/152139/2416-152139-0067.flac,231280,
4803,train-clean-100/163/122947/163-122947-0063.flac,231280,
4804,train-clean-100/2843/152918/2843-152918-0039.flac,231280,
4805,train-clean-100/1970/26100/1970-26100-0018.flac,231280,
4806,train-clean-100/332/128985/332-128985-0071.flac,231280,
4807,train-clean-100/196/122159/196-122159-0001.flac,231280,
4808,train-clean-100/2691/156750/2691-156750-0018.flac,231280,
4809,train-clean-100/3214/167602/3214-167602-0019.flac,231280,
4810,train-clean-100/374/180299/374-180299-0030.flac,231280,
4811,train-clean-100/2518/154825/2518-154825-0002.flac,231280,
4812,train-clean-100/3857/182315/3857-182315-0030.flac,231280,
4813,train-clean-100/3879/173592/3879-173592-0023.flac,231200,
4814,train-clean-100/229/130880/229-130880-0020.flac,231200,
4815,train-clean-100/250/142276/250-142276-0051.flac,231200,
4816,train-clean-100/1447/130552/1447-130552-0019.flac,231200,
4817,train-clean-100/1723/141149/1723-141149-0028.flac,231200,
4818,train-clean-100/2843/152918/2843-152918-0049.flac,231200,
4819,train-clean-100/1841/179183/1841-179183-0019.flac,231200,
4820,train-clean-100/2136/5143/2136-5143-0017.flac,231120,
4821,train-clean-100/2159/179157/2159-179157-0020.flac,231120,
4822,train-clean-100/3112/9555/3112-9555-0085.flac,231120,
4823,train-clean-100/302/123516/302-123516-0021.flac,231120,
4824,train-clean-100/1081/125237/1081-125237-0051.flac,231120,
4825,train-clean-100/1502/122615/1502-122615-0004.flac,231120,
4826,train-clean-100/3947/13260/3947-13260-0043.flac,231120,
4827,train-clean-100/3440/171009/3440-171009-0076.flac,231120,
4828,train-clean-100/3242/67168/3242-67168-0035.flac,231120,
4829,train-clean-100/1992/141719/1992-141719-0024.flac,231120,
4830,train-clean-100/250/142276/250-142276-0000.flac,231120,
4831,train-clean-100/3879/173592/3879-173592-0008.flac,231120,
4832,train-clean-100/2002/139469/2002-139469-0043.flac,231120,
4833,train-clean-100/1116/132847/1116-132847-0007.flac,231120,
4834,train-clean-100/2518/154825/2518-154825-0043.flac,231120,
4835,train-clean-100/2952/410/2952-410-0051.flac,231040,
4836,train-clean-100/2092/145706/2092-145706-0012.flac,231040,
4837,train-clean-100/2911/15084/2911-15084-0005.flac,231040,
4838,train-clean-100/125/121124/125-121124-0006.flac,231040,
4839,train-clean-100/2952/410/2952-410-0030.flac,231040,
4840,train-clean-100/1963/147036/1963-147036-0033.flac,231040,
4841,train-clean-100/1069/133699/1069-133699-0040.flac,231040,
4842,train-clean-100/1867/148436/1867-148436-0008.flac,231040,
4843,train-clean-100/302/123523/302-123523-0026.flac,231040,
4844,train-clean-100/125/121124/125-121124-0009.flac,230960,
4845,train-clean-100/3436/172171/3436-172171-0013.flac,230960,
4846,train-clean-100/2691/156745/2691-156745-0011.flac,230960,
4847,train-clean-100/196/122152/196-122152-0023.flac,230960,
4848,train-clean-100/2514/149482/2514-149482-0089.flac,230960,
4849,train-clean-100/3440/171009/3440-171009-0053.flac,230960,
4850,train-clean-100/322/124147/322-124147-0041.flac,230960,
4851,train-clean-100/1867/154075/1867-154075-0029.flac,230960,
4852,train-clean-100/1624/168623/1624-168623-0007.flac,230960,
4853,train-clean-100/248/130652/248-130652-0013.flac,230960,
4854,train-clean-100/3807/4923/3807-4923-0045.flac,230960,
4855,train-clean-100/2911/15084/2911-15084-0001.flac,230960,
4856,train-clean-100/2514/149482/2514-149482-0080.flac,230960,
4857,train-clean-100/196/122150/196-122150-0024.flac,230960,
4858,train-clean-100/298/126790/298-126790-0007.flac,230960,
4859,train-clean-100/3982/178459/3982-178459-0041.flac,230880,
4860,train-clean-100/198/129977/198-129977-0022.flac,230880,
4861,train-clean-100/1098/133695/1098-133695-0051.flac,230880,
4862,train-clean-100/163/121908/163-121908-0003.flac,230880,
4863,train-clean-100/3235/28433/3235-28433-0036.flac,230880,
4864,train-clean-100/254/27760/254-27760-0011.flac,230880,
4865,train-clean-100/27/123349/27-123349-0019.flac,230880,
4866,train-clean-100/3214/167602/3214-167602-0026.flac,230800,
4867,train-clean-100/103/1240/103-1240-0039.flac,230800,
4868,train-clean-100/163/122947/163-122947-0091.flac,230800,
4869,train-clean-100/3486/166424/3486-166424-0037.flac,230800,
4870,train-clean-100/3486/166424/3486-166424-0034.flac,230800,
4871,train-clean-100/3235/28452/3235-28452-0026.flac,230800,
4872,train-clean-100/2436/2476/2436-2476-0022.flac,230800,
4873,train-clean-100/1263/138246/1263-138246-0025.flac,230800,
4874,train-clean-100/3374/298032/3374-298032-0012.flac,230800,
4875,train-clean-100/233/155990/233-155990-0034.flac,230800,
4876,train-clean-100/1867/148436/1867-148436-0038.flac,230800,
4877,train-clean-100/1069/133709/1069-133709-0019.flac,230800,
4878,train-clean-100/2436/2481/2436-2481-0014.flac,230720,
4879,train-clean-100/2843/152918/2843-152918-0089.flac,230720,
4880,train-clean-100/3879/174923/3879-174923-0006.flac,230720,
4881,train-clean-100/307/127535/307-127535-0040.flac,230720,
4882,train-clean-100/1841/150351/1841-150351-0010.flac,230720,
4883,train-clean-100/2002/139469/2002-139469-0107.flac,230720,
4884,train-clean-100/2159/179157/2159-179157-0023.flac,230720,
4885,train-clean-100/3982/178459/3982-178459-0039.flac,230720,
4886,train-clean-100/1992/141719/1992-141719-0006.flac,230720,
4887,train-clean-100/1723/141149/1723-141149-0042.flac,230720,
4888,train-clean-100/1624/142933/1624-142933-0043.flac,230720,
4889,train-clean-100/2817/142371/2817-142371-0064.flac,230720,
4890,train-clean-100/3168/173565/3168-173565-0054.flac,230720,
4891,train-clean-100/200/124140/200-124140-0014.flac,230640,
4892,train-clean-100/26/496/26-496-0024.flac,230640,
4893,train-clean-100/2843/152918/2843-152918-0014.flac,230640,
4894,train-clean-100/1578/6379/1578-6379-0006.flac,230640,
4895,train-clean-100/103/1240/103-1240-0033.flac,230640,
4896,train-clean-100/2436/2476/2436-2476-0035.flac,230640,
4897,train-clean-100/1455/138263/1455-138263-0020.flac,230640,
4898,train-clean-100/2289/152253/2289-152253-0024.flac,230640,
4899,train-clean-100/32/21625/32-21625-0002.flac,230640,
4900,train-clean-100/1963/147036/1963-147036-0003.flac,230640,
4901,train-clean-100/1069/133709/1069-133709-0024.flac,230639,
4902,train-clean-100/248/130652/248-130652-0003.flac,230560,
4903,train-clean-100/3436/172171/3436-172171-0040.flac,230560,
4904,train-clean-100/3830/12530/3830-12530-0043.flac,230560,
4905,train-clean-100/19/227/19-227-0029.flac,230560,
4906,train-clean-100/2764/36619/2764-36619-0040.flac,230560,
4907,train-clean-100/211/122442/211-122442-0032.flac,230560,
4908,train-clean-100/2843/152918/2843-152918-0003.flac,230560,
4909,train-clean-100/3807/4923/3807-4923-0004.flac,230560,
4910,train-clean-100/3240/131231/3240-131231-0078.flac,230481,
4911,train-clean-100/2911/7601/2911-7601-0031.flac,230480,
4912,train-clean-100/298/126790/298-126790-0018.flac,230480,
4913,train-clean-100/2952/408/2952-408-0007.flac,230480,
4914,train-clean-100/2952/410/2952-410-0011.flac,230480,
4915,train-clean-100/2518/154825/2518-154825-0024.flac,230480,
4916,train-clean-100/3879/174923/3879-174923-0058.flac,230480,
4917,train-clean-100/2289/152254/2289-152254-0002.flac,230480,
4918,train-clean-100/200/126784/200-126784-0012.flac,230480,
4919,train-clean-100/3214/167602/3214-167602-0006.flac,230400,
4920,train-clean-100/1246/124548/1246-124548-0016.flac,230400,
4921,train-clean-100/1624/142933/1624-142933-0035.flac,230400,
4922,train-clean-100/3664/11714/3664-11714-0012.flac,230400,
4923,train-clean-100/1926/147979/1926-147979-0041.flac,230400,
4924,train-clean-100/250/142276/250-142276-0029.flac,230320,
4925,train-clean-100/3830/12530/3830-12530-0013.flac,230320,
4926,train-clean-100/3857/182317/3857-182317-0014.flac,230320,
4927,train-clean-100/1867/148436/1867-148436-0011.flac,230320,
4928,train-clean-100/2289/152253/2289-152253-0008.flac,230320,
4929,train-clean-100/19/198/19-198-0005.flac,230240,
4930,train-clean-100/374/180298/374-180298-0037.flac,230240,
4931,train-clean-100/1069/133709/1069-133709-0001.flac,230240,
4932,train-clean-100/3242/67153/3242-67153-0005.flac,230240,
4933,train-clean-100/1867/154075/1867-154075-0030.flac,230240,
4934,train-clean-100/1963/147036/1963-147036-0014.flac,230240,
4935,train-clean-100/211/122425/211-122425-0014.flac,230240,
4936,train-clean-100/39/121916/39-121916-0001.flac,230240,
4937,train-clean-100/2843/152918/2843-152918-0090.flac,230240,
4938,train-clean-100/1926/147987/1926-147987-0025.flac,230240,
4939,train-clean-100/1723/141149/1723-141149-0100.flac,230240,
4940,train-clean-100/1081/128618/1081-128618-0009.flac,230161,
4941,train-clean-100/1081/125237/1081-125237-0103.flac,230160,
4942,train-clean-100/302/123504/302-123504-0000.flac,230160,
4943,train-clean-100/198/209/198-209-0006.flac,230160,
4944,train-clean-100/39/121914/39-121914-0023.flac,230160,
4945,train-clean-100/32/21634/32-21634-0012.flac,230160,
4946,train-clean-100/2764/36616/2764-36616-0015.flac,230160,
4947,train-clean-100/3607/135982/3607-135982-0045.flac,230160,
4948,train-clean-100/2514/149482/2514-149482-0096.flac,230160,
4949,train-clean-100/1624/142933/1624-142933-0018.flac,230160,
4950,train-clean-100/248/130644/248-130644-0011.flac,230160,
4951,train-clean-100/311/124404/311-124404-0010.flac,230160,
4952,train-clean-100/229/130880/229-130880-0039.flac,230160,
4953,train-clean-100/3947/13260/3947-13260-0020.flac,230160,
4954,train-clean-100/1737/142397/1737-142397-0021.flac,230160,
4955,train-clean-100/2436/2481/2436-2481-0009.flac,230160,
4956,train-clean-100/3807/4923/3807-4923-0020.flac,230080,
4957,train-clean-100/1246/124548/1246-124548-0000.flac,230080,
4958,train-clean-100/3879/174923/3879-174923-0031.flac,230080,
4959,train-clean-100/3607/135982/3607-135982-0032.flac,230080,
4960,train-clean-100/1235/135883/1235-135883-0038.flac,230080,
4961,train-clean-100/2764/36617/2764-36617-0006.flac,230080,
4962,train-clean-100/1069/133709/1069-133709-0028.flac,230000,
4963,train-clean-100/3879/174923/3879-174923-0067.flac,230000,
4964,train-clean-100/2843/152918/2843-152918-0065.flac,230000,
4965,train-clean-100/3240/131231/3240-131231-0062.flac,230000,
4966,train-clean-100/3879/174923/3879-174923-0050.flac,230000,
4967,train-clean-100/2007/149877/2007-149877-0041.flac,230000,
4968,train-clean-100/3486/166424/3486-166424-0043.flac,230000,
4969,train-clean-100/3526/175658/3526-175658-0016.flac,230000,
4970,train-clean-100/3374/298032/3374-298032-0026.flac,230000,
4971,train-clean-100/3112/9555/3112-9555-0057.flac,230000,
4972,train-clean-100/3214/167602/3214-167602-0027.flac,230000,
4973,train-clean-100/3857/180923/3857-180923-0023.flac,230000,
4974,train-clean-100/150/126107/150-126107-0018.flac,230000,
4975,train-clean-100/2416/152139/2416-152139-0042.flac,230000,
4976,train-clean-100/3857/182317/3857-182317-0023.flac,229920,
4977,train-clean-100/3699/19401/3699-19401-0001.flac,229920,
4978,train-clean-100/1624/142933/1624-142933-0015.flac,229920,
4979,train-clean-100/196/122150/196-122150-0004.flac,229920,
4980,train-clean-100/32/21631/32-21631-0001.flac,229920,
4981,train-clean-100/3436/172171/3436-172171-0045.flac,229920,
4982,train-clean-100/196/122152/196-122152-0025.flac,229920,
4983,train-clean-100/2391/145015/2391-145015-0027.flac,229920,
4984,train-clean-100/19/198/19-198-0023.flac,229920,
4985,train-clean-100/2159/179154/2159-179154-0011.flac,229920,
4986,train-clean-100/3436/172171/3436-172171-0019.flac,229920,
4987,train-clean-100/1867/148436/1867-148436-0042.flac,229920,
4988,train-clean-100/1502/122619/1502-122619-0039.flac,229920,
4989,train-clean-100/163/121908/163-121908-0006.flac,229920,
4990,train-clean-100/1069/133699/1069-133699-0028.flac,229920,
4991,train-clean-100/1447/130551/1447-130551-0007.flac,229920,
4992,train-clean-100/3857/182317/3857-182317-0028.flac,229920,
4993,train-clean-100/3879/173592/3879-173592-0000.flac,229840,
4994,train-clean-100/1898/145715/1898-145715-0038.flac,229840,
4995,train-clean-100/201/122255/201-122255-0020.flac,229840,
4996,train-clean-100/2196/174172/2196-174172-0012.flac,229840,
4997,train-clean-100/3857/182317/3857-182317-0001.flac,229840,
4998,train-clean-100/307/127539/307-127539-0007.flac,229840,
4999,train-clean-100/1970/26100/1970-26100-0031.flac,229840,
5000,train-clean-100/196/122150/196-122150-0028.flac,229840,
5001,train-clean-100/1355/39947/1355-39947-0082.flac,229840,
5002,train-clean-100/2182/181173/2182-181173-0028.flac,229840,
5003,train-clean-100/1867/148436/1867-148436-0023.flac,229840,
5004,train-clean-100/1970/28415/1970-28415-0036.flac,229760,
5005,train-clean-100/1447/130552/1447-130552-0003.flac,229760,
5006,train-clean-100/3526/176653/3526-176653-0052.flac,229760,
5007,train-clean-100/1334/135589/1334-135589-0060.flac,229760,
5008,train-clean-100/163/122947/163-122947-0092.flac,229760,
5009,train-clean-100/1578/140045/1578-140045-0028.flac,229760,
5010,train-clean-100/3947/13262/3947-13262-0021.flac,229760,
5011,train-clean-100/1355/39947/1355-39947-0018.flac,229760,
5012,train-clean-100/254/127705/254-127705-0035.flac,229760,
5013,train-clean-100/374/180298/374-180298-0020.flac,229760,
5014,train-clean-100/250/140277/250-140277-0007.flac,229680,
5015,train-clean-100/298/126791/298-126791-0024.flac,229680,
5016,train-clean-100/3807/4955/3807-4955-0025.flac,229680,
5017,train-clean-100/163/122947/163-122947-0097.flac,229680,
5018,train-clean-100/26/496/26-496-0021.flac,229680,
5019,train-clean-100/233/134440/233-134440-0041.flac,229680,
5020,train-clean-100/2289/152254/2289-152254-0015.flac,229680,
5021,train-clean-100/200/124140/200-124140-0006.flac,229680,
5022,train-clean-100/2911/12359/2911-12359-0016.flac,229680,
5023,train-clean-100/1624/168623/1624-168623-0002.flac,229680,
5024,train-clean-100/3879/174923/3879-174923-0012.flac,229680,
5025,train-clean-100/3259/158083/3259-158083-0009.flac,229680,
5026,train-clean-100/2416/152139/2416-152139-0068.flac,229600,
5027,train-clean-100/196/122150/196-122150-0023.flac,229600,
5028,train-clean-100/311/124404/311-124404-0053.flac,229600,
5029,train-clean-100/1841/159771/1841-159771-0030.flac,229600,
5030,train-clean-100/1926/147979/1926-147979-0017.flac,229600,
5031,train-clean-100/2836/5354/2836-5354-0037.flac,229600,
5032,train-clean-100/311/124404/311-124404-0024.flac,229600,
5033,train-clean-100/2691/156750/2691-156750-0027.flac,229600,
5034,train-clean-100/3168/173564/3168-173564-0003.flac,229600,
5035,train-clean-100/226/131532/226-131532-0004.flac,229600,
5036,train-clean-100/302/123516/302-123516-0026.flac,229600,
5037,train-clean-100/3982/182255/3982-182255-0016.flac,229600,
5038,train-clean-100/1040/133433/1040-133433-0067.flac,229599,
5039,train-clean-100/125/121124/125-121124-0045.flac,229520,
5040,train-clean-100/200/124140/200-124140-0009.flac,229520,
5041,train-clean-100/3807/4923/3807-4923-0049.flac,229520,
5042,train-clean-100/1363/135842/1363-135842-0020.flac,229520,
5043,train-clean-100/3526/176651/3526-176651-0015.flac,229520,
5044,train-clean-100/2911/7601/2911-7601-0030.flac,229520,
5045,train-clean-100/2764/36616/2764-36616-0020.flac,229520,
5046,train-clean-100/3607/135982/3607-135982-0043.flac,229520,
5047,train-clean-100/3723/171115/3723-171115-0006.flac,229520,
5048,train-clean-100/1926/147987/1926-147987-0027.flac,229520,
5049,train-clean-100/150/126107/150-126107-0025.flac,229520,
5050,train-clean-100/2893/139322/2893-139322-0010.flac,229440,
5051,train-clean-100/233/155990/233-155990-0028.flac,229440,
5052,train-clean-100/2136/5143/2136-5143-0043.flac,229440,
5053,train-clean-100/3699/19402/3699-19402-0006.flac,229440,
5054,train-clean-100/201/127786/201-127786-0005.flac,229440,
5055,train-clean-100/3440/171006/3440-171006-0021.flac,229440,
5056,train-clean-100/118/47824/118-47824-0001.flac,229440,
5057,train-clean-100/1355/39947/1355-39947-0088.flac,229440,
5058,train-clean-100/1246/124548/1246-124548-0043.flac,229440,
5059,train-clean-100/3607/135982/3607-135982-0019.flac,229440,
5060,train-clean-100/2182/150130/2182-150130-0027.flac,229440,
5061,train-clean-100/2817/142371/2817-142371-0003.flac,229440,
5062,train-clean-100/32/4137/32-4137-0025.flac,229440,
5063,train-clean-100/125/121342/125-121342-0002.flac,229440,
5064,train-clean-100/3168/173565/3168-173565-0034.flac,229440,
5065,train-clean-100/163/122947/163-122947-0045.flac,229360,
5066,train-clean-100/328/129766/328-129766-0049.flac,229360,
5067,train-clean-100/2159/179156/2159-179156-0009.flac,229360,
5068,train-clean-100/3830/12529/3830-12529-0002.flac,229360,
5069,train-clean-100/3723/171631/3723-171631-0052.flac,229360,
5070,train-clean-100/150/126112/150-126112-0005.flac,229360,
5071,train-clean-100/233/134440/233-134440-0012.flac,229360,
5072,train-clean-100/374/180298/374-180298-0017.flac,229360,
5073,train-clean-100/1898/145720/1898-145720-0008.flac,229360,
5074,train-clean-100/2952/407/2952-407-0007.flac,229280,
5075,train-clean-100/3486/166424/3486-166424-0036.flac,229280,
5076,train-clean-100/3526/175658/3526-175658-0022.flac,229280,
5077,train-clean-100/3807/4955/3807-4955-0018.flac,229280,
5078,train-clean-100/2952/410/2952-410-0052.flac,229280,
5079,train-clean-100/332/128985/332-128985-0006.flac,229280,
5080,train-clean-100/2182/181183/2182-181183-0007.flac,229280,
5081,train-clean-100/3857/180923/3857-180923-0028.flac,229280,
5082,train-clean-100/2691/156745/2691-156745-0029.flac,229280,
5083,train-clean-100/1263/138246/1263-138246-0005.flac,229280,
5084,train-clean-100/3607/29116/3607-29116-0044.flac,229200,
5085,train-clean-100/1081/125237/1081-125237-0042.flac,229200,
5086,train-clean-100/3240/131232/3240-131232-0034.flac,229200,
5087,train-clean-100/200/126784/200-126784-0000.flac,229200,
5088,train-clean-100/2182/150130/2182-150130-0030.flac,229200,
5089,train-clean-100/2817/142371/2817-142371-0041.flac,229200,
5090,train-clean-100/1723/141149/1723-141149-0085.flac,229200,
5091,train-clean-100/1723/141149/1723-141149-0105.flac,229200,
5092,train-clean-100/3436/172171/3436-172171-0035.flac,229200,
5093,train-clean-100/1235/135883/1235-135883-0031.flac,229120,
5094,train-clean-100/2289/152257/2289-152257-0017.flac,229120,
5095,train-clean-100/311/124404/311-124404-0040.flac,229120,
5096,train-clean-100/2836/5354/2836-5354-0053.flac,229120,
5097,train-clean-100/1553/140048/1553-140048-0019.flac,229120,
5098,train-clean-100/2289/152253/2289-152253-0007.flac,229120,
5099,train-clean-100/200/124140/200-124140-0024.flac,229120,
5100,train-clean-100/1578/140049/1578-140049-0009.flac,229120,
5101,train-clean-100/2436/2476/2436-2476-0026.flac,229120,
5102,train-clean-100/307/127540/307-127540-0019.flac,229120,
5103,train-clean-100/1867/154075/1867-154075-0045.flac,229120,
5104,train-clean-100/201/127786/201-127786-0027.flac,229120,
5105,train-clean-100/3374/298032/3374-298032-0041.flac,229120,
5106,train-clean-100/1737/142396/1737-142396-0020.flac,229040,
5107,train-clean-100/125/121342/125-121342-0011.flac,229040,
5108,train-clean-100/1737/142396/1737-142396-0010.flac,229040,
5109,train-clean-100/103/1240/103-1240-0017.flac,229040,
5110,train-clean-100/3168/173565/3168-173565-0049.flac,229040,
5111,train-clean-100/2002/139469/2002-139469-0083.flac,229040,
5112,train-clean-100/103/1241/103-1241-0042.flac,229040,
5113,train-clean-100/2836/5354/2836-5354-0022.flac,229040,
5114,train-clean-100/103/1240/103-1240-0056.flac,229040,
5115,train-clean-100/302/123504/302-123504-0033.flac,229040,
5116,train-clean-100/2910/131096/2910-131096-0072.flac,229040,
5117,train-clean-100/150/126112/150-126112-0032.flac,228960,
5118,train-clean-100/2092/145706/2092-145706-0022.flac,228960,
5119,train-clean-100/3830/12535/3830-12535-0027.flac,228960,
5120,train-clean-100/322/124147/322-124147-0006.flac,228960,
5121,train-clean-100/1355/39947/1355-39947-0006.flac,228960,
5122,train-clean-100/1235/135884/1235-135884-0000.flac,228960,
5123,train-clean-100/298/126790/298-126790-0010.flac,228960,
5124,train-clean-100/3214/167607/3214-167607-0014.flac,228960,
5125,train-clean-100/118/124588/118-124588-0020.flac,228960,
5126,train-clean-100/198/129977/198-129977-0014.flac,228960,
5127,train-clean-100/1624/168623/1624-168623-0022.flac,228960,
5128,train-clean-100/3486/166424/3486-166424-0040.flac,228960,
5129,train-clean-100/3112/9555/3112-9555-0049.flac,228960,
5130,train-clean-100/1116/132851/1116-132851-0024.flac,228960,
5131,train-clean-100/233/134440/233-134440-0031.flac,228960,
5132,train-clean-100/2002/139469/2002-139469-0058.flac,228960,
5133,train-clean-100/1263/138246/1263-138246-0017.flac,228960,
5134,train-clean-100/374/180298/374-180298-0061.flac,228881,
5135,train-clean-100/19/198/19-198-0033.flac,228880,
5136,train-clean-100/3723/171115/3723-171115-0023.flac,228880,
5137,train-clean-100/2384/152900/2384-152900-0005.flac,228880,
5138,train-clean-100/3857/180923/3857-180923-0006.flac,228880,
5139,train-clean-100/2764/36619/2764-36619-0014.flac,228880,
5140,train-clean-100/3607/29116/3607-29116-0018.flac,228880,
5141,train-clean-100/2514/149482/2514-149482-0003.flac,228880,
5142,train-clean-100/3214/167602/3214-167602-0008.flac,228880,
5143,train-clean-100/27/123349/27-123349-0015.flac,228880,
5144,train-clean-100/3723/171631/3723-171631-0055.flac,228879,
5145,train-clean-100/163/122947/163-122947-0090.flac,228800,
5146,train-clean-100/1116/137572/1116-137572-0041.flac,228800,
5147,train-clean-100/2436/2477/2436-2477-0033.flac,228800,
5148,train-clean-100/254/145458/254-145458-0000.flac,228800,
5149,train-clean-100/233/155990/233-155990-0031.flac,228800,
5150,train-clean-100/2002/139469/2002-139469-0000.flac,228800,
5151,train-clean-100/1743/142913/1743-142913-0016.flac,228800,
5152,train-clean-100/2817/142371/2817-142371-0061.flac,228800,
5153,train-clean-100/2136/5143/2136-5143-0005.flac,228800,
5154,train-clean-100/1898/145724/1898-145724-0006.flac,228800,
5155,train-clean-100/1355/39947/1355-39947-0057.flac,228800,
5156,train-clean-100/311/124404/311-124404-0066.flac,228800,
5157,train-clean-100/2416/152139/2416-152139-0034.flac,228720,
5158,train-clean-100/3526/176653/3526-176653-0034.flac,228720,
5159,train-clean-100/19/227/19-227-0065.flac,228720,
5160,train-clean-100/2910/131096/2910-131096-0053.flac,228720,
5161,train-clean-100/2910/131096/2910-131096-0026.flac,228640,
5162,train-clean-100/311/124404/311-124404-0102.flac,228640,
5163,train-clean-100/1116/137572/1116-137572-0053.flac,228640,
5164,train-clean-100/163/122947/163-122947-0096.flac,228640,
5165,train-clean-100/3607/29116/3607-29116-0012.flac,228640,
5166,train-clean-100/328/129766/328-129766-0022.flac,228640,
5167,train-clean-100/1334/135589/1334-135589-0094.flac,228640,
5168,train-clean-100/1235/135883/1235-135883-0011.flac,228640,
5169,train-clean-100/39/121914/39-121914-0005.flac,228640,
5170,train-clean-100/1235/135884/1235-135884-0038.flac,228640,
5171,train-clean-100/19/227/19-227-0052.flac,228640,
5172,train-clean-100/3857/182315/3857-182315-0007.flac,228560,
5173,train-clean-100/150/132655/150-132655-0001.flac,228560,
5174,train-clean-100/2836/5354/2836-5354-0027.flac,228560,
5175,train-clean-100/2691/156755/2691-156755-0031.flac,228560,
5176,train-clean-100/3664/178355/3664-178355-0014.flac,228560,
5177,train-clean-100/1970/10594/1970-10594-0007.flac,228560,
5178,train-clean-100/3235/28433/3235-28433-0026.flac,228560,
5179,train-clean-100/1455/134435/1455-134435-0015.flac,228560,
5180,train-clean-100/3947/13262/3947-13262-0004.flac,228560,
5181,train-clean-100/26/495/26-495-0087.flac,228560,
5182,train-clean-100/125/121124/125-121124-0049.flac,228560,
5183,train-clean-100/19/227/19-227-0003.flac,228560,
5184,train-clean-100/1069/133699/1069-133699-0024.flac,228480,
5185,train-clean-100/1455/134435/1455-134435-0070.flac,228480,
5186,train-clean-100/211/122425/211-122425-0061.flac,228480,
5187,train-clean-100/2289/152257/2289-152257-0020.flac,228480,
5188,train-clean-100/3857/182317/3857-182317-0004.flac,228480,
5189,train-clean-100/332/128985/332-128985-0017.flac,228480,
5190,train-clean-100/1970/28415/1970-28415-0019.flac,228480,
5191,train-clean-100/2518/154825/2518-154825-0050.flac,228480,
5192,train-clean-100/2691/156755/2691-156755-0002.flac,228480,
5193,train-clean-100/1447/130552/1447-130552-0026.flac,228480,
5194,train-clean-100/2092/145709/2092-145709-0001.flac,228480,
5195,train-clean-100/32/21631/32-21631-0012.flac,228480,
5196,train-clean-100/2384/152900/2384-152900-0000.flac,228480,
5197,train-clean-100/2196/174172/2196-174172-0018.flac,228400,
5198,train-clean-100/322/124146/322-124146-0012.flac,228400,
5199,train-clean-100/1069/133699/1069-133699-0042.flac,228400,
5200,train-clean-100/2289/152258/2289-152258-0004.flac,228400,
5201,train-clean-100/125/121124/125-121124-0034.flac,228400,
5202,train-clean-100/19/198/19-198-0022.flac,228400,
5203,train-clean-100/2691/156745/2691-156745-0032.flac,228400,
5204,train-clean-100/1355/39947/1355-39947-0007.flac,228400,
5205,train-clean-100/2764/36616/2764-36616-0037.flac,228320,
5206,train-clean-100/3240/131231/3240-131231-0046.flac,228320,
5207,train-clean-100/2952/408/2952-408-0021.flac,228320,
5208,train-clean-100/2911/7601/2911-7601-0016.flac,228320,
5209,train-clean-100/2182/150130/2182-150130-0029.flac,228320,
5210,train-clean-100/302/123504/302-123504-0022.flac,228320,
5211,train-clean-100/2007/149877/2007-149877-0015.flac,228320,
5212,train-clean-100/2843/152918/2843-152918-0033.flac,228320,
5213,train-clean-100/2416/152139/2416-152139-0052.flac,228320,
5214,train-clean-100/2691/156745/2691-156745-0030.flac,228320,
5215,train-clean-100/2136/5147/2136-5147-0006.flac,228240,
5216,train-clean-100/1737/148989/1737-148989-0025.flac,228240,
5217,train-clean-100/1737/142396/1737-142396-0011.flac,228240,
5218,train-clean-100/1098/133695/1098-133695-0048.flac,228240,
5219,train-clean-100/2514/149482/2514-149482-0061.flac,228240,
5220,train-clean-100/1246/124550/1246-124550-0031.flac,228240,
5221,train-clean-100/3374/298032/3374-298032-0030.flac,228240,
5222,train-clean-100/1098/133695/1098-133695-0029.flac,228240,
5223,train-clean-100/150/126107/150-126107-0009.flac,228240,
5224,train-clean-100/3723/171115/3723-171115-0046.flac,228240,
5225,train-clean-100/3982/178459/3982-178459-0058.flac,228240,
5226,train-clean-100/2136/5143/2136-5143-0040.flac,228160,
5227,train-clean-100/374/180298/374-180298-0054.flac,228160,
5228,train-clean-100/3723/171631/3723-171631-0019.flac,228160,
5229,train-clean-100/1841/179183/1841-179183-0010.flac,228160,
5230,train-clean-100/1926/147979/1926-147979-0014.flac,228160,
5231,train-clean-100/311/124404/311-124404-0059.flac,228160,
5232,train-clean-100/1098/133695/1098-133695-0062.flac,228160,
5233,train-clean-100/3857/182317/3857-182317-0018.flac,228080,
5234,train-clean-100/289/121652/289-121652-0028.flac,228080,
5235,train-clean-100/2843/152918/2843-152918-0103.flac,228080,
5236,train-clean-100/1898/145715/1898-145715-0028.flac,228080,
5237,train-clean-100/3235/28433/3235-28433-0012.flac,228080,
5238,train-clean-100/3374/298025/3374-298025-0005.flac,228080,
5239,train-clean-100/2416/152139/2416-152139-0071.flac,228080,
5240,train-clean-100/3440/171009/3440-171009-0018.flac,228080,
5241,train-clean-100/26/495/26-495-0016.flac,228080,
5242,train-clean-100/1963/147036/1963-147036-0030.flac,228080,
5243,train-clean-100/2911/15045/2911-15045-0009.flac,228080,
5244,train-clean-100/26/495/26-495-0035.flac,228080,
5245,train-clean-100/2518/154825/2518-154825-0034.flac,228080,
5246,train-clean-100/3240/131232/3240-131232-0026.flac,228000,
5247,train-clean-100/3947/13260/3947-13260-0014.flac,228000,
5248,train-clean-100/1334/135589/1334-135589-0084.flac,228000,
5249,train-clean-100/254/27760/254-27760-0020.flac,228000,
5250,train-clean-100/2989/138028/2989-138028-0027.flac,228000,
5251,train-clean-100/1867/148436/1867-148436-0007.flac,228000,
5252,train-clean-100/1069/133709/1069-133709-0047.flac,228000,
5253,train-clean-100/2436/2477/2436-2477-0001.flac,228000,
5254,train-clean-100/2092/145706/2092-145706-0030.flac,228000,
5255,train-clean-100/1594/135914/1594-135914-0033.flac,228000,
5256,train-clean-100/118/47824/118-47824-0078.flac,228000,
5257,train-clean-100/248/130652/248-130652-0032.flac,228000,
5258,train-clean-100/1624/142933/1624-142933-0002.flac,228000,
5259,train-clean-100/1502/122619/1502-122619-0020.flac,227920,
5260,train-clean-100/2843/152918/2843-152918-0053.flac,227920,
5261,train-clean-100/3982/178459/3982-178459-0005.flac,227920,
5262,train-clean-100/3436/172171/3436-172171-0006.flac,227920,
5263,train-clean-100/1553/140048/1553-140048-0022.flac,227920,
5264,train-clean-100/1116/132847/1116-132847-0004.flac,227920,
5265,train-clean-100/229/130880/229-130880-0004.flac,227920,
5266,train-clean-100/2836/5354/2836-5354-0047.flac,227920,
5267,train-clean-100/1455/134435/1455-134435-0024.flac,227920,
5268,train-clean-100/1502/122619/1502-122619-0015.flac,227840,
5269,train-clean-100/307/127540/307-127540-0004.flac,227840,
5270,train-clean-100/332/128985/332-128985-0053.flac,227840,
5271,train-clean-100/39/121915/39-121915-0000.flac,227840,
5272,train-clean-100/3374/298032/3374-298032-0036.flac,227840,
5273,train-clean-100/3486/166446/3486-166446-0037.flac,227840,
5274,train-clean-100/2391/145015/2391-145015-0041.flac,227840,
5275,train-clean-100/2911/12359/2911-12359-0011.flac,227840,
5276,train-clean-100/3168/173564/3168-173564-0004.flac,227840,
5277,train-clean-100/2817/142371/2817-142371-0071.flac,227840,
5278,train-clean-100/2182/181183/2182-181183-0000.flac,227760,
5279,train-clean-100/150/126112/150-126112-0034.flac,227760,
5280,train-clean-100/250/142276/250-142276-0047.flac,227760,
5281,train-clean-100/1246/124550/1246-124550-0025.flac,227760,
5282,train-clean-100/1898/145715/1898-145715-0000.flac,227760,
5283,train-clean-100/3259/158083/3259-158083-0033.flac,227760,
5284,train-clean-100/2911/15084/2911-15084-0010.flac,227760,
5285,train-clean-100/150/132655/150-132655-0025.flac,227760,
5286,train-clean-100/2514/149482/2514-149482-0060.flac,227760,
5287,train-clean-100/1578/6379/1578-6379-0005.flac,227760,
5288,train-clean-100/3857/182315/3857-182315-0037.flac,227760,
5289,train-clean-100/1578/6379/1578-6379-0036.flac,227760,
5290,train-clean-100/2764/36616/2764-36616-0030.flac,227680,
5291,train-clean-100/2136/5147/2136-5147-0002.flac,227680,
5292,train-clean-100/1926/147979/1926-147979-0004.flac,227680,
5293,train-clean-100/298/126790/298-126790-0023.flac,227680,
5294,train-clean-100/2911/7601/2911-7601-0041.flac,227680,
5295,train-clean-100/302/123504/302-123504-0016.flac,227680,
5296,train-clean-100/1334/135589/1334-135589-0007.flac,227680,
5297,train-clean-100/2910/131096/2910-131096-0079.flac,227601,
5298,train-clean-100/1235/135887/1235-135887-0012.flac,227600,
5299,train-clean-100/254/12312/254-12312-0019.flac,227600,
5300,train-clean-100/2952/410/2952-410-0045.flac,227600,
5301,train-clean-100/1040/133433/1040-133433-0057.flac,227600,
5302,train-clean-100/2289/152254/2289-152254-0011.flac,227600,
5303,train-clean-100/2391/145015/2391-145015-0018.flac,227600,
5304,train-clean-100/1867/154071/1867-154071-0024.flac,227600,
5305,train-clean-100/1970/28415/1970-28415-0014.flac,227600,
5306,train-clean-100/1034/121119/1034-121119-0003.flac,227521,
5307,train-clean-100/198/129977/198-129977-0028.flac,227520,
5308,train-clean-100/3607/29116/3607-29116-0005.flac,227520,
5309,train-clean-100/1594/135914/1594-135914-0114.flac,227520,
5310,train-clean-100/1447/130552/1447-130552-0009.flac,227520,
5311,train-clean-100/196/122152/196-122152-0017.flac,227520,
5312,train-clean-100/2764/36619/2764-36619-0041.flac,227520,
5313,train-clean-100/2893/139310/2893-139310-0004.flac,227520,
5314,train-clean-100/3436/172162/3436-172162-0024.flac,227520,
5315,train-clean-100/1970/26100/1970-26100-0013.flac,227520,
5316,train-clean-100/1743/142913/1743-142913-0020.flac,227520,
5317,train-clean-100/1926/147987/1926-147987-0028.flac,227520,
5318,train-clean-100/2002/139469/2002-139469-0089.flac,227520,
5319,train-clean-100/3947/13262/3947-13262-0002.flac,227520,
5320,train-clean-100/233/134440/233-134440-0003.flac,227520,
5321,train-clean-100/201/122255/201-122255-0028.flac,227520,
5322,train-clean-100/198/126831/198-126831-0002.flac,227520,
5323,train-clean-100/1992/141719/1992-141719-0000.flac,227441,
5324,train-clean-100/1069/133709/1069-133709-0010.flac,227441,
5325,train-clean-100/3242/8112/3242-8112-0006.flac,227440,
5326,train-clean-100/3607/135982/3607-135982-0020.flac,227440,
5327,train-clean-100/201/122255/201-122255-0035.flac,227440,
5328,train-clean-100/3723/171631/3723-171631-0001.flac,227440,
5329,train-clean-100/1263/138246/1263-138246-0000.flac,227440,
5330,train-clean-100/3879/173592/3879-173592-0029.flac,227440,
5331,train-clean-100/3440/171009/3440-171009-0048.flac,227440,
5332,train-clean-100/1081/125237/1081-125237-0083.flac,227440,
5333,train-clean-100/2691/156750/2691-156750-0017.flac,227440,
5334,train-clean-100/311/124404/311-124404-0028.flac,227440,
5335,train-clean-100/3723/171115/3723-171115-0008.flac,227440,
5336,train-clean-100/1455/134435/1455-134435-0071.flac,227440,
5337,train-clean-100/1970/10594/1970-10594-0000.flac,227440,
5338,train-clean-100/201/127786/201-127786-0063.flac,227440,
5339,train-clean-100/1069/133709/1069-133709-0035.flac,227360,
5340,train-clean-100/1578/6379/1578-6379-0030.flac,227360,
5341,train-clean-100/2182/181173/2182-181173-0000.flac,227360,
5342,train-clean-100/27/123349/27-123349-0007.flac,227360,
5343,train-clean-100/3830/12535/3830-12535-0015.flac,227360,
5344,train-clean-100/1963/142393/1963-142393-0042.flac,227360,
5345,train-clean-100/1098/133695/1098-133695-0002.flac,227360,
5346,train-clean-100/32/21634/32-21634-0011.flac,227360,
5347,train-clean-100/2817/142380/2817-142380-0010.flac,227360,
5348,train-clean-100/250/142276/250-142276-0042.flac,227360,
5349,train-clean-100/3112/9554/3112-9554-0000.flac,227360,
5350,train-clean-100/2514/149482/2514-149482-0095.flac,227360,
5351,train-clean-100/2911/15045/2911-15045-0024.flac,227360,
5352,train-clean-100/1334/135589/1334-135589-0085.flac,227360,
5353,train-clean-100/1363/135842/1363-135842-0013.flac,227360,
5354,train-clean-100/19/227/19-227-0066.flac,227360,
5355,train-clean-100/2911/7601/2911-7601-0020.flac,227360,
5356,train-clean-100/3664/178355/3664-178355-0023.flac,227280,
5357,train-clean-100/307/127535/307-127535-0022.flac,227280,
5358,train-clean-100/2817/142371/2817-142371-0029.flac,227280,
5359,train-clean-100/2843/152918/2843-152918-0032.flac,227280,
5360,train-clean-100/1355/39947/1355-39947-0087.flac,227280,
5361,train-clean-100/229/130880/229-130880-0023.flac,227280,
5362,train-clean-100/1898/145724/1898-145724-0034.flac,227280,
5363,train-clean-100/211/122442/211-122442-0013.flac,227280,
5364,train-clean-100/2764/36617/2764-36617-0017.flac,227280,
5365,train-clean-100/1963/142776/1963-142776-0025.flac,227280,
5366,train-clean-100/1963/142393/1963-142393-0010.flac,227280,
5367,train-clean-100/201/127786/201-127786-0001.flac,227279,
5368,train-clean-100/2007/132570/2007-132570-0005.flac,227200,
5369,train-clean-100/289/121665/289-121665-0016.flac,227200,
5370,train-clean-100/298/126790/298-126790-0022.flac,227200,
5371,train-clean-100/2136/5140/2136-5140-0016.flac,227200,
5372,train-clean-100/1455/138263/1455-138263-0018.flac,227200,
5373,train-clean-100/1246/124548/1246-124548-0033.flac,227200,
5374,train-clean-100/226/131532/226-131532-0002.flac,227200,
5375,train-clean-100/1553/140048/1553-140048-0001.flac,227200,
5376,train-clean-100/1723/141149/1723-141149-0068.flac,227200,
5377,train-clean-100/1246/124548/1246-124548-0032.flac,227200,
5378,train-clean-100/2836/5354/2836-5354-0038.flac,227200,
5379,train-clean-100/196/122150/196-122150-0012.flac,227120,
5380,train-clean-100/2911/15045/2911-15045-0016.flac,227120,
5381,train-clean-100/1594/135914/1594-135914-0047.flac,227120,
5382,train-clean-100/3830/12530/3830-12530-0011.flac,227120,
5383,train-clean-100/2910/131096/2910-131096-0054.flac,227120,
5384,train-clean-100/3112/9555/3112-9555-0061.flac,227120,
5385,train-clean-100/1841/150351/1841-150351-0025.flac,227120,
5386,train-clean-100/1363/135842/1363-135842-0033.flac,227040,
5387,train-clean-100/3168/173564/3168-173564-0031.flac,227040,
5388,train-clean-100/1183/133256/1183-133256-0002.flac,227040,
5389,train-clean-100/32/21631/32-21631-0015.flac,227040,
5390,train-clean-100/2893/139322/2893-139322-0033.flac,227040,
5391,train-clean-100/2514/149482/2514-149482-0066.flac,227040,
5392,train-clean-100/163/122947/163-122947-0062.flac,227040,
5393,train-clean-100/1334/135589/1334-135589-0068.flac,227040,
5394,train-clean-100/1447/130551/1447-130551-0013.flac,227040,
5395,train-clean-100/27/123349/27-123349-0032.flac,227040,
5396,train-clean-100/302/123523/302-123523-0023.flac,227040,
5397,train-clean-100/1867/148436/1867-148436-0030.flac,227040,
5398,train-clean-100/1355/39947/1355-39947-0028.flac,227040,
5399,train-clean-100/19/227/19-227-0071.flac,227040,
5400,train-clean-100/1069/133709/1069-133709-0045.flac,226960,
5401,train-clean-100/1553/140048/1553-140048-0024.flac,226960,
5402,train-clean-100/254/127705/254-127705-0018.flac,226960,
5403,train-clean-100/1455/138263/1455-138263-0016.flac,226960,
5404,train-clean-100/3723/171115/3723-171115-0015.flac,226960,
5405,train-clean-100/374/180298/374-180298-0025.flac,226960,
5406,train-clean-100/374/180298/374-180298-0063.flac,226960,
5407,train-clean-100/2843/152918/2843-152918-0071.flac,226960,
5408,train-clean-100/2159/179157/2159-179157-0031.flac,226960,
5409,train-clean-100/1970/28415/1970-28415-0020.flac,226880,
5410,train-clean-100/198/209/198-209-0012.flac,226880,
5411,train-clean-100/2514/149482/2514-149482-0105.flac,226880,
5412,train-clean-100/1841/150351/1841-150351-0018.flac,226880,
5413,train-clean-100/1624/142933/1624-142933-0001.flac,226880,
5414,train-clean-100/302/123523/302-123523-0010.flac,226880,
5415,train-clean-100/3947/13262/3947-13262-0003.flac,226880,
5416,train-clean-100/2159/179157/2159-179157-0013.flac,226880,
5417,train-clean-100/1069/133709/1069-133709-0031.flac,226880,
5418,train-clean-100/1246/124550/1246-124550-0023.flac,226880,
5419,train-clean-100/39/121915/39-121915-0025.flac,226880,
5420,train-clean-100/1455/138263/1455-138263-0019.flac,226800,
5421,train-clean-100/311/124404/311-124404-0083.flac,226800,
5422,train-clean-100/3112/9554/3112-9554-0018.flac,226800,
5423,train-clean-100/2007/149877/2007-149877-0014.flac,226800,
5424,train-clean-100/3807/4923/3807-4923-0013.flac,226800,
5425,train-clean-100/1737/142396/1737-142396-0007.flac,226800,
5426,train-clean-100/1069/133699/1069-133699-0050.flac,226800,
5427,train-clean-100/2092/145706/2092-145706-0064.flac,226800,
5428,train-clean-100/250/142276/250-142276-0014.flac,226800,
5429,train-clean-100/322/124147/322-124147-0070.flac,226800,
5430,train-clean-100/201/127786/201-127786-0054.flac,226800,
5431,train-clean-100/2007/132570/2007-132570-0001.flac,226800,
5432,train-clean-100/150/126112/150-126112-0022.flac,226720,
5433,train-clean-100/3982/182255/3982-182255-0002.flac,226720,
5434,train-clean-100/3607/135982/3607-135982-0029.flac,226720,
5435,train-clean-100/1970/10594/1970-10594-0041.flac,226720,
5436,train-clean-100/2007/149877/2007-149877-0012.flac,226720,
5437,train-clean-100/2007/149877/2007-149877-0001.flac,226720,
5438,train-clean-100/2196/170151/2196-170151-0032.flac,226720,
5439,train-clean-100/1970/26100/1970-26100-0000.flac,226720,
5440,train-clean-100/3242/67168/3242-67168-0031.flac,226720,
5441,train-clean-100/3440/171009/3440-171009-0006.flac,226720,
5442,train-clean-100/2764/36617/2764-36617-0001.flac,226720,
5443,train-clean-100/3436/172171/3436-172171-0049.flac,226720,
5444,train-clean-100/226/122538/226-122538-0032.flac,226640,
5445,train-clean-100/1723/141149/1723-141149-0037.flac,226640,
5446,train-clean-100/2182/181173/2182-181173-0034.flac,226640,
5447,train-clean-100/289/121652/289-121652-0000.flac,226640,
5448,train-clean-100/3440/171009/3440-171009-0037.flac,226640,
5449,train-clean-100/32/4137/32-4137-0005.flac,226640,
5450,train-clean-100/2893/139322/2893-139322-0018.flac,226640,
5451,train-clean-100/200/124140/200-124140-0037.flac,226640,
5452,train-clean-100/248/130652/248-130652-0037.flac,226640,
5453,train-clean-100/196/122159/196-122159-0021.flac,226640,
5454,train-clean-100/2911/15045/2911-15045-0007.flac,226640,
5455,train-clean-100/211/122425/211-122425-0076.flac,226640,
5456,train-clean-100/1069/133709/1069-133709-0036.flac,226640,
5457,train-clean-100/1183/133255/1183-133255-0003.flac,226640,
5458,train-clean-100/1963/142393/1963-142393-0025.flac,226640,
5459,train-clean-100/2436/2476/2436-2476-0013.flac,226640,
5460,train-clean-100/1578/6379/1578-6379-0033.flac,226640,
5461,train-clean-100/26/495/26-495-0036.flac,226640,
5462,train-clean-100/39/121916/39-121916-0021.flac,226640,
5463,train-clean-100/289/121665/289-121665-0024.flac,226640,
5464,train-clean-100/1235/135887/1235-135887-0030.flac,226640,
5465,train-clean-100/1098/133695/1098-133695-0000.flac,226560,
5466,train-clean-100/302/123523/302-123523-0011.flac,226560,
5467,train-clean-100/3235/11599/3235-11599-0000.flac,226560,
5468,train-clean-100/19/198/19-198-0007.flac,226560,
5469,train-clean-100/3235/28433/3235-28433-0041.flac,226560,
5470,train-clean-100/1246/124550/1246-124550-0013.flac,226560,
5471,train-clean-100/1081/125237/1081-125237-0044.flac,226560,
5472,train-clean-100/307/127539/307-127539-0023.flac,226560,
5473,train-clean-100/3235/11599/3235-11599-0025.flac,226560,
5474,train-clean-100/307/127535/307-127535-0020.flac,226560,
5475,train-clean-100/3259/158083/3259-158083-0125.flac,226560,
5476,train-clean-100/250/142286/250-142286-0028.flac,226480,
5477,train-clean-100/1116/132847/1116-132847-0038.flac,226480,
5478,train-clean-100/2436/2477/2436-2477-0011.flac,226480,
5479,train-clean-100/1355/39947/1355-39947-0070.flac,226480,
5480,train-clean-100/2002/139469/2002-139469-0096.flac,226480,
5481,train-clean-100/311/124404/311-124404-0074.flac,226480,
5482,train-clean-100/1723/141149/1723-141149-0053.flac,226480,
5483,train-clean-100/211/122425/211-122425-0008.flac,226480,
5484,train-clean-100/1926/147979/1926-147979-0030.flac,226480,
5485,train-clean-100/374/180298/374-180298-0010.flac,226480,
5486,train-clean-100/26/495/26-495-0059.flac,226400,
5487,train-clean-100/1183/133255/1183-133255-0010.flac,226400,
5488,train-clean-100/307/127539/307-127539-0035.flac,226400,
5489,train-clean-100/374/180298/374-180298-0014.flac,226400,
5490,train-clean-100/3168/173565/3168-173565-0022.flac,226400,
5491,train-clean-100/328/129766/328-129766-0078.flac,226400,
5492,train-clean-100/307/127539/307-127539-0009.flac,226400,
5493,train-clean-100/2007/132570/2007-132570-0052.flac,226400,
5494,train-clean-100/3983/5331/3983-5331-0002.flac,226400,
5495,train-clean-100/201/127786/201-127786-0013.flac,226400,
5496,train-clean-100/1235/135884/1235-135884-0023.flac,226400,
5497,train-clean-100/3607/135982/3607-135982-0016.flac,226320,
5498,train-clean-100/3857/180923/3857-180923-0009.flac,226320,
5499,train-clean-100/1841/150351/1841-150351-0004.flac,226320,
5500,train-clean-100/229/130880/229-130880-0055.flac,226320,
5501,train-clean-100/1246/124550/1246-124550-0012.flac,226320,
5502,train-clean-100/3947/13260/3947-13260-0002.flac,226320,
5503,train-clean-100/3242/8112/3242-8112-0039.flac,226320,
5504,train-clean-100/3112/9555/3112-9555-0035.flac,226320,
5505,train-clean-100/1743/142913/1743-142913-0030.flac,226320,
5506,train-clean-100/3168/173565/3168-173565-0042.flac,226320,
5507,train-clean-100/3440/171009/3440-171009-0057.flac,226320,
5508,train-clean-100/2952/408/2952-408-0004.flac,226320,
5509,train-clean-100/2518/154826/2518-154826-0044.flac,226320,
5510,train-clean-100/332/128985/332-128985-0076.flac,226240,
5511,train-clean-100/1235/135883/1235-135883-0028.flac,226240,
5512,train-clean-100/322/124146/322-124146-0017.flac,226240,
5513,train-clean-100/2989/138035/2989-138035-0038.flac,226240,
5514,train-clean-100/1447/130552/1447-130552-0010.flac,226240,
5515,train-clean-100/32/4137/32-4137-0045.flac,226240,
5516,train-clean-100/198/209/198-209-0014.flac,226240,
5517,train-clean-100/201/127786/201-127786-0073.flac,226240,
5518,train-clean-100/1867/154075/1867-154075-0026.flac,226240,
5519,train-clean-100/1355/39947/1355-39947-0036.flac,226240,
5520,train-clean-100/2002/139469/2002-139469-0046.flac,226240,
5521,train-clean-100/32/21625/32-21625-0010.flac,226240,
5522,train-clean-100/201/127786/201-127786-0062.flac,226240,
5523,train-clean-100/1363/139304/1363-139304-0016.flac,226161,
5524,train-clean-100/374/180299/374-180299-0031.flac,226160,
5525,train-clean-100/3723/171631/3723-171631-0034.flac,226160,
5526,train-clean-100/1743/142914/1743-142914-0014.flac,226160,
5527,train-clean-100/2007/132570/2007-132570-0053.flac,226160,
5528,train-clean-100/289/121652/289-121652-0031.flac,226160,
5529,train-clean-100/3242/67168/3242-67168-0037.flac,226160,
5530,train-clean-100/3526/176653/3526-176653-0054.flac,226160,
5531,train-clean-100/3168/173565/3168-173565-0027.flac,226160,
5532,train-clean-100/3486/166446/3486-166446-0035.flac,226160,
5533,train-clean-100/1624/168623/1624-168623-0050.flac,226160,
5534,train-clean-100/2136/5147/2136-5147-0007.flac,226080,
5535,train-clean-100/1081/125237/1081-125237-0100.flac,226080,
5536,train-clean-100/1447/130551/1447-130551-0018.flac,226080,
5537,train-clean-100/3607/29116/3607-29116-0002.flac,226080,
5538,train-clean-100/2159/179154/2159-179154-0013.flac,226080,
5539,train-clean-100/1502/122619/1502-122619-0011.flac,226080,
5540,train-clean-100/2092/145706/2092-145706-0010.flac,226080,
5541,train-clean-100/1502/122615/1502-122615-0015.flac,226080,
5542,train-clean-100/1069/133699/1069-133699-0052.flac,226080,
5543,train-clean-100/1553/140047/1553-140047-0045.flac,226080,
5544,train-clean-100/229/130880/229-130880-0010.flac,226080,
5545,train-clean-100/163/122947/163-122947-0072.flac,226000,
5546,train-clean-100/1841/179183/1841-179183-0006.flac,226000,
5547,train-clean-100/1841/150351/1841-150351-0021.flac,226000,
5548,train-clean-100/3440/171009/3440-171009-0059.flac,226000,
5549,train-clean-100/3168/173565/3168-173565-0045.flac,226000,
5550,train-clean-100/201/127786/201-127786-0075.flac,225920,
5551,train-clean-100/1069/133699/1069-133699-0051.flac,225920,
5552,train-clean-100/163/122947/163-122947-0093.flac,225920,
5553,train-clean-100/3112/9555/3112-9555-0020.flac,225920,
5554,train-clean-100/200/124140/200-124140-0011.flac,225920,
5555,train-clean-100/150/126107/150-126107-0037.flac,225920,
5556,train-clean-100/233/155990/233-155990-0029.flac,225920,
5557,train-clean-100/1723/141149/1723-141149-0036.flac,225920,
5558,train-clean-100/2893/139310/2893-139310-0026.flac,225840,
5559,train-clean-100/1447/17506/1447-17506-0028.flac,225840,
5560,train-clean-100/39/121914/39-121914-0010.flac,225840,
5561,train-clean-100/2764/36619/2764-36619-0007.flac,225840,
5562,train-clean-100/3112/9555/3112-9555-0054.flac,225840,
5563,train-clean-100/332/128985/332-128985-0004.flac,225840,
5564,train-clean-100/3664/178366/3664-178366-0000.flac,225840,
5565,train-clean-100/27/124992/27-124992-0041.flac,225840,
5566,train-clean-100/3168/173564/3168-173564-0043.flac,225840,
5567,train-clean-100/3607/29116/3607-29116-0006.flac,225840,
5568,train-clean-100/3214/167607/3214-167607-0006.flac,225840,
5569,train-clean-100/3857/182315/3857-182315-0015.flac,225840,
5570,train-clean-100/1926/147987/1926-147987-0029.flac,225840,
5571,train-clean-100/3214/167607/3214-167607-0002.flac,225840,
5572,train-clean-100/3526/176653/3526-176653-0032.flac,225840,
5573,train-clean-100/2910/131096/2910-131096-0024.flac,225840,
5574,train-clean-100/2691/156750/2691-156750-0025.flac,225840,
5575,train-clean-100/3374/298026/3374-298026-0036.flac,225760,
5576,train-clean-100/3440/171006/3440-171006-0027.flac,225760,
5577,train-clean-100/1723/141149/1723-141149-0087.flac,225760,
5578,train-clean-100/2518/154826/2518-154826-0034.flac,225760,
5579,train-clean-100/3168/173565/3168-173565-0050.flac,225760,
5580,train-clean-100/374/180299/374-180299-0009.flac,225760,
5581,train-clean-100/2836/5354/2836-5354-0001.flac,225760,
5582,train-clean-100/2289/152253/2289-152253-0002.flac,225760,
5583,train-clean-100/1040/133433/1040-133433-0049.flac,225760,
5584,train-clean-100/2817/142371/2817-142371-0059.flac,225760,
5585,train-clean-100/302/123516/302-123516-0035.flac,225760,
5586,train-clean-100/1624/142933/1624-142933-0026.flac,225760,
5587,train-clean-100/2843/152918/2843-152918-0070.flac,225760,
5588,train-clean-100/1594/135914/1594-135914-0070.flac,225680,
5589,train-clean-100/1553/140047/1553-140047-0013.flac,225680,
5590,train-clean-100/19/227/19-227-0053.flac,225680,
5591,train-clean-100/3168/173565/3168-173565-0032.flac,225680,
5592,train-clean-100/2002/139469/2002-139469-0090.flac,225680,
5593,train-clean-100/3982/178459/3982-178459-0016.flac,225680,
5594,train-clean-100/2691/156750/2691-156750-0030.flac,225680,
5595,train-clean-100/233/155990/233-155990-0035.flac,225680,
5596,train-clean-100/2159/179157/2159-179157-0009.flac,225680,
5597,train-clean-100/332/128985/332-128985-0013.flac,225680,
5598,train-clean-100/211/122442/211-122442-0051.flac,225680,
5599,train-clean-100/2911/15045/2911-15045-0027.flac,225601,
5600,train-clean-100/254/27760/254-27760-0024.flac,225600,
5601,train-clean-100/1235/135884/1235-135884-0035.flac,225600,
5602,train-clean-100/1841/179183/1841-179183-0023.flac,225600,
5603,train-clean-100/3235/28433/3235-28433-0009.flac,225600,
5604,train-clean-100/125/121342/125-121342-0007.flac,225600,
5605,train-clean-100/3168/173564/3168-173564-0006.flac,225600,
5606,train-clean-100/2416/152137/2416-152137-0000.flac,225600,
5607,train-clean-100/1963/142393/1963-142393-0017.flac,225600,
5608,train-clean-100/2911/7601/2911-7601-0026.flac,225600,
5609,train-clean-100/3242/8112/3242-8112-0029.flac,225600,
5610,train-clean-100/3486/166424/3486-166424-0065.flac,225600,
5611,train-clean-100/2289/152258/2289-152258-0039.flac,225600,
5612,train-clean-100/1578/140045/1578-140045-0003.flac,225600,
5613,train-clean-100/32/21631/32-21631-0014.flac,225520,
5614,train-clean-100/3607/135982/3607-135982-0015.flac,225520,
5615,train-clean-100/1970/26100/1970-26100-0002.flac,225520,
5616,train-clean-100/1737/142397/1737-142397-0001.flac,225520,
5617,train-clean-100/201/122255/201-122255-0005.flac,225520,
5618,train-clean-100/1040/133433/1040-133433-0061.flac,225520,
5619,train-clean-100/3436/172171/3436-172171-0048.flac,225520,
5620,train-clean-100/200/124139/200-124139-0000.flac,225520,
5621,train-clean-100/328/129766/328-129766-0019.flac,225520,
5622,train-clean-100/2196/170379/2196-170379-0024.flac,225441,
5623,train-clean-100/211/122442/211-122442-0020.flac,225440,
5624,train-clean-100/32/4137/32-4137-0048.flac,225440,
5625,train-clean-100/118/124588/118-124588-0001.flac,225440,
5626,train-clean-100/229/130880/229-130880-0088.flac,225440,
5627,train-clean-100/2952/407/2952-407-0000.flac,225440,
5628,train-clean-100/3374/298026/3374-298026-0003.flac,225440,
5629,train-clean-100/307/127540/307-127540-0012.flac,225440,
5630,train-clean-100/2843/152918/2843-152918-0113.flac,225440,
5631,train-clean-100/3699/19401/3699-19401-0023.flac,225440,
5632,train-clean-100/226/131532/226-131532-0018.flac,225440,
5633,train-clean-100/298/126791/298-126791-0017.flac,225440,
5634,train-clean-100/229/130880/229-130880-0065.flac,225440,
5635,train-clean-100/2843/152918/2843-152918-0094.flac,225440,
5636,train-clean-100/1723/141149/1723-141149-0057.flac,225440,
5637,train-clean-100/3664/178366/3664-178366-0025.flac,225440,
5638,train-clean-100/1263/138246/1263-138246-0002.flac,225440,
5639,train-clean-100/2136/5143/2136-5143-0020.flac,225440,
5640,train-clean-100/1867/154071/1867-154071-0038.flac,225440,
5641,train-clean-100/3240/131231/3240-131231-0047.flac,225360,
5642,train-clean-100/3699/19402/3699-19402-0008.flac,225360,
5643,train-clean-100/1447/17506/1447-17506-0030.flac,225360,
5644,train-clean-100/103/1240/103-1240-0000.flac,225360,
5645,train-clean-100/201/127786/201-127786-0003.flac,225360,
5646,train-clean-100/3723/171115/3723-171115-0021.flac,225360,
5647,train-clean-100/2391/145015/2391-145015-0044.flac,225360,
5648,train-clean-100/248/130697/248-130697-0017.flac,225360,
5649,train-clean-100/2002/139469/2002-139469-0053.flac,225360,
5650,train-clean-100/3664/178355/3664-178355-0027.flac,225360,
5651,train-clean-100/3214/167606/3214-167606-0029.flac,225280,
5652,train-clean-100/311/124404/311-124404-0003.flac,225280,
5653,train-clean-100/374/180298/374-180298-0004.flac,225280,
5654,train-clean-100/3486/166424/3486-166424-0060.flac,225280,
5655,train-clean-100/2893/139310/2893-139310-0015.flac,225280,
5656,train-clean-100/1867/154075/1867-154075-0025.flac,225280,
5657,train-clean-100/1963/147036/1963-147036-0016.flac,225280,
5658,train-clean-100/3112/9555/3112-9555-0093.flac,225280,
5659,train-clean-100/250/142276/250-142276-0056.flac,225280,
5660,train-clean-100/2092/145706/2092-145706-0068.flac,225279,
5661,train-clean-100/1263/138246/1263-138246-0018.flac,225200,
5662,train-clean-100/3807/4955/3807-4955-0031.flac,225200,
5663,train-clean-100/1963/147036/1963-147036-0015.flac,225200,
5664,train-clean-100/1116/132847/1116-132847-0003.flac,225120,
5665,train-clean-100/26/495/26-495-0054.flac,225120,
5666,train-clean-100/3807/4923/3807-4923-0028.flac,225120,
5667,train-clean-100/1502/122615/1502-122615-0009.flac,225120,
5668,train-clean-100/1363/139304/1363-139304-0045.flac,225120,
5669,train-clean-100/250/142276/250-142276-0060.flac,225120,
5670,train-clean-100/2952/410/2952-410-0018.flac,225120,
5671,train-clean-100/3526/176651/3526-176651-0017.flac,225120,
5672,train-clean-100/3526/176653/3526-176653-0007.flac,225120,
5673,train-clean-100/163/122947/163-122947-0057.flac,225120,
5674,train-clean-100/3242/67153/3242-67153-0006.flac,225120,
5675,train-clean-100/2182/181173/2182-181173-0017.flac,225040,
5676,train-clean-100/1926/147979/1926-147979-0053.flac,225040,
5677,train-clean-100/1081/125237/1081-125237-0097.flac,225040,
5678,train-clean-100/1098/133695/1098-133695-0003.flac,225040,
5679,train-clean-100/1841/159771/1841-159771-0013.flac,225040,
5680,train-clean-100/3214/167602/3214-167602-0004.flac,225040,
5681,train-clean-100/1926/147979/1926-147979-0013.flac,225040,
5682,train-clean-100/1898/145715/1898-145715-0041.flac,225040,
5683,train-clean-100/3214/167606/3214-167606-0014.flac,225040,
5684,train-clean-100/3235/11599/3235-11599-0002.flac,225040,
5685,train-clean-100/1034/121119/1034-121119-0082.flac,225040,
5686,train-clean-100/298/126791/298-126791-0046.flac,225040,
5687,train-clean-100/1088/129236/1088-129236-0024.flac,224960,
5688,train-clean-100/3242/8112/3242-8112-0012.flac,224960,
5689,train-clean-100/2416/152137/2416-152137-0009.flac,224960,
5690,train-clean-100/3374/298032/3374-298032-0033.flac,224960,
5691,train-clean-100/250/142286/250-142286-0009.flac,224960,
5692,train-clean-100/3857/182317/3857-182317-0016.flac,224960,
5693,train-clean-100/2514/149482/2514-149482-0004.flac,224960,
5694,train-clean-100/3947/13262/3947-13262-0010.flac,224960,
5695,train-clean-100/1355/39947/1355-39947-0022.flac,224960,
5696,train-clean-100/3723/171631/3723-171631-0008.flac,224960,
5697,train-clean-100/3259/158083/3259-158083-0070.flac,224960,
5698,train-clean-100/1069/133699/1069-133699-0035.flac,224880,
5699,train-clean-100/289/121665/289-121665-0013.flac,224880,
5700,train-clean-100/150/126112/150-126112-0026.flac,224880,
5701,train-clean-100/1098/133695/1098-133695-0047.flac,224880,
5702,train-clean-100/2002/139469/2002-139469-0102.flac,224880,
5703,train-clean-100/1355/39947/1355-39947-0068.flac,224880,
5704,train-clean-100/26/495/26-495-0004.flac,224880,
5705,train-clean-100/1841/179183/1841-179183-0001.flac,224880,
5706,train-clean-100/150/126112/150-126112-0025.flac,224800,
5707,train-clean-100/2136/5143/2136-5143-0026.flac,224800,
5708,train-clean-100/2092/145709/2092-145709-0018.flac,224800,
5709,train-clean-100/1502/122619/1502-122619-0031.flac,224800,
5710,train-clean-100/1355/39947/1355-39947-0065.flac,224800,
5711,train-clean-100/3807/4923/3807-4923-0054.flac,224800,
5712,train-clean-100/307/127535/307-127535-0042.flac,224800,
5713,train-clean-100/3526/176653/3526-176653-0024.flac,224800,
5714,train-clean-100/1841/179183/1841-179183-0029.flac,224720,
5715,train-clean-100/1594/135914/1594-135914-0065.flac,224720,
5716,train-clean-100/3440/171009/3440-171009-0028.flac,224720,
5717,train-clean-100/3240/131232/3240-131232-0016.flac,224720,
5718,train-clean-100/2384/152900/2384-152900-0039.flac,224720,
5719,train-clean-100/3857/182317/3857-182317-0003.flac,224720,
5720,train-clean-100/2159/179157/2159-179157-0003.flac,224720,
5721,train-clean-100/1040/133433/1040-133433-0065.flac,224720,
5722,train-clean-100/2911/7601/2911-7601-0048.flac,224640,
5723,train-clean-100/150/126107/150-126107-0019.flac,224640,
5724,train-clean-100/3807/4955/3807-4955-0015.flac,224640,
5725,train-clean-100/201/122255/201-122255-0016.flac,224640,
5726,train-clean-100/322/124147/322-124147-0073.flac,224640,
5727,train-clean-100/3879/174923/3879-174923-0063.flac,224640,
5728,train-clean-100/196/122159/196-122159-0028.flac,224640,
5729,train-clean-100/1743/142912/1743-142912-0018.flac,224640,
5730,train-clean-100/311/124404/311-124404-0051.flac,224640,
5731,train-clean-100/198/126831/198-126831-0026.flac,224640,
5732,train-clean-100/374/180298/374-180298-0055.flac,224640,
5733,train-clean-100/226/131532/226-131532-0011.flac,224640,
5734,train-clean-100/3982/178459/3982-178459-0040.flac,224640,
5735,train-clean-100/2843/152918/2843-152918-0108.flac,224640,
5736,train-clean-100/32/4137/32-4137-0055.flac,224640,
5737,train-clean-100/1578/6379/1578-6379-0018.flac,224560,
5738,train-clean-100/1246/124550/1246-124550-0022.flac,224560,
5739,train-clean-100/3830/12530/3830-12530-0018.flac,224560,
5740,train-clean-100/1970/28415/1970-28415-0037.flac,224560,
5741,train-clean-100/2416/152137/2416-152137-0029.flac,224560,
5742,train-clean-100/3607/135982/3607-135982-0008.flac,224560,
5743,train-clean-100/2196/170379/2196-170379-0033.flac,224560,
5744,train-clean-100/1116/137572/1116-137572-0027.flac,224560,
5745,train-clean-100/125/121342/125-121342-0000.flac,224560,
5746,train-clean-100/226/131532/226-131532-0006.flac,224560,
5747,train-clean-100/3112/9555/3112-9555-0068.flac,224480,
5748,train-clean-100/2910/131096/2910-131096-0032.flac,224480,
5749,train-clean-100/1034/121119/1034-121119-0050.flac,224480,
5750,train-clean-100/2514/149482/2514-149482-0043.flac,224480,
5751,train-clean-100/118/47824/118-47824-0018.flac,224480,
5752,train-clean-100/1334/135589/1334-135589-0056.flac,224480,
5753,train-clean-100/2514/149482/2514-149482-0025.flac,224480,
5754,train-clean-100/1594/135914/1594-135914-0115.flac,224480,
5755,train-clean-100/3112/9555/3112-9555-0079.flac,224480,
5756,train-clean-100/3830/12530/3830-12530-0032.flac,224480,
5757,train-clean-100/1447/130550/1447-130550-0006.flac,224480,
5758,train-clean-100/3830/12530/3830-12530-0038.flac,224400,
5759,train-clean-100/118/47824/118-47824-0039.flac,224400,
5760,train-clean-100/1841/179183/1841-179183-0024.flac,224400,
5761,train-clean-100/1069/133709/1069-133709-0023.flac,224400,
5762,train-clean-100/103/1240/103-1240-0050.flac,224400,
5763,train-clean-100/3699/47246/3699-47246-0015.flac,224400,
5764,train-clean-100/254/127705/254-127705-0024.flac,224400,
5765,train-clean-100/150/132655/150-132655-0016.flac,224400,
5766,train-clean-100/103/1241/103-1241-0005.flac,224400,
5767,train-clean-100/311/124404/311-124404-0065.flac,224400,
5768,train-clean-100/39/121916/39-121916-0003.flac,224400,
5769,train-clean-100/39/121916/39-121916-0014.flac,224400,
5770,train-clean-100/3807/4923/3807-4923-0016.flac,224400,
5771,train-clean-100/2436/2481/2436-2481-0004.flac,224320,
5772,train-clean-100/332/128985/332-128985-0005.flac,224320,
5773,train-clean-100/2182/150130/2182-150130-0033.flac,224320,
5774,train-clean-100/118/121721/118-121721-0002.flac,224320,
5775,train-clean-100/3440/171009/3440-171009-0075.flac,224320,
5776,train-clean-100/3699/47246/3699-47246-0028.flac,224320,
5777,train-clean-100/2182/181183/2182-181183-0032.flac,224320,
5778,train-clean-100/2817/142371/2817-142371-0070.flac,224320,
5779,train-clean-100/3240/131231/3240-131231-0037.flac,224320,
5780,train-clean-100/2196/170151/2196-170151-0029.flac,224240,
5781,train-clean-100/1594/135914/1594-135914-0098.flac,224240,
5782,train-clean-100/1926/147987/1926-147987-0005.flac,224240,
5783,train-clean-100/2764/36617/2764-36617-0025.flac,224240,
5784,train-clean-100/3664/11714/3664-11714-0002.flac,224240,
5785,train-clean-100/1743/142913/1743-142913-0005.flac,224240,
5786,train-clean-100/3440/171009/3440-171009-0052.flac,224240,
5787,train-clean-100/2436/2476/2436-2476-0011.flac,224240,
5788,train-clean-100/3235/28452/3235-28452-0028.flac,224240,
5789,train-clean-100/3112/9555/3112-9555-0092.flac,224240,
5790,train-clean-100/1963/142393/1963-142393-0055.flac,224160,
5791,train-clean-100/3486/166424/3486-166424-0003.flac,224160,
5792,train-clean-100/125/121124/125-121124-0011.flac,224160,
5793,train-clean-100/2136/5140/2136-5140-0000.flac,224160,
5794,train-clean-100/3526/176651/3526-176651-0002.flac,224160,
5795,train-clean-100/2952/408/2952-408-0003.flac,224160,
5796,train-clean-100/322/124146/322-124146-0018.flac,224160,
5797,train-clean-100/2843/152918/2843-152918-0051.flac,224160,
5798,train-clean-100/3242/67168/3242-67168-0030.flac,224160,
5799,train-clean-100/1081/125237/1081-125237-0112.flac,224160,
5800,train-clean-100/1334/135589/1334-135589-0063.flac,224160,
5801,train-clean-100/2182/181173/2182-181173-0010.flac,224160,
5802,train-clean-100/103/1241/103-1241-0015.flac,224160,
5803,train-clean-100/302/123523/302-123523-0018.flac,224160,
5804,train-clean-100/1363/135842/1363-135842-0029.flac,224160,
5805,train-clean-100/3436/172171/3436-172171-0046.flac,224160,
5806,train-clean-100/307/127539/307-127539-0003.flac,224080,
5807,train-clean-100/1743/142912/1743-142912-0033.flac,224080,
5808,train-clean-100/103/1241/103-1241-0032.flac,224080,
5809,train-clean-100/3235/28433/3235-28433-0030.flac,224080,
5810,train-clean-100/3440/171009/3440-171009-0030.flac,224080,
5811,train-clean-100/1970/26100/1970-26100-0024.flac,224080,
5812,train-clean-100/3723/171115/3723-171115-0005.flac,224080,
5813,train-clean-100/3235/28433/3235-28433-0024.flac,224000,
5814,train-clean-100/150/126112/150-126112-0018.flac,224000,
5815,train-clean-100/3664/11714/3664-11714-0000.flac,224000,
5816,train-clean-100/3879/174923/3879-174923-0008.flac,224000,
5817,train-clean-100/1970/26100/1970-26100-0019.flac,224000,
5818,train-clean-100/332/128985/332-128985-0066.flac,224000,
5819,train-clean-100/311/124404/311-124404-0072.flac,224000,
5820,train-clean-100/2384/152900/2384-152900-0016.flac,224000,
5821,train-clean-100/3486/166424/3486-166424-0022.flac,224000,
5822,train-clean-100/254/127705/254-127705-0010.flac,224000,
5823,train-clean-100/3699/19401/3699-19401-0020.flac,224000,
5824,train-clean-100/1034/121119/1034-121119-0006.flac,223920,
5825,train-clean-100/1898/145715/1898-145715-0012.flac,223920,
5826,train-clean-100/3436/172171/3436-172171-0043.flac,223920,
5827,train-clean-100/3607/29116/3607-29116-0041.flac,223920,
5828,train-clean-100/2436/2477/2436-2477-0000.flac,223920,
5829,train-clean-100/32/21631/32-21631-0011.flac,223920,
5830,train-clean-100/1553/140047/1553-140047-0004.flac,223840,
5831,train-clean-100/248/130652/248-130652-0036.flac,223840,
5832,train-clean-100/2817/142371/2817-142371-0032.flac,223840,
5833,train-clean-100/1334/135589/1334-135589-0055.flac,223840,
5834,train-clean-100/322/124146/322-124146-0031.flac,223840,
5835,train-clean-100/2384/152900/2384-152900-0070.flac,223840,
5836,train-clean-100/1624/168623/1624-168623-0010.flac,223840,
5837,train-clean-100/1235/135884/1235-135884-0039.flac,223760,
5838,train-clean-100/1898/145720/1898-145720-0001.flac,223760,
5839,train-clean-100/3607/135982/3607-135982-0050.flac,223760,
5840,train-clean-100/3214/167607/3214-167607-0011.flac,223760,
5841,train-clean-100/1098/133695/1098-133695-0035.flac,223760,
5842,train-clean-100/3830/12535/3830-12535-0000.flac,223760,
5843,train-clean-100/3168/173565/3168-173565-0037.flac,223760,
5844,train-clean-100/3723/171115/3723-171115-0012.flac,223760,
5845,train-clean-100/2416/152139/2416-152139-0057.flac,223760,
5846,train-clean-100/1235/135883/1235-135883-0042.flac,223760,
5847,train-clean-100/2007/132570/2007-132570-0020.flac,223760,
5848,train-clean-100/328/129766/328-129766-0076.flac,223760,
5849,train-clean-100/3664/11714/3664-11714-0021.flac,223760,
5850,train-clean-100/39/121914/39-121914-0046.flac,223680,
5851,train-clean-100/2843/152918/2843-152918-0030.flac,223680,
5852,train-clean-100/163/122947/163-122947-0016.flac,223680,
5853,train-clean-100/1263/138246/1263-138246-0007.flac,223680,
5854,train-clean-100/3982/178459/3982-178459-0023.flac,223680,
5855,train-clean-100/27/123349/27-123349-0002.flac,223680,
5856,train-clean-100/3259/158083/3259-158083-0086.flac,223680,
5857,train-clean-100/1594/135914/1594-135914-0081.flac,223680,
5858,train-clean-100/1594/135914/1594-135914-0080.flac,223680,
5859,train-clean-100/298/126791/298-126791-0035.flac,223680,
5860,train-clean-100/3982/182255/3982-182255-0018.flac,223680,
5861,train-clean-100/3436/172171/3436-172171-0026.flac,223680,
5862,train-clean-100/2416/152139/2416-152139-0035.flac,223680,
5863,train-clean-100/26/495/26-495-0071.flac,223680,
5864,train-clean-100/3699/47246/3699-47246-0010.flac,223680,
5865,train-clean-100/2136/5140/2136-5140-0018.flac,223680,
5866,train-clean-100/27/123349/27-123349-0012.flac,223601,
5867,train-clean-100/302/123523/302-123523-0019.flac,223600,
5868,train-clean-100/2436/2476/2436-2476-0009.flac,223600,
5869,train-clean-100/39/121914/39-121914-0034.flac,223600,
5870,train-clean-100/374/180298/374-180298-0033.flac,223600,
5871,train-clean-100/3440/171006/3440-171006-0004.flac,223600,
5872,train-clean-100/2182/181173/2182-181173-0013.flac,223600,
5873,train-clean-100/2092/145706/2092-145706-0028.flac,223600,
5874,train-clean-100/1578/6379/1578-6379-0017.flac,223600,
5875,train-clean-100/1898/145715/1898-145715-0029.flac,223600,
5876,train-clean-100/3526/176653/3526-176653-0044.flac,223600,
5877,train-clean-100/3526/176651/3526-176651-0007.flac,223520,
5878,train-clean-100/2002/139469/2002-139469-0010.flac,223520,
5879,train-clean-100/3723/171115/3723-171115-0056.flac,223520,
5880,train-clean-100/2911/7601/2911-7601-0042.flac,223520,
5881,train-clean-100/1553/140048/1553-140048-0030.flac,223520,
5882,train-clean-100/1723/141149/1723-141149-0039.flac,223520,
5883,train-clean-100/19/227/19-227-0032.flac,223520,
5884,train-clean-100/2092/145706/2092-145706-0041.flac,223520,
5885,train-clean-100/3440/171009/3440-171009-0020.flac,223520,
5886,train-clean-100/2182/181173/2182-181173-0005.flac,223520,
5887,train-clean-100/211/122442/211-122442-0058.flac,223520,
5888,train-clean-100/150/126112/150-126112-0019.flac,223520,
5889,train-clean-100/1502/122615/1502-122615-0014.flac,223520,
5890,train-clean-100/211/122442/211-122442-0024.flac,223440,
5891,train-clean-100/26/495/26-495-0006.flac,223440,
5892,train-clean-100/1841/179183/1841-179183-0022.flac,223440,
5893,train-clean-100/2436/2481/2436-2481-0015.flac,223440,
5894,train-clean-100/254/127705/254-127705-0013.flac,223440,
5895,train-clean-100/2002/139469/2002-139469-0014.flac,223440,
5896,train-clean-100/3857/182315/3857-182315-0029.flac,223440,
5897,train-clean-100/226/122538/226-122538-0016.flac,223440,
5898,train-clean-100/1235/135883/1235-135883-0047.flac,223440,
5899,train-clean-100/1098/133695/1098-133695-0050.flac,223440,
5900,train-clean-100/3982/178459/3982-178459-0014.flac,223440,
5901,train-clean-100/196/122152/196-122152-0016.flac,223440,
5902,train-clean-100/103/1240/103-1240-0027.flac,223440,
5903,train-clean-100/2416/152137/2416-152137-0033.flac,223440,
5904,train-clean-100/1743/142914/1743-142914-0010.flac,223360,
5905,train-clean-100/1455/134435/1455-134435-0035.flac,223360,
5906,train-clean-100/1553/140048/1553-140048-0012.flac,223360,
5907,train-clean-100/1502/122619/1502-122619-0046.flac,223360,
5908,train-clean-100/201/122255/201-122255-0011.flac,223360,
5909,train-clean-100/32/21625/32-21625-0003.flac,223360,
5910,train-clean-100/2436/2481/2436-2481-0031.flac,223360,
5911,train-clean-100/103/1240/103-1240-0014.flac,223360,
5912,train-clean-100/2514/149482/2514-149482-0007.flac,223280,
5913,train-clean-100/2289/152253/2289-152253-0012.flac,223280,
5914,train-clean-100/32/4137/32-4137-0039.flac,223280,
5915,train-clean-100/1455/138263/1455-138263-0010.flac,223280,
5916,train-clean-100/1447/17506/1447-17506-0032.flac,223200,
5917,train-clean-100/1737/142397/1737-142397-0019.flac,223200,
5918,train-clean-100/3830/12530/3830-12530-0031.flac,223200,
5919,train-clean-100/19/198/19-198-0027.flac,223200,
5920,train-clean-100/1069/133699/1069-133699-0022.flac,223200,
5921,train-clean-100/2893/139310/2893-139310-0010.flac,223200,
5922,train-clean-100/2764/36617/2764-36617-0027.flac,223200,
5923,train-clean-100/250/142276/250-142276-0031.flac,223200,
5924,train-clean-100/2416/152139/2416-152139-0069.flac,223200,
5925,train-clean-100/3664/11714/3664-11714-0016.flac,223200,
5926,train-clean-100/3807/4923/3807-4923-0051.flac,223200,
5927,train-clean-100/1246/124550/1246-124550-0021.flac,223200,
5928,train-clean-100/3947/13262/3947-13262-0050.flac,223200,
5929,train-clean-100/2007/149877/2007-149877-0005.flac,223200,
5930,train-clean-100/2952/408/2952-408-0012.flac,223200,
5931,train-clean-100/2136/5147/2136-5147-0015.flac,223200,
5932,train-clean-100/1069/133709/1069-133709-0040.flac,223200,
5933,train-clean-100/289/121665/289-121665-0023.flac,223200,
5934,train-clean-100/302/123504/302-123504-0013.flac,223120,
5935,train-clean-100/19/198/19-198-0011.flac,223120,
5936,train-clean-100/3440/171006/3440-171006-0020.flac,223120,
5937,train-clean-100/1737/148989/1737-148989-0030.flac,223120,
5938,train-clean-100/200/124140/200-124140-0025.flac,223120,
5939,train-clean-100/1034/121119/1034-121119-0020.flac,223120,
5940,train-clean-100/1841/179183/1841-179183-0020.flac,223120,
5941,train-clean-100/2159/179154/2159-179154-0033.flac,223120,
5942,train-clean-100/103/1240/103-1240-0002.flac,223120,
5943,train-clean-100/2159/179156/2159-179156-0021.flac,223120,
5944,train-clean-100/211/122442/211-122442-0063.flac,223120,
5945,train-clean-100/1926/147979/1926-147979-0052.flac,223120,
5946,train-clean-100/248/130697/248-130697-0007.flac,223120,
5947,train-clean-100/332/128985/332-128985-0021.flac,223040,
5948,train-clean-100/233/134440/233-134440-0004.flac,223040,
5949,train-clean-100/2289/152257/2289-152257-0003.flac,223040,
5950,train-clean-100/2910/131096/2910-131096-0001.flac,223040,
5951,train-clean-100/248/130652/248-130652-0030.flac,223040,
5952,train-clean-100/1235/135884/1235-135884-0041.flac,223040,
5953,train-clean-100/196/122150/196-122150-0038.flac,223040,
5954,train-clean-100/3857/180923/3857-180923-0000.flac,223040,
5955,train-clean-100/2092/145706/2092-145706-0069.flac,222961,
5956,train-clean-100/3982/178459/3982-178459-0047.flac,222960,
5957,train-clean-100/1963/142776/1963-142776-0015.flac,222960,
5958,train-clean-100/1034/121119/1034-121119-0062.flac,222960,
5959,train-clean-100/1723/141149/1723-141149-0027.flac,222960,
5960,train-clean-100/1081/125237/1081-125237-0014.flac,222960,
5961,train-clean-100/3259/158083/3259-158083-0066.flac,222960,
5962,train-clean-100/1334/135589/1334-135589-0044.flac,222960,
5963,train-clean-100/3723/171115/3723-171115-0011.flac,222880,
5964,train-clean-100/19/227/19-227-0004.flac,222880,
5965,train-clean-100/1334/135589/1334-135589-0025.flac,222880,
5966,train-clean-100/3830/12530/3830-12530-0035.flac,222880,
5967,train-clean-100/322/124146/322-124146-0009.flac,222880,
5968,train-clean-100/2289/152253/2289-152253-0005.flac,222880,
5969,train-clean-100/3879/174923/3879-174923-0060.flac,222880,
5970,train-clean-100/3857/182315/3857-182315-0027.flac,222800,
5971,train-clean-100/1737/146161/1737-146161-0000.flac,222800,
5972,train-clean-100/233/134440/233-134440-0028.flac,222800,
5973,train-clean-100/103/1240/103-1240-0046.flac,222800,
5974,train-clean-100/2196/170379/2196-170379-0019.flac,222800,
5975,train-clean-100/248/130652/248-130652-0031.flac,222800,
5976,train-clean-100/374/180299/374-180299-0015.flac,222800,
5977,train-clean-100/374/180299/374-180299-0019.flac,222800,
5978,train-clean-100/3664/178355/3664-178355-0000.flac,222720,
5979,train-clean-100/3235/11599/3235-11599-0017.flac,222720,
5980,train-clean-100/200/126784/200-126784-0031.flac,222720,
5981,train-clean-100/1447/130550/1447-130550-0007.flac,222720,
5982,train-clean-100/2911/12359/2911-12359-0004.flac,222720,
5983,train-clean-100/2764/36619/2764-36619-0016.flac,222720,
5984,train-clean-100/2989/138028/2989-138028-0034.flac,222640,
5985,train-clean-100/2910/131096/2910-131096-0018.flac,222640,
5986,train-clean-100/2182/181173/2182-181173-0012.flac,222640,
5987,train-clean-100/1743/142913/1743-142913-0018.flac,222640,
5988,train-clean-100/200/124139/200-124139-0023.flac,222640,
5989,train-clean-100/1455/134435/1455-134435-0012.flac,222640,
5990,train-clean-100/3879/174923/3879-174923-0055.flac,222640,
5991,train-clean-100/3214/167606/3214-167606-0009.flac,222640,
5992,train-clean-100/248/130652/248-130652-0023.flac,222640,
5993,train-clean-100/196/122150/196-122150-0039.flac,222640,
5994,train-clean-100/3259/158083/3259-158083-0108.flac,222640,
5995,train-clean-100/198/209/198-209-0000.flac,222561,
5996,train-clean-100/2416/152139/2416-152139-0024.flac,222560,
5997,train-clean-100/1040/133433/1040-133433-0059.flac,222560,
5998,train-clean-100/1455/134435/1455-134435-0017.flac,222560,
5999,train-clean-100/163/122947/163-122947-0040.flac,222560,
6000,train-clean-100/2416/152139/2416-152139-0000.flac,222560,
6001,train-clean-100/2136/5143/2136-5143-0002.flac,222560,
6002,train-clean-100/2092/145706/2092-145706-0001.flac,222560,
6003,train-clean-100/1235/135883/1235-135883-0016.flac,222560,
6004,train-clean-100/2159/179154/2159-179154-0001.flac,222560,
6005,train-clean-100/27/124992/27-124992-0001.flac,222560,
6006,train-clean-100/1447/17506/1447-17506-0026.flac,222560,
6007,train-clean-100/1867/148436/1867-148436-0032.flac,222481,
6008,train-clean-100/3374/298032/3374-298032-0023.flac,222480,
6009,train-clean-100/2518/154826/2518-154826-0008.flac,222480,
6010,train-clean-100/3723/171631/3723-171631-0017.flac,222480,
6011,train-clean-100/1624/168623/1624-168623-0016.flac,222480,
6012,train-clean-100/32/4137/32-4137-0054.flac,222480,
6013,train-clean-100/1553/140047/1553-140047-0036.flac,222480,
6014,train-clean-100/2007/149877/2007-149877-0008.flac,222480,
6015,train-clean-100/118/47824/118-47824-0014.flac,222480,
6016,train-clean-100/3242/67168/3242-67168-0021.flac,222480,
6017,train-clean-100/3259/158083/3259-158083-0017.flac,222480,
6018,train-clean-100/3214/167602/3214-167602-0012.flac,222480,
6019,train-clean-100/3486/166446/3486-166446-0036.flac,222400,
6020,train-clean-100/1069/133709/1069-133709-0038.flac,222400,
6021,train-clean-100/103/1241/103-1241-0009.flac,222400,
6022,train-clean-100/3857/182315/3857-182315-0003.flac,222400,
6023,train-clean-100/328/129766/328-129766-0087.flac,222400,
6024,train-clean-100/254/27760/254-27760-0017.flac,222400,
6025,train-clean-100/289/121665/289-121665-0033.flac,222400,
6026,train-clean-100/150/126112/150-126112-0007.flac,222400,
6027,train-clean-100/1898/145715/1898-145715-0003.flac,222400,
6028,train-clean-100/1578/140049/1578-140049-0028.flac,222400,
6029,train-clean-100/2893/139322/2893-139322-0029.flac,222400,
6030,train-clean-100/1088/129236/1088-129236-0017.flac,222400,
6031,train-clean-100/2817/142380/2817-142380-0027.flac,222400,
6032,train-clean-100/1098/133695/1098-133695-0089.flac,222400,
6033,train-clean-100/254/12312/254-12312-0006.flac,222321,
6034,train-clean-100/1867/154075/1867-154075-0023.flac,222320,
6035,train-clean-100/1116/132851/1116-132851-0004.flac,222320,
6036,train-clean-100/332/128985/332-128985-0085.flac,222320,
6037,train-clean-100/3947/13260/3947-13260-0041.flac,222320,
6038,train-clean-100/3699/19402/3699-19402-0004.flac,222320,
6039,train-clean-100/3440/171009/3440-171009-0035.flac,222320,
6040,train-clean-100/3168/173565/3168-173565-0016.flac,222320,
6041,train-clean-100/1841/150351/1841-150351-0007.flac,222320,
6042,train-clean-100/1594/135914/1594-135914-0105.flac,222320,
6043,train-clean-100/328/129766/328-129766-0084.flac,222320,
6044,train-clean-100/2436/2481/2436-2481-0036.flac,222320,
6045,train-clean-100/3240/131232/3240-131232-0005.flac,222240,
6046,train-clean-100/3607/135982/3607-135982-0028.flac,222240,
6047,train-clean-100/1081/125237/1081-125237-0047.flac,222240,
6048,train-clean-100/248/130652/248-130652-0034.flac,222240,
6049,train-clean-100/2893/139310/2893-139310-0032.flac,222240,
6050,train-clean-100/2989/138035/2989-138035-0020.flac,222240,
6051,train-clean-100/125/121124/125-121124-0019.flac,222240,
6052,train-clean-100/2691/156745/2691-156745-0017.flac,222240,
6053,train-clean-100/3214/167607/3214-167607-0018.flac,222240,
6054,train-clean-100/32/4137/32-4137-0051.flac,222160,
6055,train-clean-100/1963/142776/1963-142776-0005.flac,222160,
6056,train-clean-100/103/1241/103-1241-0003.flac,222160,
6057,train-clean-100/328/129766/328-129766-0002.flac,222160,
6058,train-clean-100/2416/152139/2416-152139-0001.flac,222160,
6059,train-clean-100/328/129766/328-129766-0040.flac,222160,
6060,train-clean-100/2764/36616/2764-36616-0023.flac,222080,
6061,train-clean-100/1502/122619/1502-122619-0006.flac,222080,
6062,train-clean-100/200/124139/200-124139-0024.flac,222080,
6063,train-clean-100/26/495/26-495-0022.flac,222080,
6064,train-clean-100/302/123523/302-123523-0007.flac,222080,
6065,train-clean-100/1578/6379/1578-6379-0031.flac,222080,
6066,train-clean-100/3242/8112/3242-8112-0003.flac,222080,
6067,train-clean-100/1455/134435/1455-134435-0018.flac,222080,
6068,train-clean-100/2196/170151/2196-170151-0002.flac,222080,
6069,train-clean-100/1355/39947/1355-39947-0075.flac,222080,
6070,train-clean-100/1963/142776/1963-142776-0028.flac,222000,
6071,train-clean-100/1594/135914/1594-135914-0074.flac,222000,
6072,train-clean-100/311/124404/311-124404-0096.flac,222000,
6073,train-clean-100/3214/167606/3214-167606-0030.flac,222000,
6074,train-clean-100/1034/121119/1034-121119-0045.flac,222000,
6075,train-clean-100/328/129766/328-129766-0092.flac,222000,
6076,train-clean-100/2764/36616/2764-36616-0033.flac,222000,
6077,train-clean-100/2391/145015/2391-145015-0001.flac,222000,
6078,train-clean-100/1069/133709/1069-133709-0015.flac,222000,
6079,train-clean-100/3486/166424/3486-166424-0006.flac,221921,
6080,train-clean-100/200/126784/200-126784-0025.flac,221920,
6081,train-clean-100/3235/28433/3235-28433-0000.flac,221920,
6082,train-clean-100/1502/122619/1502-122619-0056.flac,221920,
6083,train-clean-100/3879/174923/3879-174923-0027.flac,221920,
6084,train-clean-100/1898/145724/1898-145724-0032.flac,221920,
6085,train-clean-100/196/122150/196-122150-0015.flac,221920,
6086,train-clean-100/1970/28415/1970-28415-0024.flac,221920,
6087,train-clean-100/1447/130551/1447-130551-0031.flac,221920,
6088,train-clean-100/2989/138028/2989-138028-0063.flac,221920,
6089,train-clean-100/1963/142776/1963-142776-0021.flac,221920,
6090,train-clean-100/1963/147036/1963-147036-0018.flac,221920,
6091,train-clean-100/3436/172171/3436-172171-0061.flac,221840,
6092,train-clean-100/226/122538/226-122538-0007.flac,221840,
6093,train-clean-100/1743/142914/1743-142914-0008.flac,221840,
6094,train-clean-100/3235/28433/3235-28433-0019.flac,221840,
6095,train-clean-100/211/122442/211-122442-0061.flac,221840,
6096,train-clean-100/3607/29116/3607-29116-0039.flac,221840,
6097,train-clean-100/3857/182317/3857-182317-0012.flac,221840,
6098,train-clean-100/3374/298026/3374-298026-0045.flac,221840,
6099,train-clean-100/39/121915/39-121915-0006.flac,221760,
6100,train-clean-100/1447/130551/1447-130551-0030.flac,221760,
6101,train-clean-100/2416/152139/2416-152139-0036.flac,221760,
6102,train-clean-100/2416/152139/2416-152139-0063.flac,221760,
6103,train-clean-100/3526/176651/3526-176651-0005.flac,221760,
6104,train-clean-100/311/124404/311-124404-0099.flac,221760,
6105,train-clean-100/3235/28433/3235-28433-0033.flac,221760,
6106,train-clean-100/3242/67153/3242-67153-0009.flac,221760,
6107,train-clean-100/2092/145706/2092-145706-0033.flac,221760,
6108,train-clean-100/1970/10594/1970-10594-0043.flac,221760,
6109,train-clean-100/1246/124548/1246-124548-0002.flac,221760,
6110,train-clean-100/2843/152918/2843-152918-0096.flac,221760,
6111,train-clean-100/2518/154825/2518-154825-0020.flac,221760,
6112,train-clean-100/2952/410/2952-410-0015.flac,221760,
6113,train-clean-100/2002/139469/2002-139469-0055.flac,221680,
6114,train-clean-100/2092/145709/2092-145709-0006.flac,221680,
6115,train-clean-100/3235/28433/3235-28433-0014.flac,221680,
6116,train-clean-100/1970/26100/1970-26100-0032.flac,221680,
6117,train-clean-100/211/122425/211-122425-0018.flac,221680,
6118,train-clean-100/3259/158083/3259-158083-0118.flac,221680,
6119,train-clean-100/196/122150/196-122150-0021.flac,221680,
6120,train-clean-100/2416/152139/2416-152139-0048.flac,221600,
6121,train-clean-100/2196/174172/2196-174172-0029.flac,221600,
6122,train-clean-100/163/122947/163-122947-0068.flac,221600,
6123,train-clean-100/2518/154825/2518-154825-0040.flac,221600,
6124,train-clean-100/226/131533/226-131533-0016.flac,221600,
6125,train-clean-100/1447/17506/1447-17506-0018.flac,221600,
6126,train-clean-100/374/180299/374-180299-0016.flac,221600,
6127,train-clean-100/1098/133695/1098-133695-0032.flac,221600,
6128,train-clean-100/298/126791/298-126791-0015.flac,221600,
6129,train-clean-100/332/128985/332-128985-0081.flac,221600,
6130,train-clean-100/1502/122615/1502-122615-0036.flac,221600,
6131,train-clean-100/2836/5354/2836-5354-0028.flac,221600,
6132,train-clean-100/311/124404/311-124404-0097.flac,221600,
6133,train-clean-100/150/132655/150-132655-0024.flac,221600,
6134,train-clean-100/226/131533/226-131533-0020.flac,221520,
6135,train-clean-100/3664/11714/3664-11714-0011.flac,221520,
6136,train-clean-100/233/155990/233-155990-0014.flac,221520,
6137,train-clean-100/125/121124/125-121124-0029.flac,221520,
6138,train-clean-100/3235/28452/3235-28452-0008.flac,221520,
6139,train-clean-100/3168/173564/3168-173564-0034.flac,221520,
6140,train-clean-100/3168/173564/3168-173564-0018.flac,221520,
6141,train-clean-100/2436/2476/2436-2476-0027.flac,221520,
6142,train-clean-100/27/124992/27-124992-0069.flac,221520,
6143,train-clean-100/2092/145709/2092-145709-0013.flac,221440,
6144,train-clean-100/2002/139469/2002-139469-0099.flac,221440,
6145,train-clean-100/3607/135982/3607-135982-0036.flac,221440,
6146,train-clean-100/1183/133255/1183-133255-0012.flac,221440,
6147,train-clean-100/3607/135982/3607-135982-0035.flac,221440,
6148,train-clean-100/1841/179183/1841-179183-0025.flac,221440,
6149,train-clean-100/1455/134435/1455-134435-0055.flac,221440,
6150,train-clean-100/201/127786/201-127786-0036.flac,221440,
6151,train-clean-100/1578/140045/1578-140045-0010.flac,221440,
6152,train-clean-100/1069/133709/1069-133709-0014.flac,221360,
6153,train-clean-100/163/122947/163-122947-0027.flac,221360,
6154,train-clean-100/1447/17506/1447-17506-0013.flac,221360,
6155,train-clean-100/1334/135589/1334-135589-0083.flac,221360,
6156,train-clean-100/1081/125237/1081-125237-0076.flac,221360,
6157,train-clean-100/19/227/19-227-0046.flac,221360,
6158,train-clean-100/2182/181183/2182-181183-0033.flac,221360,
6159,train-clean-100/3436/172171/3436-172171-0055.flac,221360,
6160,train-clean-100/254/27760/254-27760-0033.flac,221360,
6161,train-clean-100/2764/36619/2764-36619-0012.flac,221360,
6162,train-clean-100/163/122947/163-122947-0085.flac,221360,
6163,train-clean-100/2910/131096/2910-131096-0038.flac,221360,
6164,train-clean-100/2159/179156/2159-179156-0033.flac,221360,
6165,train-clean-100/2159/179154/2159-179154-0036.flac,221280,
6166,train-clean-100/2518/154825/2518-154825-0003.flac,221280,
6167,train-clean-100/2952/410/2952-410-0048.flac,221280,
6168,train-clean-100/1447/17506/1447-17506-0027.flac,221280,
6169,train-clean-100/2989/138028/2989-138028-0009.flac,221280,
6170,train-clean-100/1334/135589/1334-135589-0098.flac,221280,
6171,train-clean-100/3723/171115/3723-171115-0033.flac,221280,
6172,train-clean-100/298/126791/298-126791-0003.flac,221280,
6173,train-clean-100/1841/159771/1841-159771-0025.flac,221200,
6174,train-clean-100/1992/141719/1992-141719-0010.flac,221200,
6175,train-clean-100/3112/9555/3112-9555-0076.flac,221200,
6176,train-clean-100/3214/167607/3214-167607-0003.flac,221200,
6177,train-clean-100/322/124147/322-124147-0022.flac,221200,
6178,train-clean-100/374/180298/374-180298-0036.flac,221200,
6179,train-clean-100/226/122538/226-122538-0011.flac,221200,
6180,train-clean-100/1970/28415/1970-28415-0010.flac,221200,
6181,train-clean-100/233/134440/233-134440-0015.flac,221200,
6182,train-clean-100/1926/147987/1926-147987-0017.flac,221120,
6183,train-clean-100/211/122425/211-122425-0027.flac,221120,
6184,train-clean-100/19/227/19-227-0050.flac,221120,
6185,train-clean-100/163/122947/163-122947-0018.flac,221120,
6186,train-clean-100/26/495/26-495-0073.flac,221120,
6187,train-clean-100/250/142276/250-142276-0040.flac,221120,
6188,train-clean-100/3235/28433/3235-28433-0010.flac,221120,
6189,train-clean-100/1723/141149/1723-141149-0013.flac,221120,
6190,train-clean-100/2817/142380/2817-142380-0016.flac,221120,
6191,train-clean-100/254/27760/254-27760-0016.flac,221120,
6192,train-clean-100/3699/175950/3699-175950-0020.flac,221120,
6193,train-clean-100/250/142276/250-142276-0038.flac,221040,
6194,train-clean-100/250/142276/250-142276-0062.flac,221040,
6195,train-clean-100/3242/67153/3242-67153-0010.flac,221040,
6196,train-clean-100/3259/158083/3259-158083-0044.flac,221040,
6197,train-clean-100/3857/180923/3857-180923-0002.flac,221040,
6198,train-clean-100/2764/36617/2764-36617-0031.flac,221040,
6199,train-clean-100/32/21625/32-21625-0006.flac,221040,
6200,train-clean-100/2384/152900/2384-152900-0069.flac,221040,
6201,train-clean-100/1743/142914/1743-142914-0001.flac,221040,
6202,train-clean-100/1081/125237/1081-125237-0062.flac,220960,
6203,train-clean-100/3440/171009/3440-171009-0021.flac,220960,
6204,train-clean-100/19/227/19-227-0040.flac,220960,
6205,train-clean-100/2196/170379/2196-170379-0017.flac,220960,
6206,train-clean-100/1898/145724/1898-145724-0027.flac,220960,
6207,train-clean-100/1723/141149/1723-141149-0023.flac,220960,
6208,train-clean-100/1034/121119/1034-121119-0079.flac,220960,
6209,train-clean-100/328/129766/328-129766-0018.flac,220960,
6210,train-clean-100/1926/147979/1926-147979-0050.flac,220880,
6211,train-clean-100/150/132655/150-132655-0005.flac,220880,
6212,train-clean-100/3879/173592/3879-173592-0034.flac,220880,
6213,train-clean-100/1737/148989/1737-148989-0002.flac,220880,
6214,train-clean-100/2196/170151/2196-170151-0022.flac,220880,
6215,train-clean-100/1235/135884/1235-135884-0011.flac,220880,
6216,train-clean-100/3235/28452/3235-28452-0023.flac,220880,
6217,train-clean-100/3607/29116/3607-29116-0020.flac,220880,
6218,train-clean-100/3830/12530/3830-12530-0006.flac,220880,
6219,train-clean-100/3947/13262/3947-13262-0028.flac,220800,
6220,train-clean-100/1578/6379/1578-6379-0009.flac,220800,
6221,train-clean-100/1263/138246/1263-138246-0031.flac,220800,
6222,train-clean-100/196/122159/196-122159-0004.flac,220800,
6223,train-clean-100/1116/137572/1116-137572-0014.flac,220800,
6224,train-clean-100/307/127539/307-127539-0020.flac,220800,
6225,train-clean-100/229/130880/229-130880-0016.flac,220800,
6226,train-clean-100/233/155990/233-155990-0041.flac,220800,
6227,train-clean-100/2989/138028/2989-138028-0053.flac,220720,
6228,train-clean-100/3526/176653/3526-176653-0000.flac,220720,
6229,train-clean-100/32/21625/32-21625-0016.flac,220720,
6230,train-clean-100/233/134440/233-134440-0009.flac,220720,
6231,train-clean-100/374/180298/374-180298-0050.flac,220720,
6232,train-clean-100/3982/182255/3982-182255-0008.flac,220720,
6233,train-clean-100/2817/142371/2817-142371-0017.flac,220720,
6234,train-clean-100/2159/179157/2159-179157-0026.flac,220720,
6235,train-clean-100/2910/131096/2910-131096-0082.flac,220720,
6236,train-clean-100/1841/179183/1841-179183-0004.flac,220720,
6237,train-clean-100/3374/298032/3374-298032-0025.flac,220720,
6238,train-clean-100/2518/154826/2518-154826-0028.flac,220720,
6239,train-clean-100/2436/2481/2436-2481-0030.flac,220720,
6240,train-clean-100/2182/181183/2182-181183-0030.flac,220720,
6241,train-clean-100/2764/36616/2764-36616-0018.flac,220640,
6242,train-clean-100/374/180298/374-180298-0032.flac,220640,
6243,train-clean-100/3526/175658/3526-175658-0010.flac,220640,
6244,train-clean-100/233/134440/233-134440-0020.flac,220640,
6245,train-clean-100/1447/130552/1447-130552-0022.flac,220640,
6246,train-clean-100/3723/171631/3723-171631-0005.flac,220640,
6247,train-clean-100/1502/122619/1502-122619-0012.flac,220640,
6248,train-clean-100/1081/125237/1081-125237-0010.flac,220640,
6249,train-clean-100/3807/4923/3807-4923-0034.flac,220640,
6250,train-clean-100/248/130697/248-130697-0029.flac,220640,
6251,train-clean-100/3214/167607/3214-167607-0028.flac,220560,
6252,train-clean-100/3807/4955/3807-4955-0035.flac,220560,
6253,train-clean-100/1263/138246/1263-138246-0033.flac,220560,
6254,train-clean-100/211/122425/211-122425-0028.flac,220560,
6255,train-clean-100/3807/4923/3807-4923-0002.flac,220560,
6256,train-clean-100/3242/8112/3242-8112-0021.flac,220560,
6257,train-clean-100/196/122159/196-122159-0022.flac,220560,
6258,train-clean-100/1743/142913/1743-142913-0026.flac,220560,
6259,train-clean-100/1455/134435/1455-134435-0056.flac,220560,
6260,train-clean-100/1355/39947/1355-39947-0047.flac,220560,
6261,train-clean-100/1235/135883/1235-135883-0021.flac,220560,
6262,train-clean-100/2764/36619/2764-36619-0010.flac,220560,
6263,train-clean-100/103/1241/103-1241-0040.flac,220560,
6264,train-clean-100/3807/4923/3807-4923-0005.flac,220480,
6265,train-clean-100/39/121915/39-121915-0016.flac,220480,
6266,train-clean-100/196/122150/196-122150-0005.flac,220480,
6267,train-clean-100/19/227/19-227-0045.flac,220480,
6268,train-clean-100/2893/139322/2893-139322-0000.flac,220480,
6269,train-clean-100/1624/168623/1624-168623-0047.flac,220480,
6270,train-clean-100/200/126784/200-126784-0018.flac,220480,
6271,train-clean-100/289/121665/289-121665-0036.flac,220480,
6272,train-clean-100/125/121124/125-121124-0046.flac,220480,
6273,train-clean-100/3947/13260/3947-13260-0049.flac,220480,
6274,train-clean-100/2764/36616/2764-36616-0013.flac,220480,
6275,train-clean-100/201/127786/201-127786-0011.flac,220400,
6276,train-clean-100/211/122425/211-122425-0031.flac,220400,
6277,train-clean-100/196/122159/196-122159-0010.flac,220400,
6278,train-clean-100/200/124139/200-124139-0019.flac,220400,
6279,train-clean-100/302/123523/302-123523-0015.flac,220400,
6280,train-clean-100/1235/135883/1235-135883-0013.flac,220400,
6281,train-clean-100/3242/67153/3242-67153-0015.flac,220400,
6282,train-clean-100/226/122538/226-122538-0008.flac,220400,
6283,train-clean-100/3857/182315/3857-182315-0039.flac,220400,
6284,train-clean-100/2182/150130/2182-150130-0025.flac,220320,
6285,train-clean-100/3830/12530/3830-12530-0026.flac,220320,
6286,train-clean-100/302/123516/302-123516-0008.flac,220320,
6287,train-clean-100/3112/9555/3112-9555-0078.flac,220320,
6288,train-clean-100/1594/135914/1594-135914-0072.flac,220320,
6289,train-clean-100/32/21625/32-21625-0009.flac,220320,
6290,train-clean-100/2989/138035/2989-138035-0065.flac,220320,
6291,train-clean-100/39/121914/39-121914-0039.flac,220320,
6292,train-clean-100/1578/6379/1578-6379-0044.flac,220320,
6293,train-clean-100/3830/12531/3830-12531-0006.flac,220320,
6294,train-clean-100/3242/67153/3242-67153-0035.flac,220320,
6295,train-clean-100/3374/298025/3374-298025-0013.flac,220320,
6296,train-clean-100/2764/36619/2764-36619-0022.flac,220320,
6297,train-clean-100/3240/131232/3240-131232-0009.flac,220240,
6298,train-clean-100/1970/10594/1970-10594-0009.flac,220240,
6299,train-clean-100/3235/28433/3235-28433-0025.flac,220240,
6300,train-clean-100/226/131532/226-131532-0007.flac,220240,
6301,train-clean-100/2893/139310/2893-139310-0052.flac,220160,
6302,train-clean-100/302/123504/302-123504-0026.flac,220160,
6303,train-clean-100/2159/179156/2159-179156-0008.flac,220160,
6304,train-clean-100/2007/149877/2007-149877-0043.flac,220160,
6305,train-clean-100/211/122425/211-122425-0023.flac,220160,
6306,train-clean-100/196/122150/196-122150-0000.flac,220160,
6307,train-clean-100/1624/142933/1624-142933-0008.flac,220160,
6308,train-clean-100/200/124139/200-124139-0001.flac,220160,
6309,train-clean-100/196/122152/196-122152-0006.flac,220160,
6310,train-clean-100/226/122538/226-122538-0006.flac,220160,
6311,train-clean-100/2007/149877/2007-149877-0004.flac,220160,
6312,train-clean-100/1116/132847/1116-132847-0023.flac,220080,
6313,train-clean-100/2518/154825/2518-154825-0006.flac,220080,
6314,train-clean-100/1088/129236/1088-129236-0027.flac,220080,
6315,train-clean-100/250/142286/250-142286-0005.flac,220080,
6316,train-clean-100/233/155990/233-155990-0006.flac,220080,
6317,train-clean-100/233/134440/233-134440-0053.flac,220080,
6318,train-clean-100/3440/171009/3440-171009-0009.flac,220080,
6319,train-clean-100/332/128985/332-128985-0007.flac,220080,
6320,train-clean-100/332/128985/332-128985-0079.flac,220080,
6321,train-clean-100/201/127786/201-127786-0004.flac,220080,
6322,train-clean-100/374/180299/374-180299-0007.flac,220080,
6323,train-clean-100/1743/142912/1743-142912-0017.flac,220080,
6324,train-clean-100/198/126831/198-126831-0027.flac,220000,
6325,train-clean-100/3699/19402/3699-19402-0013.flac,220000,
6326,train-clean-100/200/126784/200-126784-0036.flac,220000,
6327,train-clean-100/3947/13262/3947-13262-0047.flac,220000,
6328,train-clean-100/200/124140/200-124140-0003.flac,220000,
6329,train-clean-100/2952/407/2952-407-0005.flac,220000,
6330,train-clean-100/1502/122619/1502-122619-0057.flac,220000,
6331,train-clean-100/3879/174923/3879-174923-0007.flac,220000,
6332,train-clean-100/19/227/19-227-0022.flac,220000,
6333,train-clean-100/1116/137572/1116-137572-0001.flac,220000,
6334,train-clean-100/1723/141149/1723-141149-0098.flac,220000,
6335,train-clean-100/1723/141149/1723-141149-0044.flac,220000,
6336,train-clean-100/125/121342/125-121342-0012.flac,219920,
6337,train-clean-100/233/155990/233-155990-0012.flac,219920,
6338,train-clean-100/322/124147/322-124147-0017.flac,219920,
6339,train-clean-100/39/121914/39-121914-0043.flac,219920,
6340,train-clean-100/1098/133695/1098-133695-0008.flac,219920,
6341,train-clean-100/3214/167607/3214-167607-0017.flac,219920,
6342,train-clean-100/2764/36616/2764-36616-0034.flac,219920,
6343,train-clean-100/150/126107/150-126107-0008.flac,219920,
6344,train-clean-100/3242/67153/3242-67153-0031.flac,219920,
6345,train-clean-100/26/496/26-496-0005.flac,219920,
6346,train-clean-100/3374/298025/3374-298025-0015.flac,219920,
6347,train-clean-100/322/124147/322-124147-0036.flac,219841,
6348,train-clean-100/1334/135589/1334-135589-0022.flac,219840,
6349,train-clean-100/1723/141149/1723-141149-0093.flac,219840,
6350,train-clean-100/2182/150130/2182-150130-0004.flac,219840,
6351,train-clean-100/302/123516/302-123516-0017.flac,219840,
6352,train-clean-100/27/123349/27-123349-0057.flac,219840,
6353,train-clean-100/1263/138246/1263-138246-0014.flac,219840,
6354,train-clean-100/163/122947/163-122947-0034.flac,219840,
6355,train-clean-100/2691/156745/2691-156745-0023.flac,219840,
6356,train-clean-100/3699/47246/3699-47246-0004.flac,219840,
6357,train-clean-100/307/127540/307-127540-0026.flac,219840,
6358,train-clean-100/1553/140047/1553-140047-0001.flac,219840,
6359,train-clean-100/1363/139304/1363-139304-0015.flac,219839,
6360,train-clean-100/1235/135887/1235-135887-0003.flac,219760,
6361,train-clean-100/289/121665/289-121665-0009.flac,219760,
6362,train-clean-100/1098/133695/1098-133695-0027.flac,219760,
6363,train-clean-100/3214/167607/3214-167607-0020.flac,219760,
6364,train-clean-100/322/124146/322-124146-0021.flac,219760,
6365,train-clean-100/118/124588/118-124588-0012.flac,219760,
6366,train-clean-100/2416/152137/2416-152137-0032.flac,219680,
6367,train-clean-100/3879/174923/3879-174923-0044.flac,219680,
6368,train-clean-100/2384/152900/2384-152900-0029.flac,219680,
6369,train-clean-100/302/123504/302-123504-0032.flac,219680,
6370,train-clean-100/3607/29116/3607-29116-0003.flac,219680,
6371,train-clean-100/2817/142371/2817-142371-0066.flac,219680,
6372,train-clean-100/1502/122619/1502-122619-0009.flac,219680,
6373,train-clean-100/198/209/198-209-0035.flac,219680,
6374,train-clean-100/2289/152258/2289-152258-0019.flac,219680,
6375,train-clean-100/3857/182317/3857-182317-0030.flac,219680,
6376,train-clean-100/1841/179183/1841-179183-0021.flac,219680,
6377,train-clean-100/3240/131231/3240-131231-0022.flac,219680,
6378,train-clean-100/198/209/198-209-0016.flac,219600,
6379,train-clean-100/1926/147987/1926-147987-0030.flac,219600,
6380,train-clean-100/1263/138246/1263-138246-0019.flac,219600,
6381,train-clean-100/3486/166424/3486-166424-0025.flac,219600,
6382,train-clean-100/2691/156750/2691-156750-0016.flac,219600,
6383,train-clean-100/3699/19401/3699-19401-0016.flac,219600,
6384,train-clean-100/32/4137/32-4137-0020.flac,219600,
6385,train-clean-100/1841/179183/1841-179183-0012.flac,219600,
6386,train-clean-100/1867/148436/1867-148436-0019.flac,219520,
6387,train-clean-100/3235/28433/3235-28433-0031.flac,219520,
6388,train-clean-100/2182/181183/2182-181183-0022.flac,219520,
6389,train-clean-100/1363/135842/1363-135842-0024.flac,219520,
6390,train-clean-100/374/180298/374-180298-0008.flac,219520,
6391,train-clean-100/1363/135842/1363-135842-0032.flac,219520,
6392,train-clean-100/1069/133699/1069-133699-0004.flac,219520,
6393,train-clean-100/3436/172171/3436-172171-0017.flac,219520,
6394,train-clean-100/19/227/19-227-0064.flac,219520,
6395,train-clean-100/3168/173564/3168-173564-0027.flac,219520,
6396,train-clean-100/3374/298026/3374-298026-0032.flac,219440,
6397,train-clean-100/1926/147987/1926-147987-0031.flac,219440,
6398,train-clean-100/2910/131096/2910-131096-0016.flac,219440,
6399,train-clean-100/2002/139469/2002-139469-0026.flac,219440,
6400,train-clean-100/2182/181173/2182-181173-0002.flac,219440,
6401,train-clean-100/2182/181173/2182-181173-0018.flac,219440,
6402,train-clean-100/3879/174923/3879-174923-0036.flac,219440,
6403,train-clean-100/1081/125237/1081-125237-0066.flac,219440,
6404,train-clean-100/1081/125237/1081-125237-0077.flac,219440,
6405,train-clean-100/226/131532/226-131532-0031.flac,219440,
6406,train-clean-100/201/127786/201-127786-0059.flac,219360,
6407,train-clean-100/3235/28433/3235-28433-0015.flac,219360,
6408,train-clean-100/3436/172171/3436-172171-0060.flac,219360,
6409,train-clean-100/1841/179183/1841-179183-0014.flac,219360,
6410,train-clean-100/1898/145715/1898-145715-0050.flac,219280,
6411,train-clean-100/2384/152900/2384-152900-0046.flac,219280,
6412,train-clean-100/3440/171009/3440-171009-0029.flac,219280,
6413,train-clean-100/1867/154075/1867-154075-0002.flac,219280,
6414,train-clean-100/254/12312/254-12312-0015.flac,219280,
6415,train-clean-100/3486/166424/3486-166424-0041.flac,219280,
6416,train-clean-100/2007/132570/2007-132570-0043.flac,219280,
6417,train-clean-100/298/126791/298-126791-0006.flac,219280,
6418,train-clean-100/211/122425/211-122425-0062.flac,219200,
6419,train-clean-100/125/121124/125-121124-0044.flac,219200,
6420,train-clean-100/198/209/198-209-0001.flac,219200,
6421,train-clean-100/2764/36617/2764-36617-0005.flac,219200,
6422,train-clean-100/2691/156750/2691-156750-0000.flac,219200,
6423,train-clean-100/3374/298025/3374-298025-0001.flac,219200,
6424,train-clean-100/3982/178459/3982-178459-0042.flac,219200,
6425,train-clean-100/1867/148436/1867-148436-0013.flac,219120,
6426,train-clean-100/3699/47246/3699-47246-0009.flac,219120,
6427,train-clean-100/3436/172162/3436-172162-0043.flac,219120,
6428,train-clean-100/1594/135914/1594-135914-0013.flac,219120,
6429,train-clean-100/2092/145706/2092-145706-0072.flac,219120,
6430,train-clean-100/3947/13260/3947-13260-0042.flac,219120,
6431,train-clean-100/200/124140/200-124140-0016.flac,219120,
6432,train-clean-100/3168/173565/3168-173565-0039.flac,219120,
6433,train-clean-100/1034/121119/1034-121119-0007.flac,219040,
6434,train-clean-100/2843/152918/2843-152918-0011.flac,219040,
6435,train-clean-100/3259/158083/3259-158083-0013.flac,219040,
6436,train-clean-100/3664/11714/3664-11714-0030.flac,219040,
6437,train-clean-100/2196/170151/2196-170151-0003.flac,219040,
6438,train-clean-100/302/123504/302-123504-0001.flac,219040,
6439,train-clean-100/1116/132851/1116-132851-0026.flac,219040,
6440,train-clean-100/3699/47246/3699-47246-0029.flac,219040,
6441,train-clean-100/3857/182315/3857-182315-0013.flac,219040,
6442,train-clean-100/1594/135914/1594-135914-0022.flac,219040,
6443,train-clean-100/1624/142933/1624-142933-0005.flac,218960,
6444,train-clean-100/374/180298/374-180298-0005.flac,218960,
6445,train-clean-100/19/227/19-227-0002.flac,218960,
6446,train-clean-100/3699/47246/3699-47246-0013.flac,218960,
6447,train-clean-100/1898/145724/1898-145724-0016.flac,218960,
6448,train-clean-100/198/126831/198-126831-0006.flac,218960,
6449,train-clean-100/3168/173565/3168-173565-0058.flac,218960,
6450,train-clean-100/26/496/26-496-0013.flac,218960,
6451,train-clean-100/3947/13262/3947-13262-0027.flac,218880,
6452,train-clean-100/233/134440/233-134440-0007.flac,218880,
6453,train-clean-100/248/130697/248-130697-0006.flac,218880,
6454,train-clean-100/1963/142393/1963-142393-0023.flac,218880,
6455,train-clean-100/1069/133699/1069-133699-0041.flac,218880,
6456,train-clean-100/2391/145015/2391-145015-0014.flac,218880,
6457,train-clean-100/26/495/26-495-0066.flac,218880,
6458,train-clean-100/2384/152900/2384-152900-0017.flac,218880,
6459,train-clean-100/2989/138028/2989-138028-0033.flac,218880,
6460,train-clean-100/3699/19401/3699-19401-0022.flac,218880,
6461,train-clean-100/2007/132570/2007-132570-0058.flac,218879,
6462,train-clean-100/1553/140047/1553-140047-0038.flac,218800,
6463,train-clean-100/150/132655/150-132655-0013.flac,218800,
6464,train-clean-100/248/130697/248-130697-0005.flac,218800,
6465,train-clean-100/1624/142933/1624-142933-0011.flac,218800,
6466,train-clean-100/2952/410/2952-410-0009.flac,218800,
6467,train-clean-100/2691/156755/2691-156755-0011.flac,218800,
6468,train-clean-100/125/121342/125-121342-0003.flac,218800,
6469,train-clean-100/3486/166424/3486-166424-0009.flac,218800,
6470,train-clean-100/3807/4955/3807-4955-0019.flac,218800,
6471,train-clean-100/1116/137572/1116-137572-0044.flac,218800,
6472,train-clean-100/3857/180923/3857-180923-0013.flac,218720,
6473,train-clean-100/1183/128659/1183-128659-0015.flac,218720,
6474,train-clean-100/1970/28415/1970-28415-0027.flac,218720,
6475,train-clean-100/2764/36616/2764-36616-0002.flac,218720,
6476,train-clean-100/2002/139469/2002-139469-0074.flac,218720,
6477,train-clean-100/2196/170379/2196-170379-0002.flac,218720,
6478,train-clean-100/1737/142397/1737-142397-0040.flac,218720,
6479,train-clean-100/1963/147036/1963-147036-0006.flac,218720,
6480,train-clean-100/1235/135884/1235-135884-0018.flac,218720,
6481,train-clean-100/302/123523/302-123523-0038.flac,218720,
6482,train-clean-100/322/124147/322-124147-0021.flac,218720,
6483,train-clean-100/2911/7601/2911-7601-0000.flac,218720,
6484,train-clean-100/163/122947/163-122947-0047.flac,218720,
6485,train-clean-100/200/126784/200-126784-0029.flac,218720,
6486,train-clean-100/2289/152258/2289-152258-0013.flac,218640,
6487,train-clean-100/1081/125237/1081-125237-0095.flac,218640,
6488,train-clean-100/103/1240/103-1240-0053.flac,218640,
6489,train-clean-100/1624/168623/1624-168623-0017.flac,218640,
6490,train-clean-100/2007/132570/2007-132570-0060.flac,218640,
6491,train-clean-100/3112/9555/3112-9555-0015.flac,218560,
6492,train-clean-100/3440/171009/3440-171009-0069.flac,218560,
6493,train-clean-100/3440/171009/3440-171009-0016.flac,218560,
6494,train-clean-100/2893/139322/2893-139322-0048.flac,218560,
6495,train-clean-100/2518/154825/2518-154825-0038.flac,218560,
6496,train-clean-100/248/130652/248-130652-0025.flac,218560,
6497,train-clean-100/1069/133709/1069-133709-0018.flac,218480,
6498,train-clean-100/198/129977/198-129977-0012.flac,218480,
6499,train-clean-100/3240/131232/3240-131232-0031.flac,218480,
6500,train-clean-100/1081/125237/1081-125237-0099.flac,218480,
6501,train-clean-100/163/122947/163-122947-0032.flac,218480,
6502,train-clean-100/1898/145720/1898-145720-0016.flac,218480,
6503,train-clean-100/3664/178366/3664-178366-0017.flac,218400,
6504,train-clean-100/1116/132847/1116-132847-0002.flac,218400,
6505,train-clean-100/3723/171631/3723-171631-0033.flac,218400,
6506,train-clean-100/19/198/19-198-0018.flac,218400,
6507,train-clean-100/3374/298026/3374-298026-0022.flac,218400,
6508,train-clean-100/2391/145015/2391-145015-0039.flac,218400,
6509,train-clean-100/200/124140/200-124140-0007.flac,218400,
6510,train-clean-100/2893/139310/2893-139310-0050.flac,218320,
6511,train-clean-100/2817/142380/2817-142380-0023.flac,218320,
6512,train-clean-100/2518/154825/2518-154825-0031.flac,218320,
6513,train-clean-100/3879/173592/3879-173592-0025.flac,218320,
6514,train-clean-100/1970/28415/1970-28415-0038.flac,218320,
6515,train-clean-100/1363/135842/1363-135842-0005.flac,218240,
6516,train-clean-100/1447/130551/1447-130551-0000.flac,218240,
6517,train-clean-100/3112/9554/3112-9554-0003.flac,218240,
6518,train-clean-100/3112/9554/3112-9554-0016.flac,218240,
6519,train-clean-100/163/122947/163-122947-0035.flac,218240,
6520,train-clean-100/3664/178366/3664-178366-0015.flac,218240,
6521,train-clean-100/311/124404/311-124404-0108.flac,218240,
6522,train-clean-100/332/128985/332-128985-0055.flac,218240,
6523,train-clean-100/2289/152254/2289-152254-0007.flac,218240,
6524,train-clean-100/3723/171115/3723-171115-0037.flac,218240,
6525,train-clean-100/2764/36616/2764-36616-0035.flac,218160,
6526,train-clean-100/3235/28452/3235-28452-0031.flac,218160,
6527,train-clean-100/2910/131096/2910-131096-0015.flac,218160,
6528,train-clean-100/3112/9555/3112-9555-0014.flac,218160,
6529,train-clean-100/254/12312/254-12312-0017.flac,218160,
6530,train-clean-100/311/124404/311-124404-0000.flac,218160,
6531,train-clean-100/2518/154825/2518-154825-0033.flac,218160,
6532,train-clean-100/2289/152258/2289-152258-0022.flac,218160,
6533,train-clean-100/2384/152900/2384-152900-0021.flac,218160,
6534,train-clean-100/2182/181173/2182-181173-0022.flac,218160,
6535,train-clean-100/289/121665/289-121665-0012.flac,218160,
6536,train-clean-100/2007/132570/2007-132570-0031.flac,218160,
6537,train-clean-100/1926/147979/1926-147979-0038.flac,218160,
6538,train-clean-100/1502/122619/1502-122619-0075.flac,218081,
6539,train-clean-100/27/123349/27-123349-0036.flac,218080,
6540,train-clean-100/3440/171006/3440-171006-0026.flac,218080,
6541,train-clean-100/298/126791/298-126791-0039.flac,218080,
6542,train-clean-100/27/123349/27-123349-0050.flac,218080,
6543,train-clean-100/298/126791/298-126791-0051.flac,218080,
6544,train-clean-100/1355/39947/1355-39947-0025.flac,218080,
6545,train-clean-100/250/142276/250-142276-0022.flac,218080,
6546,train-clean-100/1235/135884/1235-135884-0019.flac,218000,
6547,train-clean-100/1235/135887/1235-135887-0002.flac,218000,
6548,train-clean-100/2002/139469/2002-139469-0056.flac,218000,
6549,train-clean-100/3436/172171/3436-172171-0056.flac,218000,
6550,train-clean-100/2416/152139/2416-152139-0011.flac,218000,
6551,train-clean-100/3436/172171/3436-172171-0018.flac,218000,
6552,train-clean-100/3112/9555/3112-9555-0005.flac,218000,
6553,train-clean-100/2843/152918/2843-152918-0029.flac,218000,
6554,train-clean-100/226/131533/226-131533-0026.flac,218000,
6555,train-clean-100/1235/135883/1235-135883-0033.flac,218000,
6556,train-clean-100/302/123523/302-123523-0006.flac,217920,
6557,train-clean-100/1502/122619/1502-122619-0093.flac,217920,
6558,train-clean-100/3168/173564/3168-173564-0014.flac,217920,
6559,train-clean-100/3699/19401/3699-19401-0024.flac,217920,
6560,train-clean-100/3723/171631/3723-171631-0045.flac,217920,
6561,train-clean-100/1116/137572/1116-137572-0010.flac,217840,
6562,train-clean-100/1246/124550/1246-124550-0035.flac,217840,
6563,train-clean-100/2911/7601/2911-7601-0008.flac,217840,
6564,train-clean-100/2384/152900/2384-152900-0013.flac,217840,
6565,train-clean-100/1034/121119/1034-121119-0030.flac,217840,
6566,train-clean-100/3947/13262/3947-13262-0030.flac,217760,
6567,train-clean-100/2416/152137/2416-152137-0028.flac,217760,
6568,train-clean-100/1081/125237/1081-125237-0024.flac,217760,
6569,train-clean-100/32/4137/32-4137-0004.flac,217760,
6570,train-clean-100/3664/178366/3664-178366-0013.flac,217759,
6571,train-clean-100/248/130652/248-130652-0009.flac,217680,
6572,train-clean-100/302/123516/302-123516-0007.flac,217680,
6573,train-clean-100/3879/174923/3879-174923-0040.flac,217680,
6574,train-clean-100/1723/141149/1723-141149-0103.flac,217680,
6575,train-clean-100/1624/142933/1624-142933-0023.flac,217680,
6576,train-clean-100/2893/139310/2893-139310-0002.flac,217680,
6577,train-clean-100/196/122159/196-122159-0024.flac,217680,
6578,train-clean-100/1355/39947/1355-39947-0029.flac,217680,
6579,train-clean-100/289/121665/289-121665-0017.flac,217680,
6580,train-clean-100/1594/135914/1594-135914-0122.flac,217680,
6581,train-clean-100/254/27760/254-27760-0009.flac,217600,
6582,train-clean-100/118/124588/118-124588-0002.flac,217600,
6583,train-clean-100/3607/135982/3607-135982-0022.flac,217600,
6584,train-clean-100/3112/9555/3112-9555-0065.flac,217600,
6585,train-clean-100/1116/137572/1116-137572-0013.flac,217600,
6586,train-clean-100/289/121652/289-121652-0025.flac,217600,
6587,train-clean-100/2952/410/2952-410-0054.flac,217600,
6588,train-clean-100/196/122159/196-122159-0019.flac,217600,
6589,train-clean-100/2911/7601/2911-7601-0012.flac,217600,
6590,train-clean-100/26/495/26-495-0009.flac,217600,
6591,train-clean-100/3112/9555/3112-9555-0069.flac,217600,
6592,train-clean-100/2911/15045/2911-15045-0028.flac,217600,
6593,train-clean-100/2952/410/2952-410-0038.flac,217520,
6594,train-clean-100/307/127535/307-127535-0010.flac,217520,
6595,train-clean-100/1841/150351/1841-150351-0024.flac,217520,
6596,train-clean-100/196/122150/196-122150-0025.flac,217520,
6597,train-clean-100/250/140277/250-140277-0005.flac,217520,
6598,train-clean-100/1088/129236/1088-129236-0012.flac,217520,
6599,train-clean-100/2092/145706/2092-145706-0073.flac,217520,
6600,train-clean-100/3879/174923/3879-174923-0009.flac,217520,
6601,train-clean-100/3259/158083/3259-158083-0075.flac,217520,
6602,train-clean-100/1624/168623/1624-168623-0024.flac,217440,
6603,train-clean-100/250/140277/250-140277-0015.flac,217440,
6604,train-clean-100/322/124147/322-124147-0012.flac,217440,
6605,train-clean-100/3857/182317/3857-182317-0007.flac,217440,
6606,train-clean-100/3214/167607/3214-167607-0010.flac,217440,
6607,train-clean-100/200/124140/200-124140-0015.flac,217440,
6608,train-clean-100/298/126791/298-126791-0058.flac,217440,
6609,train-clean-100/1098/133695/1098-133695-0025.flac,217440,
6610,train-clean-100/39/121915/39-121915-0021.flac,217440,
6611,train-clean-100/322/124147/322-124147-0030.flac,217360,
6612,train-clean-100/3699/47246/3699-47246-0024.flac,217360,
6613,train-clean-100/2391/145015/2391-145015-0028.flac,217360,
6614,train-clean-100/200/126784/200-126784-0014.flac,217360,
6615,train-clean-100/3235/28433/3235-28433-0018.flac,217360,
6616,train-clean-100/3374/298026/3374-298026-0044.flac,217360,
6617,train-clean-100/1867/154071/1867-154071-0029.flac,217360,
6618,train-clean-100/26/495/26-495-0032.flac,217360,
6619,train-clean-100/2289/152257/2289-152257-0014.flac,217360,
6620,train-clean-100/2092/145709/2092-145709-0010.flac,217360,
6621,train-clean-100/3857/180923/3857-180923-0008.flac,217360,
6622,train-clean-100/1034/121119/1034-121119-0011.flac,217360,
6623,train-clean-100/332/128985/332-128985-0001.flac,217360,
6624,train-clean-100/328/129766/328-129766-0073.flac,217280,
6625,train-clean-100/1447/130551/1447-130551-0026.flac,217280,
6626,train-clean-100/2289/152254/2289-152254-0020.flac,217280,
6627,train-clean-100/3168/173565/3168-173565-0006.flac,217280,
6628,train-clean-100/289/121652/289-121652-0005.flac,217280,
6629,train-clean-100/3699/175950/3699-175950-0007.flac,217280,
6630,train-clean-100/1743/142913/1743-142913-0015.flac,217280,
6631,train-clean-100/248/130644/248-130644-0003.flac,217280,
6632,train-clean-100/125/121342/125-121342-0001.flac,217280,
6633,train-clean-100/3214/167606/3214-167606-0025.flac,217200,
6634,train-clean-100/322/124147/322-124147-0016.flac,217200,
6635,train-clean-100/1841/150351/1841-150351-0030.flac,217200,
6636,train-clean-100/26/495/26-495-0039.flac,217200,
6637,train-clean-100/2691/156750/2691-156750-0006.flac,217200,
6638,train-clean-100/201/122255/201-122255-0042.flac,217200,
6639,train-clean-100/1723/141149/1723-141149-0061.flac,217200,
6640,train-clean-100/3699/19402/3699-19402-0000.flac,217200,
6641,train-clean-100/3526/176651/3526-176651-0011.flac,217200,
6642,train-clean-100/2136/5147/2136-5147-0030.flac,217200,
6643,train-clean-100/2691/156750/2691-156750-0028.flac,217200,
6644,train-clean-100/1970/26100/1970-26100-0029.flac,217200,
6645,train-clean-100/3112/9555/3112-9555-0001.flac,217200,
6646,train-clean-100/118/124588/118-124588-0004.flac,217120,
6647,train-clean-100/163/122947/163-122947-0021.flac,217120,
6648,train-clean-100/2159/179157/2159-179157-0001.flac,217120,
6649,train-clean-100/2289/152257/2289-152257-0016.flac,217120,
6650,train-clean-100/1723/141149/1723-141149-0035.flac,217120,
6651,train-clean-100/254/127705/254-127705-0030.flac,217120,
6652,train-clean-100/3699/19402/3699-19402-0007.flac,217120,
6653,train-clean-100/2182/181173/2182-181173-0026.flac,217120,
6654,train-clean-100/2843/152918/2843-152918-0035.flac,217040,
6655,train-clean-100/1841/150351/1841-150351-0001.flac,217040,
6656,train-clean-100/3168/173565/3168-173565-0007.flac,217040,
6657,train-clean-100/3235/28452/3235-28452-0000.flac,217040,
6658,train-clean-100/1355/39947/1355-39947-0017.flac,217040,
6659,train-clean-100/1963/142393/1963-142393-0014.flac,217040,
6660,train-clean-100/2514/149482/2514-149482-0078.flac,217040,
6661,train-clean-100/1246/124550/1246-124550-0034.flac,216960,
6662,train-clean-100/2514/149482/2514-149482-0019.flac,216960,
6663,train-clean-100/118/47824/118-47824-0055.flac,216960,
6664,train-clean-100/3235/11599/3235-11599-0016.flac,216960,
6665,train-clean-100/2391/145015/2391-145015-0045.flac,216960,
6666,train-clean-100/1334/135589/1334-135589-0046.flac,216960,
6667,train-clean-100/118/47824/118-47824-0059.flac,216960,
6668,train-clean-100/1447/130550/1447-130550-0005.flac,216960,
6669,train-clean-100/302/123504/302-123504-0008.flac,216960,
6670,train-clean-100/39/121915/39-121915-0010.flac,216960,
6671,train-clean-100/226/131533/226-131533-0017.flac,216960,
6672,train-clean-100/3214/167606/3214-167606-0028.flac,216960,
6673,train-clean-100/39/121916/39-121916-0020.flac,216959,
6674,train-clean-100/3440/171006/3440-171006-0003.flac,216880,
6675,train-clean-100/3436/172162/3436-172162-0037.flac,216880,
6676,train-clean-100/1363/139304/1363-139304-0021.flac,216880,
6677,train-clean-100/1088/129236/1088-129236-0009.flac,216880,
6678,train-clean-100/322/124147/322-124147-0027.flac,216880,
6679,train-clean-100/3235/28452/3235-28452-0003.flac,216880,
6680,train-clean-100/3607/29116/3607-29116-0036.flac,216880,
6681,train-clean-100/250/142286/250-142286-0010.flac,216880,
6682,train-clean-100/302/123523/302-123523-0013.flac,216880,
6683,train-clean-100/125/121124/125-121124-0035.flac,216880,
6684,train-clean-100/1737/148989/1737-148989-0014.flac,216879,
6685,train-clean-100/2911/7601/2911-7601-0007.flac,216800,
6686,train-clean-100/1447/130550/1447-130550-0019.flac,216800,
6687,train-clean-100/2007/132570/2007-132570-0015.flac,216800,
6688,train-clean-100/328/129766/328-129766-0061.flac,216800,
6689,train-clean-100/374/180299/374-180299-0029.flac,216800,
6690,train-clean-100/1447/130552/1447-130552-0021.flac,216800,
6691,train-clean-100/1098/133695/1098-133695-0073.flac,216720,
6692,train-clean-100/27/123349/27-123349-0017.flac,216720,
6693,train-clean-100/1034/121119/1034-121119-0027.flac,216720,
6694,train-clean-100/200/124139/200-124139-0005.flac,216720,
6695,train-clean-100/2436/2481/2436-2481-0005.flac,216720,
6696,train-clean-100/3440/171009/3440-171009-0031.flac,216720,
6697,train-clean-100/3112/9555/3112-9555-0056.flac,216640,
6698,train-clean-100/39/121914/39-121914-0049.flac,216640,
6699,train-clean-100/2989/138028/2989-138028-0025.flac,216640,
6700,train-clean-100/1970/28415/1970-28415-0026.flac,216640,
6701,train-clean-100/32/4137/32-4137-0019.flac,216640,
6702,train-clean-100/1034/121119/1034-121119-0057.flac,216640,
6703,train-clean-100/2092/145706/2092-145706-0083.flac,216640,
6704,train-clean-100/1578/140045/1578-140045-0017.flac,216640,
6705,train-clean-100/307/127535/307-127535-0012.flac,216640,
6706,train-clean-100/26/495/26-495-0061.flac,216560,
6707,train-clean-100/2514/149482/2514-149482-0083.flac,216560,
6708,train-clean-100/1624/168623/1624-168623-0048.flac,216560,
6709,train-clean-100/3807/4955/3807-4955-0013.flac,216560,
6710,train-clean-100/226/131533/226-131533-0032.flac,216560,
6711,train-clean-100/2384/152900/2384-152900-0037.flac,216560,
6712,train-clean-100/2518/154826/2518-154826-0043.flac,216560,
6713,train-clean-100/1970/10594/1970-10594-0018.flac,216560,
6714,train-clean-100/374/180299/374-180299-0004.flac,216560,
6715,train-clean-100/2002/139469/2002-139469-0067.flac,216560,
6716,train-clean-100/1334/135589/1334-135589-0034.flac,216560,
6717,train-clean-100/2843/152918/2843-152918-0012.flac,216560,
6718,train-clean-100/2952/410/2952-410-0024.flac,216560,
6719,train-clean-100/3879/174923/3879-174923-0001.flac,216480,
6720,train-clean-100/3723/171631/3723-171631-0002.flac,216480,
6721,train-clean-100/1553/140047/1553-140047-0007.flac,216480,
6722,train-clean-100/3664/178366/3664-178366-0010.flac,216480,
6723,train-clean-100/2007/149877/2007-149877-0055.flac,216480,
6724,train-clean-100/2764/36616/2764-36616-0032.flac,216480,
6725,train-clean-100/2136/5140/2136-5140-0031.flac,216480,
6726,train-clean-100/298/126790/298-126790-0039.flac,216400,
6727,train-clean-100/2436/2476/2436-2476-0002.flac,216400,
6728,train-clean-100/2196/170379/2196-170379-0016.flac,216400,
6729,train-clean-100/328/129766/328-129766-0064.flac,216400,
6730,train-clean-100/1841/159771/1841-159771-0023.flac,216400,
6731,train-clean-100/1081/125237/1081-125237-0036.flac,216400,
6732,train-clean-100/2436/2476/2436-2476-0008.flac,216400,
6733,train-clean-100/201/127786/201-127786-0070.flac,216400,
6734,train-clean-100/2518/154825/2518-154825-0052.flac,216400,
6735,train-clean-100/2384/152900/2384-152900-0035.flac,216320,
6736,train-clean-100/250/140277/250-140277-0011.flac,216320,
6737,train-clean-100/3807/4923/3807-4923-0022.flac,216320,
6738,train-clean-100/1743/142914/1743-142914-0027.flac,216320,
6739,train-clean-100/201/127786/201-127786-0032.flac,216320,
6740,train-clean-100/3259/158083/3259-158083-0027.flac,216240,
6741,train-clean-100/198/209/198-209-0008.flac,216240,
6742,train-clean-100/2893/139322/2893-139322-0011.flac,216240,
6743,train-clean-100/2416/152137/2416-152137-0026.flac,216240,
6744,train-clean-100/201/122255/201-122255-0019.flac,216240,
6745,train-clean-100/200/124140/200-124140-0008.flac,216240,
6746,train-clean-100/1363/135842/1363-135842-0034.flac,216240,
6747,train-clean-100/1098/133695/1098-133695-0076.flac,216160,
6748,train-clean-100/2514/149482/2514-149482-0065.flac,216160,
6749,train-clean-100/3240/131231/3240-131231-0040.flac,216160,
6750,train-clean-100/1447/130550/1447-130550-0014.flac,216160,
6751,train-clean-100/103/1240/103-1240-0041.flac,216160,
6752,train-clean-100/2989/138035/2989-138035-0074.flac,216160,
6753,train-clean-100/2989/138035/2989-138035-0044.flac,216160,
6754,train-clean-100/3857/182315/3857-182315-0038.flac,216080,
6755,train-clean-100/3526/176653/3526-176653-0045.flac,216080,
6756,train-clean-100/3699/19402/3699-19402-0010.flac,216080,
6757,train-clean-100/1553/140047/1553-140047-0043.flac,216080,
6758,train-clean-100/163/122947/163-122947-0010.flac,216080,
6759,train-clean-100/3526/175658/3526-175658-0001.flac,216080,
6760,train-clean-100/328/129766/328-129766-0001.flac,216000,
6761,train-clean-100/26/495/26-495-0001.flac,216000,
6762,train-clean-100/32/21634/32-21634-0008.flac,216000,
6763,train-clean-100/2007/149877/2007-149877-0045.flac,216000,
6764,train-clean-100/1898/145702/1898-145702-0014.flac,216000,
6765,train-clean-100/2436/2477/2436-2477-0006.flac,215920,
6766,train-clean-100/2952/407/2952-407-0020.flac,215920,
6767,train-clean-100/200/126784/200-126784-0032.flac,215920,
6768,train-clean-100/1455/138263/1455-138263-0001.flac,215920,
6769,train-clean-100/1737/142397/1737-142397-0037.flac,215920,
6770,train-clean-100/2136/5147/2136-5147-0040.flac,215920,
6771,train-clean-100/1624/142933/1624-142933-0012.flac,215920,
6772,train-clean-100/3830/12530/3830-12530-0001.flac,215841,
6773,train-clean-100/1246/124550/1246-124550-0002.flac,215840,
6774,train-clean-100/1447/17506/1447-17506-0009.flac,215840,
6775,train-clean-100/3235/28433/3235-28433-0001.flac,215840,
6776,train-clean-100/1334/135589/1334-135589-0091.flac,215840,
6777,train-clean-100/2391/145015/2391-145015-0011.flac,215840,
6778,train-clean-100/1447/130552/1447-130552-0002.flac,215840,
6779,train-clean-100/3879/174923/3879-174923-0020.flac,215840,
6780,train-clean-100/1088/129236/1088-129236-0015.flac,215840,
6781,train-clean-100/3807/4923/3807-4923-0031.flac,215840,
6782,train-clean-100/1081/128618/1081-128618-0004.flac,215840,
6783,train-clean-100/3436/172171/3436-172171-0023.flac,215760,
6784,train-clean-100/1116/137572/1116-137572-0018.flac,215760,
6785,train-clean-100/2436/2477/2436-2477-0005.flac,215760,
6786,train-clean-100/2911/7601/2911-7601-0028.flac,215760,
6787,train-clean-100/198/129977/198-129977-0023.flac,215680,
6788,train-clean-100/2843/152918/2843-152918-0043.flac,215680,
6789,train-clean-100/1355/39947/1355-39947-0026.flac,215680,
6790,train-clean-100/3436/172162/3436-172162-0036.flac,215680,
6791,train-clean-100/201/127786/201-127786-0078.flac,215680,
6792,train-clean-100/201/127786/201-127786-0042.flac,215600,
6793,train-clean-100/201/127786/201-127786-0019.flac,215600,
6794,train-clean-100/1867/154075/1867-154075-0017.flac,215600,
6795,train-clean-100/302/123523/302-123523-0027.flac,215600,
6796,train-clean-100/254/27760/254-27760-0018.flac,215600,
6797,train-clean-100/1743/142912/1743-142912-0000.flac,215600,
6798,train-clean-100/2843/152918/2843-152918-0055.flac,215600,
6799,train-clean-100/2518/154825/2518-154825-0017.flac,215600,
6800,train-clean-100/3242/8112/3242-8112-0043.flac,215600,
6801,train-clean-100/3607/29116/3607-29116-0038.flac,215600,
6802,train-clean-100/1737/148989/1737-148989-0027.flac,215600,
6803,train-clean-100/2911/7601/2911-7601-0050.flac,215520,
6804,train-clean-100/3436/172162/3436-172162-0019.flac,215520,
6805,train-clean-100/322/124147/322-124147-0077.flac,215520,
6806,train-clean-100/1088/129236/1088-129236-0014.flac,215520,
6807,train-clean-100/1081/125237/1081-125237-0022.flac,215520,
6808,train-clean-100/39/121916/39-121916-0006.flac,215520,
6809,train-clean-100/3723/171115/3723-171115-0031.flac,215520,
6810,train-clean-100/19/198/19-198-0026.flac,215520,
6811,train-clean-100/2764/36619/2764-36619-0020.flac,215520,
6812,train-clean-100/233/155990/233-155990-0044.flac,215520,
6813,train-clean-100/226/131533/226-131533-0035.flac,215520,
6814,train-clean-100/1098/133695/1098-133695-0037.flac,215520,
6815,train-clean-100/298/126791/298-126791-0029.flac,215520,
6816,train-clean-100/2002/139469/2002-139469-0076.flac,215440,
6817,train-clean-100/302/123523/302-123523-0036.flac,215440,
6818,train-clean-100/1116/137572/1116-137572-0042.flac,215440,
6819,train-clean-100/32/21625/32-21625-0012.flac,215440,
6820,train-clean-100/254/127705/254-127705-0015.flac,215440,
6821,train-clean-100/3607/135982/3607-135982-0004.flac,215440,
6822,train-clean-100/3235/28452/3235-28452-0029.flac,215440,
6823,train-clean-100/3947/13260/3947-13260-0037.flac,215440,
6824,train-clean-100/2911/12359/2911-12359-0003.flac,215440,
6825,train-clean-100/226/122538/226-122538-0022.flac,215440,
6826,train-clean-100/233/134440/233-134440-0032.flac,215440,
6827,train-clean-100/2007/132570/2007-132570-0027.flac,215440,
6828,train-clean-100/26/496/26-496-0011.flac,215440,
6829,train-clean-100/2092/145706/2092-145706-0017.flac,215440,
6830,train-clean-100/1553/140047/1553-140047-0047.flac,215440,
6831,train-clean-100/311/124404/311-124404-0093.flac,215360,
6832,train-clean-100/2910/131096/2910-131096-0058.flac,215360,
6833,train-clean-100/1502/122619/1502-122619-0027.flac,215360,
6834,train-clean-100/118/47824/118-47824-0011.flac,215360,
6835,train-clean-100/1867/148436/1867-148436-0002.flac,215360,
6836,train-clean-100/226/131533/226-131533-0022.flac,215360,
6837,train-clean-100/2384/152900/2384-152900-0022.flac,215280,
6838,train-clean-100/3947/13260/3947-13260-0050.flac,215280,
6839,train-clean-100/1841/179183/1841-179183-0003.flac,215280,
6840,train-clean-100/2289/152253/2289-152253-0006.flac,215280,
6841,train-clean-100/3486/166424/3486-166424-0063.flac,215280,
6842,train-clean-100/3259/158083/3259-158083-0034.flac,215280,
6843,train-clean-100/1502/122619/1502-122619-0073.flac,215280,
6844,train-clean-100/2910/131096/2910-131096-0025.flac,215280,
6845,train-clean-100/1743/142913/1743-142913-0027.flac,215280,
6846,train-clean-100/125/121342/125-121342-0008.flac,215280,
6847,train-clean-100/150/126107/150-126107-0016.flac,215280,
6848,train-clean-100/3436/172162/3436-172162-0050.flac,215280,
6849,train-clean-100/2007/132570/2007-132570-0041.flac,215280,
6850,train-clean-100/298/126790/298-126790-0044.flac,215280,
6851,train-clean-100/248/130652/248-130652-0021.flac,215200,
6852,train-clean-100/196/122152/196-122152-0018.flac,215200,
6853,train-clean-100/1553/140048/1553-140048-0003.flac,215200,
6854,train-clean-100/27/123349/27-123349-0045.flac,215200,
6855,train-clean-100/226/122538/226-122538-0020.flac,215200,
6856,train-clean-100/1447/17506/1447-17506-0020.flac,215200,
6857,train-clean-100/1455/134435/1455-134435-0038.flac,215200,
6858,train-clean-100/3664/11714/3664-11714-0010.flac,215200,
6859,train-clean-100/2764/36619/2764-36619-0000.flac,215120,
6860,train-clean-100/118/47824/118-47824-0068.flac,215120,
6861,train-clean-100/2843/152918/2843-152918-0112.flac,215120,
6862,train-clean-100/311/124404/311-124404-0100.flac,215120,
6863,train-clean-100/3486/166424/3486-166424-0039.flac,215120,
6864,train-clean-100/332/128985/332-128985-0059.flac,215120,
6865,train-clean-100/3947/13260/3947-13260-0031.flac,215120,
6866,train-clean-100/1867/154071/1867-154071-0021.flac,215040,
6867,train-clean-100/1098/133695/1098-133695-0026.flac,215040,
6868,train-clean-100/3436/172171/3436-172171-0024.flac,215040,
6869,train-clean-100/163/122947/163-122947-0073.flac,215040,
6870,train-clean-100/200/126784/200-126784-0028.flac,215040,
6871,train-clean-100/289/121665/289-121665-0015.flac,215040,
6872,train-clean-100/1455/138263/1455-138263-0029.flac,215039,
6873,train-clean-100/1069/133699/1069-133699-0044.flac,214960,
6874,train-clean-100/2002/139469/2002-139469-0065.flac,214960,
6875,train-clean-100/3982/178459/3982-178459-0045.flac,214960,
6876,train-clean-100/3214/167606/3214-167606-0016.flac,214960,
6877,train-clean-100/3607/29116/3607-29116-0009.flac,214960,
6878,train-clean-100/1334/135589/1334-135589-0054.flac,214960,
6879,train-clean-100/1034/121119/1034-121119-0001.flac,214960,
6880,train-clean-100/118/124588/118-124588-0018.flac,214880,
6881,train-clean-100/2518/154826/2518-154826-0040.flac,214880,
6882,train-clean-100/374/180298/374-180298-0042.flac,214880,
6883,train-clean-100/2416/152137/2416-152137-0013.flac,214880,
6884,train-clean-100/26/495/26-495-0043.flac,214880,
6885,train-clean-100/1743/142912/1743-142912-0016.flac,214880,
6886,train-clean-100/1098/133695/1098-133695-0074.flac,214880,
6887,train-clean-100/3607/135982/3607-135982-0039.flac,214880,
6888,train-clean-100/1081/125237/1081-125237-0027.flac,214800,
6889,train-clean-100/307/127539/307-127539-0012.flac,214800,
6890,train-clean-100/311/124404/311-124404-0114.flac,214800,
6891,train-clean-100/254/127705/254-127705-0032.flac,214800,
6892,train-clean-100/3982/182255/3982-182255-0022.flac,214800,
6893,train-clean-100/1455/138263/1455-138263-0048.flac,214800,
6894,train-clean-100/2092/145706/2092-145706-0058.flac,214800,
6895,train-clean-100/3259/158083/3259-158083-0078.flac,214800,
6896,train-clean-100/1553/140047/1553-140047-0033.flac,214800,
6897,train-clean-100/32/4137/32-4137-0000.flac,214800,
6898,train-clean-100/2196/174172/2196-174172-0040.flac,214800,
6899,train-clean-100/3242/8112/3242-8112-0020.flac,214800,
6900,train-clean-100/1040/133433/1040-133433-0074.flac,214800,
6901,train-clean-100/1116/137572/1116-137572-0030.flac,214800,
6902,train-clean-100/125/121124/125-121124-0014.flac,214800,
6903,train-clean-100/32/21634/32-21634-0003.flac,214800,
6904,train-clean-100/2391/145015/2391-145015-0040.flac,214720,
6905,train-clean-100/3879/173592/3879-173592-0036.flac,214720,
6906,train-clean-100/322/124147/322-124147-0062.flac,214720,
6907,train-clean-100/3723/171631/3723-171631-0059.flac,214720,
6908,train-clean-100/1737/148989/1737-148989-0026.flac,214720,
6909,train-clean-100/307/127535/307-127535-0004.flac,214640,
6910,train-clean-100/3699/19401/3699-19401-0015.flac,214640,
6911,train-clean-100/103/1240/103-1240-0020.flac,214640,
6912,train-clean-100/248/130652/248-130652-0010.flac,214640,
6913,train-clean-100/1098/133695/1098-133695-0079.flac,214640,
6914,train-clean-100/254/127705/254-127705-0041.flac,214640,
6915,train-clean-100/163/122947/163-122947-0088.flac,214640,
6916,train-clean-100/311/124404/311-124404-0046.flac,214561,
6917,train-clean-100/328/129766/328-129766-0097.flac,214560,
6918,train-clean-100/2952/408/2952-408-0025.flac,214560,
6919,train-clean-100/2817/142380/2817-142380-0035.flac,214560,
6920,train-clean-100/1737/148989/1737-148989-0032.flac,214560,
6921,train-clean-100/2136/5143/2136-5143-0039.flac,214480,
6922,train-clean-100/3699/47246/3699-47246-0021.flac,214480,
6923,train-clean-100/328/129766/328-129766-0014.flac,214480,
6924,train-clean-100/1081/125237/1081-125237-0017.flac,214480,
6925,train-clean-100/1926/143879/1926-143879-0013.flac,214480,
6926,train-clean-100/1578/140045/1578-140045-0004.flac,214480,
6927,train-clean-100/3214/167607/3214-167607-0016.flac,214480,
6928,train-clean-100/1081/125237/1081-125237-0041.flac,214400,
6929,train-clean-100/3112/9554/3112-9554-0004.flac,214400,
6930,train-clean-100/3857/182315/3857-182315-0012.flac,214400,
6931,train-clean-100/1246/124550/1246-124550-0014.flac,214400,
6932,train-clean-100/3374/298026/3374-298026-0007.flac,214400,
6933,train-clean-100/1246/124548/1246-124548-0050.flac,214400,
6934,train-clean-100/2002/139469/2002-139469-0029.flac,214400,
6935,train-clean-100/307/127540/307-127540-0022.flac,214400,
6936,train-clean-100/2436/2477/2436-2477-0029.flac,214400,
6937,train-clean-100/2391/145015/2391-145015-0023.flac,214400,
6938,train-clean-100/150/126107/150-126107-0038.flac,214320,
6939,train-clean-100/3857/182315/3857-182315-0020.flac,214320,
6940,train-clean-100/248/130697/248-130697-0009.flac,214320,
6941,train-clean-100/163/122947/163-122947-0077.flac,214320,
6942,train-clean-100/1841/150351/1841-150351-0005.flac,214320,
6943,train-clean-100/2182/181173/2182-181173-0019.flac,214320,
6944,train-clean-100/211/122425/211-122425-0039.flac,214320,
6945,train-clean-100/302/123516/302-123516-0029.flac,214320,
6946,train-clean-100/3214/167602/3214-167602-0000.flac,214319,
6947,train-clean-100/250/142286/250-142286-0001.flac,214240,
6948,train-clean-100/3947/13260/3947-13260-0011.flac,214240,
6949,train-clean-100/1263/138246/1263-138246-0013.flac,214240,
6950,train-clean-100/248/130652/248-130652-0028.flac,214240,
6951,train-clean-100/250/142276/250-142276-0009.flac,214240,
6952,train-clean-100/1447/130552/1447-130552-0020.flac,214240,
6953,train-clean-100/3242/8112/3242-8112-0016.flac,214240,
6954,train-clean-100/250/142286/250-142286-0022.flac,214161,
6955,train-clean-100/1235/135884/1235-135884-0008.flac,214160,
6956,train-clean-100/1069/133709/1069-133709-0034.flac,214160,
6957,train-clean-100/1553/140047/1553-140047-0039.flac,214160,
6958,train-clean-100/254/145458/254-145458-0001.flac,214160,
6959,train-clean-100/1081/125237/1081-125237-0065.flac,214160,
6960,train-clean-100/163/122947/163-122947-0058.flac,214160,
6961,train-clean-100/1363/139304/1363-139304-0043.flac,214080,
6962,train-clean-100/3486/166446/3486-166446-0021.flac,214080,
6963,train-clean-100/2182/181183/2182-181183-0004.flac,214080,
6964,train-clean-100/1355/39947/1355-39947-0071.flac,214080,
6965,train-clean-100/3857/182315/3857-182315-0011.flac,214080,
6966,train-clean-100/1355/39947/1355-39947-0063.flac,214080,
6967,train-clean-100/26/495/26-495-0038.flac,214080,
6968,train-clean-100/2002/139469/2002-139469-0011.flac,214080,
6969,train-clean-100/3699/19401/3699-19401-0005.flac,214080,
6970,train-clean-100/332/128985/332-128985-0051.flac,214080,
6971,train-clean-100/1970/28415/1970-28415-0029.flac,214080,
6972,train-clean-100/1502/122619/1502-122619-0025.flac,214080,
6973,train-clean-100/3486/166424/3486-166424-0005.flac,214079,
6974,train-clean-100/3830/12531/3830-12531-0020.flac,214000,
6975,train-clean-100/289/121652/289-121652-0032.flac,214000,
6976,train-clean-100/1926/147987/1926-147987-0022.flac,214000,
6977,train-clean-100/2691/156750/2691-156750-0007.flac,214000,
6978,train-clean-100/2764/36619/2764-36619-0011.flac,214000,
6979,train-clean-100/2436/2481/2436-2481-0033.flac,213920,
6980,train-clean-100/1594/135914/1594-135914-0125.flac,213920,
6981,train-clean-100/1553/140048/1553-140048-0000.flac,213920,
6982,train-clean-100/3607/29116/3607-29116-0037.flac,213920,
6983,train-clean-100/328/129766/328-129766-0062.flac,213920,
6984,train-clean-100/1447/130550/1447-130550-0013.flac,213920,
6985,train-clean-100/1455/138263/1455-138263-0043.flac,213920,
6986,train-clean-100/311/124404/311-124404-0007.flac,213920,
6987,train-clean-100/1502/122619/1502-122619-0049.flac,213920,
6988,train-clean-100/2007/149877/2007-149877-0059.flac,213920,
6989,train-clean-100/3526/176653/3526-176653-0040.flac,213920,
6990,train-clean-100/3112/9555/3112-9555-0063.flac,213920,
6991,train-clean-100/2989/138028/2989-138028-0004.flac,213840,
6992,train-clean-100/2691/156755/2691-156755-0024.flac,213840,
6993,train-clean-100/201/127786/201-127786-0034.flac,213840,
6994,train-clean-100/2196/170379/2196-170379-0018.flac,213840,
6995,train-clean-100/2136/5143/2136-5143-0012.flac,213840,
6996,train-clean-100/332/128985/332-128985-0018.flac,213840,
6997,train-clean-100/2764/36617/2764-36617-0026.flac,213840,
6998,train-clean-100/1723/141149/1723-141149-0074.flac,213840,
6999,train-clean-100/2691/156750/2691-156750-0022.flac,213840,
7000,train-clean-100/1963/142393/1963-142393-0041.flac,213840,
7001,train-clean-100/163/122947/163-122947-0095.flac,213840,
7002,train-clean-100/1926/147979/1926-147979-0025.flac,213760,
7003,train-clean-100/1624/168623/1624-168623-0030.flac,213760,
7004,train-clean-100/32/21631/32-21631-0003.flac,213760,
7005,train-clean-100/3607/29116/3607-29116-0034.flac,213760,
7006,train-clean-100/1235/135883/1235-135883-0006.flac,213760,
7007,train-clean-100/311/124404/311-124404-0082.flac,213680,
7008,train-clean-100/3982/182255/3982-182255-0014.flac,213680,
7009,train-clean-100/2843/152918/2843-152918-0061.flac,213680,
7010,train-clean-100/2196/170151/2196-170151-0023.flac,213680,
7011,train-clean-100/196/122152/196-122152-0021.flac,213680,
7012,train-clean-100/2817/142380/2817-142380-0007.flac,213680,
7013,train-clean-100/1594/135914/1594-135914-0124.flac,213680,
7014,train-clean-100/3374/298026/3374-298026-0006.flac,213600,
7015,train-clean-100/1447/130552/1447-130552-0001.flac,213600,
7016,train-clean-100/1034/121119/1034-121119-0064.flac,213600,
7017,train-clean-100/1447/17506/1447-17506-0012.flac,213600,
7018,train-clean-100/1624/168623/1624-168623-0013.flac,213600,
7019,train-clean-100/3723/171115/3723-171115-0029.flac,213600,
7020,train-clean-100/3982/178459/3982-178459-0063.flac,213520,
7021,train-clean-100/2518/154825/2518-154825-0023.flac,213520,
7022,train-clean-100/2159/179154/2159-179154-0017.flac,213520,
7023,train-clean-100/250/140277/250-140277-0009.flac,213520,
7024,train-clean-100/3723/171631/3723-171631-0000.flac,213520,
7025,train-clean-100/322/124147/322-124147-0033.flac,213520,
7026,train-clean-100/1553/140047/1553-140047-0049.flac,213520,
7027,train-clean-100/3857/182315/3857-182315-0008.flac,213520,
7028,train-clean-100/302/123523/302-123523-0014.flac,213520,
7029,train-clean-100/150/126112/150-126112-0014.flac,213520,
7030,train-clean-100/254/27760/254-27760-0007.flac,213520,
7031,train-clean-100/3607/135982/3607-135982-0002.flac,213440,
7032,train-clean-100/2416/152137/2416-152137-0016.flac,213440,
7033,train-clean-100/1502/122619/1502-122619-0059.flac,213440,
7034,train-clean-100/3259/158083/3259-158083-0047.flac,213440,
7035,train-clean-100/1040/133433/1040-133433-0020.flac,213440,
7036,train-clean-100/3440/171009/3440-171009-0058.flac,213440,
7037,train-clean-100/1246/124548/1246-124548-0017.flac,213440,
7038,train-clean-100/3807/4923/3807-4923-0056.flac,213440,
7039,train-clean-100/1263/138246/1263-138246-0015.flac,213360,
7040,train-clean-100/3436/172171/3436-172171-0054.flac,213360,
7041,train-clean-100/2007/149877/2007-149877-0029.flac,213360,
7042,train-clean-100/2764/36619/2764-36619-0028.flac,213360,
7043,train-clean-100/3235/28452/3235-28452-0022.flac,213360,
7044,train-clean-100/1970/26100/1970-26100-0020.flac,213360,
7045,train-clean-100/1355/39947/1355-39947-0061.flac,213360,
7046,train-clean-100/1235/135887/1235-135887-0021.flac,213360,
7047,train-clean-100/1743/142912/1743-142912-0025.flac,213360,
7048,train-clean-100/2196/170379/2196-170379-0006.flac,213280,
7049,train-clean-100/3436/172171/3436-172171-0053.flac,213280,
7050,train-clean-100/2384/152900/2384-152900-0018.flac,213280,
7051,train-clean-100/1743/142912/1743-142912-0006.flac,213280,
7052,train-clean-100/374/180298/374-180298-0006.flac,213280,
7053,train-clean-100/3259/158083/3259-158083-0085.flac,213280,
7054,train-clean-100/374/180299/374-180299-0025.flac,213200,
7055,train-clean-100/2514/149482/2514-149482-0015.flac,213200,
7056,train-clean-100/200/124140/200-124140-0020.flac,213200,
7057,train-clean-100/1355/39947/1355-39947-0051.flac,213200,
7058,train-clean-100/2384/152900/2384-152900-0042.flac,213120,
7059,train-clean-100/1723/141149/1723-141149-0047.flac,213120,
7060,train-clean-100/200/124140/200-124140-0005.flac,213120,
7061,train-clean-100/233/155990/233-155990-0013.flac,213120,
7062,train-clean-100/1363/139304/1363-139304-0020.flac,213120,
7063,train-clean-100/2836/5354/2836-5354-0051.flac,213120,
7064,train-clean-100/3112/9555/3112-9555-0080.flac,213120,
7065,train-clean-100/2817/142371/2817-142371-0023.flac,213120,
7066,train-clean-100/374/180298/374-180298-0056.flac,213120,
7067,train-clean-100/2952/410/2952-410-0060.flac,213120,
7068,train-clean-100/3112/9555/3112-9555-0045.flac,213040,
7069,train-clean-100/3374/298032/3374-298032-0006.flac,213040,
7070,train-clean-100/3947/13262/3947-13262-0038.flac,213040,
7071,train-clean-100/19/227/19-227-0069.flac,213040,
7072,train-clean-100/2007/149877/2007-149877-0057.flac,213040,
7073,train-clean-100/311/124404/311-124404-0077.flac,213040,
7074,train-clean-100/2002/139469/2002-139469-0098.flac,212960,
7075,train-clean-100/1069/133699/1069-133699-0019.flac,212960,
7076,train-clean-100/1081/128618/1081-128618-0008.flac,212960,
7077,train-clean-100/1363/135842/1363-135842-0027.flac,212960,
7078,train-clean-100/3857/182315/3857-182315-0040.flac,212960,
7079,train-clean-100/1926/147987/1926-147987-0014.flac,212960,
7080,train-clean-100/3879/174923/3879-174923-0034.flac,212960,
7081,train-clean-100/2159/179156/2159-179156-0029.flac,212960,
7082,train-clean-100/150/126112/150-126112-0000.flac,212960,
7083,train-clean-100/1963/147036/1963-147036-0008.flac,212960,
7084,train-clean-100/3879/173592/3879-173592-0007.flac,212960,
7085,train-clean-100/311/124404/311-124404-0117.flac,212960,
7086,train-clean-100/2817/142380/2817-142380-0042.flac,212960,
7087,train-clean-100/1723/141149/1723-141149-0109.flac,212881,
7088,train-clean-100/1737/142396/1737-142396-0022.flac,212880,
7089,train-clean-100/2893/139322/2893-139322-0021.flac,212880,
7090,train-clean-100/3723/171631/3723-171631-0012.flac,212880,
7091,train-clean-100/3486/166424/3486-166424-0045.flac,212880,
7092,train-clean-100/150/132655/150-132655-0006.flac,212880,
7093,train-clean-100/1263/138246/1263-138246-0024.flac,212801,
7094,train-clean-100/198/126831/198-126831-0031.flac,212800,
7095,train-clean-100/3374/298026/3374-298026-0029.flac,212800,
7096,train-clean-100/2518/154826/2518-154826-0022.flac,212800,
7097,train-clean-100/3486/166446/3486-166446-0017.flac,212800,
7098,train-clean-100/3699/175950/3699-175950-0009.flac,212800,
7099,train-clean-100/2911/15045/2911-15045-0015.flac,212800,
7100,train-clean-100/2002/139469/2002-139469-0088.flac,212800,
7101,train-clean-100/32/4137/32-4137-0001.flac,212800,
7102,train-clean-100/1578/6379/1578-6379-0040.flac,212720,
7103,train-clean-100/1867/154071/1867-154071-0025.flac,212720,
7104,train-clean-100/200/126784/200-126784-0020.flac,212720,
7105,train-clean-100/1841/150351/1841-150351-0027.flac,212720,
7106,train-clean-100/374/180298/374-180298-0002.flac,212720,
7107,train-clean-100/2911/7601/2911-7601-0004.flac,212720,
7108,train-clean-100/201/122255/201-122255-0027.flac,212720,
7109,train-clean-100/298/126791/298-126791-0057.flac,212640,
7110,train-clean-100/3486/166446/3486-166446-0031.flac,212640,
7111,train-clean-100/27/123349/27-123349-0052.flac,212640,
7112,train-clean-100/3214/167607/3214-167607-0034.flac,212640,
7113,train-clean-100/211/122442/211-122442-0045.flac,212640,
7114,train-clean-100/150/126107/150-126107-0004.flac,212640,
7115,train-clean-100/2910/131096/2910-131096-0085.flac,212640,
7116,train-clean-100/1723/141149/1723-141149-0070.flac,212640,
7117,train-clean-100/2159/179154/2159-179154-0002.flac,212640,
7118,train-clean-100/233/134440/233-134440-0001.flac,212640,
7119,train-clean-100/1447/130552/1447-130552-0027.flac,212640,
7120,train-clean-100/39/121914/39-121914-0045.flac,212560,
7121,train-clean-100/2196/174172/2196-174172-0031.flac,212560,
7122,train-clean-100/322/124147/322-124147-0034.flac,212480,
7123,train-clean-100/254/127705/254-127705-0028.flac,212480,
7124,train-clean-100/226/131533/226-131533-0019.flac,212480,
7125,train-clean-100/1926/147987/1926-147987-0000.flac,212480,
7126,train-clean-100/32/21631/32-21631-0013.flac,212480,
7127,train-clean-100/3168/173564/3168-173564-0013.flac,212480,
7128,train-clean-100/3723/171631/3723-171631-0058.flac,212480,
7129,train-clean-100/2691/156755/2691-156755-0022.flac,212480,
7130,train-clean-100/3857/182315/3857-182315-0033.flac,212400,
7131,train-clean-100/2518/154826/2518-154826-0010.flac,212400,
7132,train-clean-100/3436/172162/3436-172162-0014.flac,212400,
7133,train-clean-100/3664/11714/3664-11714-0026.flac,212400,
7134,train-clean-100/332/128985/332-128985-0011.flac,212400,
7135,train-clean-100/1081/125237/1081-125237-0086.flac,212400,
7136,train-clean-100/1553/140048/1553-140048-0045.flac,212400,
7137,train-clean-100/3699/175950/3699-175950-0014.flac,212400,
7138,train-clean-100/1355/39947/1355-39947-0052.flac,212320,
7139,train-clean-100/2989/138028/2989-138028-0001.flac,212320,
7140,train-clean-100/3857/182315/3857-182315-0005.flac,212320,
7141,train-clean-100/1502/122615/1502-122615-0007.flac,212320,
7142,train-clean-100/163/122947/163-122947-0053.flac,212320,
7143,train-clean-100/248/130644/248-130644-0015.flac,212240,
7144,train-clean-100/196/122150/196-122150-0030.flac,212240,
7145,train-clean-100/2518/154825/2518-154825-0022.flac,212240,
7146,train-clean-100/3699/19401/3699-19401-0006.flac,212240,
7147,train-clean-100/1553/140047/1553-140047-0035.flac,212240,
7148,train-clean-100/332/128985/332-128985-0030.flac,212240,
7149,train-clean-100/3242/67153/3242-67153-0030.flac,212240,
7150,train-clean-100/32/4137/32-4137-0033.flac,212240,
7151,train-clean-100/2136/5147/2136-5147-0003.flac,212240,
7152,train-clean-100/3112/9555/3112-9555-0024.flac,212240,
7153,train-clean-100/2002/139469/2002-139469-0108.flac,212240,
7154,train-clean-100/233/134440/233-134440-0024.flac,212240,
7155,train-clean-100/3374/298032/3374-298032-0028.flac,212240,
7156,train-clean-100/229/130880/229-130880-0032.flac,212239,
7157,train-clean-100/3723/171631/3723-171631-0047.flac,212160,
7158,train-clean-100/2416/152139/2416-152139-0058.flac,212160,
7159,train-clean-100/1624/168623/1624-168623-0042.flac,212160,
7160,train-clean-100/1867/154075/1867-154075-0040.flac,212160,
7161,train-clean-100/2836/5354/2836-5354-0014.flac,212159,
7162,train-clean-100/298/126790/298-126790-0043.flac,212080,
7163,train-clean-100/1040/133433/1040-133433-0041.flac,212080,
7164,train-clean-100/226/131532/226-131532-0009.flac,212080,
7165,train-clean-100/2952/410/2952-410-0042.flac,212080,
7166,train-clean-100/2182/181173/2182-181173-0023.flac,212080,
7167,train-clean-100/2289/152258/2289-152258-0024.flac,212080,
7168,train-clean-100/3723/171631/3723-171631-0026.flac,212000,
7169,train-clean-100/125/121124/125-121124-0000.flac,212000,
7170,train-clean-100/3235/28433/3235-28433-0032.flac,212000,
7171,train-clean-100/150/126112/150-126112-0004.flac,212000,
7172,train-clean-100/1355/39947/1355-39947-0077.flac,212000,
7173,train-clean-100/2092/145706/2092-145706-0050.flac,212000,
7174,train-clean-100/250/142286/250-142286-0023.flac,212000,
7175,train-clean-100/2893/139310/2893-139310-0007.flac,211999,
7176,train-clean-100/2182/150130/2182-150130-0003.flac,211920,
7177,train-clean-100/2952/408/2952-408-0019.flac,211920,
7178,train-clean-100/1363/135842/1363-135842-0002.flac,211920,
7179,train-clean-100/2196/170379/2196-170379-0000.flac,211920,
7180,train-clean-100/1841/150351/1841-150351-0031.flac,211920,
7181,train-clean-100/2691/156745/2691-156745-0039.flac,211920,
7182,train-clean-100/3112/9554/3112-9554-0015.flac,211920,
7183,train-clean-100/118/47824/118-47824-0083.flac,211920,
7184,train-clean-100/1447/17506/1447-17506-0025.flac,211920,
7185,train-clean-100/1723/141149/1723-141149-0045.flac,211920,
7186,train-clean-100/1098/133695/1098-133695-0075.flac,211920,
7187,train-clean-100/1737/142396/1737-142396-0002.flac,211840,
7188,train-clean-100/2159/179157/2159-179157-0006.flac,211840,
7189,train-clean-100/250/142276/250-142276-0013.flac,211761,
7190,train-clean-100/1926/147979/1926-147979-0027.flac,211761,
7191,train-clean-100/1841/179183/1841-179183-0031.flac,211760,
7192,train-clean-100/3947/13260/3947-13260-0004.flac,211760,
7193,train-clean-100/211/122425/211-122425-0013.flac,211760,
7194,train-clean-100/328/129766/328-129766-0006.flac,211760,
7195,train-clean-100/302/123504/302-123504-0015.flac,211760,
7196,train-clean-100/3112/9555/3112-9555-0042.flac,211760,
7197,train-clean-100/3857/180923/3857-180923-0021.flac,211760,
7198,train-clean-100/1455/138263/1455-138263-0041.flac,211760,
7199,train-clean-100/3240/131232/3240-131232-0029.flac,211680,
7200,train-clean-100/2893/139322/2893-139322-0024.flac,211680,
7201,train-clean-100/248/130644/248-130644-0009.flac,211680,
7202,train-clean-100/1553/140047/1553-140047-0023.flac,211680,
7203,train-clean-100/1447/130552/1447-130552-0023.flac,211680,
7204,train-clean-100/2416/152137/2416-152137-0003.flac,211680,
7205,train-clean-100/201/127786/201-127786-0008.flac,211680,
7206,train-clean-100/1992/141719/1992-141719-0003.flac,211680,
7207,train-clean-100/3374/298032/3374-298032-0004.flac,211680,
7208,train-clean-100/163/122947/163-122947-0004.flac,211600,
7209,train-clean-100/2893/139310/2893-139310-0001.flac,211600,
7210,train-clean-100/1363/139304/1363-139304-0017.flac,211600,
7211,train-clean-100/3879/173592/3879-173592-0038.flac,211600,
7212,train-clean-100/3879/173592/3879-173592-0037.flac,211520,
7213,train-clean-100/1116/137572/1116-137572-0040.flac,211520,
7214,train-clean-100/2384/152900/2384-152900-0034.flac,211520,
7215,train-clean-100/26/495/26-495-0084.flac,211520,
7216,train-clean-100/3830/12530/3830-12530-0041.flac,211520,
7217,train-clean-100/2289/152258/2289-152258-0016.flac,211520,
7218,train-clean-100/233/155990/233-155990-0037.flac,211520,
7219,train-clean-100/201/122255/201-122255-0006.flac,211440,
7220,train-clean-100/3240/131231/3240-131231-0005.flac,211440,
7221,train-clean-100/2416/152139/2416-152139-0056.flac,211440,
7222,train-clean-100/3879/174923/3879-174923-0059.flac,211440,
7223,train-clean-100/19/198/19-198-0031.flac,211440,
7224,train-clean-100/1970/28415/1970-28415-0000.flac,211440,
7225,train-clean-100/2384/152900/2384-152900-0052.flac,211440,
7226,train-clean-100/1447/130552/1447-130552-0011.flac,211360,
7227,train-clean-100/233/155990/233-155990-0002.flac,211360,
7228,train-clean-100/2952/408/2952-408-0029.flac,211360,
7229,train-clean-100/2136/5140/2136-5140-0033.flac,211360,
7230,train-clean-100/2007/132570/2007-132570-0050.flac,211360,
7231,train-clean-100/27/123349/27-123349-0005.flac,211280,
7232,train-clean-100/150/126107/150-126107-0032.flac,211280,
7233,train-clean-100/1069/133709/1069-133709-0011.flac,211280,
7234,train-clean-100/1553/140047/1553-140047-0025.flac,211280,
7235,train-clean-100/198/129977/198-129977-0013.flac,211280,
7236,train-clean-100/2391/145015/2391-145015-0003.flac,211280,
7237,train-clean-100/1455/138263/1455-138263-0046.flac,211280,
7238,train-clean-100/118/47824/118-47824-0074.flac,211280,
7239,train-clean-100/2196/170151/2196-170151-0015.flac,211280,
7240,train-clean-100/2989/138028/2989-138028-0007.flac,211280,
7241,train-clean-100/1867/154075/1867-154075-0024.flac,211280,
7242,train-clean-100/3723/171631/3723-171631-0013.flac,211200,
7243,train-clean-100/3879/174923/3879-174923-0032.flac,211200,
7244,train-clean-100/3112/9555/3112-9555-0032.flac,211200,
7245,train-clean-100/1116/132851/1116-132851-0028.flac,211200,
7246,train-clean-100/229/130880/229-130880-0090.flac,211200,
7247,train-clean-100/150/132655/150-132655-0019.flac,211200,
7248,train-clean-100/298/126791/298-126791-0049.flac,211200,
7249,train-clean-100/3235/28433/3235-28433-0029.flac,211200,
7250,train-clean-100/2416/152137/2416-152137-0004.flac,211200,
7251,train-clean-100/250/142286/250-142286-0026.flac,211200,
7252,train-clean-100/3879/174923/3879-174923-0054.flac,211120,
7253,train-clean-100/19/227/19-227-0023.flac,211120,
7254,train-clean-100/2007/132570/2007-132570-0019.flac,211120,
7255,train-clean-100/3947/13262/3947-13262-0017.flac,211120,
7256,train-clean-100/163/122947/163-122947-0081.flac,211120,
7257,train-clean-100/1926/147987/1926-147987-0016.flac,211120,
7258,train-clean-100/198/209/198-209-0020.flac,211040,
7259,train-clean-100/3214/167602/3214-167602-0029.flac,211040,
7260,train-clean-100/3240/131231/3240-131231-0010.flac,211040,
7261,train-clean-100/3857/182315/3857-182315-0010.flac,211040,
7262,train-clean-100/1841/179183/1841-179183-0013.flac,210960,
7263,train-clean-100/1553/140047/1553-140047-0026.flac,210960,
7264,train-clean-100/374/180298/374-180298-0011.flac,210960,
7265,train-clean-100/2514/149482/2514-149482-0102.flac,210960,
7266,train-clean-100/1578/6379/1578-6379-0048.flac,210960,
7267,train-clean-100/1235/135887/1235-135887-0011.flac,210960,
7268,train-clean-100/3112/9555/3112-9555-0018.flac,210960,
7269,train-clean-100/2989/138035/2989-138035-0068.flac,210960,
7270,train-clean-100/32/4137/32-4137-0032.flac,210960,
7271,train-clean-100/1355/39947/1355-39947-0073.flac,210880,
7272,train-clean-100/3607/135982/3607-135982-0012.flac,210880,
7273,train-clean-100/1867/154075/1867-154075-0006.flac,210880,
7274,train-clean-100/3723/171115/3723-171115-0051.flac,210880,
7275,train-clean-100/322/124147/322-124147-0069.flac,210880,
7276,train-clean-100/39/121914/39-121914-0031.flac,210880,
7277,train-clean-100/3240/131231/3240-131231-0077.flac,210800,
7278,train-clean-100/1578/140045/1578-140045-0029.flac,210800,
7279,train-clean-100/200/126784/200-126784-0006.flac,210800,
7280,train-clean-100/3112/9555/3112-9555-0028.flac,210800,
7281,train-clean-100/1098/133695/1098-133695-0059.flac,210800,
7282,train-clean-100/3879/173592/3879-173592-0027.flac,210800,
7283,train-clean-100/2514/149482/2514-149482-0070.flac,210800,
7284,train-clean-100/3857/182315/3857-182315-0002.flac,210720,
7285,train-clean-100/322/124146/322-124146-0002.flac,210720,
7286,train-clean-100/1992/141719/1992-141719-0026.flac,210720,
7287,train-clean-100/374/180299/374-180299-0008.flac,210720,
7288,train-clean-100/289/121652/289-121652-0029.flac,210720,
7289,train-clean-100/3607/29116/3607-29116-0011.flac,210720,
7290,train-clean-100/3807/4955/3807-4955-0027.flac,210720,
7291,train-clean-100/2092/145706/2092-145706-0060.flac,210720,
7292,train-clean-100/1594/135914/1594-135914-0082.flac,210720,
7293,train-clean-100/2416/152139/2416-152139-0027.flac,210640,
7294,train-clean-100/248/130644/248-130644-0032.flac,210640,
7295,train-clean-100/3240/131232/3240-131232-0023.flac,210640,
7296,train-clean-100/1737/142397/1737-142397-0002.flac,210640,
7297,train-clean-100/2092/145706/2092-145706-0021.flac,210640,
7298,train-clean-100/3436/172171/3436-172171-0007.flac,210640,
7299,train-clean-100/39/121914/39-121914-0007.flac,210640,
7300,train-clean-100/1970/10594/1970-10594-0015.flac,210640,
7301,train-clean-100/201/127786/201-127786-0074.flac,210640,
7302,train-clean-100/307/127535/307-127535-0039.flac,210560,
7303,train-clean-100/2989/138028/2989-138028-0054.flac,210560,
7304,train-clean-100/196/122150/196-122150-0002.flac,210560,
7305,train-clean-100/3112/9555/3112-9555-0011.flac,210560,
7306,train-clean-100/1363/135842/1363-135842-0030.flac,210560,
7307,train-clean-100/39/121914/39-121914-0004.flac,210560,
7308,train-clean-100/27/123349/27-123349-0055.flac,210481,
7309,train-clean-100/2416/152139/2416-152139-0059.flac,210480,
7310,train-clean-100/2182/181173/2182-181173-0016.flac,210480,
7311,train-clean-100/150/126107/150-126107-0024.flac,210480,
7312,train-clean-100/1926/147987/1926-147987-0013.flac,210480,
7313,train-clean-100/1624/168623/1624-168623-0004.flac,210480,
7314,train-clean-100/1963/142776/1963-142776-0023.flac,210400,
7315,train-clean-100/163/122947/163-122947-0019.flac,210400,
7316,train-clean-100/3168/173565/3168-173565-0051.flac,210400,
7317,train-clean-100/322/124147/322-124147-0009.flac,210400,
7318,train-clean-100/374/180298/374-180298-0058.flac,210400,
7319,train-clean-100/1098/133695/1098-133695-0072.flac,210400,
7320,train-clean-100/2092/145706/2092-145706-0002.flac,210400,
7321,train-clean-100/2843/152918/2843-152918-0111.flac,210320,
7322,train-clean-100/2007/149877/2007-149877-0006.flac,210320,
7323,train-clean-100/229/130880/229-130880-0056.flac,210320,
7324,train-clean-100/1455/138263/1455-138263-0051.flac,210240,
7325,train-clean-100/289/121652/289-121652-0027.flac,210240,
7326,train-clean-100/1069/133709/1069-133709-0049.flac,210240,
7327,train-clean-100/2182/150130/2182-150130-0038.flac,210240,
7328,train-clean-100/1970/28415/1970-28415-0035.flac,210240,
7329,train-clean-100/328/129766/328-129766-0030.flac,210240,
7330,train-clean-100/2136/5147/2136-5147-0018.flac,210160,
7331,train-clean-100/2384/152900/2384-152900-0071.flac,210160,
7332,train-clean-100/1970/10594/1970-10594-0026.flac,210160,
7333,train-clean-100/2843/152918/2843-152918-0010.flac,210160,
7334,train-clean-100/322/124147/322-124147-0080.flac,210160,
7335,train-clean-100/248/130697/248-130697-0031.flac,210080,
7336,train-clean-100/2384/152900/2384-152900-0089.flac,210080,
7337,train-clean-100/3830/12529/3830-12529-0000.flac,210080,
7338,train-clean-100/307/127539/307-127539-0029.flac,210080,
7339,train-clean-100/1040/133433/1040-133433-0040.flac,210080,
7340,train-clean-100/200/124139/200-124139-0027.flac,210080,
7341,train-clean-100/1447/130550/1447-130550-0011.flac,210080,
7342,train-clean-100/2416/152139/2416-152139-0072.flac,210080,
7343,train-clean-100/1502/122619/1502-122619-0055.flac,210000,
7344,train-clean-100/1578/140049/1578-140049-0020.flac,210000,
7345,train-clean-100/1502/122619/1502-122619-0051.flac,210000,
7346,train-clean-100/250/142276/250-142276-0027.flac,210000,
7347,train-clean-100/19/227/19-227-0021.flac,210000,
7348,train-clean-100/1578/140049/1578-140049-0037.flac,210000,
7349,train-clean-100/1743/142913/1743-142913-0017.flac,210000,
7350,train-clean-100/3723/171631/3723-171631-0056.flac,210000,
7351,train-clean-100/3214/167607/3214-167607-0027.flac,209921,
7352,train-clean-100/2092/145706/2092-145706-0016.flac,209920,
7353,train-clean-100/1502/122615/1502-122615-0029.flac,209920,
7354,train-clean-100/298/126791/298-126791-0050.flac,209920,
7355,train-clean-100/1594/135914/1594-135914-0042.flac,209920,
7356,train-clean-100/1116/137572/1116-137572-0026.flac,209920,
7357,train-clean-100/302/123504/302-123504-0031.flac,209920,
7358,train-clean-100/332/128985/332-128985-0014.flac,209919,
7359,train-clean-100/332/128985/332-128985-0062.flac,209840,
7360,train-clean-100/1867/154075/1867-154075-0022.flac,209840,
7361,train-clean-100/1737/148989/1737-148989-0016.flac,209840,
7362,train-clean-100/1578/140049/1578-140049-0022.flac,209840,
7363,train-clean-100/19/227/19-227-0057.flac,209840,
7364,train-clean-100/3240/131231/3240-131231-0072.flac,209840,
7365,train-clean-100/3440/171009/3440-171009-0025.flac,209840,
7366,train-clean-100/3664/178366/3664-178366-0022.flac,209760,
7367,train-clean-100/2289/152257/2289-152257-0009.flac,209760,
7368,train-clean-100/2002/139469/2002-139469-0028.flac,209760,
7369,train-clean-100/118/121721/118-121721-0003.flac,209760,
7370,train-clean-100/201/122255/201-122255-0031.flac,209760,
7371,train-clean-100/3242/67153/3242-67153-0025.flac,209760,
7372,train-clean-100/1455/134435/1455-134435-0039.flac,209760,
7373,train-clean-100/3214/167602/3214-167602-0023.flac,209760,
7374,train-clean-100/2136/5147/2136-5147-0032.flac,209760,
7375,train-clean-100/302/123516/302-123516-0011.flac,209760,
7376,train-clean-100/1737/142397/1737-142397-0023.flac,209680,
7377,train-clean-100/1455/134435/1455-134435-0066.flac,209680,
7378,train-clean-100/163/122947/163-122947-0046.flac,209680,
7379,train-clean-100/1578/140049/1578-140049-0005.flac,209680,
7380,train-clean-100/3723/171115/3723-171115-0026.flac,209680,
7381,train-clean-100/254/127705/254-127705-0014.flac,209680,
7382,train-clean-100/125/121124/125-121124-0070.flac,209680,
7383,train-clean-100/1743/142914/1743-142914-0032.flac,209680,
7384,train-clean-100/2893/139322/2893-139322-0045.flac,209680,
7385,train-clean-100/3947/13260/3947-13260-0023.flac,209680,
7386,train-clean-100/3242/67168/3242-67168-0023.flac,209600,
7387,train-clean-100/248/130652/248-130652-0015.flac,209600,
7388,train-clean-100/3240/131231/3240-131231-0019.flac,209600,
7389,train-clean-100/2952/408/2952-408-0011.flac,209600,
7390,train-clean-100/3947/13262/3947-13262-0024.flac,209600,
7391,train-clean-100/1334/135589/1334-135589-0021.flac,209600,
7392,train-clean-100/103/1241/103-1241-0031.flac,209600,
7393,train-clean-100/3857/182315/3857-182315-0044.flac,209600,
7394,train-clean-100/3879/174923/3879-174923-0003.flac,209600,
7395,train-clean-100/298/126790/298-126790-0003.flac,209520,
7396,train-clean-100/3440/171006/3440-171006-0001.flac,209520,
7397,train-clean-100/289/121652/289-121652-0034.flac,209520,
7398,train-clean-100/2436/2477/2436-2477-0027.flac,209520,
7399,train-clean-100/19/227/19-227-0035.flac,209440,
7400,train-clean-100/3240/131231/3240-131231-0032.flac,209440,
7401,train-clean-100/1355/39947/1355-39947-0014.flac,209440,
7402,train-clean-100/374/180299/374-180299-0018.flac,209440,
7403,train-clean-100/3723/171115/3723-171115-0010.flac,209440,
7404,train-clean-100/302/123523/302-123523-0034.flac,209440,
7405,train-clean-100/248/130652/248-130652-0011.flac,209440,
7406,train-clean-100/2817/142371/2817-142371-0019.flac,209440,
7407,train-clean-100/2952/407/2952-407-0021.flac,209360,
7408,train-clean-100/32/21631/32-21631-0002.flac,209360,
7409,train-clean-100/233/134440/233-134440-0052.flac,209360,
7410,train-clean-100/3723/171631/3723-171631-0053.flac,209280,
7411,train-clean-100/1263/138246/1263-138246-0027.flac,209280,
7412,train-clean-100/3807/4923/3807-4923-0029.flac,209280,
7413,train-clean-100/1355/39947/1355-39947-0064.flac,209280,
7414,train-clean-100/201/127786/201-127786-0041.flac,209280,
7415,train-clean-100/3486/166424/3486-166424-0023.flac,209280,
7416,train-clean-100/3168/173565/3168-173565-0005.flac,209280,
7417,train-clean-100/289/121665/289-121665-0044.flac,209280,
7418,train-clean-100/1363/135842/1363-135842-0036.flac,209280,
7419,train-clean-100/3440/171009/3440-171009-0063.flac,209200,
7420,train-clean-100/3235/11599/3235-11599-0006.flac,209200,
7421,train-clean-100/1594/135914/1594-135914-0024.flac,209200,
7422,train-clean-100/3879/173592/3879-173592-0009.flac,209200,
7423,train-clean-100/32/4137/32-4137-0036.flac,209121,
7424,train-clean-100/332/128985/332-128985-0023.flac,209120,
7425,train-clean-100/1723/141149/1723-141149-0075.flac,209120,
7426,train-clean-100/2843/152918/2843-152918-0063.flac,209120,
7427,train-clean-100/2196/170379/2196-170379-0011.flac,209120,
7428,train-clean-100/1355/39947/1355-39947-0004.flac,209120,
7429,train-clean-100/3664/178355/3664-178355-0024.flac,209120,
7430,train-clean-100/2416/152139/2416-152139-0013.flac,209040,
7431,train-clean-100/2002/139469/2002-139469-0003.flac,209040,
7432,train-clean-100/248/130697/248-130697-0015.flac,209040,
7433,train-clean-100/298/126790/298-126790-0032.flac,209040,
7434,train-clean-100/3486/166446/3486-166446-0010.flac,209040,
7435,train-clean-100/3168/173564/3168-173564-0020.flac,209040,
7436,train-clean-100/2910/131096/2910-131096-0064.flac,209040,
7437,train-clean-100/1743/142913/1743-142913-0006.flac,208960,
7438,train-clean-100/39/121914/39-121914-0014.flac,208960,
7439,train-clean-100/2514/149482/2514-149482-0079.flac,208960,
7440,train-clean-100/3830/12530/3830-12530-0024.flac,208960,
7441,train-clean-100/2691/156755/2691-156755-0021.flac,208960,
7442,train-clean-100/1867/154071/1867-154071-0020.flac,208960,
7443,train-clean-100/1898/145724/1898-145724-0026.flac,208960,
7444,train-clean-100/1355/39947/1355-39947-0023.flac,208960,
7445,train-clean-100/1898/145715/1898-145715-0011.flac,208880,
7446,train-clean-100/125/121124/125-121124-0016.flac,208880,
7447,train-clean-100/1040/133433/1040-133433-0034.flac,208880,
7448,train-clean-100/1363/139304/1363-139304-0007.flac,208880,
7449,train-clean-100/3982/178459/3982-178459-0031.flac,208800,
7450,train-clean-100/248/130644/248-130644-0024.flac,208800,
7451,train-clean-100/26/496/26-496-0023.flac,208800,
7452,train-clean-100/248/130652/248-130652-0038.flac,208800,
7453,train-clean-100/1098/133695/1098-133695-0040.flac,208800,
7454,train-clean-100/3242/8112/3242-8112-0004.flac,208800,
7455,train-clean-100/2182/150130/2182-150130-0017.flac,208800,
7456,train-clean-100/1970/28415/1970-28415-0011.flac,208800,
7457,train-clean-100/27/123349/27-123349-0022.flac,208720,
7458,train-clean-100/3374/298026/3374-298026-0035.flac,208720,
7459,train-clean-100/2289/152257/2289-152257-0010.flac,208720,
7460,train-clean-100/1898/145715/1898-145715-0048.flac,208720,
7461,train-clean-100/3830/12531/3830-12531-0017.flac,208720,
7462,train-clean-100/2952/410/2952-410-0029.flac,208720,
7463,train-clean-100/322/124147/322-124147-0040.flac,208720,
7464,train-clean-100/2384/152900/2384-152900-0015.flac,208640,
7465,train-clean-100/311/124404/311-124404-0048.flac,208640,
7466,train-clean-100/1553/140048/1553-140048-0025.flac,208640,
7467,train-clean-100/3664/11714/3664-11714-0020.flac,208640,
7468,train-clean-100/254/145458/254-145458-0016.flac,208560,
7469,train-clean-100/3699/175950/3699-175950-0019.flac,208560,
7470,train-clean-100/26/495/26-495-0025.flac,208560,
7471,train-clean-100/3879/174923/3879-174923-0002.flac,208560,
7472,train-clean-100/1553/140048/1553-140048-0005.flac,208560,
7473,train-clean-100/2092/145706/2092-145706-0008.flac,208560,
7474,train-clean-100/1502/122619/1502-122619-0029.flac,208560,
7475,train-clean-100/1898/145715/1898-145715-0034.flac,208560,
7476,train-clean-100/2989/138035/2989-138035-0059.flac,208560,
7477,train-clean-100/3699/47246/3699-47246-0008.flac,208480,
7478,train-clean-100/1624/142933/1624-142933-0031.flac,208480,
7479,train-clean-100/3607/29116/3607-29116-0010.flac,208480,
7480,train-clean-100/1235/135887/1235-135887-0005.flac,208480,
7481,train-clean-100/1088/129236/1088-129236-0005.flac,208480,
7482,train-clean-100/311/124404/311-124404-0106.flac,208480,
7483,train-clean-100/3607/135982/3607-135982-0041.flac,208400,
7484,train-clean-100/2518/154826/2518-154826-0000.flac,208400,
7485,train-clean-100/39/121916/39-121916-0024.flac,208400,
7486,train-clean-100/2764/36619/2764-36619-0027.flac,208320,
7487,train-clean-100/1116/132851/1116-132851-0006.flac,208320,
7488,train-clean-100/1447/130551/1447-130551-0025.flac,208320,
7489,train-clean-100/2843/152918/2843-152918-0092.flac,208320,
7490,train-clean-100/1737/142396/1737-142396-0016.flac,208320,
7491,train-clean-100/248/130697/248-130697-0034.flac,208320,
7492,train-clean-100/39/121915/39-121915-0022.flac,208240,
7493,train-clean-100/2691/156755/2691-156755-0007.flac,208240,
7494,train-clean-100/1355/39947/1355-39947-0085.flac,208240,
7495,train-clean-100/3699/47246/3699-47246-0002.flac,208239,
7496,train-clean-100/3723/171115/3723-171115-0000.flac,208160,
7497,train-clean-100/196/122150/196-122150-0008.flac,208160,
7498,train-clean-100/125/121124/125-121124-0030.flac,208160,
7499,train-clean-100/2436/2476/2436-2476-0021.flac,208160,
7500,train-clean-100/302/123504/302-123504-0024.flac,208160,
7501,train-clean-100/19/198/19-198-0019.flac,208160,
7502,train-clean-100/1040/133433/1040-133433-0012.flac,208080,
7503,train-clean-100/254/127705/254-127705-0012.flac,208080,
7504,train-clean-100/19/198/19-198-0006.flac,208080,
7505,train-clean-100/2384/152900/2384-152900-0068.flac,208080,
7506,train-clean-100/1455/134435/1455-134435-0025.flac,208080,
7507,train-clean-100/2196/170151/2196-170151-0014.flac,208080,
7508,train-clean-100/302/123504/302-123504-0034.flac,208080,
7509,train-clean-100/2416/152137/2416-152137-0036.flac,208080,
7510,train-clean-100/1992/141719/1992-141719-0021.flac,208000,
7511,train-clean-100/2196/170151/2196-170151-0021.flac,208000,
7512,train-clean-100/1081/125237/1081-125237-0070.flac,208000,
7513,train-clean-100/1737/148989/1737-148989-0035.flac,208000,
7514,train-clean-100/254/127705/254-127705-0023.flac,208000,
7515,train-clean-100/226/131532/226-131532-0000.flac,208000,
7516,train-clean-100/2764/36616/2764-36616-0014.flac,208000,
7517,train-clean-100/27/123349/27-123349-0027.flac,207920,
7518,train-clean-100/1455/134435/1455-134435-0059.flac,207920,
7519,train-clean-100/150/126107/150-126107-0012.flac,207920,
7520,train-clean-100/233/155990/233-155990-0039.flac,207840,
7521,train-clean-100/19/198/19-198-0004.flac,207840,
7522,train-clean-100/1867/148436/1867-148436-0045.flac,207840,
7523,train-clean-100/1841/179183/1841-179183-0037.flac,207840,
7524,train-clean-100/3526/176651/3526-176651-0009.flac,207840,
7525,train-clean-100/2836/5354/2836-5354-0012.flac,207840,
7526,train-clean-100/2136/5143/2136-5143-0022.flac,207840,
7527,train-clean-100/1737/142397/1737-142397-0026.flac,207760,
7528,train-clean-100/2384/152900/2384-152900-0063.flac,207760,
7529,train-clean-100/3242/67153/3242-67153-0037.flac,207760,
7530,train-clean-100/27/123349/27-123349-0038.flac,207680,
7531,train-clean-100/1455/134435/1455-134435-0004.flac,207680,
7532,train-clean-100/1455/134435/1455-134435-0008.flac,207680,
7533,train-clean-100/3436/172162/3436-172162-0003.flac,207680,
7534,train-clean-100/2817/142371/2817-142371-0000.flac,207600,
7535,train-clean-100/3664/11714/3664-11714-0004.flac,207600,
7536,train-clean-100/332/128985/332-128985-0061.flac,207600,
7537,train-clean-100/2002/139469/2002-139469-0105.flac,207600,
7538,train-clean-100/1235/135884/1235-135884-0006.flac,207600,
7539,train-clean-100/3374/298025/3374-298025-0021.flac,207600,
7540,train-clean-100/2182/150130/2182-150130-0035.flac,207520,
7541,train-clean-100/3807/4955/3807-4955-0001.flac,207520,
7542,train-clean-100/2289/152254/2289-152254-0019.flac,207520,
7543,train-clean-100/1355/39947/1355-39947-0053.flac,207520,
7544,train-clean-100/3947/13262/3947-13262-0007.flac,207520,
7545,train-clean-100/1578/140049/1578-140049-0032.flac,207440,
7546,train-clean-100/27/124992/27-124992-0075.flac,207440,
7547,train-clean-100/3486/166446/3486-166446-0015.flac,207440,
7548,train-clean-100/374/180298/374-180298-0021.flac,207440,
7549,train-clean-100/3374/298026/3374-298026-0043.flac,207440,
7550,train-clean-100/374/180298/374-180298-0013.flac,207440,
7551,train-clean-100/2764/36619/2764-36619-0032.flac,207360,
7552,train-clean-100/3440/171006/3440-171006-0028.flac,207360,
7553,train-clean-100/3699/175950/3699-175950-0023.flac,207360,
7554,train-clean-100/298/126790/298-126790-0015.flac,207360,
7555,train-clean-100/3240/131232/3240-131232-0002.flac,207360,
7556,train-clean-100/3240/131232/3240-131232-0014.flac,207360,
7557,train-clean-100/1624/168623/1624-168623-0034.flac,207360,
7558,train-clean-100/2691/156755/2691-156755-0009.flac,207360,
7559,train-clean-100/2691/156745/2691-156745-0035.flac,207360,
7560,train-clean-100/2436/2481/2436-2481-0029.flac,207360,
7561,train-clean-100/233/134440/233-134440-0049.flac,207280,
7562,train-clean-100/3259/158083/3259-158083-0073.flac,207280,
7563,train-clean-100/1235/135887/1235-135887-0016.flac,207280,
7564,train-clean-100/3830/12535/3830-12535-0024.flac,207280,
7565,train-clean-100/3699/19402/3699-19402-0030.flac,207280,
7566,train-clean-100/200/124139/200-124139-0032.flac,207200,
7567,train-clean-100/250/140277/250-140277-0001.flac,207200,
7568,train-clean-100/200/124139/200-124139-0038.flac,207200,
7569,train-clean-100/2764/36616/2764-36616-0003.flac,207200,
7570,train-clean-100/2007/149877/2007-149877-0035.flac,207200,
7571,train-clean-100/198/126831/198-126831-0007.flac,207120,
7572,train-clean-100/298/126791/298-126791-0021.flac,207120,
7573,train-clean-100/2391/145015/2391-145015-0008.flac,207120,
7574,train-clean-100/1578/140045/1578-140045-0012.flac,207120,
7575,train-clean-100/1363/139304/1363-139304-0038.flac,207120,
7576,train-clean-100/3947/13260/3947-13260-0032.flac,207120,
7577,train-clean-100/1723/141149/1723-141149-0079.flac,207120,
7578,train-clean-100/3486/166424/3486-166424-0028.flac,207120,
7579,train-clean-100/26/495/26-495-0068.flac,207040,
7580,train-clean-100/3374/298025/3374-298025-0011.flac,207040,
7581,train-clean-100/2007/149877/2007-149877-0024.flac,207040,
7582,train-clean-100/201/122255/201-122255-0037.flac,207040,
7583,train-clean-100/3526/176653/3526-176653-0019.flac,207040,
7584,train-clean-100/150/132655/150-132655-0004.flac,207040,
7585,train-clean-100/2910/131096/2910-131096-0027.flac,207040,
7586,train-clean-100/1737/148989/1737-148989-0007.flac,206960,
7587,train-clean-100/39/121914/39-121914-0030.flac,206960,
7588,train-clean-100/1723/141149/1723-141149-0060.flac,206960,
7589,train-clean-100/3112/9554/3112-9554-0013.flac,206960,
7590,train-clean-100/3440/171009/3440-171009-0079.flac,206960,
7591,train-clean-100/1867/148436/1867-148436-0018.flac,206960,
7592,train-clean-100/198/126831/198-126831-0017.flac,206960,
7593,train-clean-100/2691/156745/2691-156745-0022.flac,206960,
7594,train-clean-100/2002/139469/2002-139469-0054.flac,206960,
7595,train-clean-100/2514/149482/2514-149482-0086.flac,206960,
7596,train-clean-100/2384/152900/2384-152900-0043.flac,206960,
7597,train-clean-100/3242/67153/3242-67153-0002.flac,206960,
7598,train-clean-100/1040/133433/1040-133433-0045.flac,206960,
7599,train-clean-100/1737/142397/1737-142397-0038.flac,206960,
7600,train-clean-100/2092/145706/2092-145706-0066.flac,206880,
7601,train-clean-100/322/124147/322-124147-0035.flac,206880,
7602,train-clean-100/3112/9554/3112-9554-0008.flac,206880,
7603,train-clean-100/200/124140/200-124140-0004.flac,206880,
7604,train-clean-100/201/122255/201-122255-0043.flac,206880,
7605,train-clean-100/163/121908/163-121908-0004.flac,206880,
7606,train-clean-100/1455/134435/1455-134435-0016.flac,206880,
7607,train-clean-100/3235/11599/3235-11599-0001.flac,206800,
7608,train-clean-100/1723/141149/1723-141149-0012.flac,206800,
7609,train-clean-100/2159/179154/2159-179154-0026.flac,206800,
7610,train-clean-100/2518/154825/2518-154825-0013.flac,206800,
7611,train-clean-100/39/121914/39-121914-0048.flac,206800,
7612,train-clean-100/1447/17506/1447-17506-0023.flac,206800,
7613,train-clean-100/118/47824/118-47824-0053.flac,206800,
7614,train-clean-100/3664/178355/3664-178355-0016.flac,206800,
7615,train-clean-100/3112/9555/3112-9555-0067.flac,206720,
7616,train-clean-100/1447/130552/1447-130552-0014.flac,206720,
7617,train-clean-100/1263/138246/1263-138246-0004.flac,206720,
7618,train-clean-100/1502/122615/1502-122615-0032.flac,206720,
7619,train-clean-100/1235/135887/1235-135887-0023.flac,206720,
7620,train-clean-100/1502/122619/1502-122619-0042.flac,206720,
7621,train-clean-100/1040/133433/1040-133433-0011.flac,206720,
7622,train-clean-100/1235/135883/1235-135883-0044.flac,206640,
7623,train-clean-100/328/129766/328-129766-0023.flac,206640,
7624,train-clean-100/1926/143879/1926-143879-0023.flac,206640,
7625,train-clean-100/1867/148436/1867-148436-0001.flac,206640,
7626,train-clean-100/328/129766/328-129766-0007.flac,206640,
7627,train-clean-100/233/155990/233-155990-0010.flac,206640,
7628,train-clean-100/2843/152918/2843-152918-0110.flac,206640,
7629,train-clean-100/298/126790/298-126790-0031.flac,206560,
7630,train-clean-100/1081/125237/1081-125237-0013.flac,206560,
7631,train-clean-100/3947/13262/3947-13262-0019.flac,206560,
7632,train-clean-100/32/21634/32-21634-0001.flac,206560,
7633,train-clean-100/298/126791/298-126791-0032.flac,206560,
7634,train-clean-100/1841/159771/1841-159771-0039.flac,206560,
7635,train-clean-100/2952/407/2952-407-0004.flac,206560,
7636,train-clean-100/1578/140049/1578-140049-0013.flac,206560,
7637,train-clean-100/32/21634/32-21634-0010.flac,206560,
7638,train-clean-100/1034/121119/1034-121119-0047.flac,206560,
7639,train-clean-100/2514/149482/2514-149482-0093.flac,206560,
7640,train-clean-100/3982/178459/3982-178459-0035.flac,206560,
7641,train-clean-100/1594/135914/1594-135914-0084.flac,206480,
7642,train-clean-100/196/122159/196-122159-0009.flac,206480,
7643,train-clean-100/1737/148989/1737-148989-0003.flac,206480,
7644,train-clean-100/2136/5140/2136-5140-0030.flac,206480,
7645,train-clean-100/1246/124550/1246-124550-0017.flac,206400,
7646,train-clean-100/1502/122619/1502-122619-0019.flac,206400,
7647,train-clean-100/1116/137572/1116-137572-0046.flac,206400,
7648,train-clean-100/328/129766/328-129766-0089.flac,206400,
7649,train-clean-100/254/12312/254-12312-0007.flac,206400,
7650,train-clean-100/332/128985/332-128985-0024.flac,206400,
7651,train-clean-100/2952/410/2952-410-0057.flac,206320,
7652,train-clean-100/1116/137572/1116-137572-0047.flac,206320,
7653,train-clean-100/2843/152918/2843-152918-0009.flac,206320,
7654,train-clean-100/118/47824/118-47824-0069.flac,206320,
7655,train-clean-100/332/128985/332-128985-0087.flac,206320,
7656,train-clean-100/103/1240/103-1240-0047.flac,206320,
7657,train-clean-100/1578/140045/1578-140045-0002.flac,206240,
7658,train-clean-100/1235/135887/1235-135887-0015.flac,206240,
7659,train-clean-100/1447/130552/1447-130552-0008.flac,206240,
7660,train-clean-100/1246/124548/1246-124548-0046.flac,206240,
7661,train-clean-100/3807/4923/3807-4923-0052.flac,206240,
7662,train-clean-100/3112/9555/3112-9555-0048.flac,206240,
7663,train-clean-100/302/123516/302-123516-0025.flac,206240,
7664,train-clean-100/298/126791/298-126791-0010.flac,206160,
7665,train-clean-100/1553/140048/1553-140048-0036.flac,206160,
7666,train-clean-100/1363/139304/1363-139304-0031.flac,206160,
7667,train-clean-100/2843/152918/2843-152918-0100.flac,206160,
7668,train-clean-100/1743/142912/1743-142912-0011.flac,206160,
7669,train-clean-100/198/126831/198-126831-0012.flac,206080,
7670,train-clean-100/3723/171631/3723-171631-0040.flac,206080,
7671,train-clean-100/3486/166424/3486-166424-0075.flac,206080,
7672,train-clean-100/39/121916/39-121916-0007.flac,206080,
7673,train-clean-100/248/130697/248-130697-0022.flac,206080,
7674,train-clean-100/32/4137/32-4137-0050.flac,206000,
7675,train-clean-100/1363/139304/1363-139304-0024.flac,206000,
7676,train-clean-100/26/496/26-496-0001.flac,206000,
7677,train-clean-100/3440/171009/3440-171009-0000.flac,206000,
7678,train-clean-100/248/130697/248-130697-0021.flac,206000,
7679,train-clean-100/1992/141719/1992-141719-0051.flac,206000,
7680,train-clean-100/2910/131096/2910-131096-0020.flac,206000,
7681,train-clean-100/3235/11599/3235-11599-0014.flac,206000,
7682,train-clean-100/196/122150/196-122150-0026.flac,205920,
7683,train-clean-100/1624/142933/1624-142933-0013.flac,205920,
7684,train-clean-100/32/4137/32-4137-0002.flac,205920,
7685,train-clean-100/2092/145706/2092-145706-0052.flac,205920,
7686,train-clean-100/1926/147979/1926-147979-0006.flac,205920,
7687,train-clean-100/307/127540/307-127540-0033.flac,205920,
7688,train-clean-100/2518/154826/2518-154826-0039.flac,205920,
7689,train-clean-100/1624/142933/1624-142933-0036.flac,205840,
7690,train-clean-100/1963/142393/1963-142393-0016.flac,205840,
7691,train-clean-100/1992/141719/1992-141719-0027.flac,205840,
7692,train-clean-100/3374/298026/3374-298026-0020.flac,205840,
7693,train-clean-100/1553/140047/1553-140047-0032.flac,205840,
7694,train-clean-100/2436/2481/2436-2481-0002.flac,205840,
7695,train-clean-100/2691/156745/2691-156745-0010.flac,205840,
7696,train-clean-100/198/126831/198-126831-0042.flac,205840,
7697,train-clean-100/3857/180923/3857-180923-0017.flac,205760,
7698,train-clean-100/26/495/26-495-0041.flac,205760,
7699,train-clean-100/1970/10594/1970-10594-0037.flac,205760,
7700,train-clean-100/311/124404/311-124404-0078.flac,205760,
7701,train-clean-100/2007/149877/2007-149877-0007.flac,205760,
7702,train-clean-100/2836/5354/2836-5354-0016.flac,205760,
7703,train-clean-100/125/121124/125-121124-0071.flac,205680,
7704,train-clean-100/1081/125237/1081-125237-0015.flac,205680,
7705,train-clean-100/3240/131231/3240-131231-0013.flac,205680,
7706,train-clean-100/3857/182315/3857-182315-0026.flac,205680,
7707,train-clean-100/2518/154826/2518-154826-0019.flac,205680,
7708,train-clean-100/1963/142393/1963-142393-0044.flac,205680,
7709,train-clean-100/2391/145015/2391-145015-0002.flac,205680,
7710,train-clean-100/1867/154075/1867-154075-0037.flac,205600,
7711,train-clean-100/2436/2477/2436-2477-0032.flac,205600,
7712,train-clean-100/1098/133695/1098-133695-0055.flac,205600,
7713,train-clean-100/2196/170151/2196-170151-0000.flac,205600,
7714,train-clean-100/3436/172171/3436-172171-0012.flac,205600,
7715,train-clean-100/1841/159771/1841-159771-0037.flac,205600,
7716,train-clean-100/248/130652/248-130652-0012.flac,205600,
7717,train-clean-100/2159/179156/2159-179156-0019.flac,205600,
7718,train-clean-100/3374/298026/3374-298026-0008.flac,205600,
7719,train-clean-100/1034/121119/1034-121119-0073.flac,205600,
7720,train-clean-100/3214/167602/3214-167602-0036.flac,205600,
7721,train-clean-100/3374/298032/3374-298032-0007.flac,205520,
7722,train-clean-100/1992/141719/1992-141719-0055.flac,205520,
7723,train-clean-100/2436/2481/2436-2481-0001.flac,205440,
7724,train-clean-100/3440/171006/3440-171006-0022.flac,205440,
7725,train-clean-100/1088/129236/1088-129236-0030.flac,205440,
7726,train-clean-100/226/122538/226-122538-0030.flac,205440,
7727,train-clean-100/322/124147/322-124147-0028.flac,205360,
7728,train-clean-100/1867/148436/1867-148436-0006.flac,205360,
7729,train-clean-100/3807/4923/3807-4923-0039.flac,205360,
7730,train-clean-100/26/496/26-496-0004.flac,205360,
7731,train-clean-100/3235/28433/3235-28433-0042.flac,205360,
7732,train-clean-100/2416/152137/2416-152137-0024.flac,205280,
7733,train-clean-100/3699/19402/3699-19402-0022.flac,205200,
7734,train-clean-100/3235/11599/3235-11599-0003.flac,205200,
7735,train-clean-100/1963/142393/1963-142393-0046.flac,205200,
7736,train-clean-100/1235/135884/1235-135884-0032.flac,205200,
7737,train-clean-100/307/127535/307-127535-0033.flac,205120,
7738,train-clean-100/2691/156750/2691-156750-0015.flac,205120,
7739,train-clean-100/3259/158083/3259-158083-0117.flac,205120,
7740,train-clean-100/39/121916/39-121916-0011.flac,205120,
7741,train-clean-100/32/4137/32-4137-0023.flac,205120,
7742,train-clean-100/332/128985/332-128985-0064.flac,205120,
7743,train-clean-100/1235/135883/1235-135883-0050.flac,205120,
7744,train-clean-100/322/124147/322-124147-0042.flac,205120,
7745,train-clean-100/2514/149482/2514-149482-0071.flac,205040,
7746,train-clean-100/2391/145015/2391-145015-0032.flac,205040,
7747,train-clean-100/1447/130551/1447-130551-0008.flac,204960,
7748,train-clean-100/226/131532/226-131532-0016.flac,204960,
7749,train-clean-100/1116/132851/1116-132851-0009.flac,204960,
7750,train-clean-100/289/121652/289-121652-0001.flac,204960,
7751,train-clean-100/2514/149482/2514-149482-0092.flac,204960,
7752,train-clean-100/1898/145724/1898-145724-0033.flac,204960,
7753,train-clean-100/2196/174172/2196-174172-0011.flac,204960,
7754,train-clean-100/2952/410/2952-410-0040.flac,204880,
7755,train-clean-100/3723/171631/3723-171631-0044.flac,204880,
7756,train-clean-100/2007/149877/2007-149877-0011.flac,204880,
7757,train-clean-100/201/127786/201-127786-0033.flac,204800,
7758,train-clean-100/1926/143879/1926-143879-0000.flac,204800,
7759,train-clean-100/26/495/26-495-0013.flac,204800,
7760,train-clean-100/1363/139304/1363-139304-0035.flac,204800,
7761,train-clean-100/1970/10594/1970-10594-0040.flac,204800,
7762,train-clean-100/1069/133709/1069-133709-0009.flac,204799,
7763,train-clean-100/32/21634/32-21634-0005.flac,204720,
7764,train-clean-100/2691/156755/2691-156755-0013.flac,204720,
7765,train-clean-100/302/123504/302-123504-0019.flac,204720,
7766,train-clean-100/19/198/19-198-0020.flac,204720,
7767,train-clean-100/26/495/26-495-0072.flac,204720,
7768,train-clean-100/3857/182317/3857-182317-0031.flac,204720,
7769,train-clean-100/1723/141149/1723-141149-0086.flac,204720,
7770,train-clean-100/2514/149482/2514-149482-0073.flac,204720,
7771,train-clean-100/1841/159771/1841-159771-0017.flac,204720,
7772,train-clean-100/1594/135914/1594-135914-0056.flac,204720,
7773,train-clean-100/1898/145724/1898-145724-0004.flac,204640,
7774,train-clean-100/233/155990/233-155990-0016.flac,204640,
7775,train-clean-100/2843/152918/2843-152918-0068.flac,204640,
7776,train-clean-100/374/180298/374-180298-0062.flac,204640,
7777,train-clean-100/1502/122619/1502-122619-0008.flac,204640,
7778,train-clean-100/1455/134435/1455-134435-0036.flac,204640,
7779,train-clean-100/2159/179154/2159-179154-0006.flac,204640,
7780,train-clean-100/1743/142912/1743-142912-0019.flac,204560,
7781,train-clean-100/250/142276/250-142276-0035.flac,204560,
7782,train-clean-100/2989/138035/2989-138035-0002.flac,204560,
7783,train-clean-100/1841/159771/1841-159771-0040.flac,204560,
7784,train-clean-100/3112/9555/3112-9555-0072.flac,204560,
7785,train-clean-100/1098/133695/1098-133695-0070.flac,204560,
7786,train-clean-100/3879/173592/3879-173592-0033.flac,204560,
7787,train-clean-100/3168/173565/3168-173565-0047.flac,204480,
7788,train-clean-100/226/122538/226-122538-0021.flac,204480,
7789,train-clean-100/32/21634/32-21634-0002.flac,204480,
7790,train-clean-100/1578/140049/1578-140049-0017.flac,204480,
7791,train-clean-100/322/124146/322-124146-0019.flac,204480,
7792,train-clean-100/233/155990/233-155990-0009.flac,204480,
7793,train-clean-100/307/127539/307-127539-0034.flac,204400,
7794,train-clean-100/103/1241/103-1241-0037.flac,204400,
7795,train-clean-100/1898/145702/1898-145702-0009.flac,204320,
7796,train-clean-100/3240/131231/3240-131231-0018.flac,204320,
7797,train-clean-100/3242/67153/3242-67153-0032.flac,204320,
7798,train-clean-100/2691/156745/2691-156745-0021.flac,204240,
7799,train-clean-100/3486/166424/3486-166424-0054.flac,204240,
7800,train-clean-100/3699/175950/3699-175950-0016.flac,204240,
7801,train-clean-100/3947/13260/3947-13260-0000.flac,204240,
7802,train-clean-100/307/127540/307-127540-0020.flac,204160,
7803,train-clean-100/200/124139/200-124139-0008.flac,204160,
7804,train-clean-100/125/121124/125-121124-0039.flac,204160,
7805,train-clean-100/233/134440/233-134440-0013.flac,204160,
7806,train-clean-100/1723/141149/1723-141149-0058.flac,204160,
7807,train-clean-100/250/140277/250-140277-0004.flac,204160,
7808,train-clean-100/19/227/19-227-0067.flac,204160,
7809,train-clean-100/1553/140048/1553-140048-0016.flac,204160,
7810,train-clean-100/1363/139304/1363-139304-0006.flac,204080,
7811,train-clean-100/1898/145702/1898-145702-0000.flac,204080,
7812,train-clean-100/2518/154825/2518-154825-0018.flac,204080,
7813,train-clean-100/2989/138035/2989-138035-0029.flac,204080,
7814,train-clean-100/1040/133433/1040-133433-0062.flac,204000,
7815,train-clean-100/118/47824/118-47824-0003.flac,204000,
7816,train-clean-100/2817/142380/2817-142380-0036.flac,204000,
7817,train-clean-100/1447/130551/1447-130551-0020.flac,204000,
7818,train-clean-100/2691/156745/2691-156745-0041.flac,204000,
7819,train-clean-100/198/209/198-209-0027.flac,204000,
7820,train-clean-100/1553/140047/1553-140047-0040.flac,203920,
7821,train-clean-100/3807/4923/3807-4923-0006.flac,203920,
7822,train-clean-100/1502/122619/1502-122619-0060.flac,203920,
7823,train-clean-100/3112/9555/3112-9555-0004.flac,203920,
7824,train-clean-100/250/142286/250-142286-0031.flac,203840,
7825,train-clean-100/3807/4923/3807-4923-0030.flac,203840,
7826,train-clean-100/1447/130550/1447-130550-0017.flac,203840,
7827,train-clean-100/3440/171009/3440-171009-0039.flac,203840,
7828,train-clean-100/1235/135884/1235-135884-0028.flac,203840,
7829,train-clean-100/1594/135914/1594-135914-0117.flac,203840,
7830,train-clean-100/1970/10594/1970-10594-0002.flac,203840,
7831,train-clean-100/196/122159/196-122159-0016.flac,203840,
7832,train-clean-100/248/130652/248-130652-0019.flac,203760,
7833,train-clean-100/1578/6379/1578-6379-0020.flac,203760,
7834,train-clean-100/39/121915/39-121915-0002.flac,203760,
7835,train-clean-100/2007/149877/2007-149877-0034.flac,203680,
7836,train-clean-100/19/227/19-227-0012.flac,203680,
7837,train-clean-100/2391/145015/2391-145015-0004.flac,203680,
7838,train-clean-100/26/495/26-495-0040.flac,203680,
7839,train-clean-100/200/126784/200-126784-0004.flac,203680,
7840,train-clean-100/233/155990/233-155990-0011.flac,203680,
7841,train-clean-100/125/121342/125-121342-0016.flac,203680,
7842,train-clean-100/3486/166424/3486-166424-0024.flac,203600,
7843,train-clean-100/3486/166446/3486-166446-0002.flac,203600,
7844,train-clean-100/322/124146/322-124146-0010.flac,203600,
7845,train-clean-100/125/121342/125-121342-0005.flac,203600,
7846,train-clean-100/3486/166446/3486-166446-0018.flac,203600,
7847,train-clean-100/1502/122619/1502-122619-0067.flac,203600,
7848,train-clean-100/2196/170379/2196-170379-0023.flac,203599,
7849,train-clean-100/1553/140048/1553-140048-0015.flac,203520,
7850,train-clean-100/2002/139469/2002-139469-0015.flac,203520,
7851,train-clean-100/302/123523/302-123523-0035.flac,203440,
7852,train-clean-100/332/128985/332-128985-0054.flac,203440,
7853,train-clean-100/198/129977/198-129977-0024.flac,203440,
7854,train-clean-100/374/180298/374-180298-0053.flac,203440,
7855,train-clean-100/1737/148989/1737-148989-0040.flac,203440,
7856,train-clean-100/3807/4923/3807-4923-0057.flac,203440,
7857,train-clean-100/374/180299/374-180299-0012.flac,203440,
7858,train-clean-100/3112/9555/3112-9555-0044.flac,203440,
7859,train-clean-100/1363/139304/1363-139304-0004.flac,203360,
7860,train-clean-100/1553/140047/1553-140047-0041.flac,203360,
7861,train-clean-100/2289/152254/2289-152254-0027.flac,203360,
7862,train-clean-100/2836/5354/2836-5354-0042.flac,203360,
7863,train-clean-100/198/126831/198-126831-0022.flac,203360,
7864,train-clean-100/19/227/19-227-0044.flac,203360,
7865,train-clean-100/3214/167602/3214-167602-0035.flac,203360,
7866,train-clean-100/201/127786/201-127786-0024.flac,203280,
7867,train-clean-100/2952/410/2952-410-0031.flac,203280,
7868,train-clean-100/200/124140/200-124140-0028.flac,203280,
7869,train-clean-100/328/129766/328-129766-0065.flac,203280,
7870,train-clean-100/322/124147/322-124147-0004.flac,203280,
7871,train-clean-100/2691/156745/2691-156745-0000.flac,203280,
7872,train-clean-100/2518/154825/2518-154825-0030.flac,203280,
7873,train-clean-100/19/227/19-227-0048.flac,203200,
7874,train-clean-100/1116/132851/1116-132851-0000.flac,203200,
7875,train-clean-100/1723/141149/1723-141149-0072.flac,203200,
7876,train-clean-100/1363/135842/1363-135842-0014.flac,203200,
7877,train-clean-100/1578/140049/1578-140049-0003.flac,203200,
7878,train-clean-100/2817/142380/2817-142380-0021.flac,203200,
7879,train-clean-100/1841/150351/1841-150351-0026.flac,203120,
7880,train-clean-100/2952/408/2952-408-0024.flac,203120,
7881,train-clean-100/1040/133433/1040-133433-0025.flac,203120,
7882,train-clean-100/3807/4923/3807-4923-0041.flac,203120,
7883,train-clean-100/3436/172171/3436-172171-0058.flac,203040,
7884,train-clean-100/3947/13262/3947-13262-0043.flac,203040,
7885,train-clean-100/2159/179157/2159-179157-0021.flac,203040,
7886,train-clean-100/3807/4923/3807-4923-0003.flac,203040,
7887,train-clean-100/248/130697/248-130697-0027.flac,202961,
7888,train-clean-100/1723/141149/1723-141149-0024.flac,202960,
7889,train-clean-100/27/123349/27-123349-0000.flac,202960,
7890,train-clean-100/3879/174923/3879-174923-0013.flac,202960,
7891,train-clean-100/1737/142397/1737-142397-0015.flac,202960,
7892,train-clean-100/226/131533/226-131533-0025.flac,202960,
7893,train-clean-100/19/227/19-227-0016.flac,202960,
7894,train-clean-100/2416/152139/2416-152139-0026.flac,202880,
7895,train-clean-100/226/131533/226-131533-0030.flac,202880,
7896,train-clean-100/248/130644/248-130644-0013.flac,202800,
7897,train-clean-100/1455/134435/1455-134435-0014.flac,202800,
7898,train-clean-100/3857/182315/3857-182315-0036.flac,202800,
7899,train-clean-100/2910/131096/2910-131096-0046.flac,202800,
7900,train-clean-100/1040/133433/1040-133433-0056.flac,202800,
7901,train-clean-100/3857/182315/3857-182315-0028.flac,202800,
7902,train-clean-100/198/129977/198-129977-0019.flac,202720,
7903,train-clean-100/3526/176653/3526-176653-0048.flac,202720,
7904,train-clean-100/1040/133433/1040-133433-0077.flac,202720,
7905,train-clean-100/289/121652/289-121652-0006.flac,202720,
7906,train-clean-100/3723/171631/3723-171631-0011.flac,202720,
7907,train-clean-100/2136/5147/2136-5147-0029.flac,202720,
7908,train-clean-100/211/122425/211-122425-0004.flac,202720,
7909,train-clean-100/1235/135887/1235-135887-0009.flac,202720,
7910,train-clean-100/3235/28433/3235-28433-0038.flac,202640,
7911,train-clean-100/2952/410/2952-410-0019.flac,202640,
7912,train-clean-100/2182/181173/2182-181173-0036.flac,202640,
7913,train-clean-100/2159/179154/2159-179154-0034.flac,202640,
7914,train-clean-100/32/21631/32-21631-0004.flac,202640,
7915,train-clean-100/39/121914/39-121914-0006.flac,202640,
7916,train-clean-100/2893/139310/2893-139310-0045.flac,202640,
7917,train-clean-100/2764/36617/2764-36617-0012.flac,202640,
7918,train-clean-100/1841/179183/1841-179183-0026.flac,202560,
7919,train-clean-100/1898/145715/1898-145715-0018.flac,202560,
7920,train-clean-100/3436/172162/3436-172162-0005.flac,202560,
7921,train-clean-100/2159/179154/2159-179154-0007.flac,202560,
7922,train-clean-100/3112/9555/3112-9555-0051.flac,202560,
7923,train-clean-100/19/198/19-198-0012.flac,202480,
7924,train-clean-100/1737/142396/1737-142396-0001.flac,202480,
7925,train-clean-100/3436/172162/3436-172162-0049.flac,202400,
7926,train-clean-100/198/129977/198-129977-0001.flac,202400,
7927,train-clean-100/1081/125237/1081-125237-0037.flac,202400,
7928,train-clean-100/1081/125237/1081-125237-0101.flac,202320,
7929,train-clean-100/150/132655/150-132655-0022.flac,202320,
7930,train-clean-100/2514/149482/2514-149482-0063.flac,202320,
7931,train-clean-100/2136/5143/2136-5143-0003.flac,202320,
7932,train-clean-100/3982/178459/3982-178459-0043.flac,202240,
7933,train-clean-100/3526/176653/3526-176653-0026.flac,202240,
7934,train-clean-100/2764/36616/2764-36616-0026.flac,202240,
7935,train-clean-100/26/495/26-495-0012.flac,202240,
7936,train-clean-100/3374/298025/3374-298025-0023.flac,202240,
7937,train-clean-100/3240/131231/3240-131231-0038.flac,202240,
7938,train-clean-100/1447/130551/1447-130551-0022.flac,202240,
7939,train-clean-100/307/127539/307-127539-0021.flac,202160,
7940,train-clean-100/1235/135883/1235-135883-0036.flac,202160,
7941,train-clean-100/3830/12531/3830-12531-0012.flac,202160,
7942,train-clean-100/311/124404/311-124404-0094.flac,202160,
7943,train-clean-100/3242/8112/3242-8112-0019.flac,202160,
7944,train-clean-100/3214/167602/3214-167602-0031.flac,202160,
7945,train-clean-100/118/121721/118-121721-0005.flac,202160,
7946,train-clean-100/2989/138035/2989-138035-0037.flac,202081,
7947,train-clean-100/233/155990/233-155990-0001.flac,202080,
7948,train-clean-100/1624/142933/1624-142933-0040.flac,202080,
7949,train-clean-100/1594/135914/1594-135914-0071.flac,202080,
7950,train-clean-100/1235/135884/1235-135884-0013.flac,202080,
7951,train-clean-100/233/155990/233-155990-0019.flac,202080,
7952,train-clean-100/3112/9555/3112-9555-0089.flac,202080,
7953,train-clean-100/3374/298032/3374-298032-0010.flac,202000,
7954,train-clean-100/2391/145015/2391-145015-0031.flac,202000,
7955,train-clean-100/1737/142397/1737-142397-0018.flac,202000,
7956,train-clean-100/201/127786/201-127786-0053.flac,202000,
7957,train-clean-100/1553/140047/1553-140047-0030.flac,202000,
7958,train-clean-100/3436/172162/3436-172162-0016.flac,202000,
7959,train-clean-100/2182/181183/2182-181183-0027.flac,201999,
7960,train-clean-100/2893/139310/2893-139310-0051.flac,201920,
7961,train-clean-100/3947/13260/3947-13260-0021.flac,201920,
7962,train-clean-100/39/121916/39-121916-0018.flac,201840,
7963,train-clean-100/3240/131231/3240-131231-0036.flac,201840,
7964,train-clean-100/2007/132570/2007-132570-0014.flac,201840,
7965,train-clean-100/2136/5147/2136-5147-0000.flac,201840,
7966,train-clean-100/1088/129236/1088-129236-0020.flac,201760,
7967,train-clean-100/2518/154826/2518-154826-0048.flac,201760,
7968,train-clean-100/3830/12531/3830-12531-0022.flac,201760,
7969,train-clean-100/311/124404/311-124404-0004.flac,201760,
7970,train-clean-100/39/121914/39-121914-0050.flac,201760,
7971,train-clean-100/1235/135883/1235-135883-0004.flac,201760,
7972,train-clean-100/150/126107/150-126107-0013.flac,201760,
7973,train-clean-100/1040/133433/1040-133433-0036.flac,201760,
7974,train-clean-100/1455/134435/1455-134435-0060.flac,201760,
7975,train-clean-100/311/124404/311-124404-0015.flac,201760,
7976,train-clean-100/322/124146/322-124146-0007.flac,201680,
7977,train-clean-100/1578/140049/1578-140049-0011.flac,201680,
7978,train-clean-100/19/198/19-198-0010.flac,201600,
7979,train-clean-100/248/130652/248-130652-0017.flac,201600,
7980,train-clean-100/229/130880/229-130880-0013.flac,201600,
7981,train-clean-100/125/121342/125-121342-0006.flac,201600,
7982,train-clean-100/1081/125237/1081-125237-0005.flac,201600,
7983,train-clean-100/1594/135914/1594-135914-0003.flac,201520,
7984,train-clean-100/332/128985/332-128985-0020.flac,201520,
7985,train-clean-100/2007/132570/2007-132570-0024.flac,201520,
7986,train-clean-100/3436/172171/3436-172171-0029.flac,201441,
7987,train-clean-100/3242/67153/3242-67153-0000.flac,201440,
7988,train-clean-100/302/123504/302-123504-0006.flac,201440,
7989,train-clean-100/298/126791/298-126791-0023.flac,201440,
7990,train-clean-100/2136/5147/2136-5147-0013.flac,201440,
7991,train-clean-100/1355/39947/1355-39947-0080.flac,201440,
7992,train-clean-100/2436/2477/2436-2477-0031.flac,201440,
7993,train-clean-100/26/495/26-495-0028.flac,201440,
7994,train-clean-100/1898/145720/1898-145720-0003.flac,201440,
7995,train-clean-100/27/123349/27-123349-0014.flac,201440,
7996,train-clean-100/1898/145715/1898-145715-0033.flac,201440,
7997,train-clean-100/3723/171631/3723-171631-0020.flac,201360,
7998,train-clean-100/3723/171115/3723-171115-0024.flac,201360,
7999,train-clean-100/1867/154071/1867-154071-0028.flac,201360,
8000,train-clean-100/2136/5147/2136-5147-0001.flac,201360,
8001,train-clean-100/302/123523/302-123523-0004.flac,201360,
8002,train-clean-100/198/126831/198-126831-0024.flac,201360,
8003,train-clean-100/2002/139469/2002-139469-0073.flac,201360,
8004,train-clean-100/2416/152139/2416-152139-0009.flac,201280,
8005,train-clean-100/2092/145709/2092-145709-0016.flac,201280,
8006,train-clean-100/3242/67153/3242-67153-0012.flac,201200,
8007,train-clean-100/1743/142913/1743-142913-0003.flac,201200,
8008,train-clean-100/2817/142371/2817-142371-0013.flac,201200,
8009,train-clean-100/1926/147987/1926-147987-0021.flac,201200,
8010,train-clean-100/250/142276/250-142276-0012.flac,201120,
8011,train-clean-100/311/124404/311-124404-0012.flac,201120,
8012,train-clean-100/298/126790/298-126790-0026.flac,201120,
8013,train-clean-100/1578/140045/1578-140045-0005.flac,201120,
8014,train-clean-100/3526/176653/3526-176653-0049.flac,201040,
8015,train-clean-100/298/126790/298-126790-0000.flac,201040,
8016,train-clean-100/125/121124/125-121124-0026.flac,201040,
8017,train-clean-100/2514/149482/2514-149482-0068.flac,200960,
8018,train-clean-100/1723/141149/1723-141149-0090.flac,200960,
8019,train-clean-100/2384/152900/2384-152900-0067.flac,200960,
8020,train-clean-100/3699/19402/3699-19402-0024.flac,200960,
8021,train-clean-100/311/124404/311-124404-0061.flac,200960,
8022,train-clean-100/2182/150130/2182-150130-0024.flac,200960,
8023,train-clean-100/3112/9555/3112-9555-0074.flac,200880,
8024,train-clean-100/3112/9554/3112-9554-0009.flac,200880,
8025,train-clean-100/1926/147979/1926-147979-0002.flac,200880,
8026,train-clean-100/39/121914/39-121914-0026.flac,200880,
8027,train-clean-100/3112/9555/3112-9555-0062.flac,200880,
8028,train-clean-100/3240/131231/3240-131231-0045.flac,200880,
8029,train-clean-100/2416/152137/2416-152137-0011.flac,200880,
8030,train-clean-100/1116/137572/1116-137572-0033.flac,200800,
8031,train-clean-100/1841/150351/1841-150351-0016.flac,200800,
8032,train-clean-100/1841/159771/1841-159771-0011.flac,200800,
8033,train-clean-100/3374/298026/3374-298026-0027.flac,200800,
8034,train-clean-100/1334/135589/1334-135589-0052.flac,200800,
8035,train-clean-100/1183/133256/1183-133256-0016.flac,200720,
8036,train-clean-100/1116/137572/1116-137572-0015.flac,200720,
8037,train-clean-100/1553/140048/1553-140048-0039.flac,200640,
8038,train-clean-100/1594/135914/1594-135914-0036.flac,200640,
8039,train-clean-100/1455/138263/1455-138263-0005.flac,200640,
8040,train-clean-100/3830/12535/3830-12535-0010.flac,200560,
8041,train-clean-100/2196/170379/2196-170379-0025.flac,200560,
8042,train-clean-100/226/122538/226-122538-0033.flac,200560,
8043,train-clean-100/233/155990/233-155990-0023.flac,200480,
8044,train-clean-100/229/130880/229-130880-0073.flac,200480,
8045,train-clean-100/1578/140045/1578-140045-0007.flac,200480,
8046,train-clean-100/307/127539/307-127539-0013.flac,200480,
8047,train-clean-100/3664/178366/3664-178366-0030.flac,200480,
8048,train-clean-100/118/47824/118-47824-0050.flac,200480,
8049,train-clean-100/1926/147979/1926-147979-0039.flac,200480,
8050,train-clean-100/1898/145715/1898-145715-0039.flac,200480,
8051,train-clean-100/2384/152900/2384-152900-0019.flac,200480,
8052,train-clean-100/201/127786/201-127786-0039.flac,200480,
8053,train-clean-100/311/124404/311-124404-0030.flac,200401,
8054,train-clean-100/2952/410/2952-410-0001.flac,200400,
8055,train-clean-100/3664/178366/3664-178366-0009.flac,200400,
8056,train-clean-100/19/227/19-227-0054.flac,200400,
8057,train-clean-100/2416/152139/2416-152139-0060.flac,200400,
8058,train-clean-100/3168/173565/3168-173565-0044.flac,200400,
8059,train-clean-100/1553/140048/1553-140048-0010.flac,200400,
8060,train-clean-100/307/127539/307-127539-0014.flac,200400,
8061,train-clean-100/2989/138028/2989-138028-0002.flac,200400,
8062,train-clean-100/3807/4923/3807-4923-0048.flac,200320,
8063,train-clean-100/1246/124548/1246-124548-0025.flac,200320,
8064,train-clean-100/2159/179156/2159-179156-0010.flac,200320,
8065,train-clean-100/211/122425/211-122425-0049.flac,200320,
8066,train-clean-100/1455/134435/1455-134435-0027.flac,200320,
8067,train-clean-100/103/1240/103-1240-0036.flac,200320,
8068,train-clean-100/103/1240/103-1240-0004.flac,200240,
8069,train-clean-100/3436/172171/3436-172171-0052.flac,200240,
8070,train-clean-100/1069/133699/1069-133699-0007.flac,200240,
8071,train-clean-100/201/122255/201-122255-0024.flac,200240,
8072,train-clean-100/2159/179154/2159-179154-0016.flac,200240,
8073,train-clean-100/2518/154826/2518-154826-0038.flac,200240,
8074,train-clean-100/3168/173564/3168-173564-0037.flac,200160,
8075,train-clean-100/250/142276/250-142276-0046.flac,200160,
8076,train-clean-100/2007/132570/2007-132570-0022.flac,200160,
8077,train-clean-100/1723/141149/1723-141149-0040.flac,200160,
8078,train-clean-100/2436/2477/2436-2477-0014.flac,200160,
8079,train-clean-100/26/495/26-495-0069.flac,200160,
8080,train-clean-100/3242/8112/3242-8112-0011.flac,200160,
8081,train-clean-100/1235/135883/1235-135883-0022.flac,200160,
8082,train-clean-100/1841/159771/1841-159771-0010.flac,200080,
8083,train-clean-100/125/121342/125-121342-0004.flac,200080,
8084,train-clean-100/2196/170379/2196-170379-0031.flac,200080,
8085,train-clean-100/3440/171009/3440-171009-0046.flac,200080,
8086,train-clean-100/2893/139322/2893-139322-0003.flac,200080,
8087,train-clean-100/198/129977/198-129977-0018.flac,200080,
8088,train-clean-100/2391/145015/2391-145015-0026.flac,200000,
8089,train-clean-100/2159/179157/2159-179157-0007.flac,200000,
8090,train-clean-100/2092/145706/2092-145706-0053.flac,200000,
8091,train-clean-100/3982/182255/3982-182255-0012.flac,200000,
8092,train-clean-100/3259/158083/3259-158083-0015.flac,200000,
8093,train-clean-100/1963/147036/1963-147036-0022.flac,200000,
8094,train-clean-100/1235/135887/1235-135887-0006.flac,200000,
8095,train-clean-100/311/124404/311-124404-0107.flac,199920,
8096,train-clean-100/1743/142912/1743-142912-0029.flac,199920,
8097,train-clean-100/3112/9555/3112-9555-0090.flac,199920,
8098,train-clean-100/1088/129236/1088-129236-0007.flac,199920,
8099,train-clean-100/1098/133695/1098-133695-0043.flac,199920,
8100,train-clean-100/19/227/19-227-0014.flac,199840,
8101,train-clean-100/1624/168623/1624-168623-0049.flac,199840,
8102,train-clean-100/200/124139/200-124139-0015.flac,199840,
8103,train-clean-100/233/134440/233-134440-0035.flac,199840,
8104,train-clean-100/2691/156755/2691-156755-0005.flac,199840,
8105,train-clean-100/2518/154826/2518-154826-0006.flac,199840,
8106,train-clean-100/322/124146/322-124146-0035.flac,199760,
8107,train-clean-100/3830/12530/3830-12530-0009.flac,199760,
8108,train-clean-100/2691/156755/2691-156755-0004.flac,199760,
8109,train-clean-100/1737/148989/1737-148989-0034.flac,199760,
8110,train-clean-100/1334/135589/1334-135589-0013.flac,199760,
8111,train-clean-100/3947/13262/3947-13262-0040.flac,199680,
8112,train-clean-100/2007/149877/2007-149877-0009.flac,199680,
8113,train-clean-100/2196/174172/2196-174172-0022.flac,199680,
8114,train-clean-100/1355/39947/1355-39947-0033.flac,199680,
8115,train-clean-100/3374/298026/3374-298026-0031.flac,199680,
8116,train-clean-100/3235/28433/3235-28433-0027.flac,199680,
8117,train-clean-100/2002/139469/2002-139469-0082.flac,199600,
8118,train-clean-100/229/130880/229-130880-0008.flac,199600,
8119,train-clean-100/1624/168623/1624-168623-0025.flac,199600,
8120,train-clean-100/32/21625/32-21625-0015.flac,199600,
8121,train-clean-100/1235/135884/1235-135884-0025.flac,199600,
8122,train-clean-100/1069/133709/1069-133709-0013.flac,199520,
8123,train-clean-100/1447/130550/1447-130550-0023.flac,199520,
8124,train-clean-100/3235/28452/3235-28452-0005.flac,199520,
8125,train-clean-100/3983/5331/3983-5331-0008.flac,199520,
8126,train-clean-100/1246/124548/1246-124548-0037.flac,199520,
8127,train-clean-100/3242/8112/3242-8112-0037.flac,199520,
8128,train-clean-100/211/122425/211-122425-0040.flac,199440,
8129,train-clean-100/2007/149877/2007-149877-0018.flac,199440,
8130,train-clean-100/1334/135589/1334-135589-0045.flac,199440,
8131,train-clean-100/19/227/19-227-0062.flac,199440,
8132,train-clean-100/1867/154075/1867-154075-0012.flac,199440,
8133,train-clean-100/2910/131096/2910-131096-0094.flac,199360,
8134,train-clean-100/1553/140047/1553-140047-0048.flac,199360,
8135,train-clean-100/2518/154826/2518-154826-0015.flac,199360,
8136,train-clean-100/3112/9555/3112-9555-0017.flac,199360,
8137,train-clean-100/3440/171009/3440-171009-0081.flac,199360,
8138,train-clean-100/2518/154826/2518-154826-0004.flac,199200,
8139,train-clean-100/2893/139322/2893-139322-0001.flac,199200,
8140,train-clean-100/211/122442/211-122442-0049.flac,199200,
8141,train-clean-100/2764/36617/2764-36617-0029.flac,199200,
8142,train-clean-100/3240/131232/3240-131232-0008.flac,199200,
8143,train-clean-100/3242/67153/3242-67153-0016.flac,199200,
8144,train-clean-100/298/126791/298-126791-0036.flac,199120,
8145,train-clean-100/2391/145015/2391-145015-0017.flac,199120,
8146,train-clean-100/226/131532/226-131532-0033.flac,199120,
8147,train-clean-100/2289/152258/2289-152258-0027.flac,199120,
8148,train-clean-100/3374/298026/3374-298026-0001.flac,199120,
8149,train-clean-100/3242/67153/3242-67153-0023.flac,199040,
8150,train-clean-100/3374/298032/3374-298032-0020.flac,199040,
8151,train-clean-100/2159/179156/2159-179156-0002.flac,199040,
8152,train-clean-100/3807/4955/3807-4955-0010.flac,199040,
8153,train-clean-100/1355/39947/1355-39947-0091.flac,198960,
8154,train-clean-100/328/129766/328-129766-0082.flac,198960,
8155,train-clean-100/3879/174923/3879-174923-0043.flac,198960,
8156,train-clean-100/3947/13262/3947-13262-0015.flac,198960,
8157,train-clean-100/1246/124548/1246-124548-0005.flac,198960,
8158,train-clean-100/3374/298032/3374-298032-0021.flac,198960,
8159,train-clean-100/1183/133256/1183-133256-0023.flac,198880,
8160,train-clean-100/2514/149482/2514-149482-0104.flac,198880,
8161,train-clean-100/26/495/26-495-0015.flac,198880,
8162,train-clean-100/229/130880/229-130880-0093.flac,198880,
8163,train-clean-100/3486/166446/3486-166446-0027.flac,198800,
8164,train-clean-100/307/127535/307-127535-0008.flac,198800,
8165,train-clean-100/2196/170379/2196-170379-0030.flac,198800,
8166,train-clean-100/2136/5140/2136-5140-0010.flac,198720,
8167,train-clean-100/2092/145706/2092-145706-0015.flac,198720,
8168,train-clean-100/2910/131096/2910-131096-0056.flac,198720,
8169,train-clean-100/27/123349/27-123349-0046.flac,198720,
8170,train-clean-100/2764/36617/2764-36617-0021.flac,198720,
8171,train-clean-100/1737/142396/1737-142396-0012.flac,198640,
8172,train-clean-100/254/145458/254-145458-0011.flac,198640,
8173,train-clean-100/2289/152254/2289-152254-0017.flac,198640,
8174,train-clean-100/254/127705/254-127705-0008.flac,198560,
8175,train-clean-100/1553/140047/1553-140047-0046.flac,198560,
8176,train-clean-100/2289/152258/2289-152258-0000.flac,198560,
8177,train-clean-100/1867/154075/1867-154075-0013.flac,198560,
8178,train-clean-100/1737/148989/1737-148989-0020.flac,198560,
8179,train-clean-100/3830/12535/3830-12535-0026.flac,198560,
8180,train-clean-100/2518/154826/2518-154826-0003.flac,198480,
8181,train-clean-100/2843/152918/2843-152918-0000.flac,198480,
8182,train-clean-100/2007/132570/2007-132570-0016.flac,198480,
8183,train-clean-100/1235/135883/1235-135883-0027.flac,198400,
8184,train-clean-100/3374/298025/3374-298025-0028.flac,198400,
8185,train-clean-100/322/124146/322-124146-0030.flac,198400,
8186,train-clean-100/2691/156745/2691-156745-0008.flac,198400,
8187,train-clean-100/2514/149482/2514-149482-0052.flac,198320,
8188,train-clean-100/2159/179154/2159-179154-0022.flac,198320,
8189,train-clean-100/2910/131096/2910-131096-0057.flac,198320,
8190,train-clean-100/3723/171115/3723-171115-0030.flac,198240,
8191,train-clean-100/2514/149482/2514-149482-0056.flac,198240,
8192,train-clean-100/1624/142933/1624-142933-0016.flac,198240,
8193,train-clean-100/3214/167607/3214-167607-0035.flac,198240,
8194,train-clean-100/2817/142380/2817-142380-0037.flac,198240,
8195,train-clean-100/1455/138263/1455-138263-0030.flac,198161,
8196,train-clean-100/211/122442/211-122442-0002.flac,198160,
8197,train-clean-100/226/131533/226-131533-0005.flac,198160,
8198,train-clean-100/332/128985/332-128985-0038.flac,198160,
8199,train-clean-100/332/128985/332-128985-0040.flac,198160,
8200,train-clean-100/3240/131232/3240-131232-0004.flac,198160,
8201,train-clean-100/19/227/19-227-0018.flac,198080,
8202,train-clean-100/3723/171631/3723-171631-0016.flac,198080,
8203,train-clean-100/2893/139322/2893-139322-0022.flac,198080,
8204,train-clean-100/250/142286/250-142286-0029.flac,198080,
8205,train-clean-100/2159/179156/2159-179156-0020.flac,198000,
8206,train-clean-100/307/127535/307-127535-0032.flac,198000,
8207,train-clean-100/150/126107/150-126107-0036.flac,198000,
8208,train-clean-100/3857/180923/3857-180923-0018.flac,198000,
8209,train-clean-100/1235/135884/1235-135884-0024.flac,198000,
8210,train-clean-100/163/122947/163-122947-0061.flac,197920,
8211,train-clean-100/1447/130551/1447-130551-0004.flac,197920,
8212,train-clean-100/2952/408/2952-408-0016.flac,197920,
8213,train-clean-100/3112/9555/3112-9555-0059.flac,197840,
8214,train-clean-100/1355/39947/1355-39947-0076.flac,197840,
8215,train-clean-100/2159/179154/2159-179154-0038.flac,197840,
8216,train-clean-100/3168/173565/3168-173565-0061.flac,197840,
8217,train-clean-100/233/155990/233-155990-0026.flac,197760,
8218,train-clean-100/2836/5354/2836-5354-0003.flac,197760,
8219,train-clean-100/2002/139469/2002-139469-0106.flac,197760,
8220,train-clean-100/1502/122615/1502-122615-0005.flac,197760,
8221,train-clean-100/3699/19402/3699-19402-0005.flac,197680,
8222,train-clean-100/1116/132851/1116-132851-0023.flac,197680,
8223,train-clean-100/3982/182255/3982-182255-0021.flac,197680,
8224,train-clean-100/1898/145715/1898-145715-0021.flac,197600,
8225,train-clean-100/2817/142371/2817-142371-0028.flac,197600,
8226,train-clean-100/1447/130550/1447-130550-0020.flac,197600,
8227,train-clean-100/1992/141719/1992-141719-0001.flac,197600,
8228,train-clean-100/2289/152258/2289-152258-0030.flac,197520,
8229,train-clean-100/198/126831/198-126831-0036.flac,197520,
8230,train-clean-100/163/122947/163-122947-0048.flac,197520,
8231,train-clean-100/3214/167606/3214-167606-0007.flac,197520,
8232,train-clean-100/200/124140/200-124140-0021.flac,197520,
8233,train-clean-100/1867/154071/1867-154071-0031.flac,197520,
8234,train-clean-100/3486/166424/3486-166424-0031.flac,197520,
8235,train-clean-100/3214/167607/3214-167607-0024.flac,197520,
8236,train-clean-100/3807/4955/3807-4955-0005.flac,197520,
8237,train-clean-100/2002/139469/2002-139469-0057.flac,197520,
8238,train-clean-100/211/122425/211-122425-0042.flac,197520,
8239,train-clean-100/3168/173565/3168-173565-0048.flac,197520,
8240,train-clean-100/3607/135982/3607-135982-0042.flac,197520,
8241,train-clean-100/1447/130551/1447-130551-0032.flac,197440,
8242,train-clean-100/298/126791/298-126791-0059.flac,197440,
8243,train-clean-100/1263/138246/1263-138246-0036.flac,197440,
8244,train-clean-100/250/140277/250-140277-0012.flac,197440,
8245,train-clean-100/226/131533/226-131533-0000.flac,197440,
8246,train-clean-100/2952/408/2952-408-0013.flac,197440,
8247,train-clean-100/1447/130552/1447-130552-0012.flac,197440,
8248,train-clean-100/1081/125237/1081-125237-0038.flac,197440,
8249,train-clean-100/328/129766/328-129766-0032.flac,197440,
8250,train-clean-100/332/128985/332-128985-0015.flac,197440,
8251,train-clean-100/289/121652/289-121652-0008.flac,197361,
8252,train-clean-100/1594/135914/1594-135914-0087.flac,197360,
8253,train-clean-100/1455/134435/1455-134435-0029.flac,197280,
8254,train-clean-100/1363/135842/1363-135842-0001.flac,197280,
8255,train-clean-100/3807/4923/3807-4923-0024.flac,197280,
8256,train-clean-100/311/124404/311-124404-0087.flac,197280,
8257,train-clean-100/1970/10594/1970-10594-0006.flac,197200,
8258,train-clean-100/3436/172171/3436-172171-0033.flac,197120,
8259,train-clean-100/150/126112/150-126112-0003.flac,197120,
8260,train-clean-100/2002/139469/2002-139469-0052.flac,197120,
8261,train-clean-100/1334/135589/1334-135589-0006.flac,197120,
8262,train-clean-100/250/142276/250-142276-0054.flac,197120,
8263,train-clean-100/250/142276/250-142276-0037.flac,197040,
8264,train-clean-100/201/127786/201-127786-0056.flac,197040,
8265,train-clean-100/3699/19401/3699-19401-0010.flac,197040,
8266,train-clean-100/3830/12535/3830-12535-0001.flac,196960,
8267,train-clean-100/3664/178366/3664-178366-0032.flac,196960,
8268,train-clean-100/1898/145724/1898-145724-0010.flac,196960,
8269,train-clean-100/2989/138035/2989-138035-0017.flac,196960,
8270,train-clean-100/2843/152918/2843-152918-0088.flac,196960,
8271,train-clean-100/1841/179183/1841-179183-0002.flac,196960,
8272,train-clean-100/1447/130551/1447-130551-0024.flac,196960,
8273,train-clean-100/302/123523/302-123523-0005.flac,196960,
8274,train-clean-100/1081/125237/1081-125237-0060.flac,196880,
8275,train-clean-100/1363/135842/1363-135842-0050.flac,196880,
8276,train-clean-100/125/121124/125-121124-0038.flac,196880,
8277,train-clean-100/3830/12531/3830-12531-0005.flac,196880,
8278,train-clean-100/163/122947/163-122947-0017.flac,196800,
8279,train-clean-100/32/4137/32-4137-0014.flac,196800,
8280,train-clean-100/2182/181183/2182-181183-0021.flac,196800,
8281,train-clean-100/1263/138246/1263-138246-0016.flac,196800,
8282,train-clean-100/3486/166446/3486-166446-0006.flac,196800,
8283,train-clean-100/1867/154071/1867-154071-0027.flac,196800,
8284,train-clean-100/1867/154071/1867-154071-0012.flac,196800,
8285,train-clean-100/200/124139/200-124139-0035.flac,196720,
8286,train-clean-100/3242/67153/3242-67153-0026.flac,196720,
8287,train-clean-100/3947/13260/3947-13260-0018.flac,196720,
8288,train-clean-100/3436/172171/3436-172171-0014.flac,196720,
8289,train-clean-100/1363/135842/1363-135842-0016.flac,196640,
8290,train-clean-100/2691/156755/2691-156755-0026.flac,196640,
8291,train-clean-100/2952/407/2952-407-0018.flac,196560,
8292,train-clean-100/2952/408/2952-408-0027.flac,196560,
8293,train-clean-100/2691/156745/2691-156745-0018.flac,196560,
8294,train-clean-100/302/123516/302-123516-0033.flac,196560,
8295,train-clean-100/250/142286/250-142286-0015.flac,196560,
8296,train-clean-100/201/127786/201-127786-0037.flac,196480,
8297,train-clean-100/3240/131232/3240-131232-0018.flac,196480,
8298,train-clean-100/3112/9555/3112-9555-0016.flac,196480,
8299,train-clean-100/250/142276/250-142276-0041.flac,196480,
8300,train-clean-100/1355/39947/1355-39947-0031.flac,196400,
8301,train-clean-100/332/128985/332-128985-0025.flac,196400,
8302,train-clean-100/1743/142914/1743-142914-0009.flac,196400,
8303,train-clean-100/3982/178459/3982-178459-0020.flac,196400,
8304,train-clean-100/1624/168623/1624-168623-0020.flac,196400,
8305,train-clean-100/3242/67153/3242-67153-0019.flac,196320,
8306,train-clean-100/307/127535/307-127535-0041.flac,196320,
8307,train-clean-100/3947/13260/3947-13260-0013.flac,196320,
8308,train-clean-100/289/121652/289-121652-0019.flac,196320,
8309,train-clean-100/302/123504/302-123504-0003.flac,196240,
8310,train-clean-100/1334/135589/1334-135589-0040.flac,196240,
8311,train-clean-100/3699/175950/3699-175950-0025.flac,196240,
8312,train-clean-100/1841/150351/1841-150351-0011.flac,196240,
8313,train-clean-100/1624/168623/1624-168623-0044.flac,196240,
8314,train-clean-100/3699/19402/3699-19402-0021.flac,196240,
8315,train-clean-100/2416/152139/2416-152139-0045.flac,196240,
8316,train-clean-100/2817/142371/2817-142371-0047.flac,196240,
8317,train-clean-100/1594/135914/1594-135914-0015.flac,196240,
8318,train-clean-100/2764/36617/2764-36617-0034.flac,196240,
8319,train-clean-100/1723/141149/1723-141149-0032.flac,196160,
8320,train-clean-100/150/126107/150-126107-0000.flac,196160,
8321,train-clean-100/3374/298032/3374-298032-0009.flac,196160,
8322,train-clean-100/3112/9555/3112-9555-0038.flac,196080,
8323,train-clean-100/39/121915/39-121915-0030.flac,196080,
8324,train-clean-100/2691/156755/2691-156755-0018.flac,196080,
8325,train-clean-100/1841/179183/1841-179183-0030.flac,196000,
8326,train-clean-100/1069/133709/1069-133709-0051.flac,196000,
8327,train-clean-100/3436/172171/3436-172171-0044.flac,196000,
8328,train-clean-100/1098/133695/1098-133695-0046.flac,196000,
8329,train-clean-100/1235/135887/1235-135887-0029.flac,196000,
8330,train-clean-100/2911/7601/2911-7601-0025.flac,196000,
8331,train-clean-100/2518/154826/2518-154826-0026.flac,196000,
8332,train-clean-100/3112/9555/3112-9555-0087.flac,195921,
8333,train-clean-100/2136/5140/2136-5140-0017.flac,195920,
8334,train-clean-100/3259/158083/3259-158083-0072.flac,195920,
8335,train-clean-100/2391/145015/2391-145015-0030.flac,195840,
8336,train-clean-100/1841/150351/1841-150351-0014.flac,195840,
8337,train-clean-100/328/129766/328-129766-0047.flac,195840,
8338,train-clean-100/3723/171631/3723-171631-0041.flac,195840,
8339,train-clean-100/3699/19401/3699-19401-0002.flac,195760,
8340,train-clean-100/1743/142912/1743-142912-0013.flac,195760,
8341,train-clean-100/39/121914/39-121914-0040.flac,195760,
8342,train-clean-100/3168/173565/3168-173565-0008.flac,195681,
8343,train-clean-100/1743/142912/1743-142912-0026.flac,195680,
8344,train-clean-100/1578/140049/1578-140049-0012.flac,195680,
8345,train-clean-100/3235/28433/3235-28433-0035.flac,195680,
8346,train-clean-100/3259/158083/3259-158083-0051.flac,195600,
8347,train-clean-100/2514/149482/2514-149482-0067.flac,195600,
8348,train-clean-100/3947/13262/3947-13262-0036.flac,195600,
8349,train-clean-100/3240/131232/3240-131232-0038.flac,195520,
8350,train-clean-100/322/124146/322-124146-0013.flac,195520,
8351,train-clean-100/2843/152918/2843-152918-0028.flac,195520,
8352,train-clean-100/328/129766/328-129766-0081.flac,195520,
8353,train-clean-100/311/124404/311-124404-0002.flac,195441,
8354,train-clean-100/332/128985/332-128985-0050.flac,195440,
8355,train-clean-100/2436/2476/2436-2476-0017.flac,195440,
8356,train-clean-100/2007/132570/2007-132570-0033.flac,195440,
8357,train-clean-100/289/121665/289-121665-0001.flac,195440,
8358,train-clean-100/3699/47246/3699-47246-0001.flac,195360,
8359,train-clean-100/200/124140/200-124140-0032.flac,195360,
8360,train-clean-100/2843/152918/2843-152918-0069.flac,195360,
8361,train-clean-100/3830/12530/3830-12530-0020.flac,195360,
8362,train-clean-100/1963/142776/1963-142776-0006.flac,195360,
8363,train-clean-100/1116/137572/1116-137572-0035.flac,195360,
8364,train-clean-100/2159/179154/2159-179154-0009.flac,195360,
8365,train-clean-100/1502/122619/1502-122619-0033.flac,195360,
8366,train-clean-100/2136/5140/2136-5140-0020.flac,195360,
8367,train-clean-100/1447/130551/1447-130551-0029.flac,195360,
8368,train-clean-100/307/127535/307-127535-0003.flac,195280,
8369,train-clean-100/163/122947/163-122947-0084.flac,195280,
8370,train-clean-100/1116/132851/1116-132851-0014.flac,195280,
8371,train-clean-100/298/126790/298-126790-0016.flac,195280,
8372,train-clean-100/332/128985/332-128985-0052.flac,195280,
8373,train-clean-100/3240/131232/3240-131232-0035.flac,195280,
8374,train-clean-100/2159/179156/2159-179156-0023.flac,195280,
8375,train-clean-100/1081/125237/1081-125237-0107.flac,195200,
8376,train-clean-100/3807/4923/3807-4923-0008.flac,195200,
8377,train-clean-100/3486/166424/3486-166424-0073.flac,195200,
8378,train-clean-100/2989/138028/2989-138028-0038.flac,195200,
8379,train-clean-100/125/121124/125-121124-0042.flac,195120,
8380,train-clean-100/311/124404/311-124404-0068.flac,195120,
8381,train-clean-100/2384/152900/2384-152900-0007.flac,195120,
8382,train-clean-100/3440/171009/3440-171009-0067.flac,195120,
8383,train-clean-100/3168/173565/3168-173565-0013.flac,195120,
8384,train-clean-100/2764/36617/2764-36617-0035.flac,195040,
8385,train-clean-100/3857/180923/3857-180923-0019.flac,195040,
8386,train-clean-100/2002/139469/2002-139469-0002.flac,195040,
8387,train-clean-100/3982/178459/3982-178459-0001.flac,194960,
8388,train-clean-100/2384/152900/2384-152900-0074.flac,194960,
8389,train-clean-100/2384/152900/2384-152900-0049.flac,194960,
8390,train-clean-100/3723/171115/3723-171115-0039.flac,194960,
8391,train-clean-100/196/122159/196-122159-0018.flac,194880,
8392,train-clean-100/1553/140048/1553-140048-0047.flac,194880,
8393,train-clean-100/1034/121119/1034-121119-0081.flac,194880,
8394,train-clean-100/1455/138263/1455-138263-0024.flac,194880,
8395,train-clean-100/3699/19401/3699-19401-0018.flac,194880,
8396,train-clean-100/226/131533/226-131533-0001.flac,194800,
8397,train-clean-100/125/121124/125-121124-0024.flac,194800,
8398,train-clean-100/198/209/198-209-0019.flac,194800,
8399,train-clean-100/1355/39947/1355-39947-0069.flac,194800,
8400,train-clean-100/3947/13262/3947-13262-0031.flac,194800,
8401,train-clean-100/1743/142912/1743-142912-0010.flac,194800,
8402,train-clean-100/1447/130551/1447-130551-0002.flac,194720,
8403,train-clean-100/1867/148436/1867-148436-0027.flac,194720,
8404,train-clean-100/2817/142380/2817-142380-0025.flac,194640,
8405,train-clean-100/150/126107/150-126107-0029.flac,194640,
8406,train-clean-100/332/128985/332-128985-0039.flac,194640,
8407,train-clean-100/3374/298026/3374-298026-0025.flac,194560,
8408,train-clean-100/229/130880/229-130880-0059.flac,194560,
8409,train-clean-100/19/227/19-227-0025.flac,194560,
8410,train-clean-100/3664/178355/3664-178355-0013.flac,194560,
8411,train-clean-100/1963/142776/1963-142776-0033.flac,194560,
8412,train-clean-100/1743/142914/1743-142914-0003.flac,194560,
8413,train-clean-100/3982/178459/3982-178459-0051.flac,194480,
8414,train-clean-100/211/122442/211-122442-0056.flac,194480,
8415,train-clean-100/3112/9555/3112-9555-0064.flac,194480,
8416,train-clean-100/1594/135914/1594-135914-0061.flac,194480,
8417,train-clean-100/328/129766/328-129766-0067.flac,194480,
8418,train-clean-100/1970/28415/1970-28415-0008.flac,194480,
8419,train-clean-100/1841/179183/1841-179183-0036.flac,194400,
8420,train-clean-100/103/1240/103-1240-0023.flac,194400,
8421,train-clean-100/254/145458/254-145458-0019.flac,194400,
8422,train-clean-100/196/122159/196-122159-0006.flac,194400,
8423,train-clean-100/1116/132851/1116-132851-0011.flac,194320,
8424,train-clean-100/201/127786/201-127786-0026.flac,194320,
8425,train-clean-100/1447/17506/1447-17506-0004.flac,194320,
8426,train-clean-100/2007/132570/2007-132570-0021.flac,194320,
8427,train-clean-100/233/155990/233-155990-0033.flac,194320,
8428,train-clean-100/2196/174172/2196-174172-0009.flac,194240,
8429,train-clean-100/3486/166446/3486-166446-0024.flac,194240,
8430,train-clean-100/2436/2481/2436-2481-0032.flac,194240,
8431,train-clean-100/1447/130552/1447-130552-0025.flac,194240,
8432,train-clean-100/1235/135884/1235-135884-0001.flac,194161,
8433,train-clean-100/1034/121119/1034-121119-0032.flac,194160,
8434,train-clean-100/2989/138035/2989-138035-0035.flac,194160,
8435,train-clean-100/3240/131232/3240-131232-0013.flac,194160,
8436,train-clean-100/1455/134435/1455-134435-0023.flac,194160,
8437,train-clean-100/248/130644/248-130644-0029.flac,194080,
8438,train-clean-100/3168/173564/3168-173564-0041.flac,194000,
8439,train-clean-100/3259/158083/3259-158083-0106.flac,194000,
8440,train-clean-100/27/123349/27-123349-0033.flac,194000,
8441,train-clean-100/3526/176653/3526-176653-0047.flac,193920,
8442,train-clean-100/19/227/19-227-0060.flac,193920,
8443,train-clean-100/2289/152254/2289-152254-0013.flac,193920,
8444,train-clean-100/200/124140/200-124140-0018.flac,193920,
8445,train-clean-100/2691/156745/2691-156745-0001.flac,193920,
8446,train-clean-100/3526/176653/3526-176653-0035.flac,193840,
8447,train-clean-100/3259/158083/3259-158083-0110.flac,193840,
8448,train-clean-100/1355/39947/1355-39947-0084.flac,193840,
8449,train-clean-100/1235/135883/1235-135883-0015.flac,193761,
8450,train-clean-100/2764/36617/2764-36617-0008.flac,193760,
8451,train-clean-100/2159/179154/2159-179154-0000.flac,193760,
8452,train-clean-100/200/124139/200-124139-0026.flac,193760,
8453,train-clean-100/1235/135887/1235-135887-0019.flac,193680,
8454,train-clean-100/198/129977/198-129977-0006.flac,193680,
8455,train-clean-100/1502/122615/1502-122615-0030.flac,193600,
8456,train-clean-100/32/4137/32-4137-0024.flac,193520,
8457,train-clean-100/3440/171006/3440-171006-0023.flac,193440,
8458,train-clean-100/3112/9555/3112-9555-0050.flac,193440,
8459,train-clean-100/1116/132851/1116-132851-0008.flac,193440,
8460,train-clean-100/1594/135914/1594-135914-0054.flac,193440,
8461,train-clean-100/2893/139310/2893-139310-0003.flac,193440,
8462,train-clean-100/2159/179154/2159-179154-0021.flac,193440,
8463,train-clean-100/2691/156750/2691-156750-0003.flac,193360,
8464,train-clean-100/1116/132847/1116-132847-0034.flac,193360,
8465,train-clean-100/1235/135887/1235-135887-0013.flac,193360,
8466,train-clean-100/3807/4923/3807-4923-0032.flac,193360,
8467,train-clean-100/163/122947/163-122947-0089.flac,193280,
8468,train-clean-100/1926/147979/1926-147979-0031.flac,193280,
8469,train-clean-100/1841/159771/1841-159771-0018.flac,193280,
8470,train-clean-100/1447/130551/1447-130551-0011.flac,193280,
8471,train-clean-100/26/495/26-495-0033.flac,193280,
8472,train-clean-100/233/155990/233-155990-0027.flac,193280,
8473,train-clean-100/125/121124/125-121124-0001.flac,193200,
8474,train-clean-100/150/132655/150-132655-0020.flac,193200,
8475,train-clean-100/2007/149877/2007-149877-0013.flac,193200,
8476,train-clean-100/1040/133433/1040-133433-0007.flac,193120,
8477,train-clean-100/307/127539/307-127539-0041.flac,193120,
8478,train-clean-100/1743/142914/1743-142914-0011.flac,193120,
8479,train-clean-100/250/142276/250-142276-0008.flac,193120,
8480,train-clean-100/2989/138028/2989-138028-0056.flac,193040,
8481,train-clean-100/3699/175950/3699-175950-0021.flac,193040,
8482,train-clean-100/2002/139469/2002-139469-0111.flac,193040,
8483,train-clean-100/1116/132847/1116-132847-0033.flac,192960,
8484,train-clean-100/3723/171115/3723-171115-0054.flac,192960,
8485,train-clean-100/118/47824/118-47824-0027.flac,192960,
8486,train-clean-100/2391/145015/2391-145015-0019.flac,192960,
8487,train-clean-100/3857/182315/3857-182315-0004.flac,192960,
8488,train-clean-100/3214/167607/3214-167607-0031.flac,192960,
8489,train-clean-100/1743/142914/1743-142914-0021.flac,192880,
8490,train-clean-100/1898/145724/1898-145724-0015.flac,192800,
8491,train-clean-100/1455/134435/1455-134435-0030.flac,192800,
8492,train-clean-100/2952/407/2952-407-0009.flac,192800,
8493,train-clean-100/3436/172162/3436-172162-0008.flac,192800,
8494,train-clean-100/1246/124548/1246-124548-0021.flac,192720,
8495,train-clean-100/211/122442/211-122442-0059.flac,192720,
8496,train-clean-100/3436/172171/3436-172171-0001.flac,192640,
8497,train-clean-100/248/130652/248-130652-0020.flac,192640,
8498,train-clean-100/307/127540/307-127540-0009.flac,192640,
8499,train-clean-100/298/126790/298-126790-0033.flac,192640,
8500,train-clean-100/2196/170379/2196-170379-0001.flac,192640,
8501,train-clean-100/2952/408/2952-408-0002.flac,192640,
8502,train-clean-100/3947/13262/3947-13262-0026.flac,192640,
8503,train-clean-100/248/130644/248-130644-0022.flac,192640,
8504,train-clean-100/3214/167602/3214-167602-0025.flac,192560,
8505,train-clean-100/1898/145724/1898-145724-0029.flac,192560,
8506,train-clean-100/3240/131231/3240-131231-0070.flac,192560,
8507,train-clean-100/2514/149482/2514-149482-0046.flac,192560,
8508,train-clean-100/1926/147987/1926-147987-0009.flac,192480,
8509,train-clean-100/150/132655/150-132655-0015.flac,192480,
8510,train-clean-100/1334/135589/1334-135589-0076.flac,192400,
8511,train-clean-100/374/180299/374-180299-0028.flac,192400,
8512,train-clean-100/196/122150/196-122150-0031.flac,192400,
8513,train-clean-100/27/123349/27-123349-0006.flac,192400,
8514,train-clean-100/289/121652/289-121652-0002.flac,192400,
8515,train-clean-100/32/4137/32-4137-0008.flac,192400,
8516,train-clean-100/2182/181183/2182-181183-0029.flac,192320,
8517,train-clean-100/3947/13262/3947-13262-0041.flac,192240,
8518,train-clean-100/19/227/19-227-0072.flac,192240,
8519,train-clean-100/248/130697/248-130697-0023.flac,192160,
8520,train-clean-100/2893/139322/2893-139322-0039.flac,192160,
8521,train-clean-100/1624/168623/1624-168623-0009.flac,192080,
8522,train-clean-100/248/130697/248-130697-0012.flac,192080,
8523,train-clean-100/307/127539/307-127539-0040.flac,192000,
8524,train-clean-100/248/130652/248-130652-0006.flac,192000,
8525,train-clean-100/3664/11714/3664-11714-0013.flac,192000,
8526,train-clean-100/1963/147036/1963-147036-0021.flac,192000,
8527,train-clean-100/229/130880/229-130880-0060.flac,192000,
8528,train-clean-100/3947/13260/3947-13260-0016.flac,192000,
8529,train-clean-100/1841/159771/1841-159771-0026.flac,191920,
8530,train-clean-100/302/123516/302-123516-0022.flac,191920,
8531,train-clean-100/2817/142380/2817-142380-0004.flac,191840,
8532,train-clean-100/2136/5140/2136-5140-0012.flac,191840,
8533,train-clean-100/125/121124/125-121124-0033.flac,191840,
8534,train-clean-100/2196/170151/2196-170151-0025.flac,191840,
8535,train-clean-100/2691/156750/2691-156750-0026.flac,191840,
8536,train-clean-100/3242/67168/3242-67168-0018.flac,191760,
8537,train-clean-100/2952/410/2952-410-0022.flac,191760,
8538,train-clean-100/1898/145724/1898-145724-0014.flac,191760,
8539,train-clean-100/1723/141149/1723-141149-0022.flac,191760,
8540,train-clean-100/211/122425/211-122425-0022.flac,191680,
8541,train-clean-100/3664/178355/3664-178355-0029.flac,191680,
8542,train-clean-100/125/121124/125-121124-0079.flac,191680,
8543,train-clean-100/2910/131096/2910-131096-0004.flac,191600,
8544,train-clean-100/2007/149877/2007-149877-0038.flac,191600,
8545,train-clean-100/3374/298026/3374-298026-0026.flac,191600,
8546,train-clean-100/1246/124548/1246-124548-0018.flac,191600,
8547,train-clean-100/3526/175658/3526-175658-0033.flac,191520,
8548,train-clean-100/1447/130550/1447-130550-0008.flac,191520,
8549,train-clean-100/163/122947/163-122947-0049.flac,191520,
8550,train-clean-100/2391/145015/2391-145015-0000.flac,191520,
8551,train-clean-100/3486/166446/3486-166446-0025.flac,191440,
8552,train-clean-100/2911/12359/2911-12359-0002.flac,191440,
8553,train-clean-100/196/122159/196-122159-0008.flac,191440,
8554,train-clean-100/3112/9555/3112-9555-0082.flac,191360,
8555,train-clean-100/3240/131231/3240-131231-0049.flac,191360,
8556,train-clean-100/2159/179154/2159-179154-0004.flac,191360,
8557,train-clean-100/3440/171009/3440-171009-0070.flac,191280,
8558,train-clean-100/2007/149877/2007-149877-0056.flac,191280,
8559,train-clean-100/39/121916/39-121916-0012.flac,191280,
8560,train-clean-100/1594/135914/1594-135914-0063.flac,191200,
8561,train-clean-100/39/121915/39-121915-0032.flac,191200,
8562,train-clean-100/3699/19401/3699-19401-0011.flac,191200,
8563,train-clean-100/2007/132570/2007-132570-0000.flac,191120,
8564,train-clean-100/307/127540/307-127540-0035.flac,191120,
8565,train-clean-100/1447/130552/1447-130552-0015.flac,191040,
8566,train-clean-100/3857/182317/3857-182317-0021.flac,191040,
8567,train-clean-100/3214/167606/3214-167606-0034.flac,191040,
8568,train-clean-100/2691/156750/2691-156750-0004.flac,191040,
8569,train-clean-100/3374/298026/3374-298026-0034.flac,191040,
8570,train-clean-100/2518/154826/2518-154826-0023.flac,190960,
8571,train-clean-100/3607/135982/3607-135982-0017.flac,190960,
8572,train-clean-100/3486/166446/3486-166446-0019.flac,190960,
8573,train-clean-100/1355/39947/1355-39947-0083.flac,190960,
8574,train-clean-100/118/47824/118-47824-0042.flac,190880,
8575,train-clean-100/201/127786/201-127786-0035.flac,190880,
8576,train-clean-100/1841/150351/1841-150351-0002.flac,190880,
8577,train-clean-100/289/121665/289-121665-0006.flac,190800,
8578,train-clean-100/118/47824/118-47824-0041.flac,190720,
8579,train-clean-100/1737/142397/1737-142397-0029.flac,190720,
8580,train-clean-100/1447/130551/1447-130551-0009.flac,190720,
8581,train-clean-100/1867/154071/1867-154071-0008.flac,190720,
8582,train-clean-100/1926/147979/1926-147979-0026.flac,190640,
8583,train-clean-100/3947/13260/3947-13260-0025.flac,190560,
8584,train-clean-100/233/134440/233-134440-0008.flac,190560,
8585,train-clean-100/254/27760/254-27760-0026.flac,190560,
8586,train-clean-100/2910/131096/2910-131096-0013.flac,190560,
8587,train-clean-100/1898/145702/1898-145702-0002.flac,190481,
8588,train-clean-100/2817/142371/2817-142371-0037.flac,190480,
8589,train-clean-100/302/123504/302-123504-0035.flac,190400,
8590,train-clean-100/311/124404/311-124404-0034.flac,190400,
8591,train-clean-100/3242/67168/3242-67168-0000.flac,190400,
8592,train-clean-100/39/121916/39-121916-0010.flac,190400,
8593,train-clean-100/2910/131096/2910-131096-0055.flac,190320,
8594,train-clean-100/1116/137572/1116-137572-0024.flac,190320,
8595,train-clean-100/302/123523/302-123523-0028.flac,190320,
8596,train-clean-100/1743/142913/1743-142913-0007.flac,190320,
8597,train-clean-100/3982/182255/3982-182255-0001.flac,190240,
8598,train-clean-100/328/129766/328-129766-0033.flac,190240,
8599,train-clean-100/2136/5140/2136-5140-0024.flac,190240,
8600,train-clean-100/3807/4955/3807-4955-0028.flac,190160,
8601,train-clean-100/1992/141719/1992-141719-0050.flac,190160,
8602,train-clean-100/201/127786/201-127786-0021.flac,190160,
8603,train-clean-100/229/130880/229-130880-0071.flac,190160,
8604,train-clean-100/1578/140045/1578-140045-0027.flac,190160,
8605,train-clean-100/2911/12359/2911-12359-0012.flac,190080,
8606,train-clean-100/233/134440/233-134440-0025.flac,190080,
8607,train-clean-100/328/129766/328-129766-0042.flac,190080,
8608,train-clean-100/3240/131231/3240-131231-0076.flac,190080,
8609,train-clean-100/1841/159771/1841-159771-0015.flac,190000,
8610,train-clean-100/3259/158083/3259-158083-0057.flac,190000,
8611,train-clean-100/1841/159771/1841-159771-0003.flac,189920,
8612,train-clean-100/3242/67153/3242-67153-0027.flac,189920,
8613,train-clean-100/150/126107/150-126107-0002.flac,189920,
8614,train-clean-100/322/124147/322-124147-0058.flac,189840,
8615,train-clean-100/1841/159771/1841-159771-0027.flac,189760,
8616,train-clean-100/3214/167606/3214-167606-0033.flac,189760,
8617,train-clean-100/201/122255/201-122255-0018.flac,189760,
8618,train-clean-100/2289/152258/2289-152258-0033.flac,189760,
8619,train-clean-100/2910/131096/2910-131096-0070.flac,189680,
8620,train-clean-100/3723/171115/3723-171115-0038.flac,189680,
8621,train-clean-100/322/124147/322-124147-0044.flac,189680,
8622,train-clean-100/1455/134435/1455-134435-0007.flac,189680,
8623,train-clean-100/2002/139469/2002-139469-0101.flac,189600,
8624,train-clean-100/1235/135887/1235-135887-0024.flac,189600,
8625,train-clean-100/32/21631/32-21631-0008.flac,189600,
8626,train-clean-100/39/121915/39-121915-0008.flac,189600,
8627,train-clean-100/1963/147036/1963-147036-0005.flac,189520,
8628,train-clean-100/3664/178355/3664-178355-0021.flac,189520,
8629,train-clean-100/32/4137/32-4137-0042.flac,189520,
8630,train-clean-100/1841/150351/1841-150351-0028.flac,189520,
8631,train-clean-100/2910/131096/2910-131096-0066.flac,189520,
8632,train-clean-100/3857/180923/3857-180923-0016.flac,189520,
8633,train-clean-100/200/126784/200-126784-0035.flac,189440,
8634,train-clean-100/1898/145715/1898-145715-0007.flac,189440,
8635,train-clean-100/1624/142933/1624-142933-0042.flac,189440,
8636,train-clean-100/163/122947/163-122947-0083.flac,189440,
8637,train-clean-100/1841/159771/1841-159771-0014.flac,189360,
8638,train-clean-100/1841/159771/1841-159771-0004.flac,189360,
8639,train-clean-100/374/180299/374-180299-0010.flac,189360,
8640,train-clean-100/196/122159/196-122159-0000.flac,189360,
8641,train-clean-100/1334/135589/1334-135589-0096.flac,189360,
8642,train-clean-100/322/124147/322-124147-0055.flac,189360,
8643,train-clean-100/229/130880/229-130880-0080.flac,189280,
8644,train-clean-100/254/145458/254-145458-0017.flac,189280,
8645,train-clean-100/322/124147/322-124147-0060.flac,189200,
8646,train-clean-100/1081/125237/1081-125237-0026.flac,189200,
8647,train-clean-100/322/124147/322-124147-0008.flac,189120,
8648,train-clean-100/3259/158083/3259-158083-0048.flac,189040,
8649,train-clean-100/2007/149877/2007-149877-0046.flac,189040,
8650,train-clean-100/32/4137/32-4137-0006.flac,188960,
8651,train-clean-100/1334/135589/1334-135589-0018.flac,188960,
8652,train-clean-100/150/126107/150-126107-0027.flac,188960,
8653,train-clean-100/3486/166424/3486-166424-0029.flac,188880,
8654,train-clean-100/211/122425/211-122425-0016.flac,188880,
8655,train-clean-100/2416/152137/2416-152137-0023.flac,188800,
8656,train-clean-100/302/123504/302-123504-0017.flac,188800,
8657,train-clean-100/2092/145706/2092-145706-0048.flac,188800,
8658,train-clean-100/1069/133709/1069-133709-0005.flac,188800,
8659,train-clean-100/2518/154826/2518-154826-0047.flac,188800,
8660,train-clean-100/3214/167607/3214-167607-0036.flac,188720,
8661,train-clean-100/2911/12359/2911-12359-0014.flac,188720,
8662,train-clean-100/3723/171115/3723-171115-0045.flac,188720,
8663,train-clean-100/3699/19402/3699-19402-0023.flac,188640,
8664,train-clean-100/307/127535/307-127535-0030.flac,188560,
8665,train-clean-100/1355/39947/1355-39947-0086.flac,188560,
8666,train-clean-100/26/496/26-496-0007.flac,188559,
8667,train-clean-100/1363/135842/1363-135842-0040.flac,188480,
8668,train-clean-100/1624/142933/1624-142933-0004.flac,188480,
8669,train-clean-100/3830/12535/3830-12535-0008.flac,188480,
8670,train-clean-100/1502/122615/1502-122615-0023.flac,188480,
8671,train-clean-100/3947/13260/3947-13260-0027.flac,188400,
8672,train-clean-100/1081/128618/1081-128618-0010.flac,188400,
8673,train-clean-100/2514/149482/2514-149482-0059.flac,188400,
8674,train-clean-100/118/47824/118-47824-0024.flac,188320,
8675,train-clean-100/1069/133699/1069-133699-0039.flac,188320,
8676,train-clean-100/1737/142397/1737-142397-0025.flac,188320,
8677,train-clean-100/196/122159/196-122159-0017.flac,188320,
8678,train-clean-100/1502/122619/1502-122619-0040.flac,188320,
8679,train-clean-100/2911/15084/2911-15084-0006.flac,188320,
8680,train-clean-100/1040/133433/1040-133433-0039.flac,188320,
8681,train-clean-100/1447/17506/1447-17506-0010.flac,188240,
8682,train-clean-100/2843/152918/2843-152918-0105.flac,188240,
8683,train-clean-100/3168/173565/3168-173565-0031.flac,188240,
8684,train-clean-100/1455/134435/1455-134435-0009.flac,188240,
8685,train-clean-100/19/198/19-198-0001.flac,188240,
8686,train-clean-100/1363/135842/1363-135842-0006.flac,188160,
8687,train-clean-100/1737/142397/1737-142397-0020.flac,188160,
8688,train-clean-100/1723/141149/1723-141149-0001.flac,188160,
8689,train-clean-100/150/126107/150-126107-0001.flac,188160,
8690,train-clean-100/1553/140048/1553-140048-0014.flac,188160,
8691,train-clean-100/1069/133709/1069-133709-0032.flac,188080,
8692,train-clean-100/248/130652/248-130652-0016.flac,188080,
8693,train-clean-100/2002/139469/2002-139469-0060.flac,188080,
8694,train-clean-100/1098/133695/1098-133695-0023.flac,188080,
8695,train-clean-100/1363/139304/1363-139304-0010.flac,188000,
8696,train-clean-100/250/142276/250-142276-0063.flac,188000,
8697,train-clean-100/3214/167607/3214-167607-0030.flac,187920,
8698,train-clean-100/1624/168623/1624-168623-0032.flac,187920,
8699,train-clean-100/3259/158083/3259-158083-0021.flac,187920,
8700,train-clean-100/1963/142393/1963-142393-0037.flac,187920,
8701,train-clean-100/1624/168623/1624-168623-0021.flac,187920,
8702,train-clean-100/3664/11714/3664-11714-0031.flac,187920,
8703,train-clean-100/1743/142913/1743-142913-0013.flac,187920,
8704,train-clean-100/1098/133695/1098-133695-0061.flac,187920,
8705,train-clean-100/226/131532/226-131532-0013.flac,187840,
8706,train-clean-100/2092/145709/2092-145709-0020.flac,187840,
8707,train-clean-100/196/122159/196-122159-0013.flac,187760,
8708,train-clean-100/1116/137572/1116-137572-0017.flac,187760,
8709,train-clean-100/226/131533/226-131533-0027.flac,187760,
8710,train-clean-100/328/129766/328-129766-0026.flac,187760,
8711,train-clean-100/201/127786/201-127786-0017.flac,187760,
8712,train-clean-100/2910/131096/2910-131096-0076.flac,187680,
8713,train-clean-100/2911/7601/2911-7601-0019.flac,187680,
8714,train-clean-100/1970/26100/1970-26100-0014.flac,187680,
8715,train-clean-100/248/130652/248-130652-0005.flac,187680,
8716,train-clean-100/201/122255/201-122255-0013.flac,187600,
8717,train-clean-100/1447/130551/1447-130551-0012.flac,187520,
8718,train-clean-100/196/122159/196-122159-0023.flac,187520,
8719,train-clean-100/1743/142914/1743-142914-0031.flac,187520,
8720,train-clean-100/1355/39947/1355-39947-0037.flac,187440,
8721,train-clean-100/1363/139304/1363-139304-0018.flac,187440,
8722,train-clean-100/2159/179154/2159-179154-0014.flac,187440,
8723,train-clean-100/3830/12535/3830-12535-0012.flac,187360,
8724,train-clean-100/3235/28433/3235-28433-0040.flac,187360,
8725,train-clean-100/2518/154825/2518-154825-0025.flac,187280,
8726,train-clean-100/3112/9555/3112-9555-0046.flac,187280,
8727,train-clean-100/1502/122619/1502-122619-0045.flac,187280,
8728,train-clean-100/1116/132851/1116-132851-0020.flac,187120,
8729,train-clean-100/1081/128618/1081-128618-0005.flac,187120,
8730,train-clean-100/3259/158083/3259-158083-0116.flac,187120,
8731,train-clean-100/1743/142912/1743-142912-0035.flac,187040,
8732,train-clean-100/32/4137/32-4137-0016.flac,187040,
8733,train-clean-100/2416/152139/2416-152139-0025.flac,186960,
8734,train-clean-100/2910/131096/2910-131096-0010.flac,186960,
8735,train-clean-100/3259/158083/3259-158083-0003.flac,186880,
8736,train-clean-100/3374/298025/3374-298025-0030.flac,186880,
8737,train-clean-100/2092/145709/2092-145709-0007.flac,186880,
8738,train-clean-100/2002/139469/2002-139469-0032.flac,186800,
8739,train-clean-100/1455/138263/1455-138263-0037.flac,186800,
8740,train-clean-100/1594/135914/1594-135914-0034.flac,186800,
8741,train-clean-100/1926/147979/1926-147979-0008.flac,186800,
8742,train-clean-100/2002/139469/2002-139469-0024.flac,186800,
8743,train-clean-100/19/227/19-227-0033.flac,186640,
8744,train-clean-100/2289/152257/2289-152257-0021.flac,186640,
8745,train-clean-100/1743/142912/1743-142912-0003.flac,186640,
8746,train-clean-100/1553/140048/1553-140048-0023.flac,186640,
8747,train-clean-100/1970/10594/1970-10594-0008.flac,186640,
8748,train-clean-100/3807/4923/3807-4923-0027.flac,186560,
8749,train-clean-100/1926/147987/1926-147987-0007.flac,186560,
8750,train-clean-100/200/126784/200-126784-0017.flac,186560,
8751,train-clean-100/3830/12531/3830-12531-0002.flac,186560,
8752,train-clean-100/3242/67153/3242-67153-0018.flac,186560,
8753,train-clean-100/211/122425/211-122425-0053.flac,186480,
8754,train-clean-100/3857/182317/3857-182317-0002.flac,186480,
8755,train-clean-100/1737/142397/1737-142397-0016.flac,186480,
8756,train-clean-100/3857/182315/3857-182315-0000.flac,186479,
8757,train-clean-100/3259/158083/3259-158083-0094.flac,186400,
8758,train-clean-100/3214/167607/3214-167607-0025.flac,186400,
8759,train-clean-100/3259/158083/3259-158083-0113.flac,186400,
8760,train-clean-100/1502/122619/1502-122619-0026.flac,186400,
8761,train-clean-100/248/130644/248-130644-0001.flac,186400,
8762,train-clean-100/307/127535/307-127535-0021.flac,186320,
8763,train-clean-100/2910/131096/2910-131096-0075.flac,186320,
8764,train-clean-100/3947/13262/3947-13262-0011.flac,186320,
8765,train-clean-100/198/126831/198-126831-0010.flac,186320,
8766,train-clean-100/2182/150130/2182-150130-0032.flac,186320,
8767,train-clean-100/250/140277/250-140277-0010.flac,186240,
8768,train-clean-100/1081/125237/1081-125237-0057.flac,186240,
8769,train-clean-100/2002/139469/2002-139469-0079.flac,186240,
8770,train-clean-100/3112/9555/3112-9555-0058.flac,186160,
8771,train-clean-100/3259/158083/3259-158083-0103.flac,186160,
8772,train-clean-100/1898/145715/1898-145715-0017.flac,186080,
8773,train-clean-100/2910/131096/2910-131096-0052.flac,186080,
8774,train-clean-100/1235/135883/1235-135883-0005.flac,186080,
8775,train-clean-100/328/129766/328-129766-0053.flac,186000,
8776,train-clean-100/1502/122619/1502-122619-0092.flac,185920,
8777,train-clean-100/3374/298026/3374-298026-0021.flac,185920,
8778,train-clean-100/3240/131231/3240-131231-0059.flac,185840,
8779,train-clean-100/19/198/19-198-0030.flac,185840,
8780,train-clean-100/103/1240/103-1240-0018.flac,185760,
8781,train-clean-100/3259/158083/3259-158083-0095.flac,185680,
8782,train-clean-100/226/131532/226-131532-0020.flac,185680,
8783,train-clean-100/3982/178459/3982-178459-0008.flac,185680,
8784,train-clean-100/3879/173592/3879-173592-0018.flac,185600,
8785,train-clean-100/39/121914/39-121914-0002.flac,185520,
8786,train-clean-100/1502/122619/1502-122619-0044.flac,185440,
8787,train-clean-100/322/124147/322-124147-0076.flac,185440,
8788,train-clean-100/1737/142396/1737-142396-0019.flac,185440,
8789,train-clean-100/1355/39947/1355-39947-0094.flac,185440,
8790,train-clean-100/1926/143879/1926-143879-0010.flac,185440,
8791,train-clean-100/1040/133433/1040-133433-0047.flac,185440,
8792,train-clean-100/1867/154071/1867-154071-0030.flac,185440,
8793,train-clean-100/2196/174172/2196-174172-0001.flac,185440,
8794,train-clean-100/32/4137/32-4137-0015.flac,185360,
8795,train-clean-100/229/130880/229-130880-0092.flac,185360,
8796,train-clean-100/1963/142393/1963-142393-0021.flac,185360,
8797,train-clean-100/201/122255/201-122255-0004.flac,185280,
8798,train-clean-100/298/126791/298-126791-0042.flac,185280,
8799,train-clean-100/3259/158083/3259-158083-0081.flac,185200,
8800,train-clean-100/1246/124548/1246-124548-0051.flac,185200,
8801,train-clean-100/3436/172162/3436-172162-0007.flac,185200,
8802,train-clean-100/1898/145702/1898-145702-0004.flac,185200,
8803,train-clean-100/1737/142396/1737-142396-0015.flac,185120,
8804,train-clean-100/1447/130550/1447-130550-0009.flac,185120,
8805,train-clean-100/1594/135914/1594-135914-0049.flac,185120,
8806,train-clean-100/1098/133695/1098-133695-0006.flac,185120,
8807,train-clean-100/163/122947/163-122947-0070.flac,185120,
8808,train-clean-100/3240/131231/3240-131231-0048.flac,185120,
8809,train-clean-100/3526/176651/3526-176651-0018.flac,185120,
8810,train-clean-100/248/130697/248-130697-0008.flac,185040,
8811,train-clean-100/1116/132851/1116-132851-0022.flac,185040,
8812,train-clean-100/3374/298032/3374-298032-0035.flac,185040,
8813,train-clean-100/1723/141149/1723-141149-0021.flac,184960,
8814,train-clean-100/2952/408/2952-408-0001.flac,184960,
8815,train-clean-100/250/142276/250-142276-0055.flac,184960,
8816,train-clean-100/302/123504/302-123504-0018.flac,184960,
8817,train-clean-100/3857/180923/3857-180923-0025.flac,184960,
8818,train-clean-100/248/130697/248-130697-0035.flac,184880,
8819,train-clean-100/1116/132847/1116-132847-0035.flac,184880,
8820,train-clean-100/2416/152139/2416-152139-0040.flac,184800,
8821,train-clean-100/307/127539/307-127539-0017.flac,184800,
8822,train-clean-100/3242/67153/3242-67153-0013.flac,184800,
8823,train-clean-100/3807/4923/3807-4923-0033.flac,184799,
8824,train-clean-100/1246/124550/1246-124550-0004.flac,184720,
8825,train-clean-100/311/124404/311-124404-0118.flac,184720,
8826,train-clean-100/3112/9555/3112-9555-0008.flac,184640,
8827,train-clean-100/1098/133695/1098-133695-0084.flac,184640,
8828,train-clean-100/2514/149482/2514-149482-0097.flac,184560,
8829,train-clean-100/19/227/19-227-0020.flac,184560,
8830,train-clean-100/3112/9555/3112-9555-0083.flac,184560,
8831,train-clean-100/2002/139469/2002-139469-0084.flac,184559,
8832,train-clean-100/2384/152900/2384-152900-0038.flac,184480,
8833,train-clean-100/2289/152254/2289-152254-0021.flac,184480,
8834,train-clean-100/211/122425/211-122425-0030.flac,184480,
8835,train-clean-100/2384/152900/2384-152900-0087.flac,184480,
8836,train-clean-100/1992/141719/1992-141719-0007.flac,184400,
8837,train-clean-100/200/124139/200-124139-0003.flac,184400,
8838,train-clean-100/322/124147/322-124147-0083.flac,184400,
8839,train-clean-100/248/130644/248-130644-0020.flac,184400,
8840,train-clean-100/3879/174923/3879-174923-0049.flac,184400,
8841,train-clean-100/1069/133699/1069-133699-0045.flac,184400,
8842,train-clean-100/1743/142913/1743-142913-0012.flac,184320,
8843,train-clean-100/298/126790/298-126790-0001.flac,184320,
8844,train-clean-100/125/121124/125-121124-0072.flac,184240,
8845,train-clean-100/2910/131096/2910-131096-0017.flac,184160,
8846,train-clean-100/322/124146/322-124146-0028.flac,184160,
8847,train-clean-100/1116/132847/1116-132847-0024.flac,184160,
8848,train-clean-100/3486/166424/3486-166424-0056.flac,184080,
8849,train-clean-100/1183/124566/1183-124566-0001.flac,184080,
8850,train-clean-100/3723/171631/3723-171631-0029.flac,184079,
8851,train-clean-100/1263/138246/1263-138246-0021.flac,184000,
8852,train-clean-100/3440/171009/3440-171009-0056.flac,184000,
8853,train-clean-100/3214/167606/3214-167606-0024.flac,183920,
8854,train-clean-100/1553/140047/1553-140047-0022.flac,183840,
8855,train-clean-100/2289/152254/2289-152254-0018.flac,183760,
8856,train-clean-100/322/124147/322-124147-0043.flac,183760,
8857,train-clean-100/32/21625/32-21625-0004.flac,183760,
8858,train-clean-100/1246/124548/1246-124548-0036.flac,183680,
8859,train-clean-100/3486/166446/3486-166446-0038.flac,183600,
8860,train-clean-100/2136/5143/2136-5143-0015.flac,183600,
8861,train-clean-100/2002/139469/2002-139469-0087.flac,183520,
8862,train-clean-100/1455/134435/1455-134435-0063.flac,183520,
8863,train-clean-100/2391/145015/2391-145015-0016.flac,183520,
8864,train-clean-100/3526/176653/3526-176653-0028.flac,183440,
8865,train-clean-100/3486/166424/3486-166424-0050.flac,183440,
8866,train-clean-100/311/124404/311-124404-0056.flac,183440,
8867,train-clean-100/1081/125237/1081-125237-0040.flac,183360,
8868,train-clean-100/2289/152253/2289-152253-0020.flac,183280,
8869,train-clean-100/2989/138035/2989-138035-0055.flac,183200,
8870,train-clean-100/3947/13262/3947-13262-0037.flac,183200,
8871,train-clean-100/1737/148989/1737-148989-0017.flac,183120,
8872,train-clean-100/311/124404/311-124404-0011.flac,183120,
8873,train-clean-100/1246/124550/1246-124550-0026.flac,183120,
8874,train-clean-100/2159/179156/2159-179156-0006.flac,183120,
8875,train-clean-100/3486/166424/3486-166424-0069.flac,183040,
8876,train-clean-100/3947/13262/3947-13262-0012.flac,183040,
8877,train-clean-100/198/126831/198-126831-0041.flac,183040,
8878,train-clean-100/250/142286/250-142286-0002.flac,183040,
8879,train-clean-100/211/122425/211-122425-0048.flac,183040,
8880,train-clean-100/1743/142912/1743-142912-0005.flac,183040,
8881,train-clean-100/3699/19401/3699-19401-0009.flac,183040,
8882,train-clean-100/2007/149877/2007-149877-0026.flac,183040,
8883,train-clean-100/2159/179157/2159-179157-0005.flac,182960,
8884,train-clean-100/3240/131231/3240-131231-0071.flac,182960,
8885,train-clean-100/2764/36619/2764-36619-0013.flac,182960,
8886,train-clean-100/289/121665/289-121665-0021.flac,182960,
8887,train-clean-100/27/123349/27-123349-0049.flac,182800,
8888,train-clean-100/1553/140047/1553-140047-0034.flac,182800,
8889,train-clean-100/1841/159771/1841-159771-0020.flac,182800,
8890,train-clean-100/2289/152257/2289-152257-0019.flac,182800,
8891,train-clean-100/250/140277/250-140277-0014.flac,182800,
8892,train-clean-100/196/122152/196-122152-0000.flac,182720,
8893,train-clean-100/1447/130550/1447-130550-0012.flac,182560,
8894,train-clean-100/1624/168623/1624-168623-0039.flac,182560,
8895,train-clean-100/2182/181173/2182-181173-0030.flac,182560,
8896,train-clean-100/198/129977/198-129977-0002.flac,182560,
8897,train-clean-100/19/227/19-227-0034.flac,182480,
8898,train-clean-100/3240/131231/3240-131231-0027.flac,182400,
8899,train-clean-100/2384/152900/2384-152900-0075.flac,182400,
8900,train-clean-100/1081/125237/1081-125237-0105.flac,182400,
8901,train-clean-100/1970/26100/1970-26100-0027.flac,182320,
8902,train-clean-100/328/129766/328-129766-0072.flac,182320,
8903,train-clean-100/201/127786/201-127786-0080.flac,182320,
8904,train-clean-100/1926/143879/1926-143879-0032.flac,182320,
8905,train-clean-100/2518/154825/2518-154825-0021.flac,182240,
8906,train-clean-100/150/126107/150-126107-0034.flac,182240,
8907,train-clean-100/1743/142914/1743-142914-0018.flac,182240,
8908,train-clean-100/1578/140045/1578-140045-0019.flac,182240,
8909,train-clean-100/1553/140048/1553-140048-0049.flac,182240,
8910,train-clean-100/27/123349/27-123349-0028.flac,182160,
8911,train-clean-100/298/126790/298-126790-0042.flac,182160,
8912,train-clean-100/3607/135982/3607-135982-0005.flac,182160,
8913,train-clean-100/198/126831/198-126831-0014.flac,182160,
8914,train-clean-100/2691/156745/2691-156745-0009.flac,182080,
8915,train-clean-100/3486/166424/3486-166424-0038.flac,182080,
8916,train-clean-100/3699/19401/3699-19401-0000.flac,182080,
8917,train-clean-100/1963/142393/1963-142393-0019.flac,182000,
8918,train-clean-100/3440/171006/3440-171006-0015.flac,182000,
8919,train-clean-100/250/142286/250-142286-0017.flac,181920,
8920,train-clean-100/1723/141149/1723-141149-0005.flac,181920,
8921,train-clean-100/1502/122619/1502-122619-0068.flac,181920,
8922,train-clean-100/2952/410/2952-410-0035.flac,181840,
8923,train-clean-100/3857/182317/3857-182317-0026.flac,181760,
8924,train-clean-100/196/122150/196-122150-0010.flac,181760,
8925,train-clean-100/125/121124/125-121124-0010.flac,181680,
8926,train-clean-100/2764/36619/2764-36619-0031.flac,181680,
8927,train-clean-100/311/124404/311-124404-0088.flac,181600,
8928,train-clean-100/3486/166424/3486-166424-0000.flac,181520,
8929,train-clean-100/3214/167606/3214-167606-0021.flac,181520,
8930,train-clean-100/1737/142396/1737-142396-0004.flac,181440,
8931,train-clean-100/1743/142913/1743-142913-0001.flac,181360,
8932,train-clean-100/2952/410/2952-410-0025.flac,181360,
8933,train-clean-100/1867/154075/1867-154075-0039.flac,181280,
8934,train-clean-100/1081/128618/1081-128618-0006.flac,181280,
8935,train-clean-100/3168/173565/3168-173565-0040.flac,181280,
8936,train-clean-100/250/142276/250-142276-0006.flac,181280,
8937,train-clean-100/1081/125237/1081-125237-0021.flac,181200,
8938,train-clean-100/2159/179154/2159-179154-0029.flac,181120,
8939,train-clean-100/2159/179157/2159-179157-0002.flac,181040,
8940,train-clean-100/1867/154075/1867-154075-0042.flac,181040,
8941,train-clean-100/3242/67168/3242-67168-0005.flac,180880,
8942,train-clean-100/1963/147036/1963-147036-0024.flac,180880,
8943,train-clean-100/3242/67168/3242-67168-0011.flac,180880,
8944,train-clean-100/3664/178355/3664-178355-0018.flac,180880,
8945,train-clean-100/163/122947/163-122947-0055.flac,180880,
8946,train-clean-100/1355/39947/1355-39947-0000.flac,180800,
8947,train-clean-100/2289/152254/2289-152254-0012.flac,180720,
8948,train-clean-100/201/122255/201-122255-0039.flac,180640,
8949,train-clean-100/26/496/26-496-0025.flac,180560,
8950,train-clean-100/32/4137/32-4137-0038.flac,180560,
8951,train-clean-100/2817/142371/2817-142371-0020.flac,180560,
8952,train-clean-100/27/124992/27-124992-0035.flac,180560,
8953,train-clean-100/3723/171631/3723-171631-0060.flac,180480,
8954,train-clean-100/1926/143879/1926-143879-0025.flac,180480,
8955,train-clean-100/2989/138035/2989-138035-0052.flac,180400,
8956,train-clean-100/1992/141719/1992-141719-0037.flac,180400,
8957,train-clean-100/3947/13262/3947-13262-0006.flac,180400,
8958,train-clean-100/198/126831/198-126831-0023.flac,180320,
8959,train-clean-100/1363/135842/1363-135842-0018.flac,180320,
8960,train-clean-100/248/130644/248-130644-0017.flac,180240,
8961,train-clean-100/201/127786/201-127786-0029.flac,180240,
8962,train-clean-100/3830/12530/3830-12530-0030.flac,180240,
8963,train-clean-100/3857/182315/3857-182315-0042.flac,180160,
8964,train-clean-100/2764/36619/2764-36619-0037.flac,180160,
8965,train-clean-100/1553/140047/1553-140047-0000.flac,180080,
8966,train-clean-100/302/123523/302-123523-0024.flac,180080,
8967,train-clean-100/1867/154075/1867-154075-0004.flac,180000,
8968,train-clean-100/1963/147036/1963-147036-0004.flac,180000,
8969,train-clean-100/229/130880/229-130880-0019.flac,179920,
8970,train-clean-100/103/1240/103-1240-0055.flac,179920,
8971,train-clean-100/2952/410/2952-410-0013.flac,179920,
8972,train-clean-100/2436/2477/2436-2477-0030.flac,179920,
8973,train-clean-100/229/130880/229-130880-0022.flac,179840,
8974,train-clean-100/3947/13260/3947-13260-0028.flac,179840,
8975,train-clean-100/163/122947/163-122947-0036.flac,179840,
8976,train-clean-100/3168/173564/3168-173564-0005.flac,179760,
8977,train-clean-100/1116/132847/1116-132847-0027.flac,179760,
8978,train-clean-100/150/132655/150-132655-0003.flac,179760,
8979,train-clean-100/374/180298/374-180298-0045.flac,179680,
8980,train-clean-100/248/130644/248-130644-0000.flac,179680,
8981,train-clean-100/1898/145724/1898-145724-0003.flac,179680,
8982,train-clean-100/2196/170379/2196-170379-0014.flac,179680,
8983,train-clean-100/19/227/19-227-0013.flac,179680,
8984,train-clean-100/248/130697/248-130697-0001.flac,179600,
8985,train-clean-100/1553/140047/1553-140047-0031.flac,179600,
8986,train-clean-100/2007/132570/2007-132570-0017.flac,179520,
8987,train-clean-100/1098/133695/1098-133695-0012.flac,179520,
8988,train-clean-100/3699/175950/3699-175950-0013.flac,179520,
8989,train-clean-100/3723/171631/3723-171631-0007.flac,179520,
8990,train-clean-100/1578/140049/1578-140049-0027.flac,179520,
8991,train-clean-100/2182/181183/2182-181183-0028.flac,179441,
8992,train-clean-100/233/134440/233-134440-0056.flac,179440,
8993,train-clean-100/2391/145015/2391-145015-0009.flac,179440,
8994,train-clean-100/3830/12530/3830-12530-0039.flac,179440,
8995,train-clean-100/19/227/19-227-0056.flac,179360,
8996,train-clean-100/311/124404/311-124404-0069.flac,179360,
8997,train-clean-100/150/132655/150-132655-0009.flac,179360,
8998,train-clean-100/1926/143879/1926-143879-0045.flac,179280,
8999,train-clean-100/1088/129236/1088-129236-0006.flac,179280,
9000,train-clean-100/311/124404/311-124404-0014.flac,179200,
9001,train-clean-100/2514/149482/2514-149482-0058.flac,179200,
9002,train-clean-100/1963/142393/1963-142393-0033.flac,179120,
9003,train-clean-100/1594/135914/1594-135914-0020.flac,179120,
9004,train-clean-100/3440/171009/3440-171009-0014.flac,179120,
9005,train-clean-100/3112/9555/3112-9555-0002.flac,179120,
9006,train-clean-100/1898/145702/1898-145702-0016.flac,179120,
9007,train-clean-100/1624/168623/1624-168623-0038.flac,179120,
9008,train-clean-100/26/495/26-495-0027.flac,179040,
9009,train-clean-100/2416/152139/2416-152139-0018.flac,178960,
9010,train-clean-100/19/227/19-227-0039.flac,178880,
9011,train-clean-100/3699/47246/3699-47246-0016.flac,178880,
9012,train-clean-100/3168/173564/3168-173564-0022.flac,178800,
9013,train-clean-100/302/123516/302-123516-0006.flac,178800,
9014,train-clean-100/3879/174923/3879-174923-0066.flac,178720,
9015,train-clean-100/3664/178366/3664-178366-0035.flac,178720,
9016,train-clean-100/302/123516/302-123516-0015.flac,178640,
9017,train-clean-100/32/4137/32-4137-0047.flac,178640,
9018,train-clean-100/3112/9555/3112-9555-0013.flac,178640,
9019,train-clean-100/2989/138035/2989-138035-0064.flac,178640,
9020,train-clean-100/1502/122619/1502-122619-0065.flac,178640,
9021,train-clean-100/196/122150/196-122150-0016.flac,178640,
9022,train-clean-100/125/121124/125-121124-0041.flac,178560,
9023,train-clean-100/196/122152/196-122152-0001.flac,178560,
9024,train-clean-100/307/127535/307-127535-0026.flac,178560,
9025,train-clean-100/2416/152139/2416-152139-0019.flac,178560,
9026,train-clean-100/1898/145720/1898-145720-0007.flac,178560,
9027,train-clean-100/118/47824/118-47824-0004.flac,178400,
9028,train-clean-100/2691/156755/2691-156755-0016.flac,178400,
9029,train-clean-100/2952/408/2952-408-0028.flac,178320,
9030,train-clean-100/2691/156745/2691-156745-0033.flac,178320,
9031,train-clean-100/3526/175658/3526-175658-0035.flac,178320,
9032,train-clean-100/1455/138263/1455-138263-0006.flac,178160,
9033,train-clean-100/1578/6379/1578-6379-0019.flac,178160,
9034,train-clean-100/1578/140049/1578-140049-0001.flac,178080,
9035,train-clean-100/1502/122619/1502-122619-0016.flac,178080,
9036,train-clean-100/1743/142914/1743-142914-0015.flac,178079,
9037,train-clean-100/3242/8112/3242-8112-0015.flac,178000,
9038,train-clean-100/2159/179154/2159-179154-0024.flac,178000,
9039,train-clean-100/374/180298/374-180298-0003.flac,178000,
9040,train-clean-100/1183/128659/1183-128659-0006.flac,178000,
9041,train-clean-100/150/126107/150-126107-0015.flac,178000,
9042,train-clean-100/1447/130550/1447-130550-0029.flac,177920,
9043,train-clean-100/1867/154071/1867-154071-0007.flac,177840,
9044,train-clean-100/2691/156745/2691-156745-0015.flac,177680,
9045,train-clean-100/1502/122619/1502-122619-0037.flac,177680,
9046,train-clean-100/1455/134435/1455-134435-0034.flac,177680,
9047,train-clean-100/3879/174923/3879-174923-0069.flac,177600,
9048,train-clean-100/39/121915/39-121915-0013.flac,177520,
9049,train-clean-100/3699/19402/3699-19402-0016.flac,177520,
9050,train-clean-100/2518/154826/2518-154826-0014.flac,177440,
9051,train-clean-100/3607/135982/3607-135982-0018.flac,177440,
9052,train-clean-100/1743/142912/1743-142912-0007.flac,177440,
9053,train-clean-100/19/227/19-227-0049.flac,177440,
9054,train-clean-100/1081/125237/1081-125237-0079.flac,177440,
9055,train-clean-100/26/496/26-496-0010.flac,177360,
9056,train-clean-100/150/126112/150-126112-0020.flac,177360,
9057,train-clean-100/1898/145724/1898-145724-0030.flac,177280,
9058,train-clean-100/1116/132847/1116-132847-0014.flac,177280,
9059,train-clean-100/3240/131232/3240-131232-0028.flac,177280,
9060,train-clean-100/3240/131232/3240-131232-0027.flac,177280,
9061,train-clean-100/118/47824/118-47824-0019.flac,177280,
9062,train-clean-100/3699/19401/3699-19401-0008.flac,177200,
9063,train-clean-100/2691/156755/2691-156755-0003.flac,177200,
9064,train-clean-100/3857/180923/3857-180923-0022.flac,177200,
9065,train-clean-100/233/134440/233-134440-0019.flac,177120,
9066,train-clean-100/2391/145015/2391-145015-0015.flac,177040,
9067,train-clean-100/3526/175658/3526-175658-0025.flac,177040,
9068,train-clean-100/1624/142933/1624-142933-0003.flac,176960,
9069,train-clean-100/1898/145720/1898-145720-0009.flac,176960,
9070,train-clean-100/3440/171009/3440-171009-0047.flac,176880,
9071,train-clean-100/322/124147/322-124147-0051.flac,176800,
9072,train-clean-100/302/123516/302-123516-0005.flac,176800,
9073,train-clean-100/3486/166424/3486-166424-0001.flac,176800,
9074,train-clean-100/289/121652/289-121652-0012.flac,176720,
9075,train-clean-100/3259/158083/3259-158083-0045.flac,176720,
9076,train-clean-100/1898/145715/1898-145715-0010.flac,176720,
9077,train-clean-100/196/122152/196-122152-0012.flac,176720,
9078,train-clean-100/1624/168623/1624-168623-0046.flac,176640,
9079,train-clean-100/1355/39947/1355-39947-0002.flac,176640,
9080,train-clean-100/2002/139469/2002-139469-0048.flac,176560,
9081,train-clean-100/2196/170151/2196-170151-0017.flac,176480,
9082,train-clean-100/322/124146/322-124146-0025.flac,176480,
9083,train-clean-100/2893/139310/2893-139310-0053.flac,176400,
9084,train-clean-100/2436/2481/2436-2481-0034.flac,176320,
9085,train-clean-100/1867/148436/1867-148436-0021.flac,176320,
9086,train-clean-100/3242/8112/3242-8112-0025.flac,176320,
9087,train-clean-100/3242/67168/3242-67168-0026.flac,176240,
9088,train-clean-100/2007/149877/2007-149877-0049.flac,176160,
9089,train-clean-100/1553/140048/1553-140048-0046.flac,176160,
9090,train-clean-100/2911/15084/2911-15084-0009.flac,176160,
9091,train-clean-100/2989/138028/2989-138028-0024.flac,176080,
9092,train-clean-100/103/1241/103-1241-0026.flac,176080,
9093,train-clean-100/3947/13260/3947-13260-0019.flac,176080,
9094,train-clean-100/302/123504/302-123504-0007.flac,176000,
9095,train-clean-100/1502/122619/1502-122619-0079.flac,176000,
9096,train-clean-100/1970/10594/1970-10594-0042.flac,175920,
9097,train-clean-100/1867/154071/1867-154071-0010.flac,175920,
9098,train-clean-100/3526/175658/3526-175658-0000.flac,175920,
9099,train-clean-100/3857/180923/3857-180923-0029.flac,175840,
9100,train-clean-100/3699/19401/3699-19401-0007.flac,175840,
9101,train-clean-100/3664/178366/3664-178366-0019.flac,175760,
9102,train-clean-100/322/124147/322-124147-0050.flac,175760,
9103,train-clean-100/2910/131096/2910-131096-0059.flac,175760,
9104,train-clean-100/3664/178366/3664-178366-0004.flac,175680,
9105,train-clean-100/2007/149877/2007-149877-0002.flac,175680,
9106,train-clean-100/1992/141719/1992-141719-0011.flac,175680,
9107,train-clean-100/1235/135887/1235-135887-0010.flac,175680,
9108,train-clean-100/3486/166424/3486-166424-0015.flac,175680,
9109,train-clean-100/1502/122619/1502-122619-0047.flac,175600,
9110,train-clean-100/248/130644/248-130644-0012.flac,175520,
9111,train-clean-100/2989/138028/2989-138028-0071.flac,175520,
9112,train-clean-100/1246/124550/1246-124550-0027.flac,175520,
9113,train-clean-100/2436/2481/2436-2481-0037.flac,175440,
9114,train-clean-100/3486/166446/3486-166446-0014.flac,175440,
9115,train-clean-100/1081/125237/1081-125237-0034.flac,175360,
9116,train-clean-100/2002/139469/2002-139469-0030.flac,175280,
9117,train-clean-100/3607/29116/3607-29116-0013.flac,175200,
9118,train-clean-100/1040/133433/1040-133433-0044.flac,175200,
9119,train-clean-100/1926/143879/1926-143879-0038.flac,175200,
9120,train-clean-100/3607/29116/3607-29116-0029.flac,175120,
9121,train-clean-100/3440/171009/3440-171009-0055.flac,175120,
9122,train-clean-100/374/180299/374-180299-0023.flac,175120,
9123,train-clean-100/1970/28415/1970-28415-0017.flac,175040,
9124,train-clean-100/2764/36616/2764-36616-0028.flac,175040,
9125,train-clean-100/1970/26100/1970-26100-0009.flac,175040,
9126,train-clean-100/27/123349/27-123349-0034.flac,174960,
9127,train-clean-100/39/121914/39-121914-0000.flac,174800,
9128,train-clean-100/2952/407/2952-407-0011.flac,174800,
9129,train-clean-100/1867/154075/1867-154075-0009.flac,174800,
9130,train-clean-100/332/128985/332-128985-0077.flac,174799,
9131,train-clean-100/1502/122619/1502-122619-0080.flac,174720,
9132,train-clean-100/2007/149877/2007-149877-0039.flac,174720,
9133,train-clean-100/289/121665/289-121665-0028.flac,174720,
9134,train-clean-100/3374/298032/3374-298032-0011.flac,174720,
9135,train-clean-100/1040/133433/1040-133433-0050.flac,174720,
9136,train-clean-100/3440/171009/3440-171009-0010.flac,174640,
9137,train-clean-100/3830/12530/3830-12530-0017.flac,174640,
9138,train-clean-100/1235/135887/1235-135887-0004.flac,174640,
9139,train-clean-100/26/495/26-495-0053.flac,174560,
9140,train-clean-100/3436/172171/3436-172171-0038.flac,174560,
9141,train-clean-100/311/124404/311-124404-0009.flac,174560,
9142,train-clean-100/1926/147979/1926-147979-0023.flac,174480,
9143,train-clean-100/3879/173592/3879-173592-0041.flac,174400,
9144,train-clean-100/1447/130550/1447-130550-0030.flac,174400,
9145,train-clean-100/2196/170151/2196-170151-0007.flac,174320,
9146,train-clean-100/3830/12531/3830-12531-0014.flac,174320,
9147,train-clean-100/1355/39947/1355-39947-0074.flac,174240,
9148,train-clean-100/3240/131231/3240-131231-0050.flac,174160,
9149,train-clean-100/3168/173565/3168-173565-0030.flac,174160,
9150,train-clean-100/163/122947/163-122947-0059.flac,174081,
9151,train-clean-100/2159/179156/2159-179156-0000.flac,174080,
9152,train-clean-100/201/127786/201-127786-0007.flac,174080,
9153,train-clean-100/3699/19401/3699-19401-0004.flac,174080,
9154,train-clean-100/3699/47246/3699-47246-0025.flac,174000,
9155,train-clean-100/1553/140048/1553-140048-0017.flac,174000,
9156,train-clean-100/298/126791/298-126791-0034.flac,173920,
9157,train-clean-100/2514/149482/2514-149482-0036.flac,173920,
9158,train-clean-100/198/126831/198-126831-0013.flac,173840,
9159,train-clean-100/226/131532/226-131532-0017.flac,173840,
9160,train-clean-100/3214/167606/3214-167606-0011.flac,173760,
9161,train-clean-100/1841/159771/1841-159771-0022.flac,173760,
9162,train-clean-100/3112/9555/3112-9555-0003.flac,173760,
9163,train-clean-100/1867/154075/1867-154075-0038.flac,173760,
9164,train-clean-100/3259/158083/3259-158083-0112.flac,173760,
9165,train-clean-100/19/227/19-227-0037.flac,173600,
9166,train-clean-100/1116/137572/1116-137572-0052.flac,173600,
9167,train-clean-100/1970/28415/1970-28415-0039.flac,173520,
9168,train-clean-100/1867/154075/1867-154075-0016.flac,173441,
9169,train-clean-100/307/127535/307-127535-0007.flac,173440,
9170,train-clean-100/2182/150130/2182-150130-0007.flac,173440,
9171,train-clean-100/322/124147/322-124147-0014.flac,173360,
9172,train-clean-100/1116/137572/1116-137572-0031.flac,173360,
9173,train-clean-100/3830/12531/3830-12531-0001.flac,173280,
9174,train-clean-100/211/122425/211-122425-0050.flac,173280,
9175,train-clean-100/226/122538/226-122538-0034.flac,173280,
9176,train-clean-100/1116/132851/1116-132851-0007.flac,173280,
9177,train-clean-100/2159/179156/2159-179156-0016.flac,173280,
9178,train-clean-100/1898/145715/1898-145715-0014.flac,173200,
9179,train-clean-100/2182/181173/2182-181173-0021.flac,173120,
9180,train-clean-100/1867/154071/1867-154071-0023.flac,173040,
9181,train-clean-100/2182/181183/2182-181183-0017.flac,173040,
9182,train-clean-100/233/134440/233-134440-0034.flac,172960,
9183,train-clean-100/1447/17506/1447-17506-0031.flac,172960,
9184,train-clean-100/118/47824/118-47824-0012.flac,172880,
9185,train-clean-100/1116/137572/1116-137572-0025.flac,172880,
9186,train-clean-100/1088/129236/1088-129236-0004.flac,172880,
9187,train-clean-100/1363/135842/1363-135842-0003.flac,172880,
9188,train-clean-100/2911/12359/2911-12359-0025.flac,172800,
9189,train-clean-100/3699/175950/3699-175950-0017.flac,172800,
9190,train-clean-100/1355/39947/1355-39947-0058.flac,172800,
9191,train-clean-100/3699/19402/3699-19402-0025.flac,172720,
9192,train-clean-100/1183/128659/1183-128659-0013.flac,172720,
9193,train-clean-100/19/198/19-198-0002.flac,172720,
9194,train-clean-100/26/495/26-495-0010.flac,172640,
9195,train-clean-100/1235/135883/1235-135883-0049.flac,172640,
9196,train-clean-100/3112/9555/3112-9555-0075.flac,172560,
9197,train-clean-100/248/130644/248-130644-0034.flac,172560,
9198,train-clean-100/3699/19401/3699-19401-0012.flac,172560,
9199,train-clean-100/1040/133433/1040-133433-0042.flac,172560,
9200,train-clean-100/2518/154826/2518-154826-0046.flac,172560,
9201,train-clean-100/196/122159/196-122159-0014.flac,172480,
9202,train-clean-100/2764/36619/2764-36619-0001.flac,172480,
9203,train-clean-100/3235/11599/3235-11599-0026.flac,172480,
9204,train-clean-100/198/129977/198-129977-0026.flac,172400,
9205,train-clean-100/3526/176651/3526-176651-0022.flac,172400,
9206,train-clean-100/298/126790/298-126790-0035.flac,172400,
9207,train-clean-100/2007/132570/2007-132570-0002.flac,172320,
9208,train-clean-100/3699/19401/3699-19401-0021.flac,172240,
9209,train-clean-100/125/121124/125-121124-0032.flac,172240,
9210,train-clean-100/1926/147979/1926-147979-0048.flac,172240,
9211,train-clean-100/211/122425/211-122425-0065.flac,172080,
9212,train-clean-100/2836/5354/2836-5354-0026.flac,172080,
9213,train-clean-100/1116/137572/1116-137572-0029.flac,172080,
9214,train-clean-100/248/130697/248-130697-0025.flac,172000,
9215,train-clean-100/1069/133699/1069-133699-0010.flac,172000,
9216,train-clean-100/1867/148436/1867-148436-0014.flac,172000,
9217,train-clean-100/118/121721/118-121721-0011.flac,172000,
9218,train-clean-100/1502/122619/1502-122619-0000.flac,171920,
9219,train-clean-100/3699/47246/3699-47246-0022.flac,171840,
9220,train-clean-100/150/126112/150-126112-0008.flac,171840,
9221,train-clean-100/1743/142914/1743-142914-0034.flac,171840,
9222,train-clean-100/2384/152900/2384-152900-0033.flac,171840,
9223,train-clean-100/3242/8112/3242-8112-0013.flac,171840,
9224,train-clean-100/289/121652/289-121652-0022.flac,171760,
9225,train-clean-100/1723/141149/1723-141149-0006.flac,171760,
9226,train-clean-100/3242/67168/3242-67168-0022.flac,171760,
9227,train-clean-100/289/121665/289-121665-0027.flac,171760,
9228,train-clean-100/125/121124/125-121124-0082.flac,171760,
9229,train-clean-100/1455/134435/1455-134435-0067.flac,171760,
9230,train-clean-100/2691/156755/2691-156755-0006.flac,171680,
9231,train-clean-100/1034/121119/1034-121119-0005.flac,171680,
9232,train-clean-100/250/142286/250-142286-0018.flac,171680,
9233,train-clean-100/2092/145706/2092-145706-0071.flac,171600,
9234,train-clean-100/3982/178459/3982-178459-0055.flac,171600,
9235,train-clean-100/2436/2481/2436-2481-0024.flac,171520,
9236,train-clean-100/1502/122619/1502-122619-0010.flac,171520,
9237,train-clean-100/226/122538/226-122538-0023.flac,171520,
9238,train-clean-100/1743/142912/1743-142912-0034.flac,171520,
9239,train-clean-100/226/122538/226-122538-0003.flac,171520,
9240,train-clean-100/2989/138035/2989-138035-0016.flac,171440,
9241,train-clean-100/118/47824/118-47824-0063.flac,171360,
9242,train-clean-100/125/121124/125-121124-0061.flac,171360,
9243,train-clean-100/328/129766/328-129766-0085.flac,171360,
9244,train-clean-100/3807/4923/3807-4923-0001.flac,171200,
9245,train-clean-100/27/124992/27-124992-0048.flac,171200,
9246,train-clean-100/1447/130550/1447-130550-0025.flac,171200,
9247,train-clean-100/311/124404/311-124404-0091.flac,171120,
9248,train-clean-100/2159/179157/2159-179157-0014.flac,171120,
9249,train-clean-100/26/495/26-495-0074.flac,171040,
9250,train-clean-100/1737/148989/1737-148989-0006.flac,171040,
9251,train-clean-100/1502/122619/1502-122619-0030.flac,170960,
9252,train-clean-100/3857/180923/3857-180923-0015.flac,170960,
9253,train-clean-100/1455/134435/1455-134435-0046.flac,170800,
9254,train-clean-100/163/122947/163-122947-0078.flac,170799,
9255,train-clean-100/2436/2477/2436-2477-0025.flac,170720,
9256,train-clean-100/1594/135914/1594-135914-0093.flac,170720,
9257,train-clean-100/1069/133699/1069-133699-0005.flac,170720,
9258,train-clean-100/3440/171009/3440-171009-0074.flac,170640,
9259,train-clean-100/248/130652/248-130652-0035.flac,170640,
9260,train-clean-100/2159/179156/2159-179156-0001.flac,170640,
9261,train-clean-100/2518/154826/2518-154826-0009.flac,170640,
9262,train-clean-100/1034/121119/1034-121119-0031.flac,170640,
9263,train-clean-100/2691/156755/2691-156755-0023.flac,170560,
9264,train-clean-100/1034/121119/1034-121119-0066.flac,170480,
9265,train-clean-100/3830/12530/3830-12530-0029.flac,170480,
9266,train-clean-100/226/131533/226-131533-0034.flac,170480,
9267,train-clean-100/3242/8112/3242-8112-0000.flac,170480,
9268,train-clean-100/2989/138035/2989-138035-0025.flac,170480,
9269,train-clean-100/3440/171009/3440-171009-0064.flac,170400,
9270,train-clean-100/26/495/26-495-0034.flac,170400,
9271,train-clean-100/1334/135589/1334-135589-0075.flac,170400,
9272,train-clean-100/2989/138028/2989-138028-0021.flac,170320,
9273,train-clean-100/2416/152139/2416-152139-0021.flac,170320,
9274,train-clean-100/2817/142371/2817-142371-0046.flac,170320,
9275,train-clean-100/1363/135842/1363-135842-0051.flac,170320,
9276,train-clean-100/2518/154826/2518-154826-0049.flac,170240,
9277,train-clean-100/39/121914/39-121914-0051.flac,170240,
9278,train-clean-100/2289/152257/2289-152257-0008.flac,170240,
9279,train-clean-100/39/121914/39-121914-0038.flac,170240,
9280,train-clean-100/1737/142397/1737-142397-0041.flac,170080,
9281,train-clean-100/3436/172171/3436-172171-0015.flac,170080,
9282,train-clean-100/3259/158083/3259-158083-0043.flac,169920,
9283,train-clean-100/211/122425/211-122425-0007.flac,169920,
9284,train-clean-100/298/126791/298-126791-0054.flac,169840,
9285,train-clean-100/39/121915/39-121915-0031.flac,169760,
9286,train-clean-100/27/123349/27-123349-0020.flac,169760,
9287,train-clean-100/254/127705/254-127705-0011.flac,169760,
9288,train-clean-100/39/121914/39-121914-0041.flac,169760,
9289,train-clean-100/1355/39947/1355-39947-0013.flac,169680,
9290,train-clean-100/1867/154071/1867-154071-0014.flac,169520,
9291,train-clean-100/1867/154071/1867-154071-0037.flac,169520,
9292,train-clean-100/3699/175950/3699-175950-0003.flac,169440,
9293,train-clean-100/3947/13262/3947-13262-0008.flac,169360,
9294,train-clean-100/1553/140048/1553-140048-0048.flac,169360,
9295,train-clean-100/32/21625/32-21625-0017.flac,169360,
9296,train-clean-100/2691/156750/2691-156750-0033.flac,169200,
9297,train-clean-100/2416/152137/2416-152137-0012.flac,169120,
9298,train-clean-100/2817/142371/2817-142371-0074.flac,169040,
9299,train-clean-100/2136/5147/2136-5147-0009.flac,168960,
9300,train-clean-100/3947/13262/3947-13262-0034.flac,168960,
9301,train-clean-100/211/122442/211-122442-0015.flac,168960,
9302,train-clean-100/1235/135883/1235-135883-0010.flac,168960,
9303,train-clean-100/1116/137572/1116-137572-0011.flac,168880,
9304,train-clean-100/1841/179183/1841-179183-0011.flac,168880,
9305,train-clean-100/1578/6379/1578-6379-0023.flac,168800,
9306,train-clean-100/233/134440/233-134440-0000.flac,168800,
9307,train-clean-100/1926/147987/1926-147987-0004.flac,168800,
9308,train-clean-100/1447/130551/1447-130551-0001.flac,168800,
9309,train-clean-100/2182/181173/2182-181173-0001.flac,168720,
9310,train-clean-100/2989/138035/2989-138035-0066.flac,168720,
9311,train-clean-100/2416/152137/2416-152137-0027.flac,168640,
9312,train-clean-100/1455/134435/1455-134435-0003.flac,168640,
9313,train-clean-100/3240/131231/3240-131231-0004.flac,168640,
9314,train-clean-100/196/122152/196-122152-0004.flac,168560,
9315,train-clean-100/3112/9555/3112-9555-0007.flac,168559,
9316,train-clean-100/1970/10594/1970-10594-0038.flac,168480,
9317,train-clean-100/2007/149877/2007-149877-0036.flac,168400,
9318,train-clean-100/1737/148989/1737-148989-0033.flac,168400,
9319,train-clean-100/3259/158083/3259-158083-0124.flac,168320,
9320,train-clean-100/1578/6379/1578-6379-0022.flac,168240,
9321,train-clean-100/322/124147/322-124147-0066.flac,168240,
9322,train-clean-100/250/142286/250-142286-0016.flac,168240,
9323,train-clean-100/2289/152253/2289-152253-0027.flac,168240,
9324,train-clean-100/2136/5143/2136-5143-0027.flac,168240,
9325,train-clean-100/211/122425/211-122425-0055.flac,168160,
9326,train-clean-100/3830/12530/3830-12530-0040.flac,168079,
9327,train-clean-100/1743/142912/1743-142912-0020.flac,168000,
9328,train-clean-100/1263/138246/1263-138246-0020.flac,168000,
9329,train-clean-100/3879/173592/3879-173592-0012.flac,168000,
9330,train-clean-100/3699/47246/3699-47246-0017.flac,168000,
9331,train-clean-100/1594/135914/1594-135914-0120.flac,167920,
9332,train-clean-100/1743/142914/1743-142914-0013.flac,167840,
9333,train-clean-100/254/127705/254-127705-0034.flac,167840,
9334,train-clean-100/302/123523/302-123523-0022.flac,167840,
9335,train-clean-100/118/121721/118-121721-0017.flac,167840,
9336,train-clean-100/1034/121119/1034-121119-0048.flac,167760,
9337,train-clean-100/2910/131096/2910-131096-0045.flac,167760,
9338,train-clean-100/2002/139469/2002-139469-0078.flac,167760,
9339,train-clean-100/1553/140048/1553-140048-0020.flac,167760,
9340,train-clean-100/1081/125237/1081-125237-0004.flac,167680,
9341,train-clean-100/3607/29116/3607-29116-0023.flac,167680,
9342,train-clean-100/3436/172162/3436-172162-0021.flac,167680,
9343,train-clean-100/1926/147987/1926-147987-0002.flac,167520,
9344,train-clean-100/3240/131231/3240-131231-0080.flac,167520,
9345,train-clean-100/2416/152139/2416-152139-0033.flac,167360,
9346,train-clean-100/1355/39947/1355-39947-0092.flac,167280,
9347,train-clean-100/3699/47246/3699-47246-0019.flac,167200,
9348,train-clean-100/1235/135884/1235-135884-0031.flac,167120,
9349,train-clean-100/3436/172162/3436-172162-0044.flac,167120,
9350,train-clean-100/3947/13260/3947-13260-0046.flac,167040,
9351,train-clean-100/2843/152918/2843-152918-0085.flac,166960,
9352,train-clean-100/1743/142913/1743-142913-0029.flac,166800,
9353,train-clean-100/2817/142371/2817-142371-0027.flac,166720,
9354,train-clean-100/1841/150351/1841-150351-0020.flac,166720,
9355,train-clean-100/2391/145015/2391-145015-0022.flac,166640,
9356,train-clean-100/2989/138035/2989-138035-0023.flac,166640,
9357,train-clean-100/3526/175658/3526-175658-0020.flac,166560,
9358,train-clean-100/2952/407/2952-407-0010.flac,166560,
9359,train-clean-100/254/12312/254-12312-0018.flac,166480,
9360,train-clean-100/2384/152900/2384-152900-0041.flac,166400,
9361,train-clean-100/118/47824/118-47824-0064.flac,166400,
9362,train-clean-100/1034/121119/1034-121119-0095.flac,166400,
9363,train-clean-100/3879/173592/3879-173592-0006.flac,166320,
9364,train-clean-100/1594/135914/1594-135914-0128.flac,166320,
9365,train-clean-100/307/127540/307-127540-0003.flac,166320,
9366,train-clean-100/332/128985/332-128985-0078.flac,166241,
9367,train-clean-100/3947/13260/3947-13260-0036.flac,166240,
9368,train-clean-100/211/122442/211-122442-0005.flac,166240,
9369,train-clean-100/2764/36617/2764-36617-0030.flac,166160,
9370,train-clean-100/254/127705/254-127705-0001.flac,166160,
9371,train-clean-100/201/127786/201-127786-0022.flac,166160,
9372,train-clean-100/1553/140048/1553-140048-0037.flac,166160,
9373,train-clean-100/1963/142393/1963-142393-0040.flac,166080,
9374,train-clean-100/211/122425/211-122425-0060.flac,166080,
9375,train-clean-100/198/126831/198-126831-0044.flac,166000,
9376,train-clean-100/3857/182315/3857-182315-0006.flac,165920,
9377,train-clean-100/2911/15045/2911-15045-0019.flac,165920,
9378,train-clean-100/2911/7601/2911-7601-0014.flac,165840,
9379,train-clean-100/374/180298/374-180298-0043.flac,165840,
9380,train-clean-100/328/129766/328-129766-0069.flac,165760,
9381,train-clean-100/2196/174172/2196-174172-0003.flac,165760,
9382,train-clean-100/1963/142393/1963-142393-0003.flac,165680,
9383,train-clean-100/1040/133433/1040-133433-0023.flac,165600,
9384,train-clean-100/2436/2476/2436-2476-0019.flac,165600,
9385,train-clean-100/2989/138028/2989-138028-0013.flac,165519,
9386,train-clean-100/3242/67168/3242-67168-0004.flac,165440,
9387,train-clean-100/3374/298026/3374-298026-0039.flac,165440,
9388,train-clean-100/2002/139469/2002-139469-0109.flac,165440,
9389,train-clean-100/1081/125237/1081-125237-0000.flac,165440,
9390,train-clean-100/1963/147036/1963-147036-0032.flac,165360,
9391,train-clean-100/3879/174923/3879-174923-0016.flac,165360,
9392,train-clean-100/3436/172171/3436-172171-0039.flac,165360,
9393,train-clean-100/1246/124548/1246-124548-0048.flac,165280,
9394,train-clean-100/150/132655/150-132655-0002.flac,165200,
9395,train-clean-100/3526/175658/3526-175658-0013.flac,165120,
9396,train-clean-100/1926/143879/1926-143879-0026.flac,165120,
9397,train-clean-100/1594/135914/1594-135914-0023.flac,165120,
9398,train-clean-100/3830/12535/3830-12535-0009.flac,165040,
9399,train-clean-100/1502/122619/1502-122619-0096.flac,165040,
9400,train-clean-100/39/121915/39-121915-0024.flac,165040,
9401,train-clean-100/1553/140048/1553-140048-0038.flac,165040,
9402,train-clean-100/2289/152258/2289-152258-0028.flac,164880,
9403,train-clean-100/1081/125237/1081-125237-0075.flac,164801,
9404,train-clean-100/2764/36616/2764-36616-0029.flac,164800,
9405,train-clean-100/328/129766/328-129766-0003.flac,164800,
9406,train-clean-100/1898/145715/1898-145715-0006.flac,164720,
9407,train-clean-100/3830/12530/3830-12530-0028.flac,164720,
9408,train-clean-100/3374/298032/3374-298032-0042.flac,164640,
9409,train-clean-100/1447/130550/1447-130550-0004.flac,164640,
9410,train-clean-100/163/121908/163-121908-0011.flac,164480,
9411,train-clean-100/2436/2477/2436-2477-0034.flac,164480,
9412,train-clean-100/1926/143879/1926-143879-0012.flac,164400,
9413,train-clean-100/307/127535/307-127535-0036.flac,164400,
9414,train-clean-100/1841/179183/1841-179183-0028.flac,164400,
9415,train-clean-100/1594/135914/1594-135914-0123.flac,164320,
9416,train-clean-100/2691/156745/2691-156745-0031.flac,164320,
9417,train-clean-100/311/124404/311-124404-0104.flac,164240,
9418,train-clean-100/3486/166424/3486-166424-0035.flac,164160,
9419,train-clean-100/2007/132570/2007-132570-0010.flac,164080,
9420,train-clean-100/1743/142912/1743-142912-0024.flac,164000,
9421,train-clean-100/2952/408/2952-408-0006.flac,164000,
9422,train-clean-100/1455/134435/1455-134435-0045.flac,164000,
9423,train-clean-100/2136/5140/2136-5140-0009.flac,164000,
9424,train-clean-100/201/122255/201-122255-0025.flac,163920,
9425,train-clean-100/118/121721/118-121721-0016.flac,163840,
9426,train-clean-100/3807/4955/3807-4955-0020.flac,163840,
9427,train-clean-100/3486/166424/3486-166424-0004.flac,163840,
9428,train-clean-100/1578/140049/1578-140049-0030.flac,163760,
9429,train-clean-100/3168/173565/3168-173565-0000.flac,163760,
9430,train-clean-100/1040/133433/1040-133433-0053.flac,163680,
9431,train-clean-100/1034/121119/1034-121119-0070.flac,163680,
9432,train-clean-100/1081/125237/1081-125237-0058.flac,163680,
9433,train-clean-100/250/142286/250-142286-0019.flac,163600,
9434,train-clean-100/2196/170151/2196-170151-0030.flac,163600,
9435,train-clean-100/1898/145724/1898-145724-0007.flac,163440,
9436,train-clean-100/233/155990/233-155990-0022.flac,163440,
9437,train-clean-100/1455/138263/1455-138263-0012.flac,163440,
9438,train-clean-100/1455/134435/1455-134435-0033.flac,163440,
9439,train-clean-100/2002/139469/2002-139469-0005.flac,163440,
9440,train-clean-100/3699/19401/3699-19401-0026.flac,163360,
9441,train-clean-100/1594/135914/1594-135914-0016.flac,163360,
9442,train-clean-100/2159/179157/2159-179157-0016.flac,163280,
9443,train-clean-100/1098/133695/1098-133695-0010.flac,163280,
9444,train-clean-100/39/121914/39-121914-0003.flac,163200,
9445,train-clean-100/2136/5140/2136-5140-0021.flac,163200,
9446,train-clean-100/298/126791/298-126791-0038.flac,163200,
9447,train-clean-100/233/155990/233-155990-0008.flac,162880,
9448,train-clean-100/3240/131231/3240-131231-0079.flac,162880,
9449,train-clean-100/3235/28433/3235-28433-0047.flac,162880,
9450,train-clean-100/3374/298026/3374-298026-0015.flac,162720,
9451,train-clean-100/1355/39947/1355-39947-0097.flac,162720,
9452,train-clean-100/254/127705/254-127705-0036.flac,162640,
9453,train-clean-100/3240/131231/3240-131231-0041.flac,162640,
9454,train-clean-100/3879/174923/3879-174923-0037.flac,162560,
9455,train-clean-100/311/124404/311-124404-0109.flac,162560,
9456,train-clean-100/1355/39947/1355-39947-0043.flac,162560,
9457,train-clean-100/1963/142393/1963-142393-0050.flac,162480,
9458,train-clean-100/39/121916/39-121916-0029.flac,162480,
9459,train-clean-100/1594/135914/1594-135914-0127.flac,162480,
9460,train-clean-100/332/128985/332-128985-0033.flac,162480,
9461,train-clean-100/1926/143879/1926-143879-0044.flac,162400,
9462,train-clean-100/3947/13260/3947-13260-0001.flac,162400,
9463,train-clean-100/3235/11599/3235-11599-0024.flac,162320,
9464,train-clean-100/3982/178459/3982-178459-0024.flac,162240,
9465,train-clean-100/211/122442/211-122442-0003.flac,162160,
9466,train-clean-100/3879/174923/3879-174923-0004.flac,162160,
9467,train-clean-100/3830/12530/3830-12530-0004.flac,162000,
9468,train-clean-100/3699/47246/3699-47246-0006.flac,162000,
9469,train-clean-100/1502/122615/1502-122615-0038.flac,161920,
9470,train-clean-100/2416/152137/2416-152137-0020.flac,161840,
9471,train-clean-100/2911/15045/2911-15045-0018.flac,161760,
9472,train-clean-100/3486/166446/3486-166446-0012.flac,161760,
9473,train-clean-100/2136/5143/2136-5143-0044.flac,161760,
9474,train-clean-100/2989/138035/2989-138035-0030.flac,161680,
9475,train-clean-100/233/155990/233-155990-0036.flac,161680,
9476,train-clean-100/1898/145702/1898-145702-0003.flac,161440,
9477,train-clean-100/3168/173565/3168-173565-0057.flac,161440,
9478,train-clean-100/150/132655/150-132655-0028.flac,161440,
9479,train-clean-100/26/495/26-495-0024.flac,161280,
9480,train-clean-100/3982/178459/3982-178459-0053.flac,161280,
9481,train-clean-100/2002/139469/2002-139469-0113.flac,161200,
9482,train-clean-100/2007/132570/2007-132570-0011.flac,161200,
9483,train-clean-100/32/4137/32-4137-0026.flac,161200,
9484,train-clean-100/1578/140049/1578-140049-0038.flac,161200,
9485,train-clean-100/233/155990/233-155990-0024.flac,161040,
9486,train-clean-100/3436/172162/3436-172162-0020.flac,161040,
9487,train-clean-100/2518/154825/2518-154825-0007.flac,160880,
9488,train-clean-100/27/123349/27-123349-0035.flac,160880,
9489,train-clean-100/2436/2476/2436-2476-0023.flac,160880,
9490,train-clean-100/2911/12359/2911-12359-0017.flac,160720,
9491,train-clean-100/3214/167606/3214-167606-0003.flac,160641,
9492,train-clean-100/103/1240/103-1240-0009.flac,160480,
9493,train-clean-100/2514/149482/2514-149482-0038.flac,160480,
9494,train-clean-100/2764/36616/2764-36616-0027.flac,160400,
9495,train-clean-100/248/130644/248-130644-0023.flac,160320,
9496,train-clean-100/2384/152900/2384-152900-0024.flac,160240,
9497,train-clean-100/3486/166446/3486-166446-0026.flac,160240,
9498,train-clean-100/3259/158083/3259-158083-0023.flac,160240,
9499,train-clean-100/118/47824/118-47824-0076.flac,160161,
9500,train-clean-100/27/124992/27-124992-0030.flac,160080,
9501,train-clean-100/3436/172171/3436-172171-0028.flac,160000,
9502,train-clean-100/1235/135887/1235-135887-0031.flac,159920,
9503,train-clean-100/2289/152254/2289-152254-0025.flac,159840,
9504,train-clean-100/250/142286/250-142286-0027.flac,159840,
9505,train-clean-100/1898/145715/1898-145715-0044.flac,159760,
9506,train-clean-100/248/130644/248-130644-0031.flac,159760,
9507,train-clean-100/3112/9555/3112-9555-0030.flac,159680,
9508,train-clean-100/311/124404/311-124404-0032.flac,159680,
9509,train-clean-100/1363/135842/1363-135842-0017.flac,159600,
9510,train-clean-100/2989/138028/2989-138028-0061.flac,159600,
9511,train-clean-100/1867/154071/1867-154071-0013.flac,159520,
9512,train-clean-100/2952/407/2952-407-0012.flac,159440,
9513,train-clean-100/3440/171009/3440-171009-0019.flac,159440,
9514,train-clean-100/1970/26100/1970-26100-0026.flac,159360,
9515,train-clean-100/1034/121119/1034-121119-0069.flac,159360,
9516,train-clean-100/2893/139310/2893-139310-0005.flac,159360,
9517,train-clean-100/1183/133256/1183-133256-0001.flac,159280,
9518,train-clean-100/3259/158083/3259-158083-0030.flac,159200,
9519,train-clean-100/2436/2481/2436-2481-0006.flac,159200,
9520,train-clean-100/1502/122619/1502-122619-0053.flac,159040,
9521,train-clean-100/250/140277/250-140277-0002.flac,159040,
9522,train-clean-100/125/121124/125-121124-0036.flac,158960,
9523,train-clean-100/211/122425/211-122425-0077.flac,158880,
9524,train-clean-100/1737/148989/1737-148989-0028.flac,158880,
9525,train-clean-100/118/47824/118-47824-0079.flac,158880,
9526,train-clean-100/3830/12535/3830-12535-0033.flac,158800,
9527,train-clean-100/3526/176651/3526-176651-0016.flac,158720,
9528,train-clean-100/196/122150/196-122150-0040.flac,158720,
9529,train-clean-100/3486/166446/3486-166446-0022.flac,158720,
9530,train-clean-100/1970/26100/1970-26100-0025.flac,158640,
9531,train-clean-100/1898/145715/1898-145715-0042.flac,158560,
9532,train-clean-100/1970/28415/1970-28415-0018.flac,158560,
9533,train-clean-100/3526/176653/3526-176653-0021.flac,158560,
9534,train-clean-100/2136/5147/2136-5147-0014.flac,158560,
9535,train-clean-100/2952/410/2952-410-0041.flac,158480,
9536,train-clean-100/3112/9555/3112-9555-0073.flac,158400,
9537,train-clean-100/2952/408/2952-408-0008.flac,158240,
9538,train-clean-100/1183/133256/1183-133256-0004.flac,158240,
9539,train-clean-100/298/126790/298-126790-0009.flac,158240,
9540,train-clean-100/200/126784/200-126784-0027.flac,158240,
9541,train-clean-100/3830/12531/3830-12531-0023.flac,158240,
9542,train-clean-100/3240/131231/3240-131231-0063.flac,158240,
9543,train-clean-100/1926/147987/1926-147987-0023.flac,158240,
9544,train-clean-100/1098/133695/1098-133695-0041.flac,158160,
9545,train-clean-100/307/127540/307-127540-0027.flac,158160,
9546,train-clean-100/32/21625/32-21625-0005.flac,158160,
9547,train-clean-100/1040/133433/1040-133433-0068.flac,158081,
9548,train-clean-100/27/124992/27-124992-0040.flac,158080,
9549,train-clean-100/1624/142933/1624-142933-0020.flac,158080,
9550,train-clean-100/3486/166424/3486-166424-0074.flac,158080,
9551,train-clean-100/1081/125237/1081-125237-0006.flac,158000,
9552,train-clean-100/2002/139469/2002-139469-0072.flac,158000,
9553,train-clean-100/3699/19402/3699-19402-0029.flac,157760,
9554,train-clean-100/1737/142397/1737-142397-0039.flac,157600,
9555,train-clean-100/1355/39947/1355-39947-0048.flac,157600,
9556,train-clean-100/1867/148436/1867-148436-0034.flac,157600,
9557,train-clean-100/1088/129236/1088-129236-0000.flac,157520,
9558,train-clean-100/3374/298025/3374-298025-0002.flac,157520,
9559,train-clean-100/1970/26100/1970-26100-0004.flac,157520,
9560,train-clean-100/1069/133699/1069-133699-0054.flac,157360,
9561,train-clean-100/3259/158083/3259-158083-0091.flac,157360,
9562,train-clean-100/200/124139/200-124139-0011.flac,157280,
9563,train-clean-100/3168/173565/3168-173565-0041.flac,157280,
9564,train-clean-100/3526/175658/3526-175658-0023.flac,157280,
9565,train-clean-100/2289/152258/2289-152258-0029.flac,157280,
9566,train-clean-100/1898/145715/1898-145715-0040.flac,157200,
9567,train-clean-100/3947/13262/3947-13262-0020.flac,157120,
9568,train-clean-100/1841/179183/1841-179183-0035.flac,157120,
9569,train-clean-100/302/123516/302-123516-0020.flac,157120,
9570,train-clean-100/1363/139304/1363-139304-0009.flac,157120,
9571,train-clean-100/374/180299/374-180299-0035.flac,157040,
9572,train-clean-100/2436/2477/2436-2477-0026.flac,156800,
9573,train-clean-100/2989/138028/2989-138028-0039.flac,156720,
9574,train-clean-100/3168/173565/3168-173565-0009.flac,156720,
9575,train-clean-100/201/122255/201-122255-0034.flac,156720,
9576,train-clean-100/248/130697/248-130697-0014.flac,156640,
9577,train-clean-100/1867/154075/1867-154075-0011.flac,156480,
9578,train-clean-100/229/130880/229-130880-0062.flac,156480,
9579,train-clean-100/2817/142371/2817-142371-0078.flac,156400,
9580,train-clean-100/3947/13262/3947-13262-0044.flac,156320,
9581,train-clean-100/1034/121119/1034-121119-0085.flac,156320,
9582,train-clean-100/211/122442/211-122442-0034.flac,156320,
9583,train-clean-100/1624/168623/1624-168623-0031.flac,156241,
9584,train-clean-100/1447/17506/1447-17506-0015.flac,156240,
9585,train-clean-100/1363/139304/1363-139304-0028.flac,156240,
9586,train-clean-100/1743/142912/1743-142912-0014.flac,156240,
9587,train-clean-100/211/122425/211-122425-0043.flac,156240,
9588,train-clean-100/2911/15084/2911-15084-0003.flac,156160,
9589,train-clean-100/3526/176653/3526-176653-0046.flac,156160,
9590,train-clean-100/311/124404/311-124404-0092.flac,156160,
9591,train-clean-100/322/124147/322-124147-0047.flac,156080,
9592,train-clean-100/2893/139310/2893-139310-0009.flac,156000,
9593,train-clean-100/1926/147979/1926-147979-0009.flac,156000,
9594,train-clean-100/3486/166424/3486-166424-0008.flac,156000,
9595,train-clean-100/1069/133709/1069-133709-0052.flac,156000,
9596,train-clean-100/2002/139469/2002-139469-0033.flac,155840,
9597,train-clean-100/1737/142396/1737-142396-0006.flac,155840,
9598,train-clean-100/1743/142914/1743-142914-0004.flac,155840,
9599,train-clean-100/1455/134435/1455-134435-0054.flac,155840,
9600,train-clean-100/211/122442/211-122442-0037.flac,155760,
9601,train-clean-100/2952/407/2952-407-0014.flac,155760,
9602,train-clean-100/1116/132847/1116-132847-0018.flac,155680,
9603,train-clean-100/2691/156745/2691-156745-0005.flac,155680,
9604,train-clean-100/3947/13262/3947-13262-0048.flac,155680,
9605,train-clean-100/3982/178459/3982-178459-0006.flac,155600,
9606,train-clean-100/2182/150130/2182-150130-0008.flac,155600,
9607,train-clean-100/3168/173564/3168-173564-0000.flac,155520,
9608,train-clean-100/1963/142776/1963-142776-0012.flac,155520,
9609,train-clean-100/211/122442/211-122442-0022.flac,155440,
9610,train-clean-100/1867/154071/1867-154071-0026.flac,155440,
9611,train-clean-100/328/129766/328-129766-0088.flac,155440,
9612,train-clean-100/3699/175950/3699-175950-0001.flac,155440,
9613,train-clean-100/103/1241/103-1241-0020.flac,155360,
9614,train-clean-100/1116/132847/1116-132847-0032.flac,155360,
9615,train-clean-100/322/124147/322-124147-0045.flac,155280,
9616,train-clean-100/2391/145015/2391-145015-0035.flac,155280,
9617,train-clean-100/1737/146161/1737-146161-0015.flac,155120,
9618,train-clean-100/3879/173592/3879-173592-0016.flac,155120,
9619,train-clean-100/1246/124548/1246-124548-0038.flac,154960,
9620,train-clean-100/1578/6379/1578-6379-0024.flac,154960,
9621,train-clean-100/1594/135914/1594-135914-0096.flac,154880,
9622,train-clean-100/3807/4923/3807-4923-0037.flac,154880,
9623,train-clean-100/26/495/26-495-0000.flac,154800,
9624,train-clean-100/3436/172162/3436-172162-0029.flac,154800,
9625,train-clean-100/298/126791/298-126791-0052.flac,154800,
9626,train-clean-100/3440/171006/3440-171006-0029.flac,154720,
9627,train-clean-100/248/130652/248-130652-0001.flac,154720,
9628,train-clean-100/229/130880/229-130880-0077.flac,154640,
9629,train-clean-100/1455/134435/1455-134435-0021.flac,154640,
9630,train-clean-100/307/127539/307-127539-0033.flac,154640,
9631,train-clean-100/332/128985/332-128985-0037.flac,154560,
9632,train-clean-100/1963/142776/1963-142776-0007.flac,154480,
9633,train-clean-100/1502/122619/1502-122619-0085.flac,154480,
9634,train-clean-100/1034/121119/1034-121119-0039.flac,154480,
9635,train-clean-100/200/124139/200-124139-0010.flac,154400,
9636,train-clean-100/118/47824/118-47824-0054.flac,154320,
9637,train-clean-100/3259/158083/3259-158083-0020.flac,154320,
9638,train-clean-100/2952/410/2952-410-0008.flac,154320,
9639,train-clean-100/1867/154075/1867-154075-0010.flac,154240,
9640,train-clean-100/200/124139/200-124139-0017.flac,154240,
9641,train-clean-100/198/126831/198-126831-0019.flac,154080,
9642,train-clean-100/163/122947/163-122947-0007.flac,154080,
9643,train-clean-100/1723/141149/1723-141149-0062.flac,154000,
9644,train-clean-100/3947/13260/3947-13260-0006.flac,154000,
9645,train-clean-100/1578/140045/1578-140045-0022.flac,154000,
9646,train-clean-100/2691/156745/2691-156745-0026.flac,153920,
9647,train-clean-100/1578/6379/1578-6379-0002.flac,153840,
9648,train-clean-100/374/180299/374-180299-0038.flac,153840,
9649,train-clean-100/3240/131231/3240-131231-0031.flac,153840,
9650,train-clean-100/211/122442/211-122442-0074.flac,153680,
9651,train-clean-100/3168/173565/3168-173565-0021.flac,153680,
9652,train-clean-100/3112/9555/3112-9555-0009.flac,153680,
9653,train-clean-100/254/12312/254-12312-0010.flac,153680,
9654,train-clean-100/3374/298032/3374-298032-0022.flac,153600,
9655,train-clean-100/1841/179183/1841-179183-0038.flac,153520,
9656,train-clean-100/2911/7601/2911-7601-0029.flac,153520,
9657,train-clean-100/3830/12535/3830-12535-0022.flac,153520,
9658,train-clean-100/2911/12359/2911-12359-0021.flac,153440,
9659,train-clean-100/307/127535/307-127535-0034.flac,153440,
9660,train-clean-100/200/124140/200-124140-0019.flac,153440,
9661,train-clean-100/39/121914/39-121914-0036.flac,153440,
9662,train-clean-100/150/126112/150-126112-0013.flac,153440,
9663,train-clean-100/1743/142914/1743-142914-0012.flac,153360,
9664,train-clean-100/118/47824/118-47824-0058.flac,153360,
9665,train-clean-100/103/1240/103-1240-0006.flac,153280,
9666,train-clean-100/322/124146/322-124146-0026.flac,153200,
9667,train-clean-100/3259/158083/3259-158083-0104.flac,153120,
9668,train-clean-100/163/122947/163-122947-0076.flac,153040,
9669,train-clean-100/26/495/26-495-0049.flac,153040,
9670,train-clean-100/2182/181173/2182-181173-0031.flac,152960,
9671,train-clean-100/3857/180923/3857-180923-0001.flac,152960,
9672,train-clean-100/302/123523/302-123523-0016.flac,152960,
9673,train-clean-100/2136/5140/2136-5140-0027.flac,152880,
9674,train-clean-100/2436/2476/2436-2476-0038.flac,152800,
9675,train-clean-100/1926/147979/1926-147979-0022.flac,152800,
9676,train-clean-100/1081/125237/1081-125237-0061.flac,152800,
9677,train-clean-100/2007/149877/2007-149877-0030.flac,152800,
9678,train-clean-100/118/47824/118-47824-0010.flac,152720,
9679,train-clean-100/2843/152918/2843-152918-0097.flac,152560,
9680,train-clean-100/198/126831/198-126831-0016.flac,152480,
9681,train-clean-100/248/130697/248-130697-0026.flac,152400,
9682,train-clean-100/374/180299/374-180299-0037.flac,152400,
9683,train-clean-100/298/126791/298-126791-0037.flac,152400,
9684,train-clean-100/2893/139322/2893-139322-0052.flac,152320,
9685,train-clean-100/307/127539/307-127539-0019.flac,152320,
9686,train-clean-100/2817/142371/2817-142371-0073.flac,152320,
9687,train-clean-100/1069/133699/1069-133699-0017.flac,152320,
9688,train-clean-100/1455/134435/1455-134435-0065.flac,152240,
9689,train-clean-100/1098/133695/1098-133695-0013.flac,152160,
9690,train-clean-100/2764/36617/2764-36617-0020.flac,152160,
9691,train-clean-100/3112/9555/3112-9555-0071.flac,152080,
9692,train-clean-100/1926/147987/1926-147987-0018.flac,152000,
9693,train-clean-100/27/123349/27-123349-0021.flac,151920,
9694,train-clean-100/1553/140047/1553-140047-0028.flac,151920,
9695,train-clean-100/2384/152900/2384-152900-0032.flac,151840,
9696,train-clean-100/3607/29116/3607-29116-0007.flac,151840,
9697,train-clean-100/1081/125237/1081-125237-0114.flac,151840,
9698,train-clean-100/2159/179154/2159-179154-0015.flac,151840,
9699,train-clean-100/1867/154071/1867-154071-0009.flac,151760,
9700,train-clean-100/32/4137/32-4137-0027.flac,151600,
9701,train-clean-100/2289/152258/2289-152258-0040.flac,151600,
9702,train-clean-100/229/130880/229-130880-0017.flac,151520,
9703,train-clean-100/374/180298/374-180298-0059.flac,151520,
9704,train-clean-100/1455/134435/1455-134435-0037.flac,151520,
9705,train-clean-100/2691/156755/2691-156755-0029.flac,151520,
9706,train-clean-100/211/122442/211-122442-0073.flac,151440,
9707,train-clean-100/3664/178366/3664-178366-0027.flac,151440,
9708,train-clean-100/2416/152139/2416-152139-0010.flac,151440,
9709,train-clean-100/196/122159/196-122159-0025.flac,151280,
9710,train-clean-100/3235/28433/3235-28433-0004.flac,151280,
9711,train-clean-100/1743/142913/1743-142913-0022.flac,151040,
9712,train-clean-100/211/122442/211-122442-0072.flac,151040,
9713,train-clean-100/103/1241/103-1241-0018.flac,150960,
9714,train-clean-100/2518/154825/2518-154825-0055.flac,150960,
9715,train-clean-100/1841/159771/1841-159771-0032.flac,150960,
9716,train-clean-100/2952/407/2952-407-0023.flac,150960,
9717,train-clean-100/1116/137572/1116-137572-0012.flac,150880,
9718,train-clean-100/200/124139/200-124139-0028.flac,150880,
9719,train-clean-100/3879/174923/3879-174923-0072.flac,150880,
9720,train-clean-100/2159/179157/2159-179157-0019.flac,150800,
9721,train-clean-100/229/130880/229-130880-0024.flac,150720,
9722,train-clean-100/2843/152918/2843-152918-0076.flac,150720,
9723,train-clean-100/2691/156745/2691-156745-0020.flac,150640,
9724,train-clean-100/3982/178459/3982-178459-0018.flac,150560,
9725,train-clean-100/1502/122619/1502-122619-0048.flac,150480,
9726,train-clean-100/1970/28415/1970-28415-0005.flac,150400,
9727,train-clean-100/3259/158083/3259-158083-0105.flac,150320,
9728,train-clean-100/3486/166446/3486-166446-0039.flac,150240,
9729,train-clean-100/1963/142393/1963-142393-0024.flac,150240,
9730,train-clean-100/322/124146/322-124146-0004.flac,150160,
9731,train-clean-100/1034/121119/1034-121119-0068.flac,150160,
9732,train-clean-100/2893/139310/2893-139310-0008.flac,150160,
9733,train-clean-100/1116/132847/1116-132847-0015.flac,150080,
9734,train-clean-100/2196/170379/2196-170379-0015.flac,150080,
9735,train-clean-100/298/126790/298-126790-0012.flac,150000,
9736,train-clean-100/1098/133695/1098-133695-0030.flac,150000,
9737,train-clean-100/1743/142913/1743-142913-0011.flac,150000,
9738,train-clean-100/289/121652/289-121652-0033.flac,149999,
9739,train-clean-100/3857/180923/3857-180923-0020.flac,149920,
9740,train-clean-100/118/47824/118-47824-0031.flac,149840,
9741,train-clean-100/302/123516/302-123516-0018.flac,149760,
9742,train-clean-100/2007/132570/2007-132570-0013.flac,149680,
9743,train-clean-100/211/122442/211-122442-0001.flac,149360,
9744,train-clean-100/322/124147/322-124147-0065.flac,149360,
9745,train-clean-100/1081/125237/1081-125237-0090.flac,149280,
9746,train-clean-100/118/124588/118-124588-0011.flac,149280,
9747,train-clean-100/1898/145715/1898-145715-0016.flac,149280,
9748,train-clean-100/3112/9554/3112-9554-0020.flac,149120,
9749,train-clean-100/1081/125237/1081-125237-0098.flac,149040,
9750,train-clean-100/328/129766/328-129766-0075.flac,148960,
9751,train-clean-100/1992/141719/1992-141719-0046.flac,148880,
9752,train-clean-100/3830/12529/3830-12529-0001.flac,148880,
9753,train-clean-100/1183/128659/1183-128659-0009.flac,148880,
9754,train-clean-100/2817/142371/2817-142371-0058.flac,148880,
9755,train-clean-100/1594/135914/1594-135914-0089.flac,148800,
9756,train-clean-100/254/145458/254-145458-0010.flac,148800,
9757,train-clean-100/307/127539/307-127539-0015.flac,148720,
9758,train-clean-100/1034/121119/1034-121119-0074.flac,148640,
9759,train-clean-100/201/122255/201-122255-0017.flac,148560,
9760,train-clean-100/1743/142913/1743-142913-0008.flac,148480,
9761,train-clean-100/39/121915/39-121915-0003.flac,148480,
9762,train-clean-100/2136/5140/2136-5140-0026.flac,148480,
9763,train-clean-100/2989/138028/2989-138028-0069.flac,148400,
9764,train-clean-100/1992/141719/1992-141719-0002.flac,148400,
9765,train-clean-100/1034/121119/1034-121119-0061.flac,148400,
9766,train-clean-100/1447/130550/1447-130550-0010.flac,148320,
9767,train-clean-100/1334/135589/1334-135589-0064.flac,148320,
9768,train-clean-100/1970/28415/1970-28415-0013.flac,148320,
9769,train-clean-100/1447/17506/1447-17506-0005.flac,148160,
9770,train-clean-100/201/127786/201-127786-0044.flac,148160,
9771,train-clean-100/1098/133695/1098-133695-0091.flac,148000,
9772,train-clean-100/211/122442/211-122442-0009.flac,147920,
9773,train-clean-100/2384/152900/2384-152900-0027.flac,147920,
9774,train-clean-100/2911/15084/2911-15084-0013.flac,147840,
9775,train-clean-100/1455/134435/1455-134435-0011.flac,147760,
9776,train-clean-100/2182/181183/2182-181183-0015.flac,147680,
9777,train-clean-100/2007/149877/2007-149877-0054.flac,147680,
9778,train-clean-100/3486/166424/3486-166424-0044.flac,147600,
9779,train-clean-100/3168/173564/3168-173564-0008.flac,147520,
9780,train-clean-100/3436/172171/3436-172171-0022.flac,147520,
9781,train-clean-100/1502/122619/1502-122619-0017.flac,147520,
9782,train-clean-100/1926/147979/1926-147979-0042.flac,147520,
9783,train-clean-100/2952/410/2952-410-0003.flac,147439,
9784,train-clean-100/248/130644/248-130644-0027.flac,147360,
9785,train-clean-100/1034/121119/1034-121119-0004.flac,147280,
9786,train-clean-100/1594/135914/1594-135914-0018.flac,147120,
9787,train-clean-100/1737/142397/1737-142397-0022.flac,147040,
9788,train-clean-100/3112/9555/3112-9555-0088.flac,147040,
9789,train-clean-100/118/121721/118-121721-0021.flac,147040,
9790,train-clean-100/118/124588/118-124588-0017.flac,146960,
9791,train-clean-100/2952/410/2952-410-0005.flac,146960,
9792,train-clean-100/1578/6379/1578-6379-0010.flac,146880,
9793,train-clean-100/1034/121119/1034-121119-0094.flac,146800,
9794,train-clean-100/1040/133433/1040-133433-0043.flac,146800,
9795,train-clean-100/201/122255/201-122255-0038.flac,146799,
9796,train-clean-100/3486/166446/3486-166446-0016.flac,146720,
9797,train-clean-100/289/121652/289-121652-0023.flac,146640,
9798,train-clean-100/3259/158083/3259-158083-0046.flac,146640,
9799,train-clean-100/1447/17506/1447-17506-0021.flac,146640,
9800,train-clean-100/229/130880/229-130880-0021.flac,146560,
9801,train-clean-100/1455/138263/1455-138263-0007.flac,146560,
9802,train-clean-100/3807/4955/3807-4955-0032.flac,146560,
9803,train-clean-100/2843/152918/2843-152918-0052.flac,146560,
9804,train-clean-100/1841/179183/1841-179183-0034.flac,146560,
9805,train-clean-100/374/180298/374-180298-0038.flac,146320,
9806,train-clean-100/1447/130550/1447-130550-0024.flac,146240,
9807,train-clean-100/201/122255/201-122255-0021.flac,146240,
9808,train-clean-100/2989/138035/2989-138035-0036.flac,146240,
9809,train-clean-100/3374/298026/3374-298026-0018.flac,146240,
9810,train-clean-100/3259/158083/3259-158083-0050.flac,146240,
9811,train-clean-100/3947/13262/3947-13262-0046.flac,146080,
9812,train-clean-100/2989/138028/2989-138028-0048.flac,146080,
9813,train-clean-100/2289/152258/2289-152258-0002.flac,145920,
9814,train-clean-100/1737/142396/1737-142396-0013.flac,145920,
9815,train-clean-100/200/124139/200-124139-0013.flac,145840,
9816,train-clean-100/32/4137/32-4137-0037.flac,145680,
9817,train-clean-100/163/122947/163-122947-0015.flac,145680,
9818,train-clean-100/27/124992/27-124992-0042.flac,145600,
9819,train-clean-100/1594/135914/1594-135914-0111.flac,145600,
9820,train-clean-100/1081/128618/1081-128618-0000.flac,145520,
9821,train-clean-100/2817/142371/2817-142371-0039.flac,145440,
9822,train-clean-100/1898/145702/1898-145702-0012.flac,145440,
9823,train-clean-100/2989/138028/2989-138028-0060.flac,145440,
9824,train-clean-100/1183/133255/1183-133255-0007.flac,145440,
9825,train-clean-100/2989/138028/2989-138028-0000.flac,145360,
9826,train-clean-100/1183/133255/1183-133255-0013.flac,145360,
9827,train-clean-100/322/124146/322-124146-0032.flac,145120,
9828,train-clean-100/2289/152253/2289-152253-0018.flac,145040,
9829,train-clean-100/3259/158083/3259-158083-0036.flac,145040,
9830,train-clean-100/3374/298032/3374-298032-0032.flac,144960,
9831,train-clean-100/1081/125237/1081-125237-0028.flac,144960,
9832,train-clean-100/2416/152139/2416-152139-0015.flac,144880,
9833,train-clean-100/150/126107/150-126107-0023.flac,144800,
9834,train-clean-100/201/127786/201-127786-0025.flac,144640,
9835,train-clean-100/2843/152918/2843-152918-0054.flac,144640,
9836,train-clean-100/118/47824/118-47824-0061.flac,144640,
9837,train-clean-100/298/126791/298-126791-0066.flac,144640,
9838,train-clean-100/1040/133433/1040-133433-0027.flac,144640,
9839,train-clean-100/26/495/26-495-0003.flac,144560,
9840,train-clean-100/1578/140045/1578-140045-0011.flac,144400,
9841,train-clean-100/1867/148436/1867-148436-0039.flac,144320,
9842,train-clean-100/211/122442/211-122442-0011.flac,144320,
9843,train-clean-100/2989/138028/2989-138028-0050.flac,144240,
9844,train-clean-100/27/124992/27-124992-0061.flac,144240,
9845,train-clean-100/1963/142776/1963-142776-0024.flac,144240,
9846,train-clean-100/32/21634/32-21634-0014.flac,144160,
9847,train-clean-100/2518/154826/2518-154826-0016.flac,144160,
9848,train-clean-100/1081/128618/1081-128618-0007.flac,144000,
9849,train-clean-100/1034/121119/1034-121119-0078.flac,144000,
9850,train-clean-100/3699/47246/3699-47246-0026.flac,143999,
9851,train-clean-100/1235/135883/1235-135883-0043.flac,143920,
9852,train-clean-100/328/129766/328-129766-0013.flac,143840,
9853,train-clean-100/233/134440/233-134440-0026.flac,143840,
9854,train-clean-100/1034/121119/1034-121119-0013.flac,143760,
9855,train-clean-100/3857/182315/3857-182315-0045.flac,143760,
9856,train-clean-100/1594/135914/1594-135914-0091.flac,143760,
9857,train-clean-100/27/124992/27-124992-0077.flac,143680,
9858,train-clean-100/1926/143879/1926-143879-0039.flac,143600,
9859,train-clean-100/1502/122619/1502-122619-0071.flac,143520,
9860,train-clean-100/3168/173564/3168-173564-0010.flac,143520,
9861,train-clean-100/1116/132847/1116-132847-0026.flac,143520,
9862,train-clean-100/1578/140049/1578-140049-0026.flac,143440,
9863,train-clean-100/254/145458/254-145458-0005.flac,143440,
9864,train-clean-100/1970/26100/1970-26100-0028.flac,143360,
9865,train-clean-100/2007/132570/2007-132570-0023.flac,143360,
9866,train-clean-100/201/122255/201-122255-0012.flac,143360,
9867,train-clean-100/2436/2481/2436-2481-0016.flac,143360,
9868,train-clean-100/2002/139469/2002-139469-0110.flac,143360,
9869,train-clean-100/1970/28415/1970-28415-0002.flac,143200,
9870,train-clean-100/27/124992/27-124992-0059.flac,143200,
9871,train-clean-100/1447/130552/1447-130552-0016.flac,143200,
9872,train-clean-100/307/127540/307-127540-0002.flac,143120,
9873,train-clean-100/1737/142397/1737-142397-0042.flac,143040,
9874,train-clean-100/1447/130551/1447-130551-0019.flac,143040,
9875,train-clean-100/198/129977/198-129977-0015.flac,142960,
9876,train-clean-100/3259/158083/3259-158083-0077.flac,142960,
9877,train-clean-100/2817/142371/2817-142371-0076.flac,142880,
9878,train-clean-100/3664/178355/3664-178355-0036.flac,142800,
9879,train-clean-100/1069/133709/1069-133709-0041.flac,142800,
9880,train-clean-100/3259/158083/3259-158083-0114.flac,142720,
9881,train-clean-100/1867/154071/1867-154071-0006.flac,142720,
9882,train-clean-100/1334/135589/1334-135589-0029.flac,142640,
9883,train-clean-100/2911/7601/2911-7601-0033.flac,142640,
9884,train-clean-100/1455/134435/1455-134435-0064.flac,142560,
9885,train-clean-100/32/21634/32-21634-0016.flac,142560,
9886,train-clean-100/1235/135883/1235-135883-0002.flac,142560,
9887,train-clean-100/211/122425/211-122425-0054.flac,142480,
9888,train-clean-100/1116/137572/1116-137572-0016.flac,142320,
9889,train-clean-100/2289/152253/2289-152253-0001.flac,142240,
9890,train-clean-100/3374/298025/3374-298025-0007.flac,142160,
9891,train-clean-100/3879/174923/3879-174923-0065.flac,142000,
9892,train-clean-100/201/122255/201-122255-0015.flac,141920,
9893,train-clean-100/1841/159771/1841-159771-0007.flac,141920,
9894,train-clean-100/3982/178459/3982-178459-0050.flac,141840,
9895,train-clean-100/2092/145706/2092-145706-0042.flac,141760,
9896,train-clean-100/322/124146/322-124146-0036.flac,141760,
9897,train-clean-100/3830/12530/3830-12530-0037.flac,141760,
9898,train-clean-100/3879/174923/3879-174923-0010.flac,141680,
9899,train-clean-100/3699/175950/3699-175950-0010.flac,141600,
9900,train-clean-100/1502/122619/1502-122619-0089.flac,141440,
9901,train-clean-100/1246/124548/1246-124548-0023.flac,141440,
9902,train-clean-100/2817/142371/2817-142371-0049.flac,141440,
9903,train-clean-100/3235/11599/3235-11599-0028.flac,141360,
9904,train-clean-100/1455/138263/1455-138263-0014.flac,141360,
9905,train-clean-100/1040/133433/1040-133433-0037.flac,141360,
9906,train-clean-100/1502/122619/1502-122619-0077.flac,141280,
9907,train-clean-100/2911/15045/2911-15045-0013.flac,141280,
9908,train-clean-100/1455/134435/1455-134435-0031.flac,141120,
9909,train-clean-100/3526/176653/3526-176653-0012.flac,141120,
9910,train-clean-100/1963/142776/1963-142776-0018.flac,141120,
9911,train-clean-100/211/122425/211-122425-0015.flac,141040,
9912,train-clean-100/1926/143879/1926-143879-0020.flac,141040,
9913,train-clean-100/1841/159771/1841-159771-0033.flac,141040,
9914,train-clean-100/1743/142914/1743-142914-0016.flac,140881,
9915,train-clean-100/1447/130550/1447-130550-0028.flac,140880,
9916,train-clean-100/118/47824/118-47824-0045.flac,140880,
9917,train-clean-100/3259/158083/3259-158083-0014.flac,140880,
9918,train-clean-100/1898/145724/1898-145724-0020.flac,140800,
9919,train-clean-100/250/142286/250-142286-0012.flac,140800,
9920,train-clean-100/2182/150130/2182-150130-0009.flac,140720,
9921,train-clean-100/3259/158083/3259-158083-0049.flac,140720,
9922,train-clean-100/2007/149877/2007-149877-0025.flac,140720,
9923,train-clean-100/3235/28452/3235-28452-0021.flac,140640,
9924,train-clean-100/1081/125237/1081-125237-0074.flac,140640,
9925,train-clean-100/1594/135914/1594-135914-0078.flac,140640,
9926,train-clean-100/1081/125237/1081-125237-0054.flac,140640,
9927,train-clean-100/125/121124/125-121124-0062.flac,140640,
9928,train-clean-100/1246/124548/1246-124548-0035.flac,140480,
9929,train-clean-100/2911/7601/2911-7601-0017.flac,140240,
9930,train-clean-100/118/47824/118-47824-0084.flac,140160,
9931,train-clean-100/3374/298026/3374-298026-0024.flac,140160,
9932,train-clean-100/2182/181173/2182-181173-0009.flac,140000,
9933,train-clean-100/3240/131231/3240-131231-0024.flac,139920,
9934,train-clean-100/311/124404/311-124404-0038.flac,139840,
9935,train-clean-100/2843/152918/2843-152918-0074.flac,139840,
9936,train-clean-100/2989/138035/2989-138035-0057.flac,139760,
9937,train-clean-100/1235/135884/1235-135884-0029.flac,139760,
9938,train-clean-100/2391/145015/2391-145015-0033.flac,139760,
9939,train-clean-100/307/127539/307-127539-0027.flac,139760,
9940,train-clean-100/118/47824/118-47824-0037.flac,139680,
9941,train-clean-100/3259/158083/3259-158083-0097.flac,139680,
9942,train-clean-100/374/180298/374-180298-0039.flac,139680,
9943,train-clean-100/2989/138028/2989-138028-0072.flac,139600,
9944,train-clean-100/1743/142913/1743-142913-0002.flac,139600,
9945,train-clean-100/2910/131096/2910-131096-0034.flac,139520,
9946,train-clean-100/289/121652/289-121652-0014.flac,139440,
9947,train-clean-100/1743/142912/1743-142912-0036.flac,139360,
9948,train-clean-100/1502/122619/1502-122619-0095.flac,139360,
9949,train-clean-100/1116/137572/1116-137572-0034.flac,139360,
9950,train-clean-100/2136/5147/2136-5147-0024.flac,139360,
9951,train-clean-100/2817/142380/2817-142380-0002.flac,139200,
9952,train-clean-100/307/127539/307-127539-0011.flac,139200,
9953,train-clean-100/2518/154826/2518-154826-0054.flac,139120,
9954,train-clean-100/2989/138028/2989-138028-0052.flac,139120,
9955,train-clean-100/3947/13262/3947-13262-0045.flac,139040,
9956,train-clean-100/250/142286/250-142286-0000.flac,139040,
9957,train-clean-100/2911/7601/2911-7601-0027.flac,139040,
9958,train-clean-100/201/122255/201-122255-0036.flac,138960,
9959,train-clean-100/248/130697/248-130697-0000.flac,138960,
9960,train-clean-100/1263/138246/1263-138246-0028.flac,138960,
9961,train-clean-100/2391/145015/2391-145015-0029.flac,138960,
9962,train-clean-100/233/134440/233-134440-0021.flac,138880,
9963,train-clean-100/322/124147/322-124147-0072.flac,138880,
9964,train-clean-100/1235/135883/1235-135883-0046.flac,138880,
9965,train-clean-100/32/4137/32-4137-0017.flac,138880,
9966,train-clean-100/1737/146161/1737-146161-0006.flac,138800,
9967,train-clean-100/125/121124/125-121124-0007.flac,138720,
9968,train-clean-100/3259/158083/3259-158083-0090.flac,138720,
9969,train-clean-100/32/4137/32-4137-0012.flac,138640,
9970,train-clean-100/3486/166424/3486-166424-0042.flac,138560,
9971,train-clean-100/1867/154071/1867-154071-0042.flac,138560,
9972,train-clean-100/32/4137/32-4137-0043.flac,138560,
9973,train-clean-100/3214/167602/3214-167602-0010.flac,138480,
9974,train-clean-100/2989/138035/2989-138035-0018.flac,138480,
9975,train-clean-100/2989/138028/2989-138028-0068.flac,138400,
9976,train-clean-100/1963/142393/1963-142393-0012.flac,138320,
9977,train-clean-100/1334/135589/1334-135589-0031.flac,138320,
9978,train-clean-100/1926/147979/1926-147979-0047.flac,138240,
9979,train-clean-100/226/131533/226-131533-0036.flac,138240,
9980,train-clean-100/3526/176653/3526-176653-0039.flac,138240,
9981,train-clean-100/27/124992/27-124992-0033.flac,138160,
9982,train-clean-100/332/128985/332-128985-0067.flac,138160,
9983,train-clean-100/27/124992/27-124992-0021.flac,138080,
9984,train-clean-100/2952/410/2952-410-0034.flac,138080,
9985,train-clean-100/3374/298026/3374-298026-0002.flac,138080,
9986,train-clean-100/3699/19402/3699-19402-0003.flac,138000,
9987,train-clean-100/1455/138263/1455-138263-0045.flac,138000,
9988,train-clean-100/3830/12531/3830-12531-0026.flac,137840,
9989,train-clean-100/307/127540/307-127540-0001.flac,137840,
9990,train-clean-100/3214/167607/3214-167607-0040.flac,137760,
9991,train-clean-100/374/180298/374-180298-0035.flac,137680,
9992,train-clean-100/307/127535/307-127535-0025.flac,137600,
9993,train-clean-100/1963/142393/1963-142393-0052.flac,137600,
9994,train-clean-100/1594/135914/1594-135914-0121.flac,137520,
9995,train-clean-100/2989/138028/2989-138028-0029.flac,137520,
9996,train-clean-100/2436/2477/2436-2477-0022.flac,137360,
9997,train-clean-100/198/126831/198-126831-0052.flac,137360,
9998,train-clean-100/3830/12531/3830-12531-0028.flac,137200,
9999,train-clean-100/3723/171631/3723-171631-0024.flac,137200,
10000,train-clean-100/1235/135883/1235-135883-0017.flac,137200,
10001,train-clean-100/26/495/26-495-0085.flac,137120,
10002,train-clean-100/322/124147/322-124147-0078.flac,137120,
10003,train-clean-100/3699/19402/3699-19402-0026.flac,137120,
10004,train-clean-100/1363/135842/1363-135842-0007.flac,136960,
10005,train-clean-100/1040/133433/1040-133433-0030.flac,136960,
10006,train-clean-100/3807/4923/3807-4923-0038.flac,136880,
10007,train-clean-100/1737/142396/1737-142396-0009.flac,136880,
10008,train-clean-100/1455/134435/1455-134435-0001.flac,136800,
10009,train-clean-100/198/126831/198-126831-0032.flac,136720,
10010,train-clean-100/2764/36616/2764-36616-0019.flac,136640,
10011,train-clean-100/201/127786/201-127786-0015.flac,136640,
10012,train-clean-100/233/134440/233-134440-0030.flac,136480,
10013,train-clean-100/1034/121119/1034-121119-0075.flac,136480,
10014,train-clean-100/1926/143879/1926-143879-0006.flac,136400,
10015,train-clean-100/201/122255/201-122255-0041.flac,136400,
10016,train-clean-100/1898/145702/1898-145702-0007.flac,136400,
10017,train-clean-100/1363/135842/1363-135842-0009.flac,136320,
10018,train-clean-100/1235/135887/1235-135887-0001.flac,136160,
10019,train-clean-100/250/142286/250-142286-0030.flac,136080,
10020,train-clean-100/198/129977/198-129977-0009.flac,136000,
10021,train-clean-100/2989/138035/2989-138035-0071.flac,135920,
10022,train-clean-100/19/227/19-227-0063.flac,135760,
10023,train-clean-100/1992/141719/1992-141719-0023.flac,135760,
10024,train-clean-100/2910/131096/2910-131096-0069.flac,135760,
10025,train-clean-100/118/124588/118-124588-0003.flac,135680,
10026,train-clean-100/32/21634/32-21634-0019.flac,135680,
10027,train-clean-100/374/180298/374-180298-0060.flac,135601,
10028,train-clean-100/289/121665/289-121665-0045.flac,135600,
10029,train-clean-100/2092/145706/2092-145706-0049.flac,135600,
10030,train-clean-100/1970/28415/1970-28415-0007.flac,135520,
10031,train-clean-100/2691/156745/2691-156745-0040.flac,135440,
10032,train-clean-100/1502/122619/1502-122619-0076.flac,135360,
10033,train-clean-100/2952/410/2952-410-0021.flac,135280,
10034,train-clean-100/3830/12535/3830-12535-0031.flac,134960,
10035,train-clean-100/298/126791/298-126791-0030.flac,134880,
10036,train-clean-100/1088/129236/1088-129236-0029.flac,134800,
10037,train-clean-100/1183/128659/1183-128659-0003.flac,134800,
10038,train-clean-100/307/127535/307-127535-0011.flac,134800,
10039,train-clean-100/3830/12530/3830-12530-0021.flac,134720,
10040,train-clean-100/1334/135589/1334-135589-0073.flac,134720,
10041,train-clean-100/19/227/19-227-0070.flac,134720,
10042,train-clean-100/3857/180923/3857-180923-0011.flac,134720,
10043,train-clean-100/3486/166446/3486-166446-0043.flac,134560,
10044,train-clean-100/250/142286/250-142286-0004.flac,134480,
10045,train-clean-100/2514/149482/2514-149482-0090.flac,134480,
10046,train-clean-100/229/130880/229-130880-0076.flac,134400,
10047,train-clean-100/1970/26100/1970-26100-0003.flac,134320,
10048,train-clean-100/3486/166424/3486-166424-0016.flac,134320,
10049,train-clean-100/2416/152137/2416-152137-0015.flac,134320,
10050,train-clean-100/3879/174923/3879-174923-0018.flac,134320,
10051,train-clean-100/198/126831/198-126831-0011.flac,134240,
10052,train-clean-100/2007/149877/2007-149877-0053.flac,134240,
10053,train-clean-100/3947/13262/3947-13262-0033.flac,134080,
10054,train-clean-100/3699/175950/3699-175950-0002.flac,134000,
10055,train-clean-100/39/121915/39-121915-0020.flac,133840,
10056,train-clean-100/2384/152900/2384-152900-0006.flac,133760,
10057,train-clean-100/1926/147979/1926-147979-0015.flac,133760,
10058,train-clean-100/2817/142380/2817-142380-0030.flac,133600,
10059,train-clean-100/1624/142933/1624-142933-0032.flac,133600,
10060,train-clean-100/1081/125237/1081-125237-0088.flac,133600,
10061,train-clean-100/311/124404/311-124404-0085.flac,133600,
10062,train-clean-100/2182/181183/2182-181183-0025.flac,133520,
10063,train-clean-100/1502/122619/1502-122619-0088.flac,133520,
10064,train-clean-100/1841/150351/1841-150351-0022.flac,133440,
10065,train-clean-100/2391/145015/2391-145015-0037.flac,133360,
10066,train-clean-100/103/1240/103-1240-0026.flac,133360,
10067,train-clean-100/1737/146161/1737-146161-0011.flac,133360,
10068,train-clean-100/125/121124/125-121124-0015.flac,133360,
10069,train-clean-100/1723/141149/1723-141149-0101.flac,133360,
10070,train-clean-100/211/122442/211-122442-0050.flac,133360,
10071,train-clean-100/2989/138035/2989-138035-0027.flac,133280,
10072,train-clean-100/211/122425/211-122425-0002.flac,133280,
10073,train-clean-100/2289/152253/2289-152253-0015.flac,133120,
10074,train-clean-100/1841/159771/1841-159771-0028.flac,133120,
10075,train-clean-100/1963/142776/1963-142776-0010.flac,133040,
10076,train-clean-100/3486/166446/3486-166446-0032.flac,132960,
10077,train-clean-100/27/124992/27-124992-0050.flac,132880,
10078,train-clean-100/374/180298/374-180298-0019.flac,132880,
10079,train-clean-100/307/127540/307-127540-0005.flac,132880,
10080,train-clean-100/302/123516/302-123516-0003.flac,132800,
10081,train-clean-100/1898/145724/1898-145724-0018.flac,132800,
10082,train-clean-100/27/123349/27-123349-0013.flac,132720,
10083,train-clean-100/2518/154825/2518-154825-0016.flac,132640,
10084,train-clean-100/3440/171009/3440-171009-0008.flac,132640,
10085,train-clean-100/2893/139322/2893-139322-0046.flac,132560,
10086,train-clean-100/2289/152258/2289-152258-0025.flac,132560,
10087,train-clean-100/2836/5354/2836-5354-0036.flac,132480,
10088,train-clean-100/1069/133709/1069-133709-0039.flac,132480,
10089,train-clean-100/1723/141149/1723-141149-0043.flac,132240,
10090,train-clean-100/3242/67168/3242-67168-0024.flac,132160,
10091,train-clean-100/1970/10594/1970-10594-0030.flac,132160,
10092,train-clean-100/1737/148989/1737-148989-0037.flac,132080,
10093,train-clean-100/2691/156745/2691-156745-0038.flac,132080,
10094,train-clean-100/2289/152254/2289-152254-0008.flac,132001,
10095,train-clean-100/1116/132847/1116-132847-0036.flac,131920,
10096,train-clean-100/39/121914/39-121914-0047.flac,131840,
10097,train-clean-100/3699/19401/3699-19401-0025.flac,131840,
10098,train-clean-100/226/131533/226-131533-0012.flac,131760,
10099,train-clean-100/1723/141149/1723-141149-0008.flac,131760,
10100,train-clean-100/1502/122619/1502-122619-0036.flac,131600,
10101,train-clean-100/3374/298032/3374-298032-0031.flac,131600,
10102,train-clean-100/200/124140/200-124140-0010.flac,131520,
10103,train-clean-100/39/121916/39-121916-0028.flac,131360,
10104,train-clean-100/1578/140045/1578-140045-0025.flac,131360,
10105,train-clean-100/311/124404/311-124404-0089.flac,131360,
10106,train-clean-100/3830/12530/3830-12530-0014.flac,131280,
10107,train-clean-100/1081/125237/1081-125237-0089.flac,131200,
10108,train-clean-100/307/127535/307-127535-0043.flac,131200,
10109,train-clean-100/118/47824/118-47824-0044.flac,131200,
10110,train-clean-100/1963/142776/1963-142776-0022.flac,131200,
10111,train-clean-100/3259/158083/3259-158083-0000.flac,131199,
10112,train-clean-100/2007/132570/2007-132570-0046.flac,131120,
10113,train-clean-100/2691/156755/2691-156755-0010.flac,131040,
10114,train-clean-100/307/127535/307-127535-0009.flac,131040,
10115,train-clean-100/201/127786/201-127786-0031.flac,130880,
10116,train-clean-100/1183/128659/1183-128659-0008.flac,130800,
10117,train-clean-100/1926/143879/1926-143879-0040.flac,130800,
10118,train-clean-100/1502/122619/1502-122619-0091.flac,130720,
10119,train-clean-100/1970/26100/1970-26100-0010.flac,130720,
10120,train-clean-100/163/122947/163-122947-0023.flac,130640,
10121,train-clean-100/332/128985/332-128985-0003.flac,130560,
10122,train-clean-100/307/127540/307-127540-0032.flac,130480,
10123,train-clean-100/307/127535/307-127535-0027.flac,130480,
10124,train-clean-100/1743/142912/1743-142912-0002.flac,130400,
10125,train-clean-100/201/122255/201-122255-0026.flac,130320,
10126,train-clean-100/2817/142371/2817-142371-0012.flac,130320,
10127,train-clean-100/3214/167606/3214-167606-0001.flac,130320,
10128,train-clean-100/311/124404/311-124404-0111.flac,130320,
10129,train-clean-100/298/126791/298-126791-0005.flac,130240,
10130,train-clean-100/328/129766/328-129766-0091.flac,130160,
10131,train-clean-100/254/127705/254-127705-0004.flac,130160,
10132,train-clean-100/2911/12359/2911-12359-0001.flac,130080,
10133,train-clean-100/150/132655/150-132655-0012.flac,130080,
10134,train-clean-100/254/127705/254-127705-0026.flac,129920,
10135,train-clean-100/201/127786/201-127786-0081.flac,129840,
10136,train-clean-100/3830/12535/3830-12535-0002.flac,129760,
10137,train-clean-100/1578/6379/1578-6379-0000.flac,129760,
10138,train-clean-100/3440/171009/3440-171009-0049.flac,129680,
10139,train-clean-100/1455/134435/1455-134435-0022.flac,129600,
10140,train-clean-100/1963/142776/1963-142776-0019.flac,129520,
10141,train-clean-100/1447/130551/1447-130551-0034.flac,129520,
10142,train-clean-100/2182/181183/2182-181183-0014.flac,129360,
10143,train-clean-100/1081/125237/1081-125237-0106.flac,129360,
10144,train-clean-100/1447/17506/1447-17506-0006.flac,129360,
10145,train-clean-100/2196/174172/2196-174172-0008.flac,129280,
10146,train-clean-100/3486/166424/3486-166424-0061.flac,129200,
10147,train-clean-100/2989/138028/2989-138028-0055.flac,129120,
10148,train-clean-100/2691/156745/2691-156745-0019.flac,129040,
10149,train-clean-100/302/123504/302-123504-0011.flac,128960,
10150,train-clean-100/198/129977/198-129977-0000.flac,128960,
10151,train-clean-100/2159/179156/2159-179156-0030.flac,128881,
10152,train-clean-100/1926/143879/1926-143879-0007.flac,128880,
10153,train-clean-100/3830/12529/3830-12529-0003.flac,128800,
10154,train-clean-100/3168/173564/3168-173564-0021.flac,128640,
10155,train-clean-100/2136/5140/2136-5140-0028.flac,128560,
10156,train-clean-100/211/122442/211-122442-0016.flac,128400,
10157,train-clean-100/2136/5147/2136-5147-0019.flac,128400,
10158,train-clean-100/250/142276/250-142276-0053.flac,128320,
10159,train-clean-100/1455/134435/1455-134435-0072.flac,128240,
10160,train-clean-100/163/122947/163-122947-0008.flac,128240,
10161,train-clean-100/3723/171631/3723-171631-0030.flac,128160,
10162,train-clean-100/2289/152258/2289-152258-0009.flac,128160,
10163,train-clean-100/3240/131231/3240-131231-0069.flac,128160,
10164,train-clean-100/3235/28433/3235-28433-0049.flac,128080,
10165,train-clean-100/3723/171115/3723-171115-0047.flac,128080,
10166,train-clean-100/1926/143879/1926-143879-0003.flac,128080,
10167,train-clean-100/1447/130552/1447-130552-0024.flac,128000,
10168,train-clean-100/3947/13260/3947-13260-0008.flac,127920,
10169,train-clean-100/1363/135842/1363-135842-0039.flac,127920,
10170,train-clean-100/322/124146/322-124146-0034.flac,127840,
10171,train-clean-100/3526/176653/3526-176653-0023.flac,127760,
10172,train-clean-100/311/124404/311-124404-0064.flac,127760,
10173,train-clean-100/3723/171631/3723-171631-0028.flac,127760,
10174,train-clean-100/2911/15045/2911-15045-0029.flac,127760,
10175,train-clean-100/307/127540/307-127540-0025.flac,127681,
10176,train-clean-100/3235/11599/3235-11599-0015.flac,127680,
10177,train-clean-100/2007/149877/2007-149877-0027.flac,127680,
10178,train-clean-100/125/121124/125-121124-0025.flac,127600,
10179,train-clean-100/2911/15045/2911-15045-0006.flac,127520,
10180,train-clean-100/250/142286/250-142286-0024.flac,127440,
10181,train-clean-100/3214/167602/3214-167602-0016.flac,127360,
10182,train-clean-100/118/47824/118-47824-0082.flac,127360,
10183,train-clean-100/3807/4923/3807-4923-0043.flac,127360,
10184,train-clean-100/1970/26100/1970-26100-0011.flac,127280,
10185,train-clean-100/211/122442/211-122442-0000.flac,127120,
10186,train-clean-100/27/124992/27-124992-0038.flac,127040,
10187,train-clean-100/3486/166424/3486-166424-0049.flac,126960,
10188,train-clean-100/1867/148436/1867-148436-0033.flac,126880,
10189,train-clean-100/2136/5147/2136-5147-0026.flac,126880,
10190,train-clean-100/198/126831/198-126831-0037.flac,126880,
10191,train-clean-100/27/124992/27-124992-0071.flac,126800,
10192,train-clean-100/3240/131231/3240-131231-0043.flac,126800,
10193,train-clean-100/298/126791/298-126791-0044.flac,126720,
10194,train-clean-100/1081/125237/1081-125237-0113.flac,126720,
10195,train-clean-100/3374/298025/3374-298025-0032.flac,126640,
10196,train-clean-100/1867/154071/1867-154071-0003.flac,126560,
10197,train-clean-100/1034/121119/1034-121119-0060.flac,126320,
10198,train-clean-100/3374/298025/3374-298025-0017.flac,126240,
10199,train-clean-100/2384/152900/2384-152900-0078.flac,126160,
10200,train-clean-100/1034/121119/1034-121119-0000.flac,126000,
10201,train-clean-100/1963/142393/1963-142393-0036.flac,126000,
10202,train-clean-100/1898/145715/1898-145715-0030.flac,125760,
10203,train-clean-100/2007/132570/2007-132570-0035.flac,125760,
10204,train-clean-100/163/122947/163-122947-0082.flac,125680,
10205,train-clean-100/118/47824/118-47824-0072.flac,125600,
10206,train-clean-100/3526/175658/3526-175658-0019.flac,125600,
10207,train-clean-100/2843/152918/2843-152918-0040.flac,125520,
10208,train-clean-100/3879/174923/3879-174923-0051.flac,125520,
10209,train-clean-100/311/124404/311-124404-0113.flac,125360,
10210,train-clean-100/150/132655/150-132655-0008.flac,125280,
10211,train-clean-100/211/122425/211-122425-0029.flac,125120,
10212,train-clean-100/328/129766/328-129766-0063.flac,125120,
10213,train-clean-100/2289/152258/2289-152258-0034.flac,125120,
10214,train-clean-100/26/496/26-496-0015.flac,125120,
10215,train-clean-100/32/4137/32-4137-0021.flac,125120,
10216,train-clean-100/311/124404/311-124404-0081.flac,125040,
10217,train-clean-100/2436/2477/2436-2477-0015.flac,125040,
10218,train-clean-100/1235/135887/1235-135887-0020.flac,124960,
10219,train-clean-100/2989/138035/2989-138035-0007.flac,124960,
10220,train-clean-100/229/130880/229-130880-0018.flac,124960,
10221,train-clean-100/2384/152900/2384-152900-0079.flac,124800,
10222,train-clean-100/1502/122615/1502-122615-0025.flac,124800,
10223,train-clean-100/198/126831/198-126831-0038.flac,124640,
10224,train-clean-100/3879/174923/3879-174923-0022.flac,124640,
10225,train-clean-100/1502/122615/1502-122615-0022.flac,124400,
10226,train-clean-100/1235/135884/1235-135884-0005.flac,124319,
10227,train-clean-100/1081/125237/1081-125237-0012.flac,124240,
10228,train-clean-100/3436/172171/3436-172171-0020.flac,124160,
10229,train-clean-100/298/126791/298-126791-0060.flac,124080,
10230,train-clean-100/3857/182315/3857-182315-0025.flac,124000,
10231,train-clean-100/374/180299/374-180299-0043.flac,123840,
10232,train-clean-100/1116/132847/1116-132847-0025.flac,123840,
10233,train-clean-100/1553/140047/1553-140047-0050.flac,123680,
10234,train-clean-100/201/122255/201-122255-0003.flac,123680,
10235,train-clean-100/201/127786/201-127786-0045.flac,123680,
10236,train-clean-100/198/126831/198-126831-0050.flac,123600,
10237,train-clean-100/3723/171631/3723-171631-0035.flac,123520,
10238,train-clean-100/1963/142393/1963-142393-0027.flac,123440,
10239,train-clean-100/1867/148436/1867-148436-0043.flac,123440,
10240,train-clean-100/2817/142380/2817-142380-0038.flac,123360,
10241,train-clean-100/2764/36617/2764-36617-0036.flac,123360,
10242,train-clean-100/1737/142396/1737-142396-0018.flac,123040,
10243,train-clean-100/254/27760/254-27760-0005.flac,123040,
10244,train-clean-100/1455/134435/1455-134435-0000.flac,123040,
10245,train-clean-100/332/128985/332-128985-0031.flac,122960,
10246,train-clean-100/289/121652/289-121652-0004.flac,122800,
10247,train-clean-100/201/127786/201-127786-0055.flac,122800,
10248,train-clean-100/1963/142776/1963-142776-0020.flac,122720,
10249,train-clean-100/1553/140048/1553-140048-0021.flac,122720,
10250,train-clean-100/1334/135589/1334-135589-0062.flac,122720,
10251,train-clean-100/3240/131232/3240-131232-0033.flac,122720,
10252,train-clean-100/328/129766/328-129766-0054.flac,122640,
10253,train-clean-100/2817/142371/2817-142371-0005.flac,122640,
10254,train-clean-100/328/129766/328-129766-0034.flac,122560,
10255,train-clean-100/2289/152258/2289-152258-0023.flac,122560,
10256,train-clean-100/298/126791/298-126791-0009.flac,122480,
10257,train-clean-100/302/123504/302-123504-0037.flac,122400,
10258,train-clean-100/1867/148436/1867-148436-0015.flac,122400,
10259,train-clean-100/1334/135589/1334-135589-0014.flac,122400,
10260,train-clean-100/1594/135914/1594-135914-0005.flac,122400,
10261,train-clean-100/3830/12530/3830-12530-0045.flac,122400,
10262,train-clean-100/254/27760/254-27760-0000.flac,122321,
10263,train-clean-100/2136/5140/2136-5140-0015.flac,122240,
10264,train-clean-100/328/129766/328-129766-0059.flac,122240,
10265,train-clean-100/2289/152258/2289-152258-0036.flac,122240,
10266,train-clean-100/1040/133433/1040-133433-0013.flac,122160,
10267,train-clean-100/211/122425/211-122425-0033.flac,122080,
10268,train-clean-100/3436/172171/3436-172171-0034.flac,121760,
10269,train-clean-100/1578/140049/1578-140049-0025.flac,121760,
10270,train-clean-100/2196/174172/2196-174172-0034.flac,121760,
10271,train-clean-100/3214/167607/3214-167607-0023.flac,121680,
10272,train-clean-100/229/130880/229-130880-0031.flac,121520,
10273,train-clean-100/2817/142371/2817-142371-0050.flac,121440,
10274,train-clean-100/2911/7601/2911-7601-0018.flac,121440,
10275,train-clean-100/1183/128659/1183-128659-0011.flac,121360,
10276,train-clean-100/32/21634/32-21634-0013.flac,121360,
10277,train-clean-100/1723/141149/1723-141149-0046.flac,121280,
10278,train-clean-100/2911/15045/2911-15045-0021.flac,121280,
10279,train-clean-100/1737/142396/1737-142396-0005.flac,121280,
10280,train-clean-100/196/122159/196-122159-0032.flac,121280,
10281,train-clean-100/2691/156755/2691-156755-0033.flac,121280,
10282,train-clean-100/3723/171115/3723-171115-0003.flac,121280,
10283,train-clean-100/32/21631/32-21631-0016.flac,121280,
10284,train-clean-100/198/126831/198-126831-0030.flac,121120,
10285,train-clean-100/1723/141149/1723-141149-0076.flac,121040,
10286,train-clean-100/2007/149877/2007-149877-0010.flac,121040,
10287,train-clean-100/254/127705/254-127705-0037.flac,120960,
10288,train-clean-100/3486/166446/3486-166446-0007.flac,120960,
10289,train-clean-100/1841/150351/1841-150351-0032.flac,120880,
10290,train-clean-100/1502/122619/1502-122619-0061.flac,120880,
10291,train-clean-100/1841/179183/1841-179183-0027.flac,120880,
10292,train-clean-100/3240/131231/3240-131231-0081.flac,120880,
10293,train-clean-100/1594/135914/1594-135914-0079.flac,120800,
10294,train-clean-100/2514/149482/2514-149482-0053.flac,120720,
10295,train-clean-100/118/47824/118-47824-0020.flac,120720,
10296,train-clean-100/1183/133256/1183-133256-0024.flac,120640,
10297,train-clean-100/328/129766/328-129766-0055.flac,120560,
10298,train-clean-100/1841/150351/1841-150351-0009.flac,120560,
10299,train-clean-100/1455/134435/1455-134435-0061.flac,120480,
10300,train-clean-100/32/21631/32-21631-0019.flac,120480,
10301,train-clean-100/248/130644/248-130644-0014.flac,120400,
10302,train-clean-100/1867/154075/1867-154075-0035.flac,120400,
10303,train-clean-100/1363/135842/1363-135842-0031.flac,120320,
10304,train-clean-100/198/209/198-209-0025.flac,120320,
10305,train-clean-100/1743/142912/1743-142912-0004.flac,120320,
10306,train-clean-100/2391/145015/2391-145015-0010.flac,120320,
10307,train-clean-100/3436/172162/3436-172162-0051.flac,120240,
10308,train-clean-100/248/130652/248-130652-0014.flac,120080,
10309,train-clean-100/3830/12531/3830-12531-0025.flac,120000,
10310,train-clean-100/1455/138263/1455-138263-0022.flac,120000,
10311,train-clean-100/211/122425/211-122425-0012.flac,119920,
10312,train-clean-100/1116/137572/1116-137572-0043.flac,119840,
10313,train-clean-100/1034/121119/1034-121119-0086.flac,119680,
10314,train-clean-100/1926/143879/1926-143879-0034.flac,119600,
10315,train-clean-100/307/127539/307-127539-0028.flac,119440,
10316,train-clean-100/1578/140045/1578-140045-0024.flac,119360,
10317,train-clean-100/229/130880/229-130880-0002.flac,119360,
10318,train-clean-100/1926/143879/1926-143879-0001.flac,119360,
10319,train-clean-100/3947/13262/3947-13262-0005.flac,119360,
10320,train-clean-100/27/124992/27-124992-0055.flac,119280,
10321,train-clean-100/2764/36619/2764-36619-0008.flac,119120,
10322,train-clean-100/2952/410/2952-410-0007.flac,118880,
10323,train-clean-100/2391/145015/2391-145015-0025.flac,118880,
10324,train-clean-100/1743/142914/1743-142914-0005.flac,118720,
10325,train-clean-100/1737/146161/1737-146161-0017.flac,118560,
10326,train-clean-100/229/130880/229-130880-0072.flac,118480,
10327,train-clean-100/2514/149482/2514-149482-0031.flac,118480,
10328,train-clean-100/307/127540/307-127540-0018.flac,118480,
10329,train-clean-100/229/130880/229-130880-0043.flac,118480,
10330,train-clean-100/198/126831/198-126831-0045.flac,118480,
10331,train-clean-100/2911/15045/2911-15045-0026.flac,118320,
10332,train-clean-100/1502/122619/1502-122619-0018.flac,118320,
10333,train-clean-100/3235/11599/3235-11599-0004.flac,118240,
10334,train-clean-100/1098/133695/1098-133695-0081.flac,118240,
10335,train-clean-100/3664/11714/3664-11714-0029.flac,118240,
10336,train-clean-100/2817/142371/2817-142371-0051.flac,118160,
10337,train-clean-100/307/127539/307-127539-0000.flac,118000,
10338,train-clean-100/3240/131231/3240-131231-0085.flac,117920,
10339,train-clean-100/3240/131232/3240-131232-0017.flac,117920,
10340,train-clean-100/1455/138263/1455-138263-0031.flac,117840,
10341,train-clean-100/302/123516/302-123516-0019.flac,117840,
10342,train-clean-100/1235/135884/1235-135884-0026.flac,117840,
10343,train-clean-100/1898/145715/1898-145715-0046.flac,117840,
10344,train-clean-100/1743/142914/1743-142914-0019.flac,117840,
10345,train-clean-100/1970/26100/1970-26100-0017.flac,117760,
10346,train-clean-100/3440/171009/3440-171009-0017.flac,117680,
10347,train-clean-100/2989/138035/2989-138035-0078.flac,117680,
10348,train-clean-100/2514/149482/2514-149482-0037.flac,117680,
10349,train-clean-100/3807/4923/3807-4923-0036.flac,117680,
10350,train-clean-100/1183/133256/1183-133256-0019.flac,117600,
10351,train-clean-100/211/122442/211-122442-0006.flac,117520,
10352,train-clean-100/1553/140048/1553-140048-0028.flac,117440,
10353,train-clean-100/302/123523/302-123523-0001.flac,117280,
10354,train-clean-100/211/122425/211-122425-0038.flac,117200,
10355,train-clean-100/27/123349/27-123349-0024.flac,117200,
10356,train-clean-100/2911/12359/2911-12359-0023.flac,117120,
10357,train-clean-100/2989/138035/2989-138035-0024.flac,117040,
10358,train-clean-100/200/124140/200-124140-0035.flac,116960,
10359,train-clean-100/3240/131231/3240-131231-0002.flac,116960,
10360,train-clean-100/1594/135914/1594-135914-0060.flac,116960,
10361,train-clean-100/1263/138246/1263-138246-0011.flac,116960,
10362,train-clean-100/3830/12531/3830-12531-0027.flac,116880,
10363,train-clean-100/311/124404/311-124404-0042.flac,116880,
10364,train-clean-100/1594/135914/1594-135914-0006.flac,116880,
10365,train-clean-100/229/130880/229-130880-0006.flac,116800,
10366,train-clean-100/1098/133695/1098-133695-0018.flac,116720,
10367,train-clean-100/1743/142914/1743-142914-0007.flac,116640,
10368,train-clean-100/27/124992/27-124992-0068.flac,116640,
10369,train-clean-100/3168/173565/3168-173565-0038.flac,116560,
10370,train-clean-100/3440/171009/3440-171009-0082.flac,116560,
10371,train-clean-100/1502/122619/1502-122619-0014.flac,116400,
10372,train-clean-100/1898/145715/1898-145715-0031.flac,116400,
10373,train-clean-100/1069/133709/1069-133709-0012.flac,116400,
10374,train-clean-100/3240/131231/3240-131231-0028.flac,116320,
10375,train-clean-100/1502/122615/1502-122615-0001.flac,116320,
10376,train-clean-100/1034/121119/1034-121119-0065.flac,116240,
10377,train-clean-100/39/121915/39-121915-0019.flac,116240,
10378,train-clean-100/2289/152258/2289-152258-0012.flac,116160,
10379,train-clean-100/3723/171631/3723-171631-0046.flac,116160,
10380,train-clean-100/198/126831/198-126831-0043.flac,116160,
10381,train-clean-100/1034/121119/1034-121119-0029.flac,116160,
10382,train-clean-100/150/132655/150-132655-0027.flac,116160,
10383,train-clean-100/3436/172171/3436-172171-0010.flac,116080,
10384,train-clean-100/125/121342/125-121342-0015.flac,116080,
10385,train-clean-100/3807/4955/3807-4955-0008.flac,115920,
10386,train-clean-100/1970/28415/1970-28415-0003.flac,115920,
10387,train-clean-100/3699/47246/3699-47246-0031.flac,115840,
10388,train-clean-100/328/129766/328-129766-0046.flac,115840,
10389,train-clean-100/2764/36617/2764-36617-0022.flac,115760,
10390,train-clean-100/2436/2481/2436-2481-0010.flac,115680,
10391,train-clean-100/1992/141719/1992-141719-0052.flac,115680,
10392,train-clean-100/3242/67168/3242-67168-0003.flac,115520,
10393,train-clean-100/1447/17506/1447-17506-0019.flac,115520,
10394,train-clean-100/1334/135589/1334-135589-0093.flac,115440,
10395,train-clean-100/2691/156755/2691-156755-0015.flac,115360,
10396,train-clean-100/26/495/26-495-0086.flac,115360,
10397,train-clean-100/3168/173565/3168-173565-0012.flac,115280,
10398,train-clean-100/118/124588/118-124588-0005.flac,115280,
10399,train-clean-100/1081/125237/1081-125237-0025.flac,115120,
10400,train-clean-100/3486/166424/3486-166424-0052.flac,115120,
10401,train-clean-100/211/122442/211-122442-0007.flac,115120,
10402,train-clean-100/201/127786/201-127786-0043.flac,115040,
10403,train-clean-100/2691/156750/2691-156750-0001.flac,115040,
10404,train-clean-100/1970/10594/1970-10594-0004.flac,115040,
10405,train-clean-100/1898/145715/1898-145715-0004.flac,115040,
10406,train-clean-100/3214/167607/3214-167607-0037.flac,115040,
10407,train-clean-100/3526/176653/3526-176653-0036.flac,114960,
10408,train-clean-100/2817/142371/2817-142371-0043.flac,114880,
10409,train-clean-100/3259/158083/3259-158083-0052.flac,114880,
10410,train-clean-100/1970/10594/1970-10594-0022.flac,114880,
10411,train-clean-100/1723/141149/1723-141149-0111.flac,114800,
10412,train-clean-100/2384/152900/2384-152900-0004.flac,114720,
10413,train-clean-100/3807/4923/3807-4923-0058.flac,114640,
10414,train-clean-100/2691/156745/2691-156745-0043.flac,114640,
10415,train-clean-100/1594/135914/1594-135914-0009.flac,114640,
10416,train-clean-100/198/129977/198-129977-0005.flac,114560,
10417,train-clean-100/2196/170379/2196-170379-0007.flac,114560,
10418,train-clean-100/103/1240/103-1240-0038.flac,114480,
10419,train-clean-100/302/123516/302-123516-0030.flac,114400,
10420,train-clean-100/3947/13262/3947-13262-0042.flac,114240,
10421,train-clean-100/1594/135914/1594-135914-0041.flac,114160,
10422,train-clean-100/1926/143879/1926-143879-0021.flac,114000,
10423,train-clean-100/198/129977/198-129977-0029.flac,113680,
10424,train-clean-100/1098/133695/1098-133695-0053.flac,113600,
10425,train-clean-100/302/123516/302-123516-0032.flac,113600,
10426,train-clean-100/1455/134435/1455-134435-0057.flac,113600,
10427,train-clean-100/3242/67168/3242-67168-0014.flac,113600,
10428,train-clean-100/1334/135589/1334-135589-0071.flac,113520,
10429,train-clean-100/1081/125237/1081-125237-0050.flac,113120,
10430,train-clean-100/2843/152918/2843-152918-0024.flac,113120,
10431,train-clean-100/1235/135887/1235-135887-0022.flac,112960,
10432,train-clean-100/1040/133433/1040-133433-0051.flac,112960,
10433,train-clean-100/1040/133433/1040-133433-0079.flac,112960,
10434,train-clean-100/2989/138028/2989-138028-0012.flac,112880,
10435,train-clean-100/2092/145709/2092-145709-0021.flac,112880,
10436,train-clean-100/322/124147/322-124147-0071.flac,112880,
10437,train-clean-100/3436/172171/3436-172171-0064.flac,112800,
10438,train-clean-100/1963/142776/1963-142776-0008.flac,112720,
10439,train-clean-100/250/142286/250-142286-0032.flac,112640,
10440,train-clean-100/3240/131231/3240-131231-0029.flac,112640,
10441,train-clean-100/201/127786/201-127786-0065.flac,112640,
10442,train-clean-100/125/121124/125-121124-0008.flac,112560,
10443,train-clean-100/2289/152257/2289-152257-0022.flac,112560,
10444,train-clean-100/1723/141149/1723-141149-0059.flac,112480,
10445,train-clean-100/3879/173592/3879-173592-0021.flac,112480,
10446,train-clean-100/3699/19402/3699-19402-0002.flac,112480,
10447,train-clean-100/1116/132847/1116-132847-0010.flac,112480,
10448,train-clean-100/2136/5147/2136-5147-0020.flac,112480,
10449,train-clean-100/2911/12359/2911-12359-0020.flac,112400,
10450,train-clean-100/229/130880/229-130880-0048.flac,112320,
10451,train-clean-100/198/126831/198-126831-0047.flac,112240,
10452,train-clean-100/1970/10594/1970-10594-0005.flac,112240,
10453,train-clean-100/2691/156745/2691-156745-0044.flac,112240,
10454,train-clean-100/3526/175658/3526-175658-0014.flac,112240,
10455,train-clean-100/3374/298026/3374-298026-0000.flac,112160,
10456,train-clean-100/3242/67153/3242-67153-0024.flac,112160,
10457,train-clean-100/200/124140/200-124140-0038.flac,112080,
10458,train-clean-100/1867/154071/1867-154071-0033.flac,112000,
10459,train-clean-100/211/122425/211-122425-0052.flac,112000,
10460,train-clean-100/211/122425/211-122425-0009.flac,111920,
10461,train-clean-100/2514/149482/2514-149482-0101.flac,111840,
10462,train-clean-100/3214/167606/3214-167606-0031.flac,111840,
10463,train-clean-100/1867/148436/1867-148436-0022.flac,111840,
10464,train-clean-100/322/124146/322-124146-0024.flac,111840,
10465,train-clean-100/250/142276/250-142276-0052.flac,111760,
10466,train-clean-100/1334/135589/1334-135589-0088.flac,111760,
10467,train-clean-100/322/124146/322-124146-0020.flac,111680,
10468,train-clean-100/3374/298026/3374-298026-0041.flac,111680,
10469,train-clean-100/1723/141149/1723-141149-0088.flac,111600,
10470,train-clean-100/2002/139469/2002-139469-0062.flac,111440,
10471,train-clean-100/2289/152253/2289-152253-0029.flac,111360,
10472,train-clean-100/1034/121119/1034-121119-0017.flac,111360,
10473,train-clean-100/1098/133695/1098-133695-0005.flac,111360,
10474,train-clean-100/211/122442/211-122442-0030.flac,111280,
10475,train-clean-100/307/127540/307-127540-0034.flac,111200,
10476,train-clean-100/2384/152900/2384-152900-0061.flac,111120,
10477,train-clean-100/1624/168623/1624-168623-0043.flac,111120,
10478,train-clean-100/3374/298032/3374-298032-0015.flac,111040,
10479,train-clean-100/3374/298032/3374-298032-0001.flac,111040,
10480,train-clean-100/2092/145706/2092-145706-0024.flac,111040,
10481,train-clean-100/1116/132847/1116-132847-0013.flac,111040,
10482,train-clean-100/3240/131232/3240-131232-0040.flac,111040,
10483,train-clean-100/3240/131232/3240-131232-0025.flac,111040,
10484,train-clean-100/27/124992/27-124992-0008.flac,110960,
10485,train-clean-100/125/121124/125-121124-0002.flac,110880,
10486,train-clean-100/254/27760/254-27760-0012.flac,110880,
10487,train-clean-100/1246/124548/1246-124548-0042.flac,110640,
10488,train-clean-100/328/129766/328-129766-0098.flac,110640,
10489,train-clean-100/201/127786/201-127786-0000.flac,110480,
10490,train-clean-100/3436/172171/3436-172171-0004.flac,110480,
10491,train-clean-100/1926/147979/1926-147979-0001.flac,110400,
10492,train-clean-100/211/122442/211-122442-0075.flac,110400,
10493,train-clean-100/1455/138263/1455-138263-0009.flac,110320,
10494,train-clean-100/2514/149482/2514-149482-0085.flac,110320,
10495,train-clean-100/2817/142371/2817-142371-0060.flac,110240,
10496,train-clean-100/2989/138028/2989-138028-0067.flac,110160,
10497,train-clean-100/1743/142914/1743-142914-0017.flac,110160,
10498,train-clean-100/3879/173592/3879-173592-0028.flac,110080,
10499,train-clean-100/311/124404/311-124404-0033.flac,110000,
10500,train-clean-100/2764/36617/2764-36617-0000.flac,109920,
10501,train-clean-100/1235/135887/1235-135887-0007.flac,109920,
10502,train-clean-100/3374/298026/3374-298026-0005.flac,109760,
10503,train-clean-100/1737/148989/1737-148989-0005.flac,109760,
10504,train-clean-100/103/1240/103-1240-0057.flac,109680,
10505,train-clean-100/1502/122619/1502-122619-0084.flac,109600,
10506,train-clean-100/198/209/198-209-0009.flac,109520,
10507,train-clean-100/1081/125237/1081-125237-0056.flac,109520,
10508,train-clean-100/229/130880/229-130880-0035.flac,109440,
10509,train-clean-100/2989/138035/2989-138035-0051.flac,109440,
10510,train-clean-100/2136/5147/2136-5147-0025.flac,109440,
10511,train-clean-100/2817/142380/2817-142380-0017.flac,109440,
10512,train-clean-100/1098/133695/1098-133695-0044.flac,109360,
10513,train-clean-100/1246/124548/1246-124548-0049.flac,109360,
10514,train-clean-100/2911/15045/2911-15045-0023.flac,109280,
10515,train-clean-100/1040/133433/1040-133433-0060.flac,109120,
10516,train-clean-100/3830/12531/3830-12531-0003.flac,109040,
10517,train-clean-100/198/126831/198-126831-0046.flac,108880,
10518,train-clean-100/2416/152139/2416-152139-0046.flac,108880,
10519,train-clean-100/3240/131231/3240-131231-0042.flac,108880,
10520,train-clean-100/3664/11714/3664-11714-0022.flac,108800,
10521,train-clean-100/2289/152258/2289-152258-0011.flac,108800,
10522,train-clean-100/3168/173564/3168-173564-0011.flac,108800,
10523,train-clean-100/2136/5143/2136-5143-0031.flac,108720,
10524,train-clean-100/3436/172162/3436-172162-0030.flac,108640,
10525,train-clean-100/3240/131232/3240-131232-0022.flac,108640,
10526,train-clean-100/1594/135914/1594-135914-0030.flac,108640,
10527,train-clean-100/27/124992/27-124992-0074.flac,108640,
10528,train-clean-100/1970/10594/1970-10594-0027.flac,108560,
10529,train-clean-100/1723/141149/1723-141149-0030.flac,108480,
10530,train-clean-100/1970/28415/1970-28415-0034.flac,108480,
10531,train-clean-100/1183/133255/1183-133255-0008.flac,108400,
10532,train-clean-100/1040/133433/1040-133433-0019.flac,108400,
10533,train-clean-100/254/12312/254-12312-0005.flac,108240,
10534,train-clean-100/328/129766/328-129766-0025.flac,108240,
10535,train-clean-100/1081/125237/1081-125237-0001.flac,108160,
10536,train-clean-100/3607/135982/3607-135982-0000.flac,108160,
10537,train-clean-100/2893/139310/2893-139310-0031.flac,108160,
10538,train-clean-100/39/121914/39-121914-0015.flac,108000,
10539,train-clean-100/328/129766/328-129766-0029.flac,107920,
10540,train-clean-100/2289/152257/2289-152257-0004.flac,107760,
10541,train-clean-100/322/124147/322-124147-0005.flac,107760,
10542,train-clean-100/1926/147987/1926-147987-0015.flac,107760,
10543,train-clean-100/2007/149877/2007-149877-0028.flac,107680,
10544,train-clean-100/1926/143879/1926-143879-0037.flac,107600,
10545,train-clean-100/118/47824/118-47824-0028.flac,107600,
10546,train-clean-100/1743/142914/1743-142914-0020.flac,107600,
10547,train-clean-100/150/132655/150-132655-0011.flac,107520,
10548,train-clean-100/2989/138035/2989-138035-0067.flac,107520,
10549,train-clean-100/211/122442/211-122442-0076.flac,107440,
10550,train-clean-100/1926/143879/1926-143879-0014.flac,107440,
10551,train-clean-100/1594/135914/1594-135914-0059.flac,107440,
10552,train-clean-100/211/122425/211-122425-0069.flac,107359,
10553,train-clean-100/2989/138035/2989-138035-0062.flac,107280,
10554,train-clean-100/27/123349/27-123349-0042.flac,107200,
10555,train-clean-100/307/127539/307-127539-0025.flac,107200,
10556,train-clean-100/1578/6379/1578-6379-0038.flac,107120,
10557,train-clean-100/3947/13262/3947-13262-0035.flac,107040,
10558,train-clean-100/125/121124/125-121124-0005.flac,107040,
10559,train-clean-100/2952/410/2952-410-0055.flac,106959,
10560,train-clean-100/3807/4923/3807-4923-0014.flac,106880,
10561,train-clean-100/1926/147987/1926-147987-0026.flac,106880,
10562,train-clean-100/1737/142397/1737-142397-0012.flac,106880,
10563,train-clean-100/2843/152918/2843-152918-0080.flac,106880,
10564,train-clean-100/2289/152253/2289-152253-0026.flac,106800,
10565,train-clean-100/3214/167602/3214-167602-0022.flac,106800,
10566,train-clean-100/3807/4955/3807-4955-0038.flac,106720,
10567,train-clean-100/311/124404/311-124404-0045.flac,106480,
10568,train-clean-100/201/127786/201-127786-0040.flac,106320,
10569,train-clean-100/1502/122619/1502-122619-0043.flac,106320,
10570,train-clean-100/2518/154825/2518-154825-0000.flac,106240,
10571,train-clean-100/332/128985/332-128985-0042.flac,106240,
10572,train-clean-100/2843/152918/2843-152918-0064.flac,106080,
10573,train-clean-100/2384/152900/2384-152900-0047.flac,106080,
10574,train-clean-100/1594/135914/1594-135914-0035.flac,106080,
10575,train-clean-100/1594/135914/1594-135914-0066.flac,105840,
10576,train-clean-100/1183/128659/1183-128659-0000.flac,105840,
10577,train-clean-100/1867/154075/1867-154075-0003.flac,105760,
10578,train-clean-100/2989/138028/2989-138028-0049.flac,105760,
10579,train-clean-100/1926/143879/1926-143879-0046.flac,105600,
10580,train-clean-100/3436/172162/3436-172162-0011.flac,105520,
10581,train-clean-100/254/27760/254-27760-0021.flac,105520,
10582,train-clean-100/2843/152918/2843-152918-0101.flac,105520,
10583,train-clean-100/1841/150351/1841-150351-0006.flac,105440,
10584,train-clean-100/201/127786/201-127786-0020.flac,105360,
10585,train-clean-100/1183/128659/1183-128659-0005.flac,105360,
10586,train-clean-100/2007/132570/2007-132570-0057.flac,105280,
10587,train-clean-100/118/121721/118-121721-0009.flac,105280,
10588,train-clean-100/211/122425/211-122425-0080.flac,105280,
10589,train-clean-100/2391/145015/2391-145015-0020.flac,105280,
10590,train-clean-100/1034/121119/1034-121119-0059.flac,105200,
10591,train-clean-100/3723/171631/3723-171631-0037.flac,105120,
10592,train-clean-100/1737/146161/1737-146161-0014.flac,105119,
10593,train-clean-100/254/27760/254-27760-0019.flac,105040,
10594,train-clean-100/1926/143879/1926-143879-0031.flac,104880,
10595,train-clean-100/3486/166424/3486-166424-0007.flac,104880,
10596,train-clean-100/198/209/198-209-0030.flac,104800,
10597,train-clean-100/118/124588/118-124588-0021.flac,104800,
10598,train-clean-100/39/121914/39-121914-0017.flac,104720,
10599,train-clean-100/229/130880/229-130880-0078.flac,104640,
10600,train-clean-100/32/4137/32-4137-0009.flac,104560,
10601,train-clean-100/1183/128659/1183-128659-0017.flac,104560,
10602,train-clean-100/3723/171115/3723-171115-0009.flac,104480,
10603,train-clean-100/3723/171115/3723-171115-0028.flac,104480,
10604,train-clean-100/2002/139469/2002-139469-0112.flac,104400,
10605,train-clean-100/1963/142776/1963-142776-0034.flac,104320,
10606,train-clean-100/2989/138035/2989-138035-0022.flac,104240,
10607,train-clean-100/2911/7601/2911-7601-0038.flac,104080,
10608,train-clean-100/3607/135982/3607-135982-0011.flac,104080,
10609,train-clean-100/27/124992/27-124992-0047.flac,103920,
10610,train-clean-100/2289/152257/2289-152257-0027.flac,103840,
10611,train-clean-100/39/121914/39-121914-0037.flac,103840,
10612,train-clean-100/1963/142393/1963-142393-0000.flac,103600,
10613,train-clean-100/1723/141149/1723-141149-0031.flac,103600,
10614,train-clean-100/1235/135887/1235-135887-0008.flac,103520,
10615,train-clean-100/311/124404/311-124404-0079.flac,103360,
10616,train-clean-100/27/124992/27-124992-0076.flac,103280,
10617,train-clean-100/1040/133433/1040-133433-0046.flac,103200,
10618,train-clean-100/1970/26100/1970-26100-0023.flac,103200,
10619,train-clean-100/1926/147979/1926-147979-0045.flac,103200,
10620,train-clean-100/2002/139469/2002-139469-0100.flac,103200,
10621,train-clean-100/2136/5147/2136-5147-0004.flac,103200,
10622,train-clean-100/27/124992/27-124992-0060.flac,103200,
10623,train-clean-100/3214/167602/3214-167602-0015.flac,103120,
10624,train-clean-100/1898/145720/1898-145720-0010.flac,103040,
10625,train-clean-100/3112/9555/3112-9555-0091.flac,103040,
10626,train-clean-100/39/121915/39-121915-0029.flac,102960,
10627,train-clean-100/3807/4923/3807-4923-0012.flac,102800,
10628,train-clean-100/1594/135914/1594-135914-0031.flac,102720,
10629,train-clean-100/1737/142397/1737-142397-0031.flac,102720,
10630,train-clean-100/2391/145015/2391-145015-0048.flac,102640,
10631,train-clean-100/289/121652/289-121652-0010.flac,102640,
10632,train-clean-100/125/121124/125-121124-0083.flac,102640,
10633,train-clean-100/2764/36619/2764-36619-0039.flac,102640,
10634,train-clean-100/1334/135589/1334-135589-0057.flac,102560,
10635,train-clean-100/3242/67168/3242-67168-0019.flac,102480,
10636,train-clean-100/3259/158083/3259-158083-0025.flac,102480,
10637,train-clean-100/39/121915/39-121915-0033.flac,102480,
10638,train-clean-100/332/128985/332-128985-0043.flac,102480,
10639,train-clean-100/254/127705/254-127705-0042.flac,102320,
10640,train-clean-100/3436/172171/3436-172171-0030.flac,102240,
10641,train-clean-100/307/127535/307-127535-0023.flac,102160,
10642,train-clean-100/118/124588/118-124588-0007.flac,102160,
10643,train-clean-100/125/121124/125-121124-0057.flac,102080,
10644,train-clean-100/254/27760/254-27760-0013.flac,102000,
10645,train-clean-100/1098/133695/1098-133695-0017.flac,101920,
10646,train-clean-100/3242/67153/3242-67153-0034.flac,101920,
10647,train-clean-100/3240/131231/3240-131231-0033.flac,101840,
10648,train-clean-100/1867/154071/1867-154071-0016.flac,101760,
10649,train-clean-100/32/4137/32-4137-0053.flac,101760,
10650,train-clean-100/1040/133433/1040-133433-0018.flac,101760,
10651,train-clean-100/1081/125237/1081-125237-0091.flac,101760,
10652,train-clean-100/201/127786/201-127786-0064.flac,101360,
10653,train-clean-100/3242/8112/3242-8112-0018.flac,101360,
10654,train-clean-100/2843/152918/2843-152918-0093.flac,101280,
10655,train-clean-100/200/124140/200-124140-0023.flac,101280,
10656,train-clean-100/2952/407/2952-407-0019.flac,101200,
10657,train-clean-100/3699/19402/3699-19402-0020.flac,101120,
10658,train-clean-100/3664/11714/3664-11714-0017.flac,101040,
10659,train-clean-100/1926/143879/1926-143879-0008.flac,100960,
10660,train-clean-100/3436/172171/3436-172171-0000.flac,100880,
10661,train-clean-100/2436/2481/2436-2481-0025.flac,100800,
10662,train-clean-100/1624/142933/1624-142933-0034.flac,100800,
10663,train-clean-100/332/128985/332-128985-0026.flac,100640,
10664,train-clean-100/2989/138035/2989-138035-0075.flac,100560,
10665,train-clean-100/27/124992/27-124992-0052.flac,100480,
10666,train-clean-100/332/128985/332-128985-0035.flac,100480,
10667,train-clean-100/2989/138035/2989-138035-0073.flac,100320,
10668,train-clean-100/198/209/198-209-0005.flac,100320,
10669,train-clean-100/1624/142933/1624-142933-0041.flac,100320,
10670,train-clean-100/198/209/198-209-0033.flac,100240,
10671,train-clean-100/3982/178459/3982-178459-0010.flac,100240,
10672,train-clean-100/2289/152253/2289-152253-0028.flac,100240,
10673,train-clean-100/1447/130551/1447-130551-0010.flac,100160,
10674,train-clean-100/2136/5140/2136-5140-0014.flac,100080,
10675,train-clean-100/3857/182317/3857-182317-0027.flac,100080,
10676,train-clean-100/201/127786/201-127786-0052.flac,100000,
10677,train-clean-100/1926/147987/1926-147987-0001.flac,99920,
10678,train-clean-100/1898/145702/1898-145702-0018.flac,99840,
10679,train-clean-100/1183/133256/1183-133256-0021.flac,99840,
10680,train-clean-100/3168/173564/3168-173564-0042.flac,99760,
10681,train-clean-100/2989/138028/2989-138028-0059.flac,99681,
10682,train-clean-100/250/142276/250-142276-0007.flac,99680,
10683,train-clean-100/1334/135589/1334-135589-0032.flac,99680,
10684,train-clean-100/1737/142397/1737-142397-0009.flac,99520,
10685,train-clean-100/32/4137/32-4137-0034.flac,99440,
10686,train-clean-100/374/180298/374-180298-0065.flac,99440,
10687,train-clean-100/3374/298032/3374-298032-0034.flac,99440,
10688,train-clean-100/1081/125237/1081-125237-0115.flac,99280,
10689,train-clean-100/3723/171631/3723-171631-0023.flac,99200,
10690,train-clean-100/3240/131232/3240-131232-0015.flac,99200,
10691,train-clean-100/1743/142912/1743-142912-0023.flac,99200,
10692,train-clean-100/1970/10594/1970-10594-0044.flac,99120,
10693,train-clean-100/1116/132847/1116-132847-0022.flac,99120,
10694,train-clean-100/1594/135914/1594-135914-0058.flac,99120,
10695,train-clean-100/1841/159771/1841-159771-0016.flac,98960,
10696,train-clean-100/125/121124/125-121124-0022.flac,98960,
10697,train-clean-100/2514/149482/2514-149482-0012.flac,98880,
10698,train-clean-100/1235/135887/1235-135887-0017.flac,98880,
10699,train-clean-100/250/140277/250-140277-0016.flac,98880,
10700,train-clean-100/1594/135914/1594-135914-0118.flac,98800,
10701,train-clean-100/2289/152258/2289-152258-0021.flac,98800,
10702,train-clean-100/311/124404/311-124404-0119.flac,98800,
10703,train-clean-100/211/122442/211-122442-0046.flac,98720,
10704,train-clean-100/1447/17506/1447-17506-0002.flac,98720,
10705,train-clean-100/1183/124566/1183-124566-0000.flac,98640,
10706,train-clean-100/2289/152258/2289-152258-0018.flac,98560,
10707,train-clean-100/289/121665/289-121665-0046.flac,98480,
10708,train-clean-100/3436/172171/3436-172171-0037.flac,98320,
10709,train-clean-100/2989/138035/2989-138035-0069.flac,98320,
10710,train-clean-100/1235/135884/1235-135884-0017.flac,98160,
10711,train-clean-100/3947/13260/3947-13260-0048.flac,97840,
10712,train-clean-100/1737/142397/1737-142397-0006.flac,97840,
10713,train-clean-100/1081/125237/1081-125237-0092.flac,97840,
10714,train-clean-100/1246/124548/1246-124548-0047.flac,97680,
10715,train-clean-100/3699/19402/3699-19402-0018.flac,97680,
10716,train-clean-100/1116/132847/1116-132847-0012.flac,97600,
10717,train-clean-100/1116/137572/1116-137572-0036.flac,97600,
10718,train-clean-100/2952/408/2952-408-0000.flac,97520,
10719,train-clean-100/1963/142776/1963-142776-0032.flac,97520,
10720,train-clean-100/39/121914/39-121914-0033.flac,97360,
10721,train-clean-100/2989/138028/2989-138028-0023.flac,97280,
10722,train-clean-100/298/126791/298-126791-0001.flac,97200,
10723,train-clean-100/229/130880/229-130880-0074.flac,97120,
10724,train-clean-100/1447/17506/1447-17506-0011.flac,97120,
10725,train-clean-100/1116/132847/1116-132847-0030.flac,97040,
10726,train-clean-100/1502/122615/1502-122615-0002.flac,97040,
10727,train-clean-100/39/121914/39-121914-0018.flac,97040,
10728,train-clean-100/1737/142397/1737-142397-0030.flac,97040,
10729,train-clean-100/3235/11599/3235-11599-0019.flac,96960,
10730,train-clean-100/298/126791/298-126791-0011.flac,96960,
10731,train-clean-100/229/130880/229-130880-0015.flac,96960,
10732,train-clean-100/2989/138028/2989-138028-0073.flac,96880,
10733,train-clean-100/1183/128659/1183-128659-0019.flac,96880,
10734,train-clean-100/2836/5354/2836-5354-0045.flac,96720,
10735,train-clean-100/2196/174172/2196-174172-0035.flac,96720,
10736,train-clean-100/1081/125237/1081-125237-0018.flac,96640,
10737,train-clean-100/211/122442/211-122442-0079.flac,96640,
10738,train-clean-100/3830/12530/3830-12530-0015.flac,96560,
10739,train-clean-100/39/121915/39-121915-0023.flac,96560,
10740,train-clean-100/211/122425/211-122425-0032.flac,96560,
10741,train-clean-100/1502/122619/1502-122619-0013.flac,96560,
10742,train-clean-100/289/121665/289-121665-0041.flac,96560,
10743,train-clean-100/1081/125237/1081-125237-0059.flac,96480,
10744,train-clean-100/1455/138263/1455-138263-0044.flac,96480,
10745,train-clean-100/1594/135914/1594-135914-0021.flac,96400,
10746,train-clean-100/2817/142380/2817-142380-0029.flac,96320,
10747,train-clean-100/1926/147987/1926-147987-0008.flac,96240,
10748,train-clean-100/3526/176653/3526-176653-0020.flac,96080,
10749,train-clean-100/201/127786/201-127786-0030.flac,96000,
10750,train-clean-100/211/122425/211-122425-0075.flac,95920,
10751,train-clean-100/27/124992/27-124992-0002.flac,95840,
10752,train-clean-100/1992/141719/1992-141719-0034.flac,95840,
10753,train-clean-100/1334/135589/1334-135589-0087.flac,95680,
10754,train-clean-100/3235/11599/3235-11599-0027.flac,95680,
10755,train-clean-100/3723/171115/3723-171115-0050.flac,95600,
10756,train-clean-100/200/124139/200-124139-0007.flac,95360,
10757,train-clean-100/125/121124/125-121124-0058.flac,95360,
10758,train-clean-100/1235/135884/1235-135884-0015.flac,95360,
10759,train-clean-100/1081/125237/1081-125237-0108.flac,95280,
10760,train-clean-100/1502/122619/1502-122619-0094.flac,95200,
10761,train-clean-100/1034/121119/1034-121119-0077.flac,95120,
10762,train-clean-100/2136/5140/2136-5140-0040.flac,94960,
10763,train-clean-100/2989/138035/2989-138035-0077.flac,94880,
10764,train-clean-100/1594/135914/1594-135914-0019.flac,94720,
10765,train-clean-100/3112/9555/3112-9555-0006.flac,94640,
10766,train-clean-100/198/126831/198-126831-0053.flac,94560,
10767,train-clean-100/2182/181173/2182-181173-0032.flac,94480,
10768,train-clean-100/2764/36616/2764-36616-0022.flac,94400,
10769,train-clean-100/2893/139310/2893-139310-0023.flac,94320,
10770,train-clean-100/1578/6379/1578-6379-0014.flac,94240,
10771,train-clean-100/2817/142371/2817-142371-0034.flac,94240,
10772,train-clean-100/2691/156750/2691-156750-0012.flac,94239,
10773,train-clean-100/1970/10594/1970-10594-0025.flac,94160,
10774,train-clean-100/3982/182255/3982-182255-0006.flac,94160,
10775,train-clean-100/150/132655/150-132655-0007.flac,94080,
10776,train-clean-100/1502/122619/1502-122619-0070.flac,94000,
10777,train-clean-100/328/129766/328-129766-0020.flac,93520,
10778,train-clean-100/2893/139310/2893-139310-0033.flac,93440,
10779,train-clean-100/2952/407/2952-407-0022.flac,93120,
10780,train-clean-100/1034/121119/1034-121119-0092.flac,93120,
10781,train-clean-100/2136/5143/2136-5143-0018.flac,93040,
10782,train-clean-100/198/209/198-209-0017.flac,92960,
10783,train-clean-100/200/126784/200-126784-0037.flac,92800,
10784,train-clean-100/2518/154826/2518-154826-0029.flac,92560,
10785,train-clean-100/1743/142912/1743-142912-0021.flac,92560,
10786,train-clean-100/2007/132570/2007-132570-0028.flac,92560,
10787,train-clean-100/2289/152253/2289-152253-0016.flac,92560,
10788,train-clean-100/2911/7601/2911-7601-0024.flac,92480,
10789,train-clean-100/1926/143879/1926-143879-0009.flac,92400,
10790,train-clean-100/125/121124/125-121124-0063.flac,92400,
10791,train-clean-100/27/124992/27-124992-0070.flac,92320,
10792,train-clean-100/2159/179156/2159-179156-0027.flac,92320,
10793,train-clean-100/3440/171009/3440-171009-0003.flac,92240,
10794,train-clean-100/1737/142396/1737-142396-0023.flac,92080,
10795,train-clean-100/3242/8112/3242-8112-0031.flac,92000,
10796,train-clean-100/1970/26100/1970-26100-0021.flac,92000,
10797,train-clean-100/3240/131232/3240-131232-0039.flac,92000,
10798,train-clean-100/229/130880/229-130880-0009.flac,92000,
10799,train-clean-100/1502/122615/1502-122615-0028.flac,92000,
10800,train-clean-100/1081/125237/1081-125237-0073.flac,92000,
10801,train-clean-100/332/128985/332-128985-0029.flac,91920,
10802,train-clean-100/3214/167606/3214-167606-0000.flac,91840,
10803,train-clean-100/2952/407/2952-407-0025.flac,91840,
10804,train-clean-100/3723/171115/3723-171115-0022.flac,91760,
10805,train-clean-100/3879/173592/3879-173592-0003.flac,91760,
10806,train-clean-100/103/1241/103-1241-0043.flac,91680,
10807,train-clean-100/27/124992/27-124992-0023.flac,91680,
10808,train-clean-100/27/124992/27-124992-0024.flac,91680,
10809,train-clean-100/3235/11599/3235-11599-0013.flac,91680,
10810,train-clean-100/1502/122619/1502-122619-0064.flac,91680,
10811,train-clean-100/211/122425/211-122425-0005.flac,91680,
10812,train-clean-100/27/124992/27-124992-0066.flac,91601,
10813,train-clean-100/1898/145702/1898-145702-0019.flac,91600,
10814,train-clean-100/1867/154071/1867-154071-0019.flac,91600,
10815,train-clean-100/3723/171115/3723-171115-0004.flac,91520,
10816,train-clean-100/2289/152258/2289-152258-0031.flac,91520,
10817,train-clean-100/332/128985/332-128985-0068.flac,91520,
10818,train-clean-100/1447/17506/1447-17506-0017.flac,91281,
10819,train-clean-100/125/121124/125-121124-0040.flac,91280,
10820,train-clean-100/1081/125237/1081-125237-0102.flac,91200,
10821,train-clean-100/118/121721/118-121721-0004.flac,91200,
10822,train-clean-100/211/122425/211-122425-0078.flac,91200,
10823,train-clean-100/328/129766/328-129766-0027.flac,91120,
10824,train-clean-100/1455/134435/1455-134435-0006.flac,91040,
10825,train-clean-100/248/130652/248-130652-0039.flac,91040,
10826,train-clean-100/125/121124/125-121124-0037.flac,91040,
10827,train-clean-100/2289/152253/2289-152253-0025.flac,90880,
10828,train-clean-100/3374/298032/3374-298032-0037.flac,90880,
10829,train-clean-100/2518/154826/2518-154826-0035.flac,90880,
10830,train-clean-100/307/127535/307-127535-0038.flac,90800,
10831,train-clean-100/3374/298026/3374-298026-0038.flac,90720,
10832,train-clean-100/1447/130552/1447-130552-0017.flac,90720,
10833,train-clean-100/2691/156745/2691-156745-0028.flac,90720,
10834,train-clean-100/125/121124/125-121124-0021.flac,90720,
10835,train-clean-100/1624/168623/1624-168623-0033.flac,90720,
10836,train-clean-100/3235/28452/3235-28452-0033.flac,90399,
10837,train-clean-100/211/122442/211-122442-0004.flac,90320,
10838,train-clean-100/2136/5143/2136-5143-0041.flac,90320,
10839,train-clean-100/1183/128659/1183-128659-0004.flac,90240,
10840,train-clean-100/32/4137/32-4137-0028.flac,90240,
10841,train-clean-100/2289/152258/2289-152258-0032.flac,90160,
10842,train-clean-100/254/27760/254-27760-0001.flac,90080,
10843,train-clean-100/3112/9554/3112-9554-0021.flac,89920,
10844,train-clean-100/1723/141149/1723-141149-0069.flac,89920,
10845,train-clean-100/1081/128618/1081-128618-0001.flac,89920,
10846,train-clean-100/1743/142914/1743-142914-0028.flac,89920,
10847,train-clean-100/1963/142776/1963-142776-0029.flac,89840,
10848,train-clean-100/1898/145724/1898-145724-0013.flac,89840,
10849,train-clean-100/311/124404/311-124404-0016.flac,89680,
10850,train-clean-100/3723/171631/3723-171631-0038.flac,89680,
10851,train-clean-100/1183/124566/1183-124566-0002.flac,89520,
10852,train-clean-100/1926/143879/1926-143879-0018.flac,89520,
10853,train-clean-100/332/128985/332-128985-0082.flac,89520,
10854,train-clean-100/1098/133695/1098-133695-0034.flac,89280,
10855,train-clean-100/118/121721/118-121721-0007.flac,89280,
10856,train-clean-100/3240/131231/3240-131231-0003.flac,89040,
10857,train-clean-100/211/122425/211-122425-0036.flac,88880,
10858,train-clean-100/3607/29116/3607-29116-0015.flac,88800,
10859,train-clean-100/254/27760/254-27760-0022.flac,88800,
10860,train-clean-100/1992/141719/1992-141719-0019.flac,88720,
10861,train-clean-100/1963/147036/1963-147036-0011.flac,88560,
10862,train-clean-100/3723/171631/3723-171631-0025.flac,88480,
10863,train-clean-100/2893/139310/2893-139310-0029.flac,88400,
10864,train-clean-100/3526/176653/3526-176653-0015.flac,88400,
10865,train-clean-100/2836/5354/2836-5354-0040.flac,88320,
10866,train-clean-100/1040/133433/1040-133433-0024.flac,88240,
10867,train-clean-100/2989/138035/2989-138035-0050.flac,88080,
10868,train-clean-100/26/496/26-496-0014.flac,88080,
10869,train-clean-100/1183/133256/1183-133256-0018.flac,88000,
10870,train-clean-100/26/495/26-495-0031.flac,87840,
10871,train-clean-100/2817/142371/2817-142371-0075.flac,87680,
10872,train-clean-100/196/122152/196-122152-0013.flac,87600,
10873,train-clean-100/1040/133433/1040-133433-0069.flac,87520,
10874,train-clean-100/211/122425/211-122425-0003.flac,87520,
10875,train-clean-100/3235/11599/3235-11599-0010.flac,87520,
10876,train-clean-100/201/127786/201-127786-0048.flac,87440,
10877,train-clean-100/2911/12359/2911-12359-0005.flac,87440,
10878,train-clean-100/125/121124/125-121124-0018.flac,87440,
10879,train-clean-100/1034/121119/1034-121119-0076.flac,87440,
10880,train-clean-100/1502/122619/1502-122619-0052.flac,87280,
10881,train-clean-100/2817/142380/2817-142380-0008.flac,87280,
10882,train-clean-100/1502/122619/1502-122619-0081.flac,87200,
10883,train-clean-100/2989/138035/2989-138035-0042.flac,87040,
10884,train-clean-100/2989/138028/2989-138028-0037.flac,87040,
10885,train-clean-100/3214/167602/3214-167602-0005.flac,86960,
10886,train-clean-100/3112/9555/3112-9555-0010.flac,86960,
10887,train-clean-100/3240/131231/3240-131231-0025.flac,86960,
10888,train-clean-100/2007/132570/2007-132570-0007.flac,86960,
10889,train-clean-100/1034/121119/1034-121119-0054.flac,86880,
10890,train-clean-100/2989/138035/2989-138035-0076.flac,86800,
10891,train-clean-100/1867/148436/1867-148436-0004.flac,86800,
10892,train-clean-100/1455/134435/1455-134435-0062.flac,86800,
10893,train-clean-100/3723/171115/3723-171115-0057.flac,86720,
10894,train-clean-100/3242/8112/3242-8112-0030.flac,86640,
10895,train-clean-100/125/121124/125-121124-0013.flac,86560,
10896,train-clean-100/118/121721/118-121721-0015.flac,86560,
10897,train-clean-100/39/121916/39-121916-0031.flac,86480,
10898,train-clean-100/1034/121119/1034-121119-0026.flac,86400,
10899,train-clean-100/3259/158083/3259-158083-0031.flac,86400,
10900,train-clean-100/211/122425/211-122425-0020.flac,86160,
10901,train-clean-100/2764/36617/2764-36617-0023.flac,86160,
10902,train-clean-100/1963/142776/1963-142776-0002.flac,86080,
10903,train-clean-100/2002/139469/2002-139469-0047.flac,86080,
10904,train-clean-100/1235/135883/1235-135883-0009.flac,86080,
10905,train-clean-100/3723/171631/3723-171631-0010.flac,85920,
10906,train-clean-100/2182/181183/2182-181183-0012.flac,85920,
10907,train-clean-100/311/124404/311-124404-0075.flac,85920,
10908,train-clean-100/2136/5143/2136-5143-0023.flac,85840,
10909,train-clean-100/2136/5143/2136-5143-0032.flac,85760,
10910,train-clean-100/3259/158083/3259-158083-0076.flac,85680,
10911,train-clean-100/26/495/26-495-0047.flac,85680,
10912,train-clean-100/198/126831/198-126831-0003.flac,85680,
10913,train-clean-100/1098/133695/1098-133695-0024.flac,85600,
10914,train-clean-100/1723/141149/1723-141149-0055.flac,85600,
10915,train-clean-100/1963/142393/1963-142393-0031.flac,85600,
10916,train-clean-100/1624/142933/1624-142933-0038.flac,85520,
10917,train-clean-100/2092/145706/2092-145706-0062.flac,85520,
10918,train-clean-100/1455/134435/1455-134435-0005.flac,85440,
10919,train-clean-100/2002/139469/2002-139469-0068.flac,85360,
10920,train-clean-100/2952/407/2952-407-0027.flac,85360,
10921,train-clean-100/3374/298032/3374-298032-0014.flac,85200,
10922,train-clean-100/1116/132847/1116-132847-0037.flac,85200,
10923,train-clean-100/1578/140049/1578-140049-0021.flac,85040,
10924,train-clean-100/3664/178355/3664-178355-0010.flac,84960,
10925,train-clean-100/2196/170379/2196-170379-0003.flac,84960,
10926,train-clean-100/1743/142914/1743-142914-0033.flac,84879,
10927,train-clean-100/3240/131231/3240-131231-0053.flac,84800,
10928,train-clean-100/307/127535/307-127535-0014.flac,84800,
10929,train-clean-100/1502/122619/1502-122619-0083.flac,84720,
10930,train-clean-100/2196/170379/2196-170379-0010.flac,84560,
10931,train-clean-100/298/126791/298-126791-0002.flac,84480,
10932,train-clean-100/2289/152258/2289-152258-0001.flac,84480,
10933,train-clean-100/211/122425/211-122425-0081.flac,84480,
10934,train-clean-100/1867/154071/1867-154071-0018.flac,84320,
10935,train-clean-100/32/21625/32-21625-0008.flac,84320,
10936,train-clean-100/1235/135883/1235-135883-0030.flac,84320,
10937,train-clean-100/1183/128659/1183-128659-0002.flac,84160,
10938,train-clean-100/1963/142776/1963-142776-0004.flac,84160,
10939,train-clean-100/1363/135842/1363-135842-0000.flac,84160,
10940,train-clean-100/125/121124/125-121124-0068.flac,84080,
10941,train-clean-100/211/122442/211-122442-0018.flac,84000,
10942,train-clean-100/1926/143879/1926-143879-0017.flac,83920,
10943,train-clean-100/3947/13262/3947-13262-0039.flac,83920,
10944,train-clean-100/2952/410/2952-410-0016.flac,83840,
10945,train-clean-100/2989/138028/2989-138028-0065.flac,83840,
10946,train-clean-100/27/124992/27-124992-0056.flac,83840,
10947,train-clean-100/1624/168623/1624-168623-0011.flac,83680,
10948,train-clean-100/2416/152139/2416-152139-0023.flac,83680,
10949,train-clean-100/201/122255/201-122255-0029.flac,83520,
10950,train-clean-100/2989/138035/2989-138035-0049.flac,83440,
10951,train-clean-100/2436/2476/2436-2476-0012.flac,83360,
10952,train-clean-100/3607/29116/3607-29116-0001.flac,83280,
10953,train-clean-100/27/123349/27-123349-0058.flac,83280,
10954,train-clean-100/1116/132851/1116-132851-0017.flac,83280,
10955,train-clean-100/328/129766/328-129766-0068.flac,83280,
10956,train-clean-100/2691/156750/2691-156750-0008.flac,83200,
10957,train-clean-100/125/121124/125-121124-0073.flac,83200,
10958,train-clean-100/229/130880/229-130880-0005.flac,83040,
10959,train-clean-100/2002/139469/2002-139469-0009.flac,83040,
10960,train-clean-100/3112/9555/3112-9555-0077.flac,82960,
10961,train-clean-100/1081/125237/1081-125237-0003.flac,82880,
10962,train-clean-100/3259/158083/3259-158083-0061.flac,82800,
10963,train-clean-100/2952/407/2952-407-0024.flac,82800,
10964,train-clean-100/1926/147979/1926-147979-0003.flac,82800,
10965,train-clean-100/229/130880/229-130880-0014.flac,82720,
10966,train-clean-100/3699/175950/3699-175950-0005.flac,82720,
10967,train-clean-100/1970/10594/1970-10594-0013.flac,82720,
10968,train-clean-100/1898/145720/1898-145720-0018.flac,82560,
10969,train-clean-100/32/4137/32-4137-0018.flac,82560,
10970,train-clean-100/1183/124566/1183-124566-0004.flac,82560,
10971,train-clean-100/2182/181183/2182-181183-0011.flac,82480,
10972,train-clean-100/1447/130550/1447-130550-0027.flac,82400,
10973,train-clean-100/3486/166446/3486-166446-0042.flac,82320,
10974,train-clean-100/1898/145724/1898-145724-0037.flac,82160,
10975,train-clean-100/1963/142393/1963-142393-0029.flac,82160,
10976,train-clean-100/201/122255/201-122255-0033.flac,82080,
10977,train-clean-100/3982/182255/3982-182255-0026.flac,81840,
10978,train-clean-100/1502/122615/1502-122615-0033.flac,81840,
10979,train-clean-100/3486/166424/3486-166424-0062.flac,81840,
10980,train-clean-100/1098/133695/1098-133695-0071.flac,81760,
10981,train-clean-100/2764/36617/2764-36617-0013.flac,81680,
10982,train-clean-100/2952/410/2952-410-0002.flac,81680,
10983,train-clean-100/2007/132570/2007-132570-0008.flac,81600,
10984,train-clean-100/2911/12359/2911-12359-0007.flac,81520,
10985,train-clean-100/1867/154071/1867-154071-0032.flac,81520,
10986,train-clean-100/1069/133699/1069-133699-0043.flac,81440,
10987,train-clean-100/307/127535/307-127535-0019.flac,81280,
10988,train-clean-100/1723/141149/1723-141149-0097.flac,81200,
10989,train-clean-100/27/123349/27-123349-0009.flac,81040,
10990,train-clean-100/2002/139469/2002-139469-0019.flac,81040,
10991,train-clean-100/322/124146/322-124146-0001.flac,81040,
10992,train-clean-100/3436/172171/3436-172171-0057.flac,80960,
10993,train-clean-100/1898/145724/1898-145724-0012.flac,80960,
10994,train-clean-100/1183/133256/1183-133256-0012.flac,80880,
10995,train-clean-100/2514/149482/2514-149482-0054.flac,80880,
10996,train-clean-100/1455/138263/1455-138263-0054.flac,80880,
10997,train-clean-100/3235/11599/3235-11599-0018.flac,80800,
10998,train-clean-100/311/124404/311-124404-0041.flac,80800,
10999,train-clean-100/1246/124548/1246-124548-0015.flac,80640,
11000,train-clean-100/2893/139322/2893-139322-0049.flac,80560,
11001,train-clean-100/1040/133433/1040-133433-0015.flac,80480,
11002,train-clean-100/1034/121119/1034-121119-0024.flac,80400,
11003,train-clean-100/3240/131231/3240-131231-0009.flac,80400,
11004,train-clean-100/2007/149877/2007-149877-0023.flac,80320,
11005,train-clean-100/125/121124/125-121124-0060.flac,80240,
11006,train-clean-100/118/47824/118-47824-0023.flac,80240,
11007,train-clean-100/3440/171009/3440-171009-0080.flac,80240,
11008,train-clean-100/3607/135982/3607-135982-0051.flac,80240,
11009,train-clean-100/118/47824/118-47824-0056.flac,80240,
11010,train-clean-100/1183/128659/1183-128659-0016.flac,80240,
11011,train-clean-100/1034/121119/1034-121119-0010.flac,80240,
11012,train-clean-100/1594/135914/1594-135914-0053.flac,80160,
11013,train-clean-100/1447/130550/1447-130550-0015.flac,80160,
11014,train-clean-100/1553/140048/1553-140048-0031.flac,79920,
11015,train-clean-100/3168/173564/3168-173564-0036.flac,79920,
11016,train-clean-100/2817/142371/2817-142371-0025.flac,79920,
11017,train-clean-100/118/47824/118-47824-0036.flac,79840,
11018,train-clean-100/1040/133433/1040-133433-0048.flac,79840,
11019,train-clean-100/198/126831/198-126831-0048.flac,79760,
11020,train-clean-100/39/121915/39-121915-0004.flac,79680,
11021,train-clean-100/328/129766/328-129766-0090.flac,79680,
11022,train-clean-100/198/126831/198-126831-0039.flac,79680,
11023,train-clean-100/201/127786/201-127786-0049.flac,79680,
11024,train-clean-100/3235/28452/3235-28452-0014.flac,79600,
11025,train-clean-100/3879/173592/3879-173592-0030.flac,79520,
11026,train-clean-100/211/122425/211-122425-0074.flac,79440,
11027,train-clean-100/198/209/198-209-0038.flac,79440,
11028,train-clean-100/27/124992/27-124992-0014.flac,79440,
11029,train-clean-100/3723/171115/3723-171115-0001.flac,79440,
11030,train-clean-100/328/129766/328-129766-0079.flac,79280,
11031,train-clean-100/2817/142380/2817-142380-0024.flac,79280,
11032,train-clean-100/1502/122619/1502-122619-0062.flac,79280,
11033,train-clean-100/3214/167602/3214-167602-0009.flac,79200,
11034,train-clean-100/1963/142393/1963-142393-0001.flac,79120,
11035,train-clean-100/2514/149482/2514-149482-0072.flac,79120,
11036,train-clean-100/3259/158083/3259-158083-0011.flac,79040,
11037,train-clean-100/3879/174923/3879-174923-0057.flac,79040,
11038,train-clean-100/2182/181183/2182-181183-0008.flac,78960,
11039,train-clean-100/1334/135589/1334-135589-0008.flac,78880,
11040,train-clean-100/201/122255/201-122255-0000.flac,78880,
11041,train-clean-100/1502/122619/1502-122619-0024.flac,78800,
11042,train-clean-100/1737/142397/1737-142397-0027.flac,78720,
11043,train-clean-100/322/124147/322-124147-0023.flac,78720,
11044,train-clean-100/1355/39947/1355-39947-0046.flac,78640,
11045,train-clean-100/3486/166446/3486-166446-0001.flac,78560,
11046,train-clean-100/211/122442/211-122442-0019.flac,78560,
11047,train-clean-100/211/122442/211-122442-0026.flac,78560,
11048,train-clean-100/3242/8112/3242-8112-0032.flac,78480,
11049,train-clean-100/226/131532/226-131532-0032.flac,78480,
11050,train-clean-100/1992/141719/1992-141719-0045.flac,78320,
11051,train-clean-100/1594/135914/1594-135914-0051.flac,78320,
11052,train-clean-100/2289/152253/2289-152253-0011.flac,78240,
11053,train-clean-100/1455/134435/1455-134435-0073.flac,78160,
11054,train-clean-100/2989/138035/2989-138035-0053.flac,78160,
11055,train-clean-100/298/126790/298-126790-0034.flac,78160,
11056,train-clean-100/3242/67168/3242-67168-0029.flac,78080,
11057,train-clean-100/1594/135914/1594-135914-0106.flac,78080,
11058,train-clean-100/1334/135589/1334-135589-0001.flac,78080,
11059,train-clean-100/1594/135914/1594-135914-0088.flac,78000,
11060,train-clean-100/3526/176653/3526-176653-0038.flac,77920,
11061,train-clean-100/1898/145720/1898-145720-0011.flac,77840,
11062,train-clean-100/1970/28415/1970-28415-0030.flac,77840,
11063,train-clean-100/1363/135842/1363-135842-0037.flac,77840,
11064,train-clean-100/1447/130550/1447-130550-0022.flac,77760,
11065,train-clean-100/3374/298025/3374-298025-0022.flac,77760,
11066,train-clean-100/211/122442/211-122442-0065.flac,77760,
11067,train-clean-100/1116/132851/1116-132851-0016.flac,77760,
11068,train-clean-100/2007/132570/2007-132570-0032.flac,77600,
11069,train-clean-100/1034/121119/1034-121119-0036.flac,77600,
11070,train-clean-100/1578/6379/1578-6379-0012.flac,77600,
11071,train-clean-100/125/121124/125-121124-0075.flac,77600,
11072,train-clean-100/3947/13262/3947-13262-0016.flac,77440,
11073,train-clean-100/3526/175658/3526-175658-0012.flac,77440,
11074,train-clean-100/1867/154071/1867-154071-0035.flac,77360,
11075,train-clean-100/103/1241/103-1241-0025.flac,77280,
11076,train-clean-100/1926/147987/1926-147987-0003.flac,77280,
11077,train-clean-100/27/124992/27-124992-0043.flac,77200,
11078,train-clean-100/2843/152918/2843-152918-0078.flac,77120,
11079,train-clean-100/1455/138263/1455-138263-0004.flac,77120,
11080,train-clean-100/118/47824/118-47824-0046.flac,76960,
11081,train-clean-100/1098/133695/1098-133695-0077.flac,76880,
11082,train-clean-100/3440/171009/3440-171009-0042.flac,76880,
11083,train-clean-100/2136/5147/2136-5147-0011.flac,76800,
11084,train-clean-100/3240/131231/3240-131231-0014.flac,76800,
11085,train-clean-100/254/12312/254-12312-0000.flac,76720,
11086,train-clean-100/2911/7601/2911-7601-0001.flac,76640,
11087,train-clean-100/3526/176653/3526-176653-0018.flac,76640,
11088,train-clean-100/1183/128659/1183-128659-0001.flac,76560,
11089,train-clean-100/198/129977/198-129977-0016.flac,76480,
11090,train-clean-100/211/122442/211-122442-0023.flac,76480,
11091,train-clean-100/27/124992/27-124992-0054.flac,76400,
11092,train-clean-100/1898/145715/1898-145715-0002.flac,76320,
11093,train-clean-100/1963/142393/1963-142393-0030.flac,76160,
11094,train-clean-100/1455/134435/1455-134435-0044.flac,76160,
11095,train-clean-100/1594/135914/1594-135914-0040.flac,76160,
11096,train-clean-100/3699/175950/3699-175950-0000.flac,76000,
11097,train-clean-100/1578/140045/1578-140045-0020.flac,76000,
11098,train-clean-100/1502/122619/1502-122619-0087.flac,76000,
11099,train-clean-100/332/128985/332-128985-0027.flac,75920,
11100,train-clean-100/1578/6379/1578-6379-0015.flac,75840,
11101,train-clean-100/1963/147036/1963-147036-0002.flac,75760,
11102,train-clean-100/3830/12535/3830-12535-0032.flac,75680,
11103,train-clean-100/2893/139322/2893-139322-0020.flac,75600,
11104,train-clean-100/1926/147979/1926-147979-0019.flac,75600,
11105,train-clean-100/229/130880/229-130880-0079.flac,75520,
11106,train-clean-100/3112/9554/3112-9554-0023.flac,75440,
11107,train-clean-100/2911/15045/2911-15045-0017.flac,75280,
11108,train-clean-100/302/123516/302-123516-0024.flac,75200,
11109,train-clean-100/2159/179154/2159-179154-0018.flac,75120,
11110,train-clean-100/1098/133695/1098-133695-0056.flac,75040,
11111,train-clean-100/3374/298032/3374-298032-0017.flac,75040,
11112,train-clean-100/2843/152918/2843-152918-0008.flac,74960,
11113,train-clean-100/1034/121119/1034-121119-0021.flac,74960,
11114,train-clean-100/3664/178355/3664-178355-0019.flac,74880,
11115,train-clean-100/3830/12530/3830-12530-0033.flac,74880,
11116,train-clean-100/250/142286/250-142286-0011.flac,74880,
11117,train-clean-100/2391/145015/2391-145015-0012.flac,74880,
11118,train-clean-100/3723/171115/3723-171115-0052.flac,74800,
11119,train-clean-100/3242/67168/3242-67168-0020.flac,74640,
11120,train-clean-100/307/127535/307-127535-0035.flac,74640,
11121,train-clean-100/201/127786/201-127786-0068.flac,74560,
11122,train-clean-100/27/124992/27-124992-0032.flac,74560,
11123,train-clean-100/27/124992/27-124992-0049.flac,74480,
11124,train-clean-100/1867/148436/1867-148436-0036.flac,74480,
11125,train-clean-100/2289/152253/2289-152253-0030.flac,74400,
11126,train-clean-100/2136/5147/2136-5147-0037.flac,74400,
11127,train-clean-100/311/124404/311-124404-0080.flac,74160,
11128,train-clean-100/2843/152918/2843-152918-0034.flac,74160,
11129,train-clean-100/1502/122619/1502-122619-0086.flac,74160,
11130,train-clean-100/2817/142371/2817-142371-0010.flac,74000,
11131,train-clean-100/2843/152918/2843-152918-0073.flac,74000,
11132,train-clean-100/2136/5143/2136-5143-0036.flac,74000,
11133,train-clean-100/254/127705/254-127705-0005.flac,74000,
11134,train-clean-100/3259/158083/3259-158083-0026.flac,73920,
11135,train-clean-100/1235/135884/1235-135884-0036.flac,73920,
11136,train-clean-100/1034/121119/1034-121119-0041.flac,73920,
11137,train-clean-100/322/124146/322-124146-0011.flac,73920,
11138,train-clean-100/1034/121119/1034-121119-0084.flac,73920,
11139,train-clean-100/27/124992/27-124992-0078.flac,73920,
11140,train-clean-100/2136/5143/2136-5143-0037.flac,73840,
11141,train-clean-100/248/130697/248-130697-0033.flac,73680,
11142,train-clean-100/163/122947/163-122947-0012.flac,73680,
11143,train-clean-100/1081/125237/1081-125237-0019.flac,73600,
11144,train-clean-100/1898/145724/1898-145724-0011.flac,73600,
11145,train-clean-100/328/129766/328-129766-0010.flac,73520,
11146,train-clean-100/1235/135883/1235-135883-0014.flac,73520,
11147,train-clean-100/32/4137/32-4137-0011.flac,73440,
11148,train-clean-100/211/122425/211-122425-0000.flac,73360,
11149,train-clean-100/3214/167602/3214-167602-0011.flac,73360,
11150,train-clean-100/1116/132851/1116-132851-0010.flac,73280,
11151,train-clean-100/3259/158083/3259-158083-0032.flac,73280,
11152,train-clean-100/2843/152918/2843-152918-0045.flac,73200,
11153,train-clean-100/2843/152918/2843-152918-0044.flac,73200,
11154,train-clean-100/1594/135914/1594-135914-0055.flac,73200,
11155,train-clean-100/1455/134435/1455-134435-0026.flac,73199,
11156,train-clean-100/118/47824/118-47824-0013.flac,73120,
11157,train-clean-100/2893/139310/2893-139310-0014.flac,73040,
11158,train-clean-100/2289/152257/2289-152257-0018.flac,73040,
11159,train-clean-100/2836/5354/2836-5354-0034.flac,72960,
11160,train-clean-100/1235/135884/1235-135884-0033.flac,72960,
11161,train-clean-100/2764/36619/2764-36619-0026.flac,72960,
11162,train-clean-100/1183/133255/1183-133255-0002.flac,72960,
11163,train-clean-100/2436/2476/2436-2476-0037.flac,72880,
11164,train-clean-100/2136/5143/2136-5143-0042.flac,72800,
11165,train-clean-100/2764/36619/2764-36619-0038.flac,72640,
11166,train-clean-100/1246/124548/1246-124548-0045.flac,72640,
11167,train-clean-100/2911/12359/2911-12359-0013.flac,72560,
11168,train-clean-100/125/121124/125-121124-0078.flac,72560,
11169,train-clean-100/1455/138263/1455-138263-0000.flac,72560,
11170,train-clean-100/125/121124/125-121124-0012.flac,72480,
11171,train-clean-100/2289/152253/2289-152253-0010.flac,72400,
11172,train-clean-100/3526/175658/3526-175658-0015.flac,72320,
11173,train-clean-100/1034/121119/1034-121119-0012.flac,72240,
11174,train-clean-100/1926/143879/1926-143879-0030.flac,72160,
11175,train-clean-100/3112/9555/3112-9555-0033.flac,72000,
11176,train-clean-100/229/130880/229-130880-0058.flac,71920,
11177,train-clean-100/1594/135914/1594-135914-0100.flac,71920,
11178,train-clean-100/26/495/26-495-0088.flac,71840,
11179,train-clean-100/1867/148436/1867-148436-0010.flac,71840,
11180,train-clean-100/2989/138028/2989-138028-0047.flac,71840,
11181,train-clean-100/211/122442/211-122442-0078.flac,71840,
11182,train-clean-100/2764/36619/2764-36619-0030.flac,71760,
11183,train-clean-100/1116/132847/1116-132847-0001.flac,71681,
11184,train-clean-100/1502/122619/1502-122619-0050.flac,71680,
11185,train-clean-100/2136/5143/2136-5143-0034.flac,71600,
11186,train-clean-100/26/495/26-495-0080.flac,71600,
11187,train-clean-100/1183/128659/1183-128659-0007.flac,71520,
11188,train-clean-100/27/124992/27-124992-0072.flac,71440,
11189,train-clean-100/3486/166446/3486-166446-0004.flac,71440,
11190,train-clean-100/1034/121119/1034-121119-0089.flac,71360,
11191,train-clean-100/311/124404/311-124404-0019.flac,71360,
11192,train-clean-100/1594/135914/1594-135914-0048.flac,71360,
11193,train-clean-100/1116/137572/1116-137572-0045.flac,71360,
11194,train-clean-100/3214/167602/3214-167602-0024.flac,71360,
11195,train-clean-100/2007/132570/2007-132570-0003.flac,71280,
11196,train-clean-100/1081/128618/1081-128618-0013.flac,71280,
11197,train-clean-100/211/122425/211-122425-0037.flac,71280,
11198,train-clean-100/2691/156750/2691-156750-0021.flac,71120,
11199,train-clean-100/1116/132847/1116-132847-0011.flac,70960,
11200,train-clean-100/254/12312/254-12312-0013.flac,70960,
11201,train-clean-100/1183/133256/1183-133256-0003.flac,70960,
11202,train-clean-100/2952/407/2952-407-0016.flac,70800,
11203,train-clean-100/233/134440/233-134440-0058.flac,70800,
11204,train-clean-100/254/127705/254-127705-0006.flac,70720,
11205,train-clean-100/1502/122619/1502-122619-0035.flac,70720,
11206,train-clean-100/3436/172162/3436-172162-0013.flac,70720,
11207,train-clean-100/1578/140049/1578-140049-0002.flac,70720,
11208,train-clean-100/1034/121119/1034-121119-0038.flac,70640,
11209,train-clean-100/3982/178459/3982-178459-0012.flac,70640,
11210,train-clean-100/1040/133433/1040-133433-0021.flac,70560,
11211,train-clean-100/254/27760/254-27760-0006.flac,70560,
11212,train-clean-100/150/132655/150-132655-0000.flac,70480,
11213,train-clean-100/3830/12531/3830-12531-0031.flac,70480,
11214,train-clean-100/27/124992/27-124992-0058.flac,70320,
11215,train-clean-100/1970/10594/1970-10594-0028.flac,70320,
11216,train-clean-100/1502/122615/1502-122615-0021.flac,70240,
11217,train-clean-100/3242/8112/3242-8112-0023.flac,70240,
11218,train-clean-100/3242/8112/3242-8112-0033.flac,70240,
11219,train-clean-100/3723/171631/3723-171631-0032.flac,70160,
11220,train-clean-100/3486/166446/3486-166446-0011.flac,70160,
11221,train-clean-100/1502/122619/1502-122619-0066.flac,70080,
11222,train-clean-100/311/124404/311-124404-0121.flac,70080,
11223,train-clean-100/125/121124/125-121124-0077.flac,70080,
11224,train-clean-100/2843/152918/2843-152918-0079.flac,70000,
11225,train-clean-100/1116/132847/1116-132847-0021.flac,69840,
11226,train-clean-100/27/124992/27-124992-0015.flac,69680,
11227,train-clean-100/322/124146/322-124146-0005.flac,69520,
11228,train-clean-100/163/122947/163-122947-0014.flac,69360,
11229,train-clean-100/27/124992/27-124992-0044.flac,69280,
11230,train-clean-100/2989/138035/2989-138035-0047.flac,69120,
11231,train-clean-100/3214/167602/3214-167602-0001.flac,69120,
11232,train-clean-100/39/121914/39-121914-0056.flac,69040,
11233,train-clean-100/1841/179183/1841-179183-0009.flac,69040,
11234,train-clean-100/2764/36616/2764-36616-0006.flac,69040,
11235,train-clean-100/211/122442/211-122442-0035.flac,68960,
11236,train-clean-100/3168/173565/3168-173565-0035.flac,68960,
11237,train-clean-100/3242/67168/3242-67168-0034.flac,68960,
11238,train-clean-100/311/124404/311-124404-0029.flac,68880,
11239,train-clean-100/118/47824/118-47824-0025.flac,68800,
11240,train-clean-100/3857/182315/3857-182315-0022.flac,68800,
11241,train-clean-100/2136/5143/2136-5143-0016.flac,68720,
11242,train-clean-100/27/123349/27-123349-0030.flac,68720,
11243,train-clean-100/248/130697/248-130697-0036.flac,68720,
11244,train-clean-100/211/122442/211-122442-0014.flac,68720,
11245,train-clean-100/2007/149877/2007-149877-0016.flac,68560,
11246,train-clean-100/233/134440/233-134440-0046.flac,68560,
11247,train-clean-100/1183/133256/1183-133256-0017.flac,68560,
11248,train-clean-100/1235/135883/1235-135883-0040.flac,68480,
11249,train-clean-100/1737/146161/1737-146161-0010.flac,68400,
11250,train-clean-100/200/126784/200-126784-0013.flac,68400,
11251,train-clean-100/39/121916/39-121916-0026.flac,68400,
11252,train-clean-100/118/47824/118-47824-0086.flac,68400,
11253,train-clean-100/2817/142371/2817-142371-0068.flac,68400,
11254,train-clean-100/2289/152257/2289-152257-0006.flac,68320,
11255,train-clean-100/211/122442/211-122442-0031.flac,68320,
11256,train-clean-100/1867/154075/1867-154075-0005.flac,68320,
11257,train-clean-100/1970/10594/1970-10594-0014.flac,68240,
11258,train-clean-100/3240/131231/3240-131231-0055.flac,68160,
11259,train-clean-100/2910/131096/2910-131096-0028.flac,68080,
11260,train-clean-100/2817/142371/2817-142371-0006.flac,67920,
11261,train-clean-100/1867/154071/1867-154071-0044.flac,67920,
11262,train-clean-100/2843/152918/2843-152918-0075.flac,67919,
11263,train-clean-100/19/198/19-198-0037.flac,67840,
11264,train-clean-100/3607/29116/3607-29116-0043.flac,67840,
11265,train-clean-100/1594/135914/1594-135914-0103.flac,67840,
11266,train-clean-100/1926/143879/1926-143879-0011.flac,67600,
11267,train-clean-100/3240/131231/3240-131231-0056.flac,67600,
11268,train-clean-100/1992/141719/1992-141719-0016.flac,67600,
11269,train-clean-100/150/132655/150-132655-0034.flac,67600,
11270,train-clean-100/1578/6379/1578-6379-0042.flac,67600,
11271,train-clean-100/322/124146/322-124146-0027.flac,67440,
11272,train-clean-100/1502/122619/1502-122619-0032.flac,67201,
11273,train-clean-100/2002/139469/2002-139469-0070.flac,67200,
11274,train-clean-100/26/495/26-495-0017.flac,67200,
11275,train-clean-100/201/127786/201-127786-0066.flac,67200,
11276,train-clean-100/1502/122619/1502-122619-0003.flac,67120,
11277,train-clean-100/1235/135883/1235-135883-0045.flac,67120,
11278,train-clean-100/2989/138028/2989-138028-0018.flac,67040,
11279,train-clean-100/1898/145720/1898-145720-0000.flac,66880,
11280,train-clean-100/1926/147987/1926-147987-0006.flac,66800,
11281,train-clean-100/3879/173592/3879-173592-0013.flac,66800,
11282,train-clean-100/2989/138035/2989-138035-0011.flac,66720,
11283,train-clean-100/2989/138035/2989-138035-0060.flac,66640,
11284,train-clean-100/307/127535/307-127535-0028.flac,66560,
11285,train-clean-100/298/126791/298-126791-0061.flac,66560,
11286,train-clean-100/1040/133433/1040-133433-0054.flac,66560,
11287,train-clean-100/1246/124550/1246-124550-0039.flac,66480,
11288,train-clean-100/211/122442/211-122442-0081.flac,66480,
11289,train-clean-100/2989/138028/2989-138028-0017.flac,66400,
11290,train-clean-100/3374/298032/3374-298032-0039.flac,66400,
11291,train-clean-100/374/180299/374-180299-0005.flac,66320,
11292,train-clean-100/1867/154071/1867-154071-0004.flac,66320,
11293,train-clean-100/332/128985/332-128985-0009.flac,66320,
11294,train-clean-100/2764/36617/2764-36617-0024.flac,66240,
11295,train-clean-100/211/122425/211-122425-0057.flac,66240,
11296,train-clean-100/1455/138263/1455-138263-0034.flac,66160,
11297,train-clean-100/3436/172162/3436-172162-0031.flac,66160,
11298,train-clean-100/32/4137/32-4137-0041.flac,66080,
11299,train-clean-100/1867/148436/1867-148436-0035.flac,66080,
11300,train-clean-100/2436/2477/2436-2477-0024.flac,66000,
11301,train-clean-100/1867/148436/1867-148436-0031.flac,65920,
11302,train-clean-100/2911/15084/2911-15084-0002.flac,65840,
11303,train-clean-100/1447/130552/1447-130552-0004.flac,65760,
11304,train-clean-100/118/121721/118-121721-0023.flac,65680,
11305,train-clean-100/26/495/26-495-0007.flac,65680,
11306,train-clean-100/27/124992/27-124992-0053.flac,65600,
11307,train-clean-100/1898/145724/1898-145724-0024.flac,65599,
11308,train-clean-100/211/122442/211-122442-0053.flac,65520,
11309,train-clean-100/332/128985/332-128985-0088.flac,65440,
11310,train-clean-100/3240/131231/3240-131231-0052.flac,65440,
11311,train-clean-100/3982/182255/3982-182255-0000.flac,65360,
11312,train-clean-100/1363/135842/1363-135842-0011.flac,65360,
11313,train-clean-100/2989/138028/2989-138028-0022.flac,65280,
11314,train-clean-100/125/121124/125-121124-0084.flac,65280,
11315,train-clean-100/1737/148989/1737-148989-0011.flac,65280,
11316,train-clean-100/2182/181183/2182-181183-0023.flac,65280,
11317,train-clean-100/2764/36617/2764-36617-0014.flac,65200,
11318,train-clean-100/1867/154075/1867-154075-0019.flac,65120,
11319,train-clean-100/2002/139469/2002-139469-0038.flac,65120,
11320,train-clean-100/2911/12359/2911-12359-0009.flac,65120,
11321,train-clean-100/1455/138263/1455-138263-0047.flac,65040,
11322,train-clean-100/3879/173592/3879-173592-0035.flac,65040,
11323,train-clean-100/2136/5143/2136-5143-0035.flac,65040,
11324,train-clean-100/1624/168623/1624-168623-0053.flac,64960,
11325,train-clean-100/211/122425/211-122425-0058.flac,64960,
11326,train-clean-100/27/124992/27-124992-0028.flac,64880,
11327,train-clean-100/211/122442/211-122442-0029.flac,64720,
11328,train-clean-100/3242/8112/3242-8112-0027.flac,64640,
11329,train-clean-100/1578/6379/1578-6379-0013.flac,64640,
11330,train-clean-100/1963/147036/1963-147036-0027.flac,64640,
11331,train-clean-100/2289/152258/2289-152258-0014.flac,64560,
11332,train-clean-100/1098/133695/1098-133695-0080.flac,64560,
11333,train-clean-100/2952/408/2952-408-0005.flac,64480,
11334,train-clean-100/163/122947/163-122947-0000.flac,64480,
11335,train-clean-100/1034/121119/1034-121119-0067.flac,64480,
11336,train-clean-100/27/124992/27-124992-0019.flac,64400,
11337,train-clean-100/307/127539/307-127539-0010.flac,64400,
11338,train-clean-100/374/180298/374-180298-0046.flac,64320,
11339,train-clean-100/2007/149877/2007-149877-0042.flac,64320,
11340,train-clean-100/1926/147987/1926-147987-0024.flac,64080,
11341,train-clean-100/32/21634/32-21634-0009.flac,64080,
11342,train-clean-100/1926/143879/1926-143879-0029.flac,63920,
11343,train-clean-100/1898/145724/1898-145724-0036.flac,63920,
11344,train-clean-100/1963/142393/1963-142393-0038.flac,63760,
11345,train-clean-100/1737/146161/1737-146161-0013.flac,63760,
11346,train-clean-100/1502/122619/1502-122619-0090.flac,63680,
11347,train-clean-100/1502/122619/1502-122619-0023.flac,63680,
11348,train-clean-100/328/129766/328-129766-0074.flac,63680,
11349,train-clean-100/307/127535/307-127535-0015.flac,63680,
11350,train-clean-100/211/122425/211-122425-0024.flac,63600,
11351,train-clean-100/328/129766/328-129766-0044.flac,63520,
11352,train-clean-100/1553/140047/1553-140047-0051.flac,63520,
11353,train-clean-100/118/47824/118-47824-0002.flac,63440,
11354,train-clean-100/1737/142397/1737-142397-0011.flac,63440,
11355,train-clean-100/254/27760/254-27760-0010.flac,63440,
11356,train-clean-100/2436/2481/2436-2481-0007.flac,63360,
11357,train-clean-100/3374/298026/3374-298026-0046.flac,63280,
11358,train-clean-100/26/495/26-495-0018.flac,63280,
11359,train-clean-100/32/4137/32-4137-0058.flac,63280,
11360,train-clean-100/2893/139310/2893-139310-0017.flac,63280,
11361,train-clean-100/1246/124548/1246-124548-0008.flac,63200,
11362,train-clean-100/1098/133695/1098-133695-0086.flac,63040,
11363,train-clean-100/3830/12529/3830-12529-0005.flac,63040,
11364,train-clean-100/2911/12359/2911-12359-0006.flac,63040,
11365,train-clean-100/118/121721/118-121721-0022.flac,62960,
11366,train-clean-100/2989/138035/2989-138035-0054.flac,62960,
11367,train-clean-100/1235/135883/1235-135883-0032.flac,62960,
11368,train-clean-100/1926/143879/1926-143879-0016.flac,62880,
11369,train-clean-100/1737/148989/1737-148989-0012.flac,62800,
11370,train-clean-100/1867/154071/1867-154071-0034.flac,62800,
11371,train-clean-100/1235/135883/1235-135883-0007.flac,62800,
11372,train-clean-100/3436/172171/3436-172171-0027.flac,62720,
11373,train-clean-100/1447/130551/1447-130551-0023.flac,62560,
11374,train-clean-100/1926/143879/1926-143879-0002.flac,62560,
11375,train-clean-100/1034/121119/1034-121119-0018.flac,62560,
11376,train-clean-100/3168/173565/3168-173565-0052.flac,62560,
11377,train-clean-100/211/122442/211-122442-0082.flac,62480,
11378,train-clean-100/229/130880/229-130880-0089.flac,62480,
11379,train-clean-100/1263/138246/1263-138246-0034.flac,62400,
11380,train-clean-100/1455/138263/1455-138263-0033.flac,62400,
11381,train-clean-100/1578/6379/1578-6379-0025.flac,62320,
11382,train-clean-100/2910/131096/2910-131096-0047.flac,62240,
11383,train-clean-100/322/124147/322-124147-0032.flac,62240,
11384,train-clean-100/3830/12535/3830-12535-0004.flac,62080,
11385,train-clean-100/3830/12535/3830-12535-0020.flac,62080,
11386,train-clean-100/211/122442/211-122442-0066.flac,62000,
11387,train-clean-100/211/122442/211-122442-0028.flac,61920,
11388,train-clean-100/211/122442/211-122442-0071.flac,61840,
11389,train-clean-100/1455/138263/1455-138263-0013.flac,61600,
11390,train-clean-100/2911/12359/2911-12359-0010.flac,61600,
11391,train-clean-100/3723/171631/3723-171631-0027.flac,61520,
11392,train-clean-100/307/127535/307-127535-0045.flac,61520,
11393,train-clean-100/311/124404/311-124404-0062.flac,61360,
11394,train-clean-100/1235/135883/1235-135883-0024.flac,61360,
11395,train-clean-100/2764/36619/2764-36619-0018.flac,61280,
11396,train-clean-100/254/27760/254-27760-0004.flac,61280,
11397,train-clean-100/3486/166424/3486-166424-0051.flac,61280,
11398,train-clean-100/32/4137/32-4137-0030.flac,61200,
11399,train-clean-100/2989/138028/2989-138028-0042.flac,61120,
11400,train-clean-100/1867/154071/1867-154071-0000.flac,61120,
11401,train-clean-100/211/122442/211-122442-0010.flac,61120,
11402,train-clean-100/27/124992/27-124992-0051.flac,61120,
11403,train-clean-100/1502/122619/1502-122619-0069.flac,61040,
11404,train-clean-100/3240/131232/3240-131232-0001.flac,61040,
11405,train-clean-100/2196/170151/2196-170151-0034.flac,60960,
11406,train-clean-100/103/1240/103-1240-0015.flac,60960,
11407,train-clean-100/3242/67153/3242-67153-0021.flac,60880,
11408,train-clean-100/1867/154071/1867-154071-0005.flac,60880,
11409,train-clean-100/3374/298025/3374-298025-0018.flac,60880,
11410,train-clean-100/200/126784/200-126784-0034.flac,60880,
11411,train-clean-100/125/121124/125-121124-0047.flac,60800,
11412,train-clean-100/163/122947/163-122947-0022.flac,60800,
11413,train-clean-100/27/124992/27-124992-0005.flac,60800,
11414,train-clean-100/3830/12535/3830-12535-0018.flac,60720,
11415,train-clean-100/1081/125237/1081-125237-0020.flac,60720,
11416,train-clean-100/2691/156745/2691-156745-0013.flac,60640,
11417,train-clean-100/289/121652/289-121652-0038.flac,60640,
11418,train-clean-100/27/124992/27-124992-0039.flac,60560,
11419,train-clean-100/2002/139469/2002-139469-0069.flac,60560,
11420,train-clean-100/322/124146/322-124146-0037.flac,60480,
11421,train-clean-100/1624/168623/1624-168623-0019.flac,60480,
11422,train-clean-100/1447/130552/1447-130552-0007.flac,60480,
11423,train-clean-100/3242/67168/3242-67168-0012.flac,60480,
11424,train-clean-100/150/132655/150-132655-0026.flac,60400,
11425,train-clean-100/1081/128618/1081-128618-0012.flac,60400,
11426,train-clean-100/2007/149877/2007-149877-0061.flac,60400,
11427,train-clean-100/2989/138035/2989-138035-0063.flac,60400,
11428,train-clean-100/125/121124/125-121124-0088.flac,60320,
11429,train-clean-100/3440/171009/3440-171009-0062.flac,60240,
11430,train-clean-100/1069/133709/1069-133709-0003.flac,60240,
11431,train-clean-100/3259/158083/3259-158083-0006.flac,60160,
11432,train-clean-100/302/123523/302-123523-0021.flac,60080,
11433,train-clean-100/1553/140047/1553-140047-0011.flac,59920,
11434,train-clean-100/118/47824/118-47824-0032.flac,59920,
11435,train-clean-100/3242/8112/3242-8112-0038.flac,59920,
11436,train-clean-100/1898/145720/1898-145720-0012.flac,59840,
11437,train-clean-100/3242/67153/3242-67153-0011.flac,59840,
11438,train-clean-100/2764/36616/2764-36616-0009.flac,59760,
11439,train-clean-100/39/121915/39-121915-0007.flac,59760,
11440,train-clean-100/27/124992/27-124992-0031.flac,59760,
11441,train-clean-100/1737/142396/1737-142396-0014.flac,59520,
11442,train-clean-100/3664/178366/3664-178366-0007.flac,59520,
11443,train-clean-100/125/121124/125-121124-0086.flac,59440,
11444,train-clean-100/125/121124/125-121124-0003.flac,59440,
11445,train-clean-100/150/132655/150-132655-0033.flac,59440,
11446,train-clean-100/226/131532/226-131532-0034.flac,59360,
11447,train-clean-100/1447/130552/1447-130552-0005.flac,59360,
11448,train-clean-100/307/127539/307-127539-0005.flac,59360,
11449,train-clean-100/3374/298026/3374-298026-0004.flac,59200,
11450,train-clean-100/1034/121119/1034-121119-0093.flac,59120,
11451,train-clean-100/2136/5143/2136-5143-0010.flac,59120,
11452,train-clean-100/2182/181183/2182-181183-0010.flac,59040,
11453,train-clean-100/2518/154825/2518-154825-0037.flac,58960,
11454,train-clean-100/3723/171631/3723-171631-0042.flac,58960,
11455,train-clean-100/39/121914/39-121914-0001.flac,58960,
11456,train-clean-100/3259/158083/3259-158083-0037.flac,58800,
11457,train-clean-100/211/122442/211-122442-0083.flac,58800,
11458,train-clean-100/1034/121119/1034-121119-0042.flac,58800,
11459,train-clean-100/1447/130550/1447-130550-0026.flac,58720,
11460,train-clean-100/2764/36617/2764-36617-0037.flac,58560,
11461,train-clean-100/1898/145724/1898-145724-0009.flac,58400,
11462,train-clean-100/3879/174923/3879-174923-0070.flac,58400,
11463,train-clean-100/27/124992/27-124992-0037.flac,58240,
11464,train-clean-100/3440/171006/3440-171006-0024.flac,58160,
11465,train-clean-100/1963/142776/1963-142776-0017.flac,58160,
11466,train-clean-100/311/124404/311-124404-0063.flac,58080,
11467,train-clean-100/3242/8112/3242-8112-0044.flac,58000,
11468,train-clean-100/307/127535/307-127535-0017.flac,57840,
11469,train-clean-100/3168/173565/3168-173565-0046.flac,57760,
11470,train-clean-100/1447/130550/1447-130550-0002.flac,57600,
11471,train-clean-100/118/121721/118-121721-0000.flac,57520,
11472,train-clean-100/1898/145715/1898-145715-0049.flac,57440,
11473,train-clean-100/2817/142371/2817-142371-0062.flac,57440,
11474,train-clean-100/2989/138035/2989-138035-0031.flac,57360,
11475,train-clean-100/3982/178459/3982-178459-0036.flac,57280,
11476,train-clean-100/1183/133256/1183-133256-0025.flac,57120,
11477,train-clean-100/27/124992/27-124992-0020.flac,57120,
11478,train-clean-100/211/122425/211-122425-0072.flac,57040,
11479,train-clean-100/1455/134435/1455-134435-0019.flac,57040,
11480,train-clean-100/1624/168623/1624-168623-0037.flac,57040,
11481,train-clean-100/3879/173592/3879-173592-0043.flac,57040,
11482,train-clean-100/2289/152258/2289-152258-0015.flac,56960,
11483,train-clean-100/1183/128659/1183-128659-0012.flac,56960,
11484,train-clean-100/3240/131231/3240-131231-0006.flac,56960,
11485,train-clean-100/322/124146/322-124146-0023.flac,56960,
11486,train-clean-100/1594/135914/1594-135914-0052.flac,56880,
11487,train-clean-100/1447/130551/1447-130551-0003.flac,56800,
11488,train-clean-100/3982/178459/3982-178459-0007.flac,56720,
11489,train-clean-100/1363/135842/1363-135842-0012.flac,56640,
11490,train-clean-100/1970/10594/1970-10594-0029.flac,56640,
11491,train-clean-100/254/127705/254-127705-0027.flac,56560,
11492,train-clean-100/211/122442/211-122442-0048.flac,56560,
11493,train-clean-100/1183/133255/1183-133255-0009.flac,56560,
11494,train-clean-100/1867/148436/1867-148436-0012.flac,56560,
11495,train-clean-100/2836/5354/2836-5354-0050.flac,56560,
11496,train-clean-100/198/209/198-209-0013.flac,56480,
11497,train-clean-100/1246/124548/1246-124548-0041.flac,56400,
11498,train-clean-100/27/124992/27-124992-0065.flac,56320,
11499,train-clean-100/2007/132570/2007-132570-0049.flac,56320,
11500,train-clean-100/27/124992/27-124992-0057.flac,56320,
11501,train-clean-100/211/122442/211-122442-0052.flac,56240,
11502,train-clean-100/1502/122615/1502-122615-0027.flac,56000,
11503,train-clean-100/1081/125237/1081-125237-0094.flac,55840,
11504,train-clean-100/26/495/26-495-0030.flac,55840,
11505,train-clean-100/211/122442/211-122442-0012.flac,55760,
11506,train-clean-100/1183/133256/1183-133256-0009.flac,55760,
11507,train-clean-100/211/122425/211-122425-0066.flac,55680,
11508,train-clean-100/1553/140048/1553-140048-0035.flac,55600,
11509,train-clean-100/3526/176653/3526-176653-0050.flac,55600,
11510,train-clean-100/27/124992/27-124992-0063.flac,55520,
11511,train-clean-100/1898/145715/1898-145715-0035.flac,55120,
11512,train-clean-100/39/121915/39-121915-0026.flac,55040,
11513,train-clean-100/27/123349/27-123349-0025.flac,55040,
11514,train-clean-100/2952/410/2952-410-0050.flac,55040,
11515,train-clean-100/1898/145715/1898-145715-0019.flac,54960,
11516,train-clean-100/200/126784/200-126784-0011.flac,54960,
11517,train-clean-100/3168/173565/3168-173565-0036.flac,54800,
11518,train-clean-100/2518/154826/2518-154826-0045.flac,54800,
11519,train-clean-100/2136/5143/2136-5143-0007.flac,54800,
11520,train-clean-100/2289/152254/2289-152254-0014.flac,54720,
11521,train-clean-100/254/27760/254-27760-0003.flac,54640,
11522,train-clean-100/2764/36616/2764-36616-0000.flac,54480,
11523,train-clean-100/322/124147/322-124147-0020.flac,54400,
11524,train-clean-100/3259/158083/3259-158083-0041.flac,54400,
11525,train-clean-100/2007/132570/2007-132570-0039.flac,54320,
11526,train-clean-100/1455/134435/1455-134435-0058.flac,54240,
11527,train-clean-100/26/496/26-496-0006.flac,54240,
11528,train-clean-100/248/130644/248-130644-0036.flac,54240,
11529,train-clean-100/3240/131231/3240-131231-0051.flac,54160,
11530,train-clean-100/125/121124/125-121124-0064.flac,54160,
11531,train-clean-100/1963/142776/1963-142776-0001.flac,54080,
11532,train-clean-100/2989/138028/2989-138028-0030.flac,54080,
11533,train-clean-100/1116/132847/1116-132847-0031.flac,54000,
11534,train-clean-100/1737/142397/1737-142397-0007.flac,54000,
11535,train-clean-100/2952/410/2952-410-0000.flac,54000,
11536,train-clean-100/3240/131231/3240-131231-0054.flac,53920,
11537,train-clean-100/3235/28452/3235-28452-0019.flac,53840,
11538,train-clean-100/3214/167602/3214-167602-0013.flac,53840,
11539,train-clean-100/1447/130550/1447-130550-0018.flac,53760,
11540,train-clean-100/211/122442/211-122442-0077.flac,53760,
11541,train-clean-100/1992/141719/1992-141719-0044.flac,53760,
11542,train-clean-100/2952/410/2952-410-0058.flac,53680,
11543,train-clean-100/211/122425/211-122425-0071.flac,53600,
11544,train-clean-100/27/124992/27-124992-0009.flac,53520,
11545,train-clean-100/3879/174923/3879-174923-0017.flac,53520,
11546,train-clean-100/3259/158083/3259-158083-0028.flac,53520,
11547,train-clean-100/2989/138035/2989-138035-0015.flac,53360,
11548,train-clean-100/3374/298025/3374-298025-0003.flac,53280,
11549,train-clean-100/229/130880/229-130880-0046.flac,53120,
11550,train-clean-100/1183/128659/1183-128659-0010.flac,53120,
11551,train-clean-100/3486/166424/3486-166424-0047.flac,53040,
11552,train-clean-100/1116/132851/1116-132851-0018.flac,53040,
11553,train-clean-100/27/124992/27-124992-0004.flac,53040,
11554,train-clean-100/118/47824/118-47824-0085.flac,52960,
11555,train-clean-100/1081/125237/1081-125237-0064.flac,52880,
11556,train-clean-100/2384/152900/2384-152900-0031.flac,52800,
11557,train-clean-100/2002/139469/2002-139469-0059.flac,52800,
11558,train-clean-100/27/124992/27-124992-0025.flac,52800,
11559,train-clean-100/118/47824/118-47824-0065.flac,52800,
11560,train-clean-100/3214/167607/3214-167607-0009.flac,52800,
11561,train-clean-100/3982/178459/3982-178459-0004.flac,52720,
11562,train-clean-100/2989/138028/2989-138028-0043.flac,52720,
11563,train-clean-100/1098/133695/1098-133695-0011.flac,52720,
11564,train-clean-100/233/134440/233-134440-0040.flac,52640,
11565,train-clean-100/374/180299/374-180299-0001.flac,52640,
11566,train-clean-100/311/124404/311-124404-0084.flac,52640,
11567,train-clean-100/3374/298025/3374-298025-0009.flac,52560,
11568,train-clean-100/3486/166424/3486-166424-0027.flac,52480,
11569,train-clean-100/118/121721/118-121721-0027.flac,52400,
11570,train-clean-100/1502/122615/1502-122615-0026.flac,52400,
11571,train-clean-100/1363/135842/1363-135842-0008.flac,52400,
11572,train-clean-100/1455/138263/1455-138263-0002.flac,52320,
11573,train-clean-100/125/121124/125-121124-0020.flac,52320,
11574,train-clean-100/1455/138263/1455-138263-0023.flac,52160,
11575,train-clean-100/1116/132851/1116-132851-0001.flac,52080,
11576,train-clean-100/3112/9555/3112-9555-0036.flac,52080,
11577,train-clean-100/2817/142371/2817-142371-0036.flac,52080,
11578,train-clean-100/2092/145706/2092-145706-0059.flac,52080,
11579,train-clean-100/3112/9555/3112-9555-0026.flac,52080,
11580,train-clean-100/1447/130550/1447-130550-0021.flac,52000,
11581,train-clean-100/1898/145715/1898-145715-0043.flac,51840,
11582,train-clean-100/211/122442/211-122442-0070.flac,51760,
11583,train-clean-100/3242/8112/3242-8112-0009.flac,51680,
11584,train-clean-100/118/47824/118-47824-0040.flac,51600,
11585,train-clean-100/3436/172162/3436-172162-0052.flac,51520,
11586,train-clean-100/1447/17506/1447-17506-0000.flac,51280,
11587,train-clean-100/1970/26100/1970-26100-0036.flac,51200,
11588,train-clean-100/1040/133433/1040-133433-0006.flac,51120,
11589,train-clean-100/2416/152139/2416-152139-0022.flac,51040,
11590,train-clean-100/118/121721/118-121721-0014.flac,51040,
11591,train-clean-100/2182/181173/2182-181173-0037.flac,51040,
11592,train-clean-100/27/124992/27-124992-0022.flac,51040,
11593,train-clean-100/1098/133695/1098-133695-0067.flac,50800,
11594,train-clean-100/2989/138028/2989-138028-0045.flac,50720,
11595,train-clean-100/1334/135589/1334-135589-0030.flac,50720,
11596,train-clean-100/2002/139469/2002-139469-0115.flac,50720,
11597,train-clean-100/125/121124/125-121124-0085.flac,50720,
11598,train-clean-100/27/124992/27-124992-0029.flac,50640,
11599,train-clean-100/1081/125237/1081-125237-0045.flac,50560,
11600,train-clean-100/3607/29116/3607-29116-0014.flac,50560,
11601,train-clean-100/211/122442/211-122442-0027.flac,50560,
11602,train-clean-100/1594/135914/1594-135914-0101.flac,50560,
11603,train-clean-100/125/121124/125-121124-0048.flac,50480,
11604,train-clean-100/2989/138035/2989-138035-0048.flac,50480,
11605,train-clean-100/1502/122615/1502-122615-0031.flac,50480,
11606,train-clean-100/1081/125237/1081-125237-0032.flac,50400,
11607,train-clean-100/2436/2476/2436-2476-0034.flac,50400,
11608,train-clean-100/2002/139469/2002-139469-0040.flac,50320,
11609,train-clean-100/27/124992/27-124992-0006.flac,50320,
11610,train-clean-100/2159/179156/2159-179156-0031.flac,50240,
11611,train-clean-100/3214/167602/3214-167602-0028.flac,50160,
11612,train-clean-100/254/127705/254-127705-0021.flac,50080,
11613,train-clean-100/2764/36617/2764-36617-0019.flac,50080,
11614,train-clean-100/2007/132570/2007-132570-0009.flac,50001,
11615,train-clean-100/39/121914/39-121914-0025.flac,50000,
11616,train-clean-100/201/122255/201-122255-0008.flac,50000,
11617,train-clean-100/3112/9555/3112-9555-0000.flac,50000,
11618,train-clean-100/328/129766/328-129766-0070.flac,49920,
11619,train-clean-100/1926/143879/1926-143879-0004.flac,49920,
11620,train-clean-100/1841/150351/1841-150351-0019.flac,49920,
11621,train-clean-100/2989/138028/2989-138028-0015.flac,49920,
11622,train-clean-100/3436/172171/3436-172171-0062.flac,49840,
11623,train-clean-100/2989/138035/2989-138035-0019.flac,49840,
11624,train-clean-100/2136/5143/2136-5143-0029.flac,49840,
11625,train-clean-100/2989/138028/2989-138028-0044.flac,49680,
11626,train-clean-100/32/4137/32-4137-0031.flac,49680,
11627,train-clean-100/1594/135914/1594-135914-0104.flac,49600,
11628,train-clean-100/27/124992/27-124992-0003.flac,49520,
11629,train-clean-100/201/122255/201-122255-0044.flac,49360,
11630,train-clean-100/1455/138263/1455-138263-0011.flac,49280,
11631,train-clean-100/1098/133695/1098-133695-0082.flac,49200,
11632,train-clean-100/1624/142933/1624-142933-0000.flac,49120,
11633,train-clean-100/27/124992/27-124992-0013.flac,49120,
11634,train-clean-100/3242/8112/3242-8112-0024.flac,49040,
11635,train-clean-100/2836/5354/2836-5354-0041.flac,48880,
11636,train-clean-100/2436/2481/2436-2481-0018.flac,48720,
11637,train-clean-100/118/47824/118-47824-0015.flac,48720,
11638,train-clean-100/200/124139/200-124139-0020.flac,48720,
11639,train-clean-100/2289/152258/2289-152258-0010.flac,48640,
11640,train-clean-100/1183/128659/1183-128659-0014.flac,48480,
11641,train-clean-100/2007/149877/2007-149877-0060.flac,48400,
11642,train-clean-100/103/1241/103-1241-0019.flac,48400,
11643,train-clean-100/2989/138035/2989-138035-0012.flac,48240,
11644,train-clean-100/3259/158083/3259-158083-0099.flac,48160,
11645,train-clean-100/3240/131231/3240-131231-0007.flac,48160,
11646,train-clean-100/1098/133695/1098-133695-0015.flac,48160,
11647,train-clean-100/2989/138028/2989-138028-0051.flac,48080,
11648,train-clean-100/200/124140/200-124140-0012.flac,48000,
11649,train-clean-100/27/124992/27-124992-0034.flac,48000,
11650,train-clean-100/27/123349/27-123349-0010.flac,47920,
11651,train-clean-100/211/122442/211-122442-0017.flac,47920,
11652,train-clean-100/118/47824/118-47824-0021.flac,47760,
11653,train-clean-100/163/122947/163-122947-0006.flac,47760,
11654,train-clean-100/3259/158083/3259-158083-0040.flac,47680,
11655,train-clean-100/2893/139310/2893-139310-0013.flac,47680,
11656,train-clean-100/3259/158083/3259-158083-0038.flac,47600,
11657,train-clean-100/1034/121119/1034-121119-0080.flac,47600,
11658,train-clean-100/3830/12530/3830-12530-0022.flac,47600,
11659,train-clean-100/3259/158083/3259-158083-0035.flac,47520,
11660,train-clean-100/32/21634/32-21634-0017.flac,47520,
11661,train-clean-100/27/123349/27-123349-0001.flac,47520,
11662,train-clean-100/2289/152254/2289-152254-0016.flac,47520,
11663,train-clean-100/39/121914/39-121914-0027.flac,47520,
11664,train-clean-100/1116/132851/1116-132851-0025.flac,47440,
11665,train-clean-100/1455/138263/1455-138263-0008.flac,47440,
11666,train-clean-100/374/180298/374-180298-0026.flac,47360,
11667,train-clean-100/2182/181183/2182-181183-0013.flac,47360,
11668,train-clean-100/1447/130551/1447-130551-0021.flac,47360,
11669,train-clean-100/1992/141719/1992-141719-0032.flac,47280,
11670,train-clean-100/118/47824/118-47824-0071.flac,47280,
11671,train-clean-100/332/128985/332-128985-0072.flac,47200,
11672,train-clean-100/3830/12531/3830-12531-0030.flac,47121,
11673,train-clean-100/2289/152258/2289-152258-0006.flac,47120,
11674,train-clean-100/118/121721/118-121721-0019.flac,47120,
11675,train-clean-100/1867/148436/1867-148436-0024.flac,47120,
11676,train-clean-100/2817/142371/2817-142371-0022.flac,47120,
11677,train-clean-100/118/47824/118-47824-0022.flac,47120,
11678,train-clean-100/254/12312/254-12312-0001.flac,47040,
11679,train-clean-100/1081/125237/1081-125237-0096.flac,46800,
11680,train-clean-100/1867/148436/1867-148436-0029.flac,46800,
11681,train-clean-100/2007/149877/2007-149877-0051.flac,46800,
11682,train-clean-100/1578/140049/1578-140049-0007.flac,46720,
11683,train-clean-100/2843/152918/2843-152918-0038.flac,46720,
11684,train-clean-100/1578/6379/1578-6379-0043.flac,46640,
11685,train-clean-100/1578/6379/1578-6379-0029.flac,46640,
11686,train-clean-100/2817/142371/2817-142371-0067.flac,46480,
11687,train-clean-100/311/124404/311-124404-0058.flac,46479,
11688,train-clean-100/1898/145702/1898-145702-0008.flac,46400,
11689,train-clean-100/2136/5143/2136-5143-0001.flac,46320,
11690,train-clean-100/163/122947/163-122947-0098.flac,46320,
11691,train-clean-100/27/124992/27-124992-0018.flac,46320,
11692,train-clean-100/322/124147/322-124147-0075.flac,46320,
11693,train-clean-100/2182/181183/2182-181183-0009.flac,46240,
11694,train-clean-100/1246/124548/1246-124548-0024.flac,46240,
11695,train-clean-100/2182/181183/2182-181183-0036.flac,46080,
11696,train-clean-100/2989/138035/2989-138035-0010.flac,46000,
11697,train-clean-100/27/124992/27-124992-0012.flac,46000,
11698,train-clean-100/211/122425/211-122425-0064.flac,46000,
11699,train-clean-100/198/129977/198-129977-0008.flac,45920,
11700,train-clean-100/2436/2476/2436-2476-0014.flac,45760,
11701,train-clean-100/1867/148436/1867-148436-0003.flac,45760,
11702,train-clean-100/19/198/19-198-0008.flac,45760,
11703,train-clean-100/1183/124566/1183-124566-0003.flac,45680,
11704,train-clean-100/2817/142371/2817-142371-0008.flac,45520,
11705,train-clean-100/1355/39947/1355-39947-0045.flac,45440,
11706,train-clean-100/3235/11599/3235-11599-0021.flac,45360,
11707,train-clean-100/311/124404/311-124404-0027.flac,45360,
11708,train-clean-100/1594/135914/1594-135914-0086.flac,45360,
11709,train-clean-100/27/124992/27-124992-0045.flac,45360,
11710,train-clean-100/211/122425/211-122425-0006.flac,45280,
11711,train-clean-100/2989/138035/2989-138035-0014.flac,45280,
11712,train-clean-100/1867/154075/1867-154075-0044.flac,45280,
11713,train-clean-100/1898/145724/1898-145724-0023.flac,45200,
11714,train-clean-100/1737/148989/1737-148989-0000.flac,45120,
11715,train-clean-100/1034/121119/1034-121119-0009.flac,44960,
11716,train-clean-100/374/180299/374-180299-0002.flac,44960,
11717,train-clean-100/3440/171009/3440-171009-0032.flac,44960,
11718,train-clean-100/1034/121119/1034-121119-0035.flac,44960,
11719,train-clean-100/1455/134435/1455-134435-0043.flac,44720,
11720,train-clean-100/322/124147/322-124147-0018.flac,44720,
11721,train-clean-100/1926/147979/1926-147979-0049.flac,44640,
11722,train-clean-100/2989/138028/2989-138028-0074.flac,44560,
11723,train-clean-100/2518/154826/2518-154826-0018.flac,44560,
11724,train-clean-100/1970/28415/1970-28415-0023.flac,44480,
11725,train-clean-100/27/124992/27-124992-0027.flac,44400,
11726,train-clean-100/1355/39947/1355-39947-0041.flac,44320,
11727,train-clean-100/27/124992/27-124992-0036.flac,44240,
11728,train-clean-100/211/122425/211-122425-0051.flac,44240,
11729,train-clean-100/118/47824/118-47824-0060.flac,44240,
11730,train-clean-100/3374/298032/3374-298032-0013.flac,44160,
11731,train-clean-100/2196/174172/2196-174172-0039.flac,44160,
11732,train-clean-100/1926/147979/1926-147979-0044.flac,44080,
11733,train-clean-100/1040/133433/1040-133433-0078.flac,44000,
11734,train-clean-100/198/209/198-209-0031.flac,43920,
11735,train-clean-100/118/47824/118-47824-0030.flac,43920,
11736,train-clean-100/1235/135883/1235-135883-0048.flac,43920,
11737,train-clean-100/2518/154825/2518-154825-0008.flac,43840,
11738,train-clean-100/298/126790/298-126790-0037.flac,43840,
11739,train-clean-100/2289/152253/2289-152253-0021.flac,43840,
11740,train-clean-100/211/122442/211-122442-0042.flac,43760,
11741,train-clean-100/2196/170379/2196-170379-0021.flac,43680,
11742,train-clean-100/1723/141149/1723-141149-0077.flac,43680,
11743,train-clean-100/307/127539/307-127539-0018.flac,43600,
11744,train-clean-100/328/129766/328-129766-0036.flac,43520,
11745,train-clean-100/27/124992/27-124992-0011.flac,43520,
11746,train-clean-100/2989/138028/2989-138028-0064.flac,43360,
11747,train-clean-100/200/124140/200-124140-0033.flac,43360,
11748,train-clean-100/3486/166424/3486-166424-0053.flac,43360,
11749,train-clean-100/322/124146/322-124146-0022.flac,43200,
11750,train-clean-100/27/124992/27-124992-0010.flac,43120,
11751,train-clean-100/2989/138035/2989-138035-0061.flac,43120,
11752,train-clean-100/1867/154071/1867-154071-0040.flac,43120,
11753,train-clean-100/328/129766/328-129766-0045.flac,43120,
11754,train-clean-100/27/124992/27-124992-0017.flac,43040,
11755,train-clean-100/200/124139/200-124139-0021.flac,43040,
11756,train-clean-100/1235/135887/1235-135887-0018.flac,43040,
11757,train-clean-100/1963/142393/1963-142393-0007.flac,42960,
11758,train-clean-100/302/123516/302-123516-0034.flac,42960,
11759,train-clean-100/211/122442/211-122442-0047.flac,42960,
11760,train-clean-100/298/126791/298-126791-0025.flac,42720,
11761,train-clean-100/2136/5147/2136-5147-0022.flac,42720,
11762,train-clean-100/211/122425/211-122425-0070.flac,42640,
11763,train-clean-100/1081/125237/1081-125237-0093.flac,42560,
11764,train-clean-100/3259/158083/3259-158083-0088.flac,42560,
11765,train-clean-100/1502/122619/1502-122619-0007.flac,42240,
11766,train-clean-100/3982/178459/3982-178459-0061.flac,42080,
11767,train-clean-100/1455/134435/1455-134435-0020.flac,42000,
11768,train-clean-100/1116/132851/1116-132851-0003.flac,41920,
11769,train-clean-100/39/121914/39-121914-0055.flac,41840,
11770,train-clean-100/2989/138028/2989-138028-0035.flac,41680,
11771,train-clean-100/1098/133695/1098-133695-0083.flac,41680,
11772,train-clean-100/2391/145015/2391-145015-0006.flac,41600,
11773,train-clean-100/1334/135589/1334-135589-0067.flac,41600,
11774,train-clean-100/3879/174923/3879-174923-0005.flac,41520,
11775,train-clean-100/2136/5147/2136-5147-0021.flac,41440,
11776,train-clean-100/328/129766/328-129766-0052.flac,41360,
11777,train-clean-100/233/134440/233-134440-0062.flac,41280,
11778,train-clean-100/1926/143879/1926-143879-0036.flac,41120,
11779,train-clean-100/2843/152918/2843-152918-0005.flac,41040,
11780,train-clean-100/1069/133699/1069-133699-0009.flac,40960,
11781,train-clean-100/1081/125237/1081-125237-0009.flac,40960,
11782,train-clean-100/3526/176653/3526-176653-0051.flac,40800,
11783,train-clean-100/1098/133695/1098-133695-0066.flac,40800,
11784,train-clean-100/1963/147036/1963-147036-0029.flac,40720,
11785,train-clean-100/1034/121119/1034-121119-0022.flac,40640,
11786,train-clean-100/1594/135914/1594-135914-0113.flac,40480,
11787,train-clean-100/3235/11599/3235-11599-0023.flac,40320,
11788,train-clean-100/2182/181183/2182-181183-0024.flac,40240,
11789,train-clean-100/3112/9555/3112-9555-0070.flac,40240,
11790,train-clean-100/2989/138035/2989-138035-0009.flac,40240,
11791,train-clean-100/27/124992/27-124992-0016.flac,40160,
11792,train-clean-100/3830/12531/3830-12531-0008.flac,40000,
11793,train-clean-100/3240/131231/3240-131231-0008.flac,39920,
11794,train-clean-100/3830/12535/3830-12535-0003.flac,39920,
11795,train-clean-100/229/130880/229-130880-0007.flac,39920,
11796,train-clean-100/1034/121119/1034-121119-0090.flac,39840,
11797,train-clean-100/39/121914/39-121914-0009.flac,39760,
11798,train-clean-100/118/47824/118-47824-0073.flac,39600,
11799,train-clean-100/201/127786/201-127786-0061.flac,39600,
11800,train-clean-100/254/145458/254-145458-0013.flac,39600,
11801,train-clean-100/3879/174923/3879-174923-0052.flac,39440,
11802,train-clean-100/2989/138035/2989-138035-0072.flac,39440,
11803,train-clean-100/1594/135914/1594-135914-0039.flac,39360,
11804,train-clean-100/1034/121119/1034-121119-0046.flac,39360,
11805,train-clean-100/2436/2481/2436-2481-0008.flac,39200,
11806,train-clean-100/1183/133255/1183-133255-0005.flac,39120,
11807,train-clean-100/1034/121119/1034-121119-0088.flac,39040,
11808,train-clean-100/118/47824/118-47824-0026.flac,39040,
11809,train-clean-100/2989/138028/2989-138028-0040.flac,38960,
11810,train-clean-100/1867/148436/1867-148436-0026.flac,38960,
11811,train-clean-100/198/126831/198-126831-0020.flac,38880,
11812,train-clean-100/125/121124/125-121124-0067.flac,38880,
11813,train-clean-100/211/122425/211-122425-0079.flac,38880,
11814,train-clean-100/211/122425/211-122425-0034.flac,38880,
11815,train-clean-100/211/122442/211-122442-0068.flac,38800,
11816,train-clean-100/1334/135589/1334-135589-0053.flac,38720,
11817,train-clean-100/1040/133433/1040-133433-0038.flac,38720,
11818,train-clean-100/2911/15045/2911-15045-0012.flac,38640,
11819,train-clean-100/2384/152900/2384-152900-0077.flac,38400,
11820,train-clean-100/2136/5143/2136-5143-0038.flac,38400,
11821,train-clean-100/1040/133433/1040-133433-0066.flac,38320,
11822,train-clean-100/254/12312/254-12312-0004.flac,38320,
11823,train-clean-100/26/496/26-496-0026.flac,38240,
11824,train-clean-100/1116/132847/1116-132847-0017.flac,38160,
11825,train-clean-100/250/142286/250-142286-0014.flac,38160,
11826,train-clean-100/2289/152253/2289-152253-0019.flac,38080,
11827,train-clean-100/3440/171009/3440-171009-0077.flac,38000,
11828,train-clean-100/211/122442/211-122442-0069.flac,38000,
11829,train-clean-100/211/122442/211-122442-0039.flac,38000,
11830,train-clean-100/198/129977/198-129977-0004.flac,38000,
11831,train-clean-100/1040/133433/1040-133433-0070.flac,37920,
11832,train-clean-100/1743/142912/1743-142912-0015.flac,37840,
11833,train-clean-100/1098/133695/1098-133695-0045.flac,37840,
11834,train-clean-100/150/132655/150-132655-0032.flac,37760,
11835,train-clean-100/328/129766/328-129766-0005.flac,37520,
11836,train-clean-100/211/122442/211-122442-0064.flac,37520,
11837,train-clean-100/27/124992/27-124992-0046.flac,37440,
11838,train-clean-100/1963/147036/1963-147036-0012.flac,37440,
11839,train-clean-100/3242/67168/3242-67168-0033.flac,37280,
11840,train-clean-100/196/122152/196-122152-0022.flac,37280,
11841,train-clean-100/2989/138035/2989-138035-0005.flac,37280,
11842,train-clean-100/211/122442/211-122442-0067.flac,37280,
11843,train-clean-100/1970/26100/1970-26100-0022.flac,37200,
11844,train-clean-100/27/124992/27-124992-0064.flac,37120,
11845,train-clean-100/2911/12359/2911-12359-0024.flac,37040,
11846,train-clean-100/328/129766/328-129766-0000.flac,37039,
11847,train-clean-100/1867/154071/1867-154071-0036.flac,36960,
11848,train-clean-100/1867/154071/1867-154071-0022.flac,36960,
11849,train-clean-100/39/121916/39-121916-0025.flac,36880,
11850,train-clean-100/1737/142397/1737-142397-0017.flac,36880,
11851,train-clean-100/3807/4923/3807-4923-0047.flac,36800,
11852,train-clean-100/1235/135883/1235-135883-0025.flac,36800,
11853,train-clean-100/150/132655/150-132655-0031.flac,36720,
11854,train-clean-100/1246/124548/1246-124548-0020.flac,36640,
11855,train-clean-100/1963/147036/1963-147036-0035.flac,36481,
11856,train-clean-100/198/129977/198-129977-0032.flac,36400,
11857,train-clean-100/1867/148436/1867-148436-0040.flac,36320,
11858,train-clean-100/27/124992/27-124992-0073.flac,36320,
11859,train-clean-100/211/122425/211-122425-0059.flac,36320,
11860,train-clean-100/1502/122619/1502-122619-0063.flac,36240,
11861,train-clean-100/2989/138028/2989-138028-0041.flac,36160,
11862,train-clean-100/2196/170379/2196-170379-0034.flac,36160,
11863,train-clean-100/3436/172171/3436-172171-0051.flac,35840,
11864,train-clean-100/307/127539/307-127539-0002.flac,35840,
11865,train-clean-100/211/122442/211-122442-0057.flac,35760,
11866,train-clean-100/2911/12359/2911-12359-0008.flac,35680,
11867,train-clean-100/211/122425/211-122425-0073.flac,35600,
11868,train-clean-100/1594/135914/1594-135914-0046.flac,35520,
11869,train-clean-100/1263/138246/1263-138246-0006.flac,35520,
11870,train-clean-100/1116/132851/1116-132851-0019.flac,35520,
11871,train-clean-100/1867/154075/1867-154075-0014.flac,35360,
11872,train-clean-100/1898/145702/1898-145702-0017.flac,35360,
11873,train-clean-100/1183/133256/1183-133256-0011.flac,35360,
11874,train-clean-100/1183/133256/1183-133256-0008.flac,35280,
11875,train-clean-100/201/127786/201-127786-0023.flac,35280,
11876,train-clean-100/3259/158083/3259-158083-0080.flac,35200,
11877,train-clean-100/1737/142397/1737-142397-0014.flac,35200,
11878,train-clean-100/1040/133433/1040-133433-0064.flac,35200,
11879,train-clean-100/2196/170151/2196-170151-0031.flac,35120,
11880,train-clean-100/3830/12535/3830-12535-0019.flac,35040,
11881,train-clean-100/27/124992/27-124992-0062.flac,35040,
11882,train-clean-100/26/495/26-495-0020.flac,35040,
11883,train-clean-100/2289/152254/2289-152254-0001.flac,34960,
11884,train-clean-100/3607/135982/3607-135982-0038.flac,34960,
11885,train-clean-100/1183/128659/1183-128659-0018.flac,34880,
11886,train-clean-100/2436/2477/2436-2477-0008.flac,34880,
11887,train-clean-100/198/126831/198-126831-0051.flac,34880,
11888,train-clean-100/1737/146161/1737-146161-0009.flac,34800,
11889,train-clean-100/3240/131231/3240-131231-0060.flac,34560,
11890,train-clean-100/3259/158083/3259-158083-0039.flac,34400,
11891,train-clean-100/3982/178459/3982-178459-0066.flac,34080,
11892,train-clean-100/2989/138028/2989-138028-0005.flac,33920,
11893,train-clean-100/1624/142933/1624-142933-0046.flac,33840,
11894,train-clean-100/1926/143879/1926-143879-0035.flac,33840,
11895,train-clean-100/1867/154071/1867-154071-0002.flac,33840,
11896,train-clean-100/233/155990/233-155990-0000.flac,33840,
11897,train-clean-100/2416/152139/2416-152139-0047.flac,33760,
11898,train-clean-100/1963/142776/1963-142776-0014.flac,33760,
11899,train-clean-100/1898/145724/1898-145724-0017.flac,33680,
11900,train-clean-100/1963/142393/1963-142393-0028.flac,33680,
11901,train-clean-100/250/142286/250-142286-0025.flac,33360,
11902,train-clean-100/26/495/26-495-0019.flac,33040,
11903,train-clean-100/27/124992/27-124992-0026.flac,32800,
11904,train-clean-100/3214/167602/3214-167602-0002.flac,32720,
11905,train-clean-100/2136/5143/2136-5143-0030.flac,32640,
11906,train-clean-100/1737/146161/1737-146161-0007.flac,32480,
11907,train-clean-100/2436/2476/2436-2476-0015.flac,32480,
11908,train-clean-100/211/122425/211-122425-0046.flac,32400,
11909,train-clean-100/1235/135887/1235-135887-0000.flac,32320,
11910,train-clean-100/328/129766/328-129766-0017.flac,32160,
11911,train-clean-100/2989/138035/2989-138035-0045.flac,32080,
11912,train-clean-100/1963/142776/1963-142776-0027.flac,31920,
11913,train-clean-100/118/47824/118-47824-0035.flac,31840,
11914,train-clean-100/2817/142380/2817-142380-0039.flac,31840,
11915,train-clean-100/2989/138035/2989-138035-0026.flac,31760,
11916,train-clean-100/3982/178459/3982-178459-0049.flac,31600,
11917,train-clean-100/19/198/19-198-0000.flac,31440,
11918,train-clean-100/1963/142776/1963-142776-0000.flac,31040,
11919,train-clean-100/2764/36616/2764-36616-0011.flac,30960,
11920,train-clean-100/3259/158083/3259-158083-0005.flac,30640,
11921,train-clean-100/3242/67168/3242-67168-0039.flac,30000,
11922,train-clean-100/2136/5147/2136-5147-0012.flac,29920,
11923,train-clean-100/1594/135914/1594-135914-0032.flac,27680,
11924,train-clean-100/1447/130550/1447-130550-0000.flac,26320,
11925,train-clean-100/3374/298026/3374-298026-0040.flac,24400,
11926,train-clean-100/1183/124566/1183-124566-0005.flac,22560,
