,file_path,length,label
1452,train-clean-100/1235/135884/1235-135884-0034.flac,257280,
22011,train-clean-100/6000/86686/6000-86686-0008.flac,178400,
10701,train-clean-100/322/124147/322-124147-0013.flac,234080,
25580,train-clean-100/4195/17507/4195-17507-0042.flac,106160,
3206,train-clean-100/5049/25947/5049-25947-0098.flac,252080,
21736,train-clean-100/150/126107/150-126107-0034.flac,182240,
3022,train-clean-100/2159/179156/2159-179156-0022.flac,252560,
23540,train-clean-100/831/130746/831-130746-0036.flac,153120,
14807,train-clean-100/8838/298546/8838-298546-0015.flac,222240,
14895,train-clean-100/8975/270782/8975-270782-0066.flac,221920,
9142,train-clean-100/3526/176651/3526-176651-0001.flac,237761,
16608,train-clean-100/2518/154825/2518-154825-0017.flac,215600,
12945,train-clean-100/2836/5354/2836-5354-0047.flac,227920,
9168,train-clean-100/1963/142776/1963-142776-0011.flac,237760,
15171,train-clean-100/1898/145724/1898-145724-0027.flac,220960,
23229,train-clean-100/196/122150/196-122150-0040.flac,158720,
21851,train-clean-100/6880/216547/6880-216547-0029.flac,180480,
12486,train-clean-100/4014/186183/4014-186183-0014.flac,229360,
22570,train-clean-100/8088/284756/8088-284756-0041.flac,170800,
4728,train-clean-100/3235/28452/3235-28452-0006.flac,248320,
15640,train-clean-100/6531/61334/6531-61334-0094.flac,219280,
5571,train-clean-100/4788/91208/4788-91208-0024.flac,246320,
14112,train-clean-100/150/132655/150-132655-0016.flac,224400,
27111,train-clean-100/5456/62014/5456-62014-0016.flac,67920,
8961,train-clean-100/8226/274371/8226-274371-0048.flac,238240,
14503,train-clean-100/8838/298546/8838-298546-0043.flac,223200,
3794,train-clean-100/8797/294123/8797-294123-0072.flac,250560,
20873,train-clean-100/3112/9555/3112-9555-0082.flac,191360,
26503,train-clean-100/3486/166446/3486-166446-0042.flac,82320,
6529,train-clean-100/6147/34606/6147-34606-0034.flac,244000,
8026,train-clean-100/5022/29411/5022-29411-0042.flac,240560,
17683,train-clean-100/6454/93938/6454-93938-0003.flac,211200,
25513,train-clean-100/6454/107462/6454-107462-0035.flac,107760,
21697,train-clean-100/4859/26870/4859-26870-0000.flac,182640,
9606,train-clean-100/8770/295462/8770-295462-0032.flac,236720,
20376,train-clean-100/6367/65536/6367-65536-0031.flac,195521,
6764,train-clean-100/4362/15663/4362-15663-0097.flac,243520,
12809,train-clean-100/8838/298546/8838-298546-0033.flac,228320,
3831,train-clean-100/250/142276/250-142276-0048.flac,250480,
16212,train-clean-100/6925/80680/6925-80680-0021.flac,217200,
16866,train-clean-100/4340/15220/4340-15220-0010.flac,214720,
10123,train-clean-100/87/121553/87-121553-0071.flac,235520,
27217,train-clean-100/2989/138028/2989-138028-0022.flac,65280,
9007,train-clean-100/8051/118101/8051-118101-0025.flac,238160,
22297,train-clean-100/8063/274116/8063-274116-0006.flac,174560,
426,train-clean-100/7447/91186/7447-91186-0022.flac,265120,
25412,train-clean-100/7264/92316/7264-92316-0041.flac,110160,
17292,train-clean-100/5688/41232/5688-41232-0061.flac,212960,
20041,train-clean-100/4441/76262/4441-76262-0004.flac,197921,
772,train-clean-100/1841/159771/1841-159771-0008.flac,261520,
16483,train-clean-100/7780/274562/7780-274562-0104.flac,216160,
12006,train-clean-100/5867/48852/5867-48852-0065.flac,230720,
3514,train-clean-100/328/129766/328-129766-0056.flac,251280,
22331,train-clean-100/3699/19401/3699-19401-0004.flac,174080,
93,train-clean-100/6925/80680/6925-80680-0079.flac,270720,
17017,train-clean-100/1502/122619/1502-122619-0025.flac,214080,
15089,train-clean-100/3723/171115/3723-171115-0033.flac,221280,
6012,train-clean-100/446/123501/446-123501-0031.flac,245200,
20127,train-clean-100/5390/30096/5390-30096-0019.flac,197360,
19586,train-clean-100/460/172359/460-172359-0077.flac,200960,
10346,train-clean-100/5322/7678/5322-7678-0016.flac,234960,
24965,train-clean-100/6272/70168/6272-70168-0029.flac,121040,
13494,train-clean-100/6147/34607/6147-34607-0035.flac,226400,
15406,train-clean-100/6818/76332/6818-76332-0024.flac,220160,
4716,train-clean-100/4088/158077/4088-158077-0054.flac,248320,
11155,train-clean-100/2893/139322/2893-139322-0002.flac,232880,
25398,train-clean-100/6181/216552/6181-216552-0040.flac,110640,
26841,train-clean-100/2136/5147/2136-5147-0037.flac,74400,
8410,train-clean-100/8419/293469/8419-293469-0025.flac,239600,
7185,train-clean-100/89/219/89-219-0033.flac,242560,
11001,train-clean-100/696/92939/696-92939-0035.flac,233280,
6753,train-clean-100/7278/91083/7278-91083-0011.flac,243520,
2084,train-clean-100/196/122152/196-122152-0031.flac,255120,
9735,train-clean-100/8312/279790/8312-279790-0039.flac,236400,
15935,train-clean-100/6476/57446/6476-57446-0015.flac,218160,
13487,train-clean-100/7226/86964/7226-86964-0007.flac,226400,
19247,train-clean-100/4441/76263/4441-76263-0003.flac,202960,
5541,train-clean-100/3214/167602/3214-167602-0018.flac,246400,
22663,train-clean-100/3699/175950/3699-175950-0003.flac,169440,
20503,train-clean-100/87/121553/87-121553-0097.flac,194640,
23233,train-clean-100/1970/26100/1970-26100-0025.flac,158640,
16870,train-clean-100/8468/294887/8468-294887-0004.flac,214640,
16705,train-clean-100/3947/13260/3947-13260-0050.flac,215280,
8228,train-clean-100/2182/150130/2182-150130-0026.flac,240000,
15551,train-clean-100/3240/131231/3240-131231-0022.flac,219680,
7567,train-clean-100/2196/174172/2196-174172-0030.flac,241680,
871,train-clean-100/5703/47198/5703-47198-0019.flac,260720,
8710,train-clean-100/5789/70653/5789-70653-0002.flac,238800,
17657,train-clean-100/198/129977/198-129977-0013.flac,211280,
25196,train-clean-100/887/123289/887-123289-0037.flac,115680,
24519,train-clean-100/1723/141149/1723-141149-0008.flac,131760,
5328,train-clean-100/1578/140045/1578-140045-0001.flac,246880,
5866,train-clean-100/3983/5331/3983-5331-0018.flac,245520,
17044,train-clean-100/3607/29116/3607-29116-0037.flac,213920,
27312,train-clean-100/481/123720/481-123720-0020.flac,63200,
25798,train-clean-100/5049/25947/5049-25947-0014.flac,100160,
27212,train-clean-100/6476/57446/6476-57446-0087.flac,65360,
25607,train-clean-100/8419/286676/8419-286676-0033.flac,105280,
24636,train-clean-100/4137/11702/4137-11702-0008.flac,129120,
20533,train-clean-100/587/54108/587-54108-0027.flac,194400,
14124,train-clean-100/2182/181183/2182-181183-0032.flac,224320,
25222,train-clean-100/887/123291/887-123291-0025.flac,114960,
14701,train-clean-100/6818/68772/6818-68772-0003.flac,222560,
9922,train-clean-100/5678/43302/5678-43302-0014.flac,236000,
19922,train-clean-100/5561/39621/5561-39621-0023.flac,198880,
19901,train-clean-100/6437/66173/6437-66173-0008.flac,198960,
24966,train-clean-100/1723/141149/1723-141149-0076.flac,121040,
19231,train-clean-100/248/130697/248-130697-0027.flac,202961,
14955,train-clean-100/481/123720/481-123720-0010.flac,221760,
28333,train-clean-100/3440/171009/3440-171009-0077.flac,38000,
23901,train-clean-100/5322/7680/5322-7680-0032.flac,145040,
9325,train-clean-100/625/132112/625-132112-0042.flac,237360,
16589,train-clean-100/6476/57446/6476-57446-0063.flac,215680,
16682,train-clean-100/5393/19218/5393-19218-0035.flac,215360,
2505,train-clean-100/8088/284756/8088-284756-0115.flac,253920,
27467,train-clean-100/1898/145720/1898-145720-0012.flac,59840,
21488,train-clean-100/60/121082/60-121082-0054.flac,185040,
16758,train-clean-100/5561/39621/5561-39621-0005.flac,215040,
12657,train-clean-100/6385/34669/6385-34669-0024.flac,228800,
19233,train-clean-100/226/131533/226-131533-0025.flac,202960,
22976,train-clean-100/7402/90848/7402-90848-0048.flac,163840,
5533,train-clean-100/2384/152900/2384-152900-0010.flac,246400,
9251,train-clean-100/7402/90848/7402-90848-0020.flac,237520,
17895,train-clean-100/200/124139/200-124139-0027.flac,210080,
11035,train-clean-100/87/121553/87-121553-0069.flac,233200,
5387,train-clean-100/2092/145706/2092-145706-0038.flac,246720,
3207,train-clean-100/4340/15220/4340-15220-0076.flac,252080,
22912,train-clean-100/1594/135914/1594-135914-0023.flac,165120,
26884,train-clean-100/5104/33406/5104-33406-0021.flac,73520,
12229,train-clean-100/909/131045/909-131045-0012.flac,230000,
8451,train-clean-100/2092/145709/2092-145709-0011.flac,239440,
2292,train-clean-100/4406/16882/4406-16882-0050.flac,254480,
11115,train-clean-100/7302/86814/7302-86814-0007.flac,232960,
22470,train-clean-100/7264/92316/7264-92316-0017.flac,172320,
21585,train-clean-100/4137/11701/4137-11701-0022.flac,183920,
6198,train-clean-100/3664/178366/3664-178366-0024.flac,244720,
15355,train-clean-100/2989/138035/2989-138035-0065.flac,220320,
5754,train-clean-100/248/130652/248-130652-0029.flac,245840,
15853,train-clean-100/426/122821/426-122821-0037.flac,218480,
18607,train-clean-100/1578/140049/1578-140049-0013.flac,206560,
19246,train-clean-100/1737/142397/1737-142397-0015.flac,202960,
21434,train-clean-100/1040/133433/1040-133433-0047.flac,185440,
19987,train-clean-100/2514/149482/2514-149482-0052.flac,198320,
2284,train-clean-100/7264/92310/7264-92310-0007.flac,254480,
4251,train-clean-100/8108/280359/8108-280359-0005.flac,249520,
5741,train-clean-100/4788/91208/4788-91208-0002.flac,245920,
12601,train-clean-100/3214/167607/3214-167607-0014.flac,228960,
26190,train-clean-100/1183/128659/1183-128659-0004.flac,90240,
10888,train-clean-100/2514/149482/2514-149482-0047.flac,233600,
14385,train-clean-100/4481/17498/4481-17498-0044.flac,223600,
9207,train-clean-100/374/180298/374-180298-0057.flac,237680,
1571,train-clean-100/3436/172162/3436-172162-0032.flac,256800,
11684,train-clean-100/831/130739/831-130739-0019.flac,231600,
267,train-clean-100/8063/274112/8063-274112-0013.flac,267520,
10040,train-clean-100/125/121342/125-121342-0032.flac,235680,
19883,train-clean-100/2391/145015/2391-145015-0017.flac,199120,
56,train-clean-100/125/121124/125-121124-0050.flac,271600,
26156,train-clean-100/328/129766/328-129766-0027.flac,91120,
10622,train-clean-100/3664/178366/3664-178366-0034.flac,234320,
3477,train-clean-100/5561/39621/5561-39621-0043.flac,251440,
20758,train-clean-100/426/122822/426-122822-0010.flac,192480,
15344,train-clean-100/5778/12761/5778-12761-0016.flac,220400,
5398,train-clean-100/2159/179156/2159-179156-0015.flac,246720,
3179,train-clean-100/3664/178366/3664-178366-0021.flac,252160,
3970,train-clean-100/1235/135883/1235-135883-0018.flac,250240,
2514,train-clean-100/2159/179154/2159-179154-0037.flac,253920,
24573,train-clean-100/307/127535/307-127535-0027.flac,130480,
23043,train-clean-100/311/124404/311-124404-0109.flac,162560,
15054,train-clean-100/1334/135589/1334-135589-0083.flac,221360,
23194,train-clean-100/2989/138028/2989-138028-0061.flac,159600,
13224,train-clean-100/2911/15045/2911-15045-0016.flac,227120,
26746,train-clean-100/1098/133695/1098-133695-0077.flac,76880,
15143,train-clean-100/6529/62554/6529-62554-0050.flac,221040,
18157,train-clean-100/426/122821/426-122821-0030.flac,208880,
1989,train-clean-100/233/134440/233-134440-0016.flac,255440,
17827,train-clean-100/5339/14133/5339-14133-0012.flac,210480,
19798,train-clean-100/2196/174172/2196-174172-0022.flac,199680,
13777,train-clean-100/5390/24512/5390-24512-0018.flac,225520,
25427,train-clean-100/5322/7680/5322-7680-0004.flac,109760,
5836,train-clean-100/32/21634/32-21634-0006.flac,245600,
22143,train-clean-100/302/123516/302-123516-0005.flac,176800,
21373,train-clean-100/6437/66173/6437-66173-0038.flac,186400,
20861,train-clean-100/7505/258958/7505-258958-0022.flac,191520,
26509,train-clean-100/4014/186175/4014-186175-0028.flac,82160,
24320,train-clean-100/5778/54535/5778-54535-0032.flac,136320,
27459,train-clean-100/2391/145015/2391-145015-0105.flac,60000,
23626,train-clean-100/2691/156755/2691-156755-0029.flac,151520,
4061,train-clean-100/6563/285357/6563-285357-0008.flac,250000,
18239,train-clean-100/311/124404/311-124404-0106.flac,208480,
2806,train-clean-100/4898/28461/4898-28461-0035.flac,253120,
7570,train-clean-100/374/180298/374-180298-0030.flac,241680,
21638,train-clean-100/2289/152253/2289-152253-0020.flac,183280,
7076,train-clean-100/7278/91083/7278-91083-0022.flac,242800,
13175,train-clean-100/1263/141777/1263-141777-0015.flac,227280,
6324,train-clean-100/1098/133695/1098-133695-0022.flac,244480,
27604,train-clean-100/426/122819/426-122819-0015.flac,56400,
11119,train-clean-100/8419/286667/8419-286667-0017.flac,232960,
2602,train-clean-100/5703/47198/5703-47198-0037.flac,253680,
1636,train-clean-100/3982/178459/3982-178459-0044.flac,256560,
16124,train-clean-100/250/140277/250-140277-0015.flac,217440,
25504,train-clean-100/7190/90542/7190-90542-0037.flac,108160,
26023,train-clean-100/2893/139310/2893-139310-0023.flac,94320,
13305,train-clean-100/8419/286667/8419-286667-0002.flac,226880,
11971,train-clean-100/7517/100437/7517-100437-0009.flac,230800,
6056,train-clean-100/6415/111615/6415-111615-0026.flac,245120,
2235,train-clean-100/6385/220959/6385-220959-0012.flac,254640,
16026,train-clean-100/7511/102419/7511-102419-0036.flac,217760,
1071,train-clean-100/322/124146/322-124146-0029.flac,259360,
8012,train-clean-100/40/222/40-222-0054.flac,240560,
25655,train-clean-100/27/124992/27-124992-0047.flac,103920,
7404,train-clean-100/2817/142380/2817-142380-0020.flac,242000,
7364,train-clean-100/7511/102420/7511-102420-0021.flac,242160,
4835,train-clean-100/8051/295385/8051-295385-0029.flac,248080,
28111,train-clean-100/911/128684/911-128684-0028.flac,44320,
3119,train-clean-100/4137/11702/4137-11702-0045.flac,252320,
3617,train-clean-100/7178/34644/7178-34644-0011.flac,251040,
26457,train-clean-100/730/359/730-359-0037.flac,83440,
21836,train-clean-100/7113/86041/7113-86041-0003.flac,180640,
4622,train-clean-100/3168/173564/3168-173564-0038.flac,248560,
12523,train-clean-100/7505/83618/7505-83618-0014.flac,229200,
16844,train-clean-100/60/121082/60-121082-0024.flac,214800,
16645,train-clean-100/226/131533/226-131533-0035.flac,215520,
16205,train-clean-100/1841/150351/1841-150351-0030.flac,217200,
15798,train-clean-100/8747/293952/8747-293952-0092.flac,218720,
11067,train-clean-100/150/126112/150-126112-0023.flac,233120,
22522,train-clean-100/2092/145706/2092-145706-0071.flac,171600,
10423,train-clean-100/1183/133256/1183-133256-0015.flac,234800,
18557,train-clean-100/4813/248641/4813-248641-0004.flac,206880,
13204,train-clean-100/8108/280354/8108-280354-0008.flac,227200,
11873,train-clean-100/2952/410/2952-410-0051.flac,231040,
5616,train-clean-100/412/126975/412-126975-0074.flac,246160,
27393,train-clean-100/2764/36619/2764-36619-0018.flac,61280,
23787,train-clean-100/87/121553/87-121553-0092.flac,147760,
7310,train-clean-100/5463/39173/5463-39173-0023.flac,242240,
2473,train-clean-100/1624/142933/1624-142933-0037.flac,254000,
5517,train-clean-100/5463/39174/5463-39174-0039.flac,246480,
2827,train-clean-100/8580/287364/8580-287364-0008.flac,253040,
12961,train-clean-100/2817/142371/2817-142371-0071.flac,227840,
19402,train-clean-100/3436/172162/3436-172162-0016.flac,202000,
191,train-clean-100/6836/76549/6836-76549-0006.flac,268480,
13523,train-clean-100/1263/139804/1263-139804-0029.flac,226320,
16427,train-clean-100/6367/74004/6367-74004-0019.flac,216400,
10235,train-clean-100/8238/274553/8238-274553-0000.flac,235200,
9891,train-clean-100/5322/7679/5322-7679-0022.flac,236080,
110,train-clean-100/6836/61803/6836-61803-0026.flac,270160,
18417,train-clean-100/2182/150130/2182-150130-0035.flac,207520,
12151,train-clean-100/1867/154075/1867-154075-0030.flac,230240,
27482,train-clean-100/3664/178366/3664-178366-0007.flac,59520,
15899,train-clean-100/3112/9554/3112-9554-0016.flac,218240,
3872,train-clean-100/7859/102518/7859-102518-0003.flac,250400,
12391,train-clean-100/8609/283227/8609-283227-0005.flac,229600,
7862,train-clean-100/8629/261139/8629-261139-0013.flac,240960,
9255,train-clean-100/3607/29116/3607-29116-0035.flac,237520,
7727,train-clean-100/374/180298/374-180298-0022.flac,241280,
28141,train-clean-100/5322/7678/5322-7678-0014.flac,43600,
8547,train-clean-100/7226/86965/7226-86965-0032.flac,239200,
22610,train-clean-100/6836/61803/6836-61803-0001.flac,170240,
20610,train-clean-100/87/121553/87-121553-0060.flac,193760,
7154,train-clean-100/1723/141149/1723-141149-0038.flac,242560,
7028,train-clean-100/2836/5354/2836-5354-0025.flac,242880,
15239,train-clean-100/32/21625/32-21625-0016.flac,220720,
27961,train-clean-100/2893/139310/2893-139310-0013.flac,47680,
7982,train-clean-100/118/121721/118-121721-0006.flac,240640,
24673,train-clean-100/5463/39173/5463-39173-0002.flac,128080,
18015,train-clean-100/909/131045/909-131045-0006.flac,209600,
22981,train-clean-100/405/130895/405-130895-0029.flac,163760,
25703,train-clean-100/125/121124/125-121124-0083.flac,102640,
27251,train-clean-100/163/122947/163-122947-0000.flac,64480,
5377,train-clean-100/3857/182317/3857-182317-0025.flac,246720,
25896,train-clean-100/6147/34607/6147-34607-0007.flac,98080,
16506,train-clean-100/5163/39921/5163-39921-0023.flac,216080,
13362,train-clean-100/2836/5355/2836-5355-0008.flac,226720,
14869,train-clean-100/1263/139804/1263-139804-0019.flac,222000,
1195,train-clean-100/5022/29405/5022-29405-0021.flac,258640,
28357,train-clean-100/3242/67168/3242-67168-0033.flac,37280,
15059,train-clean-100/2764/36619/2764-36619-0012.flac,221360,
11950,train-clean-100/4051/11218/4051-11218-0020.flac,230880,
26345,train-clean-100/1963/142776/1963-142776-0002.flac,86080,
19225,train-clean-100/2159/179157/2159-179157-0021.flac,203040,
17341,train-clean-100/5789/57158/5789-57158-0028.flac,212720,
21904,train-clean-100/19/227/19-227-0013.flac,179680,
26825,train-clean-100/3723/171115/3723-171115-0052.flac,74800,
27976,train-clean-100/1455/138263/1455-138263-0008.flac,47440,
4926,train-clean-100/4441/76250/4441-76250-0011.flac,247840,
26706,train-clean-100/8797/294123/8797-294123-0046.flac,77920,
14970,train-clean-100/5049/25947/5049-25947-0065.flac,221680,
5920,train-clean-100/5688/41232/5688-41232-0048.flac,245440,
11381,train-clean-100/1363/135842/1363-135842-0035.flac,232320,
20726,train-clean-100/1898/145724/1898-145724-0015.flac,192800,
1216,train-clean-100/4137/11701/4137-11701-0041.flac,258560,
14433,train-clean-100/1098/133695/1098-133695-0050.flac,223440,
25787,train-clean-100/4051/11217/4051-11217-0004.flac,100400,
6985,train-clean-100/7302/86815/7302-86815-0028.flac,242960,
7740,train-clean-100/1355/39947/1355-39947-0060.flac,241200,
25117,train-clean-100/5339/14133/5339-14133-0033.flac,117440,
5002,train-clean-100/4340/15220/4340-15220-0031.flac,247680,
20414,train-clean-100/2159/179154/2159-179154-0009.flac,195360,
12593,train-clean-100/5456/58161/5456-58161-0000.flac,228960,
19121,train-clean-100/125/121342/125-121342-0005.flac,203600,
2159,train-clean-100/8609/283227/8609-283227-0003.flac,254880,
20236,train-clean-100/2952/408/2952-408-0027.flac,196560,
27889,train-clean-100/2989/138035/2989-138035-0019.flac,49840,
19257,train-clean-100/669/129061/669-129061-0026.flac,202880,
1402,train-clean-100/3214/167607/3214-167607-0001.flac,257520,
4211,train-clean-100/5514/19192/5514-19192-0033.flac,249680,
11244,train-clean-100/7113/86041/7113-86041-0088.flac,232720,
21355,train-clean-100/6415/100596/6415-100596-0016.flac,186560,
25910,train-clean-100/1116/137572/1116-137572-0036.flac,97600,
16314,train-clean-100/1737/148989/1737-148989-0014.flac,216879,
1957,train-clean-100/3983/5331/3983-5331-0012.flac,255520,
14900,train-clean-100/4898/20016/4898-20016-0038.flac,221920,
25089,train-clean-100/307/127539/307-127539-0000.flac,118000,
6493,train-clean-100/6209/34599/6209-34599-0019.flac,244160,
25484,train-clean-100/1970/10594/1970-10594-0027.flac,108560,
3720,train-clean-100/6415/111615/6415-111615-0030.flac,250800,
24951,train-clean-100/2911/15045/2911-15045-0021.flac,121280,
4831,train-clean-100/8226/274369/8226-274369-0051.flac,248080,
18570,train-clean-100/118/47824/118-47824-0053.flac,206800,
5543,train-clean-100/7794/295947/7794-295947-0035.flac,246400,
21631,train-clean-100/5104/33407/5104-33407-0036.flac,183360,
19268,train-clean-100/3857/182315/3857-182315-0036.flac,202800,
26689,train-clean-100/8088/284756/8088-284756-0080.flac,78240,
23234,train-clean-100/60/121082/60-121082-0018.flac,158640,
14857,train-clean-100/2764/36616/2764-36616-0033.flac,222000,
1413,train-clean-100/6563/63821/6563-63821-0027.flac,257440,
13756,train-clean-100/1235/135884/1235-135884-0035.flac,225600,
1270,train-clean-100/4481/17498/4481-17498-0020.flac,258240,
2860,train-clean-100/4788/91208/4788-91208-0030.flac,252960,
14835,train-clean-100/730/358/730-358-0036.flac,222080,
17579,train-clean-100/7511/102420/7511-102420-0013.flac,211760,
16345,train-clean-100/200/124139/200-124139-0005.flac,216720,
21176,train-clean-100/1040/133433/1040-133433-0039.flac,188320,
5329,train-clean-100/4788/94904/4788-94904-0016.flac,246880,
4774,train-clean-100/1578/140049/1578-140049-0029.flac,248240,
15944,train-clean-100/7113/86041/7113-86041-0081.flac,218080,
14519,train-clean-100/211/122442/211-122442-0063.flac,223120,
24143,train-clean-100/6476/57446/6476-57446-0051.flac,140000,
478,train-clean-100/4088/158077/4088-158077-0019.flac,264480,
17639,train-clean-100/4853/27671/4853-27671-0000.flac,211360,
25114,train-clean-100/211/122442/211-122442-0006.flac,117520,
22784,train-clean-100/4340/15220/4340-15220-0095.flac,167200,
6316,train-clean-100/1841/179183/1841-179183-0015.flac,244560,
6445,train-clean-100/83/11691/83-11691-0016.flac,244240,
26517,train-clean-100/481/123720/481-123720-0042.flac,81920,
3144,train-clean-100/8095/274348/8095-274348-0001.flac,252240,
703,train-clean-100/226/131532/226-131532-0030.flac,262160,
16175,train-clean-100/248/130644/248-130644-0003.flac,217280,
18480,train-clean-100/6529/62554/6529-62554-0034.flac,207200,
5767,train-clean-100/5163/39921/5163-39921-0003.flac,245840,
26902,train-clean-100/118/47824/118-47824-0013.flac,73120,
23020,train-clean-100/7312/92432/7312-92432-0023.flac,163120,
18131,train-clean-100/6019/3185/6019-3185-0020.flac,208961,
15395,train-clean-100/4898/20016/4898-20016-0005.flac,220160,
24561,train-clean-100/1183/128659/1183-128659-0008.flac,130800,
26351,train-clean-100/6836/61804/6836-61804-0019.flac,85840,
27914,train-clean-100/7148/7763/7148-7763-0019.flac,49120,
92,train-clean-100/4267/72637/4267-72637-0021.flac,270720,
4018,train-clean-100/1069/133699/1069-133699-0000.flac,250080,
1347,train-clean-100/3699/47246/3699-47246-0011.flac,257840,
21831,train-clean-100/7178/34644/7178-34644-0039.flac,180800,
3328,train-clean-100/8014/112586/8014-112586-0004.flac,251760,
9121,train-clean-100/8975/270782/8975-270782-0077.flac,237840,
11262,train-clean-100/1455/138263/1455-138263-0021.flac,232640,
25363,train-clean-100/125/121342/125-121342-0030.flac,111440,
18451,train-clean-100/4160/11550/4160-11550-0014.flac,207360,
2082,train-clean-100/5750/100289/5750-100289-0087.flac,255120,
1272,train-clean-100/3112/9555/3112-9555-0034.flac,258240,
18547,train-clean-100/8975/270782/8975-270782-0111.flac,206880,
28086,train-clean-100/1034/121119/1034-121119-0035.flac,44960,
19843,train-clean-100/6147/34606/6147-34606-0017.flac,199440,
10238,train-clean-100/7635/105661/7635-105661-0012.flac,235200,
8056,train-clean-100/3440/171006/3440-171006-0010.flac,240480,
20832,train-clean-100/2817/142380/2817-142380-0004.flac,191840,
20029,train-clean-100/4160/14187/4160-14187-0027.flac,198000,
25556,train-clean-100/3807/4923/3807-4923-0014.flac,106880,
484,train-clean-100/1723/141149/1723-141149-0064.flac,264480,
1106,train-clean-100/118/47824/118-47824-0066.flac,259120,
3180,train-clean-100/39/121916/39-121916-0002.flac,252160,
19069,train-clean-100/5808/48608/5808-48608-0044.flac,203920,
18153,train-clean-100/8324/286682/8324-286682-0041.flac,208880,
8315,train-clean-100/6064/56168/6064-56168-0008.flac,239840,
10292,train-clean-100/8051/118101/8051-118101-0001.flac,235120,
9109,train-clean-100/1069/133709/1069-133709-0002.flac,237840,
7618,train-clean-100/7278/91083/7278-91083-0037.flac,241520,
24424,train-clean-100/696/93314/696-93314-0067.flac,133760,
12081,train-clean-100/3879/174923/3879-174923-0058.flac,230480,
1460,train-clean-100/6209/34599/6209-34599-0021.flac,257200,
10679,train-clean-100/8098/278252/8098-278252-0003.flac,234160,
1995,train-clean-100/7402/90848/7402-90848-0029.flac,255440,
26254,train-clean-100/3526/176653/3526-176653-0015.flac,88400,
19570,train-clean-100/6531/61334/6531-61334-0096.flac,201120,
10500,train-clean-100/7800/283493/7800-283493-0005.flac,234560,
1132,train-clean-100/839/130898/839-130898-0076.flac,259040,
8411,train-clean-100/2893/139322/2893-139322-0007.flac,239521,
6338,train-clean-100/2384/152900/2384-152900-0086.flac,244480,
19147,train-clean-100/83/11691/83-11691-0004.flac,203440,
5947,train-clean-100/587/41619/587-41619-0025.flac,245360,
60,train-clean-100/7800/283492/7800-283492-0034.flac,271520,
28148,train-clean-100/4014/186175/4014-186175-0017.flac,43440,
1938,train-clean-100/625/132112/625-132112-0012.flac,255600,
12639,train-clean-100/3214/167602/3214-167602-0008.flac,228880,
53,train-clean-100/8609/283227/8609-283227-0064.flac,271840,
6744,train-clean-100/5049/25947/5049-25947-0059.flac,243520,
1870,train-clean-100/2196/170379/2196-170379-0004.flac,255760,
23991,train-clean-100/2007/132570/2007-132570-0023.flac,143360,
8387,train-clean-100/6272/70171/6272-70171-0002.flac,239679,
20390,train-clean-100/2007/132570/2007-132570-0033.flac,195440,
17969,train-clean-100/302/123516/302-123516-0011.flac,209760,
435,train-clean-100/4214/7146/4214-7146-0064.flac,265040,
13411,train-clean-100/6476/57446/6476-57446-0012.flac,226639,
17779,train-clean-100/4088/158077/4088-158077-0026.flac,210720,
22431,train-clean-100/8123/275193/8123-275193-0012.flac,172800,
4406,train-clean-100/322/124146/322-124146-0003.flac,249120,
5242,train-clean-100/8630/305212/8630-305212-0029.flac,247120,
9396,train-clean-100/5808/54425/5808-54425-0027.flac,237200,
12988,train-clean-100/1246/124550/1246-124550-0025.flac,227760,
6946,train-clean-100/1235/135884/1235-135884-0037.flac,243040,
22232,train-clean-100/8098/278252/8098-278252-0035.flac,175520,
15689,train-clean-100/2092/145706/2092-145706-0072.flac,219120,
22377,train-clean-100/8063/274117/8063-274117-0029.flac,173600,
15225,train-clean-100/374/180298/374-180298-0050.flac,220720,
25493,train-clean-100/254/12312/254-12312-0005.flac,108240,
7825,train-clean-100/412/126975/412-126975-0064.flac,241040,
14513,train-clean-100/19/198/19-198-0027.flac,223200,
17974,train-clean-100/2136/5147/2136-5147-0032.flac,209760,
1201,train-clean-100/150/126107/150-126107-0026.flac,258561,
19696,train-clean-100/1455/134435/1455-134435-0027.flac,200320,
11517,train-clean-100/4051/11217/4051-11217-0029.flac,231920,
24779,train-clean-100/2843/152918/2843-152918-0040.flac,125520,
25603,train-clean-100/1841/150351/1841-150351-0006.flac,105440,
1593,train-clean-100/1235/135887/1235-135887-0025.flac,256720,
9892,train-clean-100/2436/2476/2436-2476-0040.flac,236080,
625,train-clean-100/7367/86737/7367-86737-0065.flac,262880,
4855,train-clean-100/441/130108/441-130108-0008.flac,248000,
27049,train-clean-100/6081/41997/6081-41997-0017.flac,69680,
13603,train-clean-100/5163/18515/5163-18515-0001.flac,226000,
27532,train-clean-100/4018/107338/4018-107338-0002.flac,58400,
8917,train-clean-100/2910/131096/2910-131096-0087.flac,238320,
12053,train-clean-100/3807/4923/3807-4923-0004.flac,230560,
24301,train-clean-100/831/130739/831-130739-0025.flac,136800,
160,train-clean-100/460/172359/460-172359-0029.flac,268960,
9341,train-clean-100/2843/152918/2843-152918-0037.flac,237280,
3033,train-clean-100/3607/29116/3607-29116-0000.flac,252560,
23273,train-clean-100/7190/90543/7190-90543-0016.flac,157920,
4944,train-clean-100/3664/11714/3664-11714-0027.flac,247840,
5583,train-clean-100/2843/152918/2843-152918-0021.flac,246320,
14349,train-clean-100/7278/104730/7278-104730-0037.flac,223680,
5236,train-clean-100/6848/252323/6848-252323-0038.flac,247120,
14806,train-clean-100/6367/65536/6367-65536-0023.flac,222240,
26326,train-clean-100/4267/78186/4267-78186-0006.flac,86640,
24194,train-clean-100/8465/246943/8465-246943-0000.flac,139040,
18762,train-clean-100/1970/10594/1970-10594-0037.flac,205760,
28221,train-clean-100/403/128339/403-128339-0052.flac,41040,
20378,train-clean-100/322/124146/322-124146-0013.flac,195520,
22835,train-clean-100/211/122442/211-122442-0005.flac,166240,
8350,train-clean-100/3436/172162/3436-172162-0042.flac,239760,
15542,train-clean-100/6529/62554/6529-62554-0014.flac,219680,
19606,train-clean-100/8098/275181/8098-275181-0010.flac,200800,
26355,train-clean-100/2136/5143/2136-5143-0032.flac,85760,
23485,train-clean-100/163/122947/163-122947-0007.flac,154080,
12443,train-clean-100/2391/145015/2391-145015-0114.flac,229440,
27055,train-clean-100/6531/61334/6531-61334-0079.flac,69440,
10240,train-clean-100/298/126790/298-126790-0030.flac,235200,
16445,train-clean-100/4898/20016/4898-20016-0015.flac,216320,
14978,train-clean-100/1447/17506/1447-17506-0018.flac,221600,
4986,train-clean-100/8095/274346/8095-274346-0036.flac,247760,
26518,train-clean-100/7148/82991/7148-82991-0019.flac,81840,
24725,train-clean-100/2136/5147/2136-5147-0026.flac,126880,
9843,train-clean-100/8465/246940/8465-246940-0029.flac,236160,
13890,train-clean-100/3242/67153/3242-67153-0006.flac,225120,
26883,train-clean-100/5808/54425/5808-54425-0044.flac,73520,
14559,train-clean-100/4898/28461/4898-28461-0059.flac,223040,
20902,train-clean-100/3857/182317/3857-182317-0021.flac,191040,
7958,train-clean-100/3526/176651/3526-176651-0014.flac,240720,
7115,train-clean-100/2952/410/2952-410-0044.flac,242720,
15990,train-clean-100/8630/305212/8630-305212-0034.flac,217920,
23823,train-clean-100/4014/186183/4014-186183-0000.flac,146960,
285,train-clean-100/5778/54535/5778-54535-0001.flac,267280,
4958,train-clean-100/1992/141719/1992-141719-0008.flac,247760,
3029,train-clean-100/7148/7763/7148-7763-0005.flac,252560,
27400,train-clean-100/211/122442/211-122442-0010.flac,61120,
19664,train-clean-100/1263/139804/1263-139804-0026.flac,200480,
18799,train-clean-100/2159/179156/2159-179156-0019.flac,205600,
8004,train-clean-100/412/126975/412-126975-0080.flac,240639,
23225,train-clean-100/211/122425/211-122425-0077.flac,158880,
18844,train-clean-100/2416/152137/2416-152137-0024.flac,205280,
25474,train-clean-100/2289/152258/2289-152258-0011.flac,108800,
1554,train-clean-100/412/126975/412-126975-0004.flac,256880,
27277,train-clean-100/1963/142393/1963-142393-0038.flac,63760,
11140,train-clean-100/3112/9555/3112-9555-0041.flac,232880,
7383,train-clean-100/696/93314/696-93314-0035.flac,242080,
16718,train-clean-100/481/123720/481-123720-0014.flac,215200,
23647,train-clean-100/211/122442/211-122442-0072.flac,151040,
1164,train-clean-100/6848/252322/6848-252322-0027.flac,258800,
14194,train-clean-100/839/130898/839-130898-0073.flac,224160,
26811,train-clean-100/8063/274116/8063-274116-0022.flac,75120,
476,train-clean-100/2952/410/2952-410-0026.flac,264481,
6893,train-clean-100/211/122425/211-122425-0021.flac,243200,
20096,train-clean-100/4640/19189/4640-19189-0043.flac,197520,
11277,train-clean-100/403/216/403-216-0006.flac,232640,
4420,train-clean-100/3214/167607/3214-167607-0039.flac,249040,
24711,train-clean-100/83/9960/83-9960-0032.flac,127280,
10868,train-clean-100/163/122947/163-122947-0065.flac,233600,
13359,train-clean-100/8312/279791/8312-279791-0033.flac,226720,
23964,train-clean-100/730/358/730-358-0020.flac,143920,
25506,train-clean-100/4680/16026/4680-16026-0014.flac,108080,
22519,train-clean-100/4297/13006/4297-13006-0001.flac,171600,
5647,train-clean-100/2893/139322/2893-139322-0015.flac,246080,
20154,train-clean-100/3436/172171/3436-172171-0033.flac,197120,
20023,train-clean-100/250/142286/250-142286-0029.flac,198080,
21801,train-clean-100/8123/275193/8123-275193-0019.flac,181280,
3762,train-clean-100/3526/176653/3526-176653-0030.flac,250640,
2619,train-clean-100/1867/148436/1867-148436-0037.flac,253600,
8125,train-clean-100/5163/18515/5163-18515-0008.flac,240240,
25283,train-clean-100/7178/34645/7178-34645-0014.flac,112960,
25373,train-clean-100/7059/77900/7059-77900-0026.flac,111200,
17954,train-clean-100/1867/154075/1867-154075-0022.flac,209840,
28225,train-clean-100/6531/61334/6531-61334-0037.flac,40880,
20471,train-clean-100/8975/270782/8975-270782-0073.flac,194880,
3375,train-clean-100/2196/174172/2196-174172-0037.flac,251680,
15063,train-clean-100/7113/86041/7113-86041-0077.flac,221360,
13826,train-clean-100/7859/102519/7859-102519-0009.flac,225360,
7182,train-clean-100/8609/262281/8609-262281-0042.flac,242560,
16294,train-clean-100/3436/172162/3436-172162-0037.flac,216880,
9129,train-clean-100/40/121026/40-121026-0008.flac,237840,
27005,train-clean-100/3436/172162/3436-172162-0013.flac,70720,
27240,train-clean-100/1963/147036/1963-147036-0027.flac,64640,
18693,train-clean-100/6880/216547/6880-216547-0087.flac,206160,
6567,train-clean-100/4340/15220/4340-15220-0088.flac,243920,
26002,train-clean-100/1502/122619/1502-122619-0094.flac,95200,
12460,train-clean-100/2817/142371/2817-142371-0003.flac,229440,
2682,train-clean-100/39/121915/39-121915-0027.flac,253440,
25242,train-clean-100/7505/258964/7505-258964-0025.flac,114560,
14602,train-clean-100/3879/174923/3879-174923-0060.flac,222880,
11709,train-clean-100/307/127539/307-127539-0037.flac,231520,
23905,train-clean-100/3259/158083/3259-158083-0036.flac,145040,
10294,train-clean-100/7635/105661/7635-105661-0021.flac,235120,
20945,train-clean-100/831/130739/831-130739-0000.flac,190560,
9591,train-clean-100/89/218/89-218-0021.flac,236720,
20965,train-clean-100/5678/43303/5678-43303-0021.flac,190480,
181,train-clean-100/2989/138035/2989-138035-0043.flac,268560,
17064,train-clean-100/1963/142393/1963-142393-0041.flac,213840,
28115,train-clean-100/27/124992/27-124992-0036.flac,44240,
3476,train-clean-100/5049/25947/5049-25947-0079.flac,251440,
18290,train-clean-100/7226/86965/7226-86965-0012.flac,208160,
11930,train-clean-100/696/93314/696-93314-0066.flac,230880,
327,train-clean-100/3374/298025/3374-298025-0010.flac,266560,
7943,train-clean-100/201/122255/201-122255-0023.flac,240720,
23992,train-clean-100/1970/26100/1970-26100-0028.flac,143360,
16545,train-clean-100/1447/17506/1447-17506-0009.flac,215840,
23299,train-clean-100/3526/175658/3526-175658-0023.flac,157280,
24836,train-clean-100/8014/112602/8014-112602-0028.flac,124000,
13631,train-clean-100/8324/286683/8324-286683-0023.flac,225920,
4545,train-clean-100/200/126784/200-126784-0022.flac,248720,
9553,train-clean-100/5867/48852/5867-48852-0078.flac,236880,
15846,train-clean-100/8419/293469/8419-293469-0017.flac,218480,
7655,train-clean-100/4853/29413/4853-29413-0029.flac,241440,
10413,train-clean-100/150/126107/150-126107-0011.flac,234800,
1383,train-clean-100/669/129061/669-129061-0057.flac,257600,
14786,train-clean-100/481/123720/481-123720-0031.flac,222320,
8592,train-clean-100/8051/119902/8051-119902-0033.flac,239120,
1975,train-clean-100/229/130880/229-130880-0087.flac,255440,
24317,train-clean-100/6272/70171/6272-70171-0027.flac,136400,
13730,train-clean-100/2002/139469/2002-139469-0090.flac,225680,
14814,train-clean-100/6437/66173/6437-66173-0042.flac,222160,
24501,train-clean-100/4051/11218/4051-11218-0059.flac,132160,
10035,train-clean-100/831/130739/831-130739-0032.flac,235680,
7907,train-clean-100/3879/174923/3879-174923-0071.flac,240800,
15451,train-clean-100/6476/57446/6476-57446-0003.flac,220000,
6122,train-clean-100/6880/216547/6880-216547-0018.flac,244960,
11712,train-clean-100/2159/179154/2159-179154-0023.flac,231520,
24936,train-clean-100/7190/90542/7190-90542-0022.flac,121680,
9485,train-clean-100/1624/168623/1624-168623-0052.flac,237040,
16985,train-clean-100/7780/274562/7780-274562-0003.flac,214160,
9883,train-clean-100/8095/274346/8095-274346-0035.flac,236080,
17608,train-clean-100/40/222/40-222-0028.flac,211520,
13085,train-clean-100/8468/294887/8468-294887-0003.flac,227520,
5529,train-clean-100/887/123290/887-123290-0024.flac,246400,
17232,train-clean-100/7278/246956/7278-246956-0013.flac,213200,
1611,train-clean-100/6836/61804/6836-61804-0038.flac,256640,
9470,train-clean-100/2893/139322/2893-139322-0030.flac,237040,
13453,train-clean-100/1088/134315/1088-134315-0050.flac,226480,
182,train-clean-100/229/130880/229-130880-0000.flac,268560,
21230,train-clean-100/8770/295463/8770-295463-0002.flac,187920,
24664,train-clean-100/250/142276/250-142276-0053.flac,128320,
2486,train-clean-100/307/127535/307-127535-0006.flac,254000,
18084,train-clean-100/8419/293469/8419-293469-0013.flac,209280,
20306,train-clean-100/4018/107312/4018-107312-0030.flac,196080,
20164,train-clean-100/4088/158077/4088-158077-0070.flac,197040,
5993,train-clean-100/6437/66172/6437-66172-0009.flac,245280,
14866,train-clean-100/5393/19218/5393-19218-0027.flac,222000,
11477,train-clean-100/2893/139310/2893-139310-0020.flac,232080,
11051,train-clean-100/6848/252323/6848-252323-0040.flac,233200,
9577,train-clean-100/1098/133695/1098-133695-0009.flac,236800,
24878,train-clean-100/89/219/89-219-0057.flac,123040,
19391,train-clean-100/4406/16882/4406-16882-0005.flac,202080,
20555,train-clean-100/3486/166446/3486-166446-0024.flac,194240,
10442,train-clean-100/2843/152918/2843-152918-0083.flac,234720,
16627,train-clean-100/4853/27670/4853-27670-0024.flac,215600,
15083,train-clean-100/5322/7678/5322-7678-0035.flac,221280,
24737,train-clean-100/6385/220959/6385-220959-0024.flac,126640,
17968,train-clean-100/3664/178366/3664-178366-0022.flac,209760,
24465,train-clean-100/3486/166446/3486-166446-0032.flac,132960,
26239,train-clean-100/211/122425/211-122425-0036.flac,88880,
4019,train-clean-100/8770/295465/8770-295465-0036.flac,250080,
16317,train-clean-100/8630/305212/8630-305212-0039.flac,216800,
17394,train-clean-100/32/21631/32-21631-0013.flac,212480,
11089,train-clean-100/2836/5354/2836-5354-0000.flac,233040,
14460,train-clean-100/7178/34644/7178-34644-0007.flac,223360,
9091,train-clean-100/39/121916/39-121916-0027.flac,237920,
8081,train-clean-100/6081/41998/6081-41998-0027.flac,240400,
4599,train-clean-100/1963/142393/1963-142393-0057.flac,248640,
19789,train-clean-100/322/124146/322-124146-0035.flac,199760,
24316,train-clean-100/1926/143879/1926-143879-0006.flac,136400,
17910,train-clean-100/4640/19187/4640-19187-0008.flac,210000,
2281,train-clean-100/163/121908/163-121908-0009.flac,254480,
5854,train-clean-100/8468/286673/8468-286673-0020.flac,245600,
27517,train-clean-100/8226/274371/8226-274371-0045.flac,58800,
10973,train-clean-100/7278/246956/7278-246956-0025.flac,233360,
2861,train-clean-100/332/128985/332-128985-0045.flac,252960,
23057,train-clean-100/5652/19215/5652-19215-0029.flac,162320,
549,train-clean-100/8123/275193/8123-275193-0027.flac,263680,
21275,train-clean-100/89/219/89-219-0020.flac,187440,
22397,train-clean-100/211/122425/211-122425-0050.flac,173280,
11364,train-clean-100/3486/166424/3486-166424-0064.flac,232320,
22885,train-clean-100/5652/39938/5652-39938-0005.flac,165680,
20752,train-clean-100/8580/287364/8580-287364-0011.flac,192560,
9788,train-clean-100/332/128985/332-128985-0069.flac,236320,
26205,train-clean-100/8468/286673/8468-286673-0027.flac,89760,
10408,train-clean-100/3607/135982/3607-135982-0046.flac,234800,
6008,train-clean-100/196/122159/196-122159-0003.flac,245200,
14374,train-clean-100/302/123523/302-123523-0019.flac,223600,
12037,train-clean-100/1455/138263/1455-138263-0020.flac,230640,
9429,train-clean-100/8770/295465/8770-295465-0002.flac,237120,
16776,train-clean-100/3607/29116/3607-29116-0009.flac,214960,
9473,train-clean-100/3607/135982/3607-135982-0037.flac,237040,
14628,train-clean-100/233/134440/233-134440-0028.flac,222800,
5708,train-clean-100/8630/305212/8630-305212-0043.flac,245920,
9964,train-clean-100/1069/133699/1069-133699-0011.flac,235920,
19320,train-clean-100/6531/61334/6531-61334-0046.flac,202400,
24910,train-clean-100/1867/148436/1867-148436-0015.flac,122400,
5142,train-clean-100/831/130739/831-130739-0020.flac,247360,
6552,train-clean-100/8838/298545/8838-298545-0013.flac,244000,
27786,train-clean-100/2092/145706/2092-145706-0059.flac,52080,
19589,train-clean-100/2384/152900/2384-152900-0067.flac,200960,
5938,train-clean-100/6064/300880/6064-300880-0005.flac,245440,
18622,train-clean-100/32/21634/32-21634-0001.flac,206560,
7282,train-clean-100/8797/294123/8797-294123-0059.flac,242320,
27103,train-clean-100/3240/131231/3240-131231-0055.flac,68160,
12815,train-clean-100/2182/150130/2182-150130-0029.flac,228320,
21494,train-clean-100/5778/54535/5778-54535-0046.flac,184960,
3622,train-clean-100/8465/246947/8465-246947-0014.flac,251040,
19353,train-clean-100/6415/111615/6415-111615-0012.flac,202240,
12169,train-clean-100/2436/2481/2436-2481-0009.flac,230160,
7687,train-clean-100/2092/145706/2092-145706-0046.flac,241360,
940,train-clean-100/1355/39947/1355-39947-0009.flac,260240,
16288,train-clean-100/4481/17498/4481-17498-0048.flac,216960,
23275,train-clean-100/4195/186238/4195-186238-0017.flac,157760,
27643,train-clean-100/4195/17507/4195-17507-0036.flac,55360,
25682,train-clean-100/1926/147979/1926-147979-0045.flac,103200,
12776,train-clean-100/5514/19193/5514-19193-0021.flac,228480,
10187,train-clean-100/1553/140048/1553-140048-0027.flac,235360,
23383,train-clean-100/211/122442/211-122442-0037.flac,155760,
10738,train-clean-100/2196/170151/2196-170151-0026.flac,234000,
8015,train-clean-100/248/130644/248-130644-0006.flac,240560,
27485,train-clean-100/125/121124/125-121124-0086.flac,59440,
10590,train-clean-100/1898/145715/1898-145715-0005.flac,234400,
28190,train-clean-100/446/123502/446-123502-0021.flac,42160,
13240,train-clean-100/2910/131096/2910-131096-0054.flac,227120,
748,train-clean-100/374/180298/374-180298-0048.flac,261760,
7923,train-clean-100/328/129766/328-129766-0050.flac,240800,
13952,train-clean-100/3723/171631/3723-171631-0008.flac,224960,
3563,train-clean-100/446/123502/446-123502-0038.flac,251200,
21406,train-clean-100/7113/86041/7113-86041-0080.flac,185920,
9182,train-clean-100/3857/180923/3857-180923-0005.flac,237680,
25449,train-clean-100/1098/133695/1098-133695-0044.flac,109360,
20007,train-clean-100/8238/274553/8238-274553-0024.flac,198160,
2751,train-clean-100/7226/86965/7226-86965-0001.flac,253280,
18960,train-clean-100/5049/25947/5049-25947-0018.flac,204640,
4611,train-clean-100/1737/148989/1737-148989-0029.flac,248560,
26422,train-clean-100/669/129074/669-129074-0031.flac,84320,
18045,train-clean-100/5463/39174/5463-39174-0024.flac,209440,
1841,train-clean-100/8975/270782/8975-270782-0068.flac,255840,
26941,train-clean-100/1926/143879/1926-143879-0030.flac,72160,
10068,train-clean-100/3879/173592/3879-173592-0040.flac,235600,
11788,train-clean-100/1970/26100/1970-26100-0018.flac,231280,
20232,train-clean-100/6925/80680/6925-80680-0014.flac,196640,
16512,train-clean-100/7635/105409/7635-105409-0044.flac,216000,
14090,train-clean-100/2514/149482/2514-149482-0025.flac,224480,
4040,train-clean-100/226/131533/226-131533-0015.flac,250080,
19739,train-clean-100/40/121026/40-121026-0027.flac,200080,
19890,train-clean-100/3807/4955/3807-4955-0010.flac,199040,
2314,train-clean-100/39/121914/39-121914-0021.flac,254400,
21450,train-clean-100/229/130880/229-130880-0092.flac,185360,
28176,train-clean-100/839/130898/839-130898-0001.flac,42720,
5050,train-clean-100/196/122159/196-122159-0015.flac,247600,
16753,train-clean-100/426/122821/426-122821-0017.flac,215040,
9663,train-clean-100/3259/158083/3259-158083-0054.flac,236560,
25593,train-clean-100/2989/138028/2989-138028-0049.flac,105760,
5694,train-clean-100/322/124146/322-124146-0033.flac,246000,
3675,train-clean-100/4788/91208/4788-91208-0032.flac,250880,
7333,train-clean-100/2514/149482/2514-149482-0016.flac,242160,
18196,train-clean-100/311/124404/311-124404-0048.flac,208640,
1055,train-clean-100/6836/61804/6836-61804-0010.flac,259440,
14396,train-clean-100/3526/176651/3526-176651-0007.flac,223520,
28530,train-clean-100/3242/67168/3242-67168-0039.flac,30000,
7025,train-clean-100/311/124404/311-124404-0110.flac,242880,
13007,train-clean-100/150/126112/150-126112-0034.flac,227760,
21333,train-clean-100/2002/139469/2002-139469-0032.flac,186800,
1585,train-clean-100/103/1240/103-1240-0035.flac,256720,
19191,train-clean-100/328/129766/328-129766-0065.flac,203280,
15760,train-clean-100/8419/286667/8419-286667-0030.flac,218879,
4187,train-clean-100/7505/83618/7505-83618-0024.flac,249680,
27699,train-clean-100/3240/131231/3240-131231-0054.flac,53920,
17184,train-clean-100/441/128988/441-128988-0003.flac,213440,
25906,train-clean-100/1246/124548/1246-124548-0047.flac,97680,
15628,train-clean-100/7859/102519/7859-102519-0027.flac,219360,
15663,train-clean-100/7190/90542/7190-90542-0068.flac,219200,
20128,train-clean-100/4640/19187/4640-19187-0038.flac,197360,
14548,train-clean-100/3857/180923/3857-180923-0000.flac,223040,
18854,train-clean-100/60/121082/60-121082-0041.flac,205120,
2663,train-clean-100/3807/4923/3807-4923-0000.flac,253520,
14832,train-clean-100/3242/8112/3242-8112-0003.flac,222080,
12972,train-clean-100/6000/55211/6000-55211-0011.flac,227840,
22495,train-clean-100/4640/19189/4640-19189-0034.flac,171840,
27694,train-clean-100/1116/132847/1116-132847-0031.flac,54000,
15785,train-clean-100/7517/100442/7517-100442-0011.flac,218720,
23607,train-clean-100/1081/125237/1081-125237-0114.flac,151840,
3311,train-clean-100/2002/139469/2002-139469-0001.flac,251840,
14790,train-clean-100/403/126855/403-126855-0021.flac,222240,
18349,train-clean-100/1841/179183/1841-179183-0037.flac,207840,
13355,train-clean-100/481/123720/481-123720-0085.flac,226720,
17298,train-clean-100/909/131045/909-131045-0036.flac,212880,
25318,train-clean-100/4051/11217/4051-11217-0003.flac,112400,
10968,train-clean-100/7113/86041/7113-86041-0026.flac,233360,
23110,train-clean-100/2002/139469/2002-139469-0113.flac,161200,
24618,train-clean-100/5514/19192/5514-19192-0046.flac,129600,
22171,train-clean-100/8609/262281/8609-262281-0043.flac,176320,
13546,train-clean-100/403/216/403-216-0015.flac,226240,
3687,train-clean-100/8629/261140/8629-261140-0027.flac,250880,
24147,train-clean-100/3240/131231/3240-131231-0024.flac,139920,
14734,train-clean-100/150/126112/150-126112-0007.flac,222400,
37,train-clean-100/2764/36619/2764-36619-0024.flac,273120,
24944,train-clean-100/2817/142371/2817-142371-0050.flac,121440,
11682,train-clean-100/229/130880/229-130880-0057.flac,231600,
15497,train-clean-100/2182/150130/2182-150130-0004.flac,219840,
1474,train-clean-100/1723/141149/1723-141149-0025.flac,257120,
14776,train-clean-100/1867/154075/1867-154075-0023.flac,222320,
22459,train-clean-100/8324/286683/8324-286683-0028.flac,172480,
18317,train-clean-100/909/131044/909-131044-0011.flac,208000,
10807,train-clean-100/8238/283452/8238-283452-0014.flac,233760,
17781,train-clean-100/8123/275216/8123-275216-0023.flac,210720,
13458,train-clean-100/4297/13006/4297-13006-0015.flac,226480,
21260,train-clean-100/8747/293952/8747-293952-0027.flac,187680,
3620,train-clean-100/7402/59171/7402-59171-0028.flac,251040,
27583,train-clean-100/4014/186176/4014-186176-0011.flac,56800,
27554,train-clean-100/1447/130550/1447-130550-0002.flac,57600,
12482,train-clean-100/328/129766/328-129766-0049.flac,229360,
20738,train-clean-100/4680/16026/4680-16026-0007.flac,192640,
2824,train-clean-100/4830/25904/4830-25904-0022.flac,253040,
28071,train-clean-100/211/122425/211-122425-0006.flac,45280,
19286,train-clean-100/211/122425/211-122425-0004.flac,202720,
12860,train-clean-100/6529/62554/6529-62554-0006.flac,228160,
6787,train-clean-100/6454/120342/6454-120342-0012.flac,243440,
3792,train-clean-100/460/172359/460-172359-0087.flac,250560,
15894,train-clean-100/7113/86041/7113-86041-0007.flac,218240,
12495,train-clean-100/5688/15787/5688-15787-0010.flac,229280,
6036,train-clean-100/2182/181173/2182-181173-0008.flac,245120,
8521,train-clean-100/7148/82991/7148-82991-0023.flac,239280,
21160,train-clean-100/1624/142933/1624-142933-0004.flac,188480,
1045,train-clean-100/198/209/198-209-0010.flac,259520,
5191,train-clean-100/3983/5331/3983-5331-0005.flac,247200,
25135,train-clean-100/1594/135914/1594-135914-0060.flac,116960,
26939,train-clean-100/6925/80680/6925-80680-0070.flac,72240,
9779,train-clean-100/8770/295465/8770-295465-0004.flac,236320,
10357,train-clean-100/3879/173592/3879-173592-0010.flac,234960,
1767,train-clean-100/4406/16883/4406-16883-0037.flac,256080,
13966,train-clean-100/6181/216552/6181-216552-0021.flac,224880,
17202,train-clean-100/374/180298/374-180298-0006.flac,213280,
8916,train-clean-100/6848/76049/6848-76049-0015.flac,238320,
8276,train-clean-100/5703/47198/5703-47198-0028.flac,239920,
16631,train-clean-100/298/126791/298-126791-0029.flac,215520,
15068,train-clean-100/2182/181183/2182-181183-0033.flac,221360,
1586,train-clean-100/5022/29411/5022-29411-0029.flac,256720,
2191,train-clean-100/2391/145015/2391-145015-0101.flac,254720,
2524,train-clean-100/4830/25898/4830-25898-0036.flac,253841,
11107,train-clean-100/7447/91187/7447-91187-0023.flac,233040,
22776,train-clean-100/4214/7146/4214-7146-0020.flac,167440,
14202,train-clean-100/1963/142393/1963-142393-0055.flac,224160,
3869,train-clean-100/1553/140048/1553-140048-0026.flac,250400,
2657,train-clean-100/2518/154826/2518-154826-0011.flac,253520,
19154,train-clean-100/5339/14134/5339-14134-0079.flac,203440,
12344,train-clean-100/405/130895/405-130895-0031.flac,229760,
17068,train-clean-100/332/128985/332-128985-0018.flac,213840,
14516,train-clean-100/1246/124550/1246-124550-0021.flac,223200,
22905,train-clean-100/5049/25947/5049-25947-0115.flac,165360,
10437,train-clean-100/1363/135842/1363-135842-0021.flac,234720,
9679,train-clean-100/3982/178459/3982-178459-0025.flac,236560,
13137,train-clean-100/4481/17499/4481-17499-0032.flac,227440,
12771,train-clean-100/1246/135815/1246-135815-0011.flac,228480,
23529,train-clean-100/200/124140/200-124140-0019.flac,153440,
12658,train-clean-100/6367/65536/6367-65536-0038.flac,228800,
16805,train-clean-100/1743/142912/1743-142912-0016.flac,214880,
22145,train-clean-100/405/130894/405-130894-0058.flac,176720,
23457,train-clean-100/332/128985/332-128985-0037.flac,154560,
26067,train-clean-100/839/130898/839-130898-0011.flac,93040,
6258,train-clean-100/229/130880/229-130880-0075.flac,244640,
6082,train-clean-100/2691/156755/2691-156755-0028.flac,245040,
1801,train-clean-100/8629/261139/8629-261139-0052.flac,256000,
18446,train-clean-100/2691/156745/2691-156745-0035.flac,207360,
1963,train-clean-100/39/121914/39-121914-0022.flac,255520,
3243,train-clean-100/7800/283492/7800-283492-0010.flac,252000,
28449,train-clean-100/1183/128659/1183-128659-0018.flac,34880,
17842,train-clean-100/3168/173565/3168-173565-0051.flac,210400,
27729,train-clean-100/3374/298025/3374-298025-0003.flac,53280,
621,train-clean-100/3830/12531/3830-12531-0007.flac,262960,
13478,train-clean-100/6476/96661/6476-96661-0013.flac,226400,
14992,train-clean-100/887/123290/887-123290-0011.flac,221600,
14487,train-clean-100/1069/133699/1069-133699-0022.flac,223200,
24657,train-clean-100/6531/61334/6531-61334-0106.flac,128560,
24934,train-clean-100/3214/167607/3214-167607-0023.flac,121680,
2216,train-clean-100/4137/11702/4137-11702-0006.flac,254720,
21520,train-clean-100/4640/19188/4640-19188-0035.flac,184720,
9645,train-clean-100/125/121124/125-121124-0074.flac,236640,
7978,train-clean-100/8425/291444/8425-291444-0010.flac,240640,
10483,train-clean-100/4267/287369/4267-287369-0027.flac,234640,
15137,train-clean-100/32/21625/32-21625-0006.flac,221040,
3922,train-clean-100/3436/172162/3436-172162-0034.flac,250320,
11505,train-clean-100/7402/90848/7402-90848-0038.flac,232000,
22585,train-clean-100/89/219/89-219-0017.flac,170640,
19674,train-clean-100/446/123501/446-123501-0008.flac,200480,
14636,train-clean-100/2764/36619/2764-36619-0016.flac,222720,
21958,train-clean-100/6415/100596/6415-100596-0020.flac,179120,
14446,train-clean-100/7113/86041/7113-86041-0040.flac,223360,
27197,train-clean-100/26/495/26-495-0007.flac,65680,
6095,train-clean-100/2436/2481/2436-2481-0011.flac,245040,
1696,train-clean-100/7402/59171/7402-59171-0021.flac,256320,
9373,train-clean-100/1841/159771/1841-159771-0024.flac,237200,
6848,train-clean-100/1334/135589/1334-135589-0035.flac,243280,
27835,train-clean-100/1098/133695/1098-133695-0067.flac,50800,
4860,train-clean-100/8324/286682/8324-286682-0034.flac,248000,
27616,train-clean-100/7302/86815/7302-86815-0075.flac,56240,
21484,train-clean-100/7190/90542/7190-90542-0004.flac,185040,
24245,train-clean-100/6880/216547/6880-216547-0027.flac,138160,
15186,train-clean-100/2196/170379/2196-170379-0017.flac,220960,
14447,train-clean-100/7859/102518/7859-102518-0000.flac,223360,
26510,train-clean-100/5808/54425/5808-54425-0058.flac,82160,
6228,train-clean-100/7067/76048/7067-76048-0014.flac,244720,
21331,train-clean-100/4481/17499/4481-17499-0024.flac,186800,
25403,train-clean-100/211/122442/211-122442-0075.flac,110400,
9580,train-clean-100/4853/29413/4853-29413-0016.flac,236800,
6595,train-clean-100/7794/295947/7794-295947-0041.flac,243920,
26175,train-clean-100/6367/65536/6367-65536-0044.flac,90720,
2011,train-clean-100/5789/57195/5789-57195-0022.flac,255360,
25629,train-clean-100/7302/86815/7302-86815-0010.flac,104800,
26814,train-clean-100/3374/298032/3374-298032-0017.flac,75040,
15682,train-clean-100/6563/63821/6563-63821-0013.flac,219120,
13792,train-clean-100/887/123290/887-123290-0025.flac,225440,
20336,train-clean-100/4137/11702/4137-11702-0002.flac,195840,
14771,train-clean-100/3947/13260/3947-13260-0041.flac,222320,
26773,train-clean-100/6925/80680/6925-80680-0085.flac,76320,
21616,train-clean-100/1455/134435/1455-134435-0063.flac,183520,
7186,train-clean-100/2989/138035/2989-138035-0008.flac,242560,
26615,train-clean-100/8324/286681/8324-286681-0019.flac,79600,
21572,train-clean-100/78/368/78-368-0036.flac,184000,
20234,train-clean-100/6925/80680/6925-80680-0066.flac,196560,
18077,train-clean-100/3807/4923/3807-4923-0029.flac,209280,
21998,train-clean-100/5390/30096/5390-30096-0028.flac,178640,
18855,train-clean-100/5456/62014/5456-62014-0015.flac,205120,
26514,train-clean-100/7078/271888/7078-271888-0013.flac,82000,
28476,train-clean-100/8063/274115/8063-274115-0007.flac,33920,
23644,train-clean-100/8226/274371/8226-274371-0017.flac,151120,
439,train-clean-100/839/130898/839-130898-0058.flac,264960,
3382,train-clean-100/441/130108/441-130108-0005.flac,251600,
15805,train-clean-100/5808/48608/5808-48608-0022.flac,218720,
26064,train-clean-100/1034/121119/1034-121119-0092.flac,93120,
24456,train-clean-100/6415/116629/6415-116629-0009.flac,133280,
8268,train-clean-100/4830/25904/4830-25904-0047.flac,239920,
5213,train-clean-100/481/123720/481-123720-0079.flac,247200,
8094,train-clean-100/1334/135589/1334-135589-0095.flac,240320,
25095,train-clean-100/8609/262281/8609-262281-0032.flac,117840,
15128,train-clean-100/4160/11549/4160-11549-0013.flac,221120,
21467,train-clean-100/60/121082/60-121082-0016.flac,185200,
3533,train-clean-100/3168/173564/3168-173564-0026.flac,251280,
8891,train-clean-100/2002/139469/2002-139469-0051.flac,238400,
25496,train-clean-100/5022/29405/5022-29405-0009.flac,108240,
22808,train-clean-100/2817/142371/2817-142371-0027.flac,166720,
18340,train-clean-100/1455/134435/1455-134435-0059.flac,207920,
3960,train-clean-100/4088/158077/4088-158077-0073.flac,250240,
3568,train-clean-100/1081/125237/1081-125237-0071.flac,251200,
10130,train-clean-100/4018/107312/4018-107312-0001.flac,235440,
13809,train-clean-100/298/126791/298-126791-0017.flac,225440,
26274,train-clean-100/6531/61334/6531-61334-0063.flac,87760,
27052,train-clean-100/4014/186183/4014-186183-0017.flac,69600,
6414,train-clean-100/226/131532/226-131532-0015.flac,244320,
20519,train-clean-100/1594/135914/1594-135914-0061.flac,194480,
12200,train-clean-100/8630/305213/8630-305213-0045.flac,230080,
14346,train-clean-100/3983/5371/3983-5371-0015.flac,223680,
16829,train-clean-100/6181/216552/6181-216552-0109.flac,214800,
13953,train-clean-100/5561/41616/5561-41616-0031.flac,224960,
1956,train-clean-100/5561/41615/5561-41615-0019.flac,255520,
8374,train-clean-100/4813/248638/4813-248638-0032.flac,239680,
6843,train-clean-100/6078/54013/6078-54013-0051.flac,243280,
7901,train-clean-100/5514/19192/5514-19192-0036.flac,240800,
5460,train-clean-100/4362/15663/4362-15663-0051.flac,246560,
4139,train-clean-100/8629/261139/8629-261139-0017.flac,249840,
977,train-clean-100/2384/152900/2384-152900-0009.flac,259920,
16313,train-clean-100/322/124147/322-124147-0027.flac,216880,
20532,train-clean-100/196/122159/196-122159-0006.flac,194400,
13341,train-clean-100/3112/9554/3112-9554-0018.flac,226800,
16808,train-clean-100/5703/47198/5703-47198-0003.flac,214880,
17594,train-clean-100/7505/258964/7505-258964-0048.flac,211600,
25736,train-clean-100/1040/133433/1040-133433-0018.flac,101760,
25129,train-clean-100/7367/86737/7367-86737-0048.flac,117120,
7429,train-clean-100/3807/4955/3807-4955-0029.flac,242000,
25641,train-clean-100/3723/171115/3723-171115-0028.flac,104480,
27037,train-clean-100/2843/152918/2843-152918-0079.flac,70000,
1028,train-clean-100/2007/132570/2007-132570-0025.flac,259600,
3431,train-clean-100/307/127540/307-127540-0013.flac,251520,
5255,train-clean-100/1235/135887/1235-135887-0027.flac,247040,
28170,train-clean-100/7505/83618/7505-83618-0000.flac,42960,
15373,train-clean-100/8630/305212/8630-305212-0005.flac,220320,
11153,train-clean-100/4195/186238/4195-186238-0010.flac,232880,
4569,train-clean-100/2136/5140/2136-5140-0039.flac,248720,
21215,train-clean-100/7635/105661/7635-105661-0037.flac,188000,
13688,train-clean-100/2843/152918/2843-152918-0070.flac,225760,
2844,train-clean-100/2893/139310/2893-139310-0024.flac,253040,
20039,train-clean-100/60/121082/60-121082-0008.flac,198000,
27708,train-clean-100/7859/102518/7859-102518-0011.flac,53760,
7032,train-clean-100/909/131045/909-131045-0040.flac,242880,
18450,train-clean-100/298/126790/298-126790-0015.flac,207360,
4141,train-clean-100/6081/41997/6081-41997-0023.flac,249840,
129,train-clean-100/4088/158077/4088-158077-0066.flac,269680,
6302,train-clean-100/6078/54013/6078-54013-0054.flac,244560,
14210,train-clean-100/8051/119902/8051-119902-0027.flac,224080,
17384,train-clean-100/226/131533/226-131533-0019.flac,212480,
21648,train-clean-100/1263/139804/1263-139804-0000.flac,183120,
8118,train-clean-100/4362/15663/4362-15663-0105.flac,240240,
9250,train-clean-100/8609/283227/8609-283227-0014.flac,237520,
25638,train-clean-100/32/4137/32-4137-0009.flac,104560,
176,train-clean-100/6529/62554/6529-62554-0007.flac,268640,
10737,train-clean-100/6476/96661/6476-96661-0024.flac,234000,
14344,train-clean-100/3259/158083/3259-158083-0086.flac,223680,
17554,train-clean-100/60/121082/60-121082-0045.flac,211840,
12172,train-clean-100/4267/72637/4267-72637-0016.flac,230160,
12136,train-clean-100/40/121026/40-121026-0026.flac,230320,
13586,train-clean-100/1553/140047/1553-140047-0045.flac,226080,
2451,train-clean-100/3830/12531/3830-12531-0024.flac,254080,
13671,train-clean-100/3664/178366/3664-178366-0000.flac,225840,
27194,train-clean-100/1447/130552/1447-130552-0004.flac,65760,
22466,train-clean-100/3526/176651/3526-176651-0022.flac,172400,
4836,train-clean-100/2436/2476/2436-2476-0032.flac,248080,
25875,train-clean-100/2289/152258/2289-152258-0018.flac,98560,
21693,train-clean-100/831/130739/831-130739-0055.flac,182720,
20230,train-clean-100/4018/103416/4018-103416-0029.flac,196640,
4194,train-clean-100/458/126305/458-126305-0023.flac,249680,
12953,train-clean-100/1116/132847/1116-132847-0004.flac,227920,
4715,train-clean-100/3374/298025/3374-298025-0031.flac,248320,
27612,train-clean-100/27/124992/27-124992-0065.flac,56320,
10838,train-clean-100/7794/295947/7794-295947-0010.flac,233680,
14247,train-clean-100/426/122821/426-122821-0038.flac,224000,
15813,train-clean-100/8747/293952/8747-293952-0031.flac,218640,
16394,train-clean-100/2002/139469/2002-139469-0067.flac,216560,
6048,train-clean-100/4137/11702/4137-11702-0013.flac,245120,
13065,train-clean-100/1040/133433/1040-133433-0057.flac,227600,
28385,train-clean-100/7302/86814/7302-86814-0036.flac,36800,
19088,train-clean-100/3807/4923/3807-4923-0030.flac,203840,
14614,train-clean-100/6925/80680/6925-80680-0048.flac,222800,
2023,train-clean-100/3242/67168/3242-67168-0016.flac,255280,
8850,train-clean-100/87/121553/87-121553-0017.flac,238480,
24287,train-clean-100/3830/12531/3830-12531-0028.flac,137200,
22573,train-clean-100/163/122947/163-122947-0078.flac,170799,
26297,train-clean-100/4898/28461/4898-28461-0053.flac,87359,
10239,train-clean-100/426/122819/426-122819-0000.flac,235200,
27065,train-clean-100/2764/36616/2764-36616-0006.flac,69040,
2272,train-clean-100/7635/105661/7635-105661-0033.flac,254480,
13667,train-clean-100/2691/156750/2691-156750-0025.flac,225840,
11029,train-clean-100/6563/63821/6563-63821-0007.flac,233200,
4727,train-clean-100/1116/132851/1116-132851-0021.flac,248320,
17609,train-clean-100/4160/11549/4160-11549-0009.flac,211520,
15356,train-clean-100/7517/100437/7517-100437-0006.flac,220320,
23387,train-clean-100/3947/13262/3947-13262-0048.flac,155680,
8957,train-clean-100/1553/140047/1553-140047-0016.flac,238240,
16068,train-clean-100/4853/27670/4853-27670-0000.flac,217680,
23285,train-clean-100/3374/298025/3374-298025-0002.flac,157520,
25384,train-clean-100/1116/132847/1116-132847-0013.flac,111040,
20615,train-clean-100/6000/55211/6000-55211-0048.flac,193680,
18508,train-clean-100/5393/19218/5393-19218-0037.flac,207040,
4022,train-clean-100/7059/77900/7059-77900-0024.flac,250080,
11679,train-clean-100/2952/408/2952-408-0020.flac,231600,
21163,train-clean-100/3830/12535/3830-12535-0008.flac,188480,
4049,train-clean-100/229/130880/229-130880-0045.flac,250000,
23531,train-clean-100/118/47824/118-47824-0058.flac,153360,
7767,train-clean-100/3168/173565/3168-173565-0056.flac,241200,
20611,train-clean-100/4297/13006/4297-13006-0033.flac,193760,
7337,train-clean-100/1737/146161/1737-146161-0005.flac,242160,
28048,train-clean-100/4051/11217/4051-11217-0034.flac,45920,
11041,train-clean-100/4088/158077/4088-158077-0004.flac,233200,
9462,train-clean-100/2952/407/2952-407-0006.flac,237040,
23495,train-clean-100/587/54108/587-54108-0015.flac,153920,
10028,train-clean-100/887/123291/887-123291-0040.flac,235680,
3162,train-clean-100/4267/72637/4267-72637-0032.flac,252240,
28228,train-clean-100/7059/77900/7059-77900-0016.flac,40800,
9541,train-clean-100/7780/274562/7780-274562-0000.flac,236880,
4091,train-clean-100/887/123290/887-123290-0013.flac,249920,
1888,train-clean-100/322/124147/322-124147-0064.flac,255680,
2043,train-clean-100/4137/11701/4137-11701-0036.flac,255280,
8543,train-clean-100/1334/135589/1334-135589-0081.flac,239279,
390,train-clean-100/6147/34607/6147-34607-0016.flac,265600,
3522,train-clean-100/5514/19193/5514-19193-0012.flac,251280,
20417,train-clean-100/1116/132851/1116-132851-0014.flac,195280,
16939,train-clean-100/4898/28461/4898-28461-0031.flac,214320,
16920,train-clean-100/481/123720/481-123720-0021.flac,214400,
17063,train-clean-100/441/130108/441-130108-0036.flac,213840,
2563,train-clean-100/1235/135883/1235-135883-0035.flac,253760,
12001,train-clean-100/2843/152918/2843-152918-0089.flac,230720,
15109,train-clean-100/6529/62554/6529-62554-0020.flac,221200,
18469,train-clean-100/4160/14187/4160-14187-0009.flac,207280,
12548,train-clean-100/8609/283227/8609-283227-0058.flac,229120,
14797,train-clean-100/8630/305212/8630-305212-0011.flac,222240,
20193,train-clean-100/5393/19218/5393-19218-0014.flac,196880,
18293,train-clean-100/3723/171115/3723-171115-0000.flac,208160,
5172,train-clean-100/6078/54007/6078-54007-0041.flac,247280,
13043,train-clean-100/8123/275209/8123-275209-0033.flac,227600,
3359,train-clean-100/8095/274346/8095-274346-0053.flac,251680,
10920,train-clean-100/587/41611/587-41611-0000.flac,233520,
22374,train-clean-100/5703/47212/5703-47212-0015.flac,173600,
12262,train-clean-100/1624/142933/1624-142933-0015.flac,229920,
7119,train-clean-100/3879/174923/3879-174923-0028.flac,242640,
4651,train-clean-100/1578/6379/1578-6379-0007.flac,248480,
24758,train-clean-100/1034/121119/1034-121119-0000.flac,126000,
19985,train-clean-100/7402/90848/7402-90848-0005.flac,198399,
17325,train-clean-100/3374/298026/3374-298026-0029.flac,212800,
11987,train-clean-100/2817/142371/2817-142371-0064.flac,230720,
10086,train-clean-100/6531/61334/6531-61334-0099.flac,235520,
9675,train-clean-100/8051/118101/8051-118101-0012.flac,236560,
20141,train-clean-100/6272/70171/6272-70171-0019.flac,197200,
24973,train-clean-100/1841/150351/1841-150351-0032.flac,120880,
13024,train-clean-100/6454/93938/6454-93938-0023.flac,227680,
21485,train-clean-100/6563/285357/6563-285357-0010.flac,185040,
8767,train-clean-100/7302/86814/7302-86814-0027.flac,238720,
26319,train-clean-100/5456/62014/5456-62014-0003.flac,86800,
17182,train-clean-100/2416/152137/2416-152137-0016.flac,213440,
9369,train-clean-100/426/122821/426-122821-0014.flac,237280,
8304,train-clean-100/27/123349/27-123349-0018.flac,239840,
17278,train-clean-100/3857/182315/3857-182315-0040.flac,212960,
20628,train-clean-100/8088/284756/8088-284756-0059.flac,193600,
19145,train-clean-100/7148/59157/7148-59157-0035.flac,203440,
17062,train-clean-100/8770/295462/8770-295462-0003.flac,213840,
13253,train-clean-100/32/21631/32-21631-0015.flac,227040,
1727,train-clean-100/289/121665/289-121665-0037.flac,256240,
8193,train-clean-100/6019/3185/6019-3185-0064.flac,240080,
3012,train-clean-100/5339/14133/5339-14133-0016.flac,252640,
9826,train-clean-100/7078/271888/7078-271888-0067.flac,236240,
28398,train-clean-100/211/122425/211-122425-0059.flac,36320,
6691,train-clean-100/1992/141719/1992-141719-0004.flac,243680,
7974,train-clean-100/6848/252323/6848-252323-0005.flac,240640,
15766,train-clean-100/2691/156755/2691-156755-0011.flac,218800,
8259,train-clean-100/2514/149482/2514-149482-0045.flac,239920,
3265,train-clean-100/4441/76262/4441-76262-0028.flac,251920,
18995,train-clean-100/103/1241/103-1241-0037.flac,204400,
9837,train-clean-100/7780/274562/7780-274562-0060.flac,236160,
26895,train-clean-100/4441/76263/4441-76263-0011.flac,73200,
24463,train-clean-100/6454/120342/6454-120342-0028.flac,133040,
23100,train-clean-100/7859/102518/7859-102518-0004.flac,161360,
3924,train-clean-100/8747/293952/8747-293952-0104.flac,250320,
2008,train-clean-100/1578/140049/1578-140049-0000.flac,255360,
7809,train-clean-100/8312/279790/8312-279790-0024.flac,241040,
21750,train-clean-100/3486/166424/3486-166424-0038.flac,182080,
7565,train-clean-100/8419/286667/8419-286667-0003.flac,241680,
18139,train-clean-100/730/360/730-360-0043.flac,208960,
26418,train-clean-100/60/121082/60-121082-0064.flac,84480,
14183,train-clean-100/5678/43302/5678-43302-0010.flac,224160,
16465,train-clean-100/198/209/198-209-0008.flac,216240,
4183,train-clean-100/6529/62554/6529-62554-0019.flac,249680,
26854,train-clean-100/7635/105409/7635-105409-0035.flac,74160,
14916,train-clean-100/6531/61334/6531-61334-0097.flac,221840,
13409,train-clean-100/1578/6379/1578-6379-0033.flac,226640,
5813,train-clean-100/887/123290/887-123290-0023.flac,245680,
11410,train-clean-100/302/123516/302-123516-0001.flac,232240,
22041,train-clean-100/6818/68772/6818-68772-0018.flac,178080,
16019,train-clean-100/7505/83618/7505-83618-0003.flac,217760,
18792,train-clean-100/1841/159771/1841-159771-0037.flac,205600,
6021,train-clean-100/32/21631/32-21631-0005.flac,245200,
11142,train-clean-100/7505/258958/7505-258958-0008.flac,232880,
3873,train-clean-100/8123/275216/8123-275216-0028.flac,250400,
12980,train-clean-100/1502/122619/1502-122619-0015.flac,227840,
9828,train-clean-100/696/92939/696-92939-0023.flac,236240,
13637,train-clean-100/5703/47198/5703-47198-0051.flac,225920,
11827,train-clean-100/250/142276/250-142276-0051.flac,231200,
17121,train-clean-100/6181/216552/6181-216552-0005.flac,213680,
22302,train-clean-100/7113/86041/7113-86041-0103.flac,174480,
7670,train-clean-100/7059/77900/7059-77900-0003.flac,241440,
4122,train-clean-100/332/128985/332-128985-0028.flac,249840,
12336,train-clean-100/8468/294887/8468-294887-0000.flac,229760,
27253,train-clean-100/6064/56168/6064-56168-0006.flac,64480,
25983,train-clean-100/4088/158077/4088-158077-0028.flac,95840,
12346,train-clean-100/4267/72637/4267-72637-0022.flac,229760,
16279,train-clean-100/118/47824/118-47824-0059.flac,216960,
10779,train-clean-100/118/47824/118-47824-0033.flac,233840,
13161,train-clean-100/19/227/19-227-0066.flac,227360,
7490,train-clean-100/7517/100442/7517-100442-0014.flac,241840,
10629,train-clean-100/1235/135884/1235-135884-0021.flac,234240,
9910,train-clean-100/8770/295462/8770-295462-0001.flac,236000,
14624,train-clean-100/374/180299/374-180299-0015.flac,222800,
11695,train-clean-100/3240/131231/3240-131231-0068.flac,231520,
4444,train-clean-100/3235/28452/3235-28452-0016.flac,249040,
12549,train-clean-100/200/124140/200-124140-0024.flac,229120,
24760,train-clean-100/6000/86686/6000-86686-0000.flac,125920,
6089,train-clean-100/5514/19193/5514-19193-0026.flac,245040,
14706,train-clean-100/5678/43302/5678-43302-0038.flac,222560,
24371,train-clean-100/4340/15220/4340-15220-0084.flac,134880,
25590,train-clean-100/1594/135914/1594-135914-0066.flac,105840,
26735,train-clean-100/103/1241/103-1241-0025.flac,77280,
22742,train-clean-100/3879/173592/3879-173592-0012.flac,168000,
19632,train-clean-100/8098/278278/8098-278278-0028.flac,200640,
18943,train-clean-100/8468/295198/8468-295198-0021.flac,204720,
26707,train-clean-100/4406/16883/4406-16883-0011.flac,77920,
19449,train-clean-100/311/124404/311-124404-0004.flac,201760,
6804,train-clean-100/150/132655/150-132655-0029.flac,243360,
3032,train-clean-100/8238/283452/8238-283452-0004.flac,252560,
20259,train-clean-100/1355/39947/1355-39947-0031.flac,196400,
14174,train-clean-100/3526/176651/3526-176651-0002.flac,224160,
26311,train-clean-100/3214/167602/3214-167602-0005.flac,86960,
429,train-clean-100/5390/24512/5390-24512-0045.flac,265120,
10118,train-clean-100/1355/39947/1355-39947-0095.flac,235520,
19292,train-clean-100/2159/179154/2159-179154-0034.flac,202640,
16584,train-clean-100/6209/34600/6209-34600-0001.flac,215760,
15290,train-clean-100/3214/167607/3214-167607-0028.flac,220560,
24258,train-clean-100/2391/145015/2391-145015-0052.flac,137920,
14217,train-clean-100/3235/28433/3235-28433-0030.flac,224080,
15722,train-clean-100/8797/294123/8797-294123-0065.flac,218960,
14988,train-clean-100/332/128985/332-128985-0081.flac,221600,
27069,train-clean-100/3168/173565/3168-173565-0035.flac,68960,
3069,train-clean-100/4830/25904/4830-25904-0016.flac,252480,
18973,train-clean-100/6385/220959/6385-220959-0017.flac,204560,
20165,train-clean-100/3699/19401/3699-19401-0010.flac,197040,
24490,train-clean-100/1069/133709/1069-133709-0039.flac,132480,
23875,train-clean-100/163/122947/163-122947-0015.flac,145680,
3747,train-clean-100/250/140277/250-140277-0000.flac,250720,
616,train-clean-100/3214/167606/3214-167606-0026.flac,263040,
26646,train-clean-100/5789/70653/5789-70653-0013.flac,79040,
4113,train-clean-100/4267/287369/4267-287369-0006.flac,249840,
11329,train-clean-100/6209/34601/6209-34601-0001.flac,232480,
19025,train-clean-100/7800/283492/7800-283492-0003.flac,204161,
10111,train-clean-100/298/126791/298-126791-0008.flac,235520,
4178,train-clean-100/6081/41997/6081-41997-0022.flac,249760,
9385,train-clean-100/7517/100437/7517-100437-0032.flac,237200,
7785,train-clean-100/460/172357/460-172357-0003.flac,241120,
2436,train-clean-100/250/142276/250-142276-0023.flac,254080,
24126,train-clean-100/1594/135914/1594-135914-0078.flac,140640,
10196,train-clean-100/5703/47198/5703-47198-0000.flac,235360,
25417,train-clean-100/8226/274371/8226-274371-0030.flac,110080,
25426,train-clean-100/1737/148989/1737-148989-0005.flac,109760,
28436,train-clean-100/1183/133256/1183-133256-0008.flac,35280,
1057,train-clean-100/6531/61334/6531-61334-0022.flac,259440,
25022,train-clean-100/1116/137572/1116-137572-0043.flac,119840,
121,train-clean-100/8747/293952/8747-293952-0087.flac,269760,
1953,train-clean-100/1334/135589/1334-135589-0070.flac,255520,
20947,train-clean-100/233/134440/233-134440-0008.flac,190560,
23806,train-clean-100/481/123720/481-123720-0027.flac,147280,
5939,train-clean-100/5322/7680/5322-7680-0012.flac,245440,
13405,train-clean-100/2436/2476/2436-2476-0013.flac,226640,
4069,train-clean-100/6147/34605/6147-34605-0001.flac,250000,
1457,train-clean-100/3857/182317/3857-182317-0000.flac,257200,
3293,train-clean-100/3982/178459/3982-178459-0056.flac,251840,
11784,train-clean-100/4898/28461/4898-28461-0018.flac,231280,
1931,train-clean-100/4051/10927/4051-10927-0020.flac,255600,
10910,train-clean-100/8609/283227/8609-283227-0066.flac,233520,
4375,train-clean-100/2002/139469/2002-139469-0016.flac,249200,
13395,train-clean-100/26/495/26-495-0036.flac,226640,
26199,train-clean-100/445/123860/445-123860-0010.flac,89920,
12730,train-clean-100/8123/275209/8123-275209-0008.flac,228560,
14850,train-clean-100/441/128988/441-128988-0017.flac,222080,
20895,train-clean-100/1246/135815/1246-135815-0008.flac,191120,
22480,train-clean-100/2836/5354/2836-5354-0026.flac,172080,
20576,train-clean-100/8580/287364/8580-287364-0047.flac,194000,
7981,train-clean-100/254/12312/254-12312-0014.flac,240640,
1836,train-clean-100/7800/283478/7800-283478-0027.flac,255920,
23931,train-clean-100/5322/7679/5322-7679-0023.flac,144560,
6185,train-clean-100/8797/294123/8797-294123-0036.flac,244800,
5141,train-clean-100/696/93314/696-93314-0041.flac,247360,
5917,train-clean-100/3259/158083/3259-158083-0042.flac,245440,
24699,train-clean-100/5463/39173/5463-39173-0031.flac,127600,
21764,train-clean-100/4160/11550/4160-11550-0002.flac,181920,
23925,train-clean-100/1040/133433/1040-133433-0027.flac,144640,
17491,train-clean-100/2182/181173/2182-181173-0023.flac,212080,
11269,train-clean-100/2289/152254/2289-152254-0006.flac,232640,
2392,train-clean-100/3112/9554/3112-9554-0022.flac,254160,
13436,train-clean-100/412/126975/412-126975-0033.flac,226481,
23237,train-clean-100/1970/28415/1970-28415-0018.flac,158560,
6888,train-clean-100/1363/135842/1363-135842-0025.flac,243200,
228,train-clean-100/2952/410/2952-410-0020.flac,267920,
12551,train-clean-100/8975/270782/8975-270782-0037.flac,229120,
21773,train-clean-100/125/121124/125-121124-0010.flac,181680,
5258,train-clean-100/5750/100289/5750-100289-0076.flac,247040,
21890,train-clean-100/7859/102519/7859-102519-0045.flac,179920,
23913,train-clean-100/5652/39938/5652-39938-0021.flac,144800,
9513,train-clean-100/1578/140045/1578-140045-0013.flac,236960,
8191,train-clean-100/5867/48852/5867-48852-0025.flac,240080,
26916,train-clean-100/5339/14134/5339-14134-0026.flac,72880,
14261,train-clean-100/32/21631/32-21631-0011.flac,223920,
7484,train-clean-100/1963/147036/1963-147036-0023.flac,241840,
10027,train-clean-100/5463/39174/5463-39174-0048.flac,235680,
19355,train-clean-100/911/128684/911-128684-0017.flac,202240,
16360,train-clean-100/911/128684/911-128684-0019.flac,216640,
13670,train-clean-100/60/121082/60-121082-0017.flac,225840,
13783,train-clean-100/4813/248641/4813-248641-0028.flac,225520,
15956,train-clean-100/7278/91083/7278-91083-0014.flac,218080,
4981,train-clean-100/4481/17498/4481-17498-0023.flac,247760,
16166,train-clean-100/328/129766/328-129766-0073.flac,217280,
19382,train-clean-100/3112/9555/3112-9555-0089.flac,202080,
26558,train-clean-100/1183/133256/1183-133256-0012.flac,80880,
9283,train-clean-100/298/126790/298-126790-0027.flac,237440,
20201,train-clean-100/1867/154071/1867-154071-0027.flac,196800,
2731,train-clean-100/587/54108/587-54108-0013.flac,253280,
14635,train-clean-100/7859/102521/7859-102521-0003.flac,222720,
7922,train-clean-100/7635/105661/7635-105661-0022.flac,240800,
12816,train-clean-100/5339/14134/5339-14134-0016.flac,228320,
9478,train-clean-100/909/131041/909-131041-0031.flac,237040,
1103,train-clean-100/4340/15220/4340-15220-0092.flac,259120,
13338,train-clean-100/7859/102521/7859-102521-0011.flac,226800,
18265,train-clean-100/6818/68772/6818-68772-0039.flac,208320,
19302,train-clean-100/3112/9555/3112-9555-0051.flac,202560,
25120,train-clean-100/7059/77900/7059-77900-0017.flac,117360,
17600,train-clean-100/1363/139304/1363-139304-0017.flac,211600,
12556,train-clean-100/1235/135883/1235-135883-0031.flac,229120,
20277,train-clean-100/1334/135589/1334-135589-0040.flac,196240,
20547,train-clean-100/4340/15220/4340-15220-0072.flac,194320,
4551,train-clean-100/5322/7679/5322-7679-0019.flac,248720,
11935,train-clean-100/7067/76047/7067-76047-0022.flac,230880,
13634,train-clean-100/730/358/730-358-0019.flac,225920,
13456,train-clean-100/374/180298/374-180298-0010.flac,226480,
24697,train-clean-100/2007/149877/2007-149877-0027.flac,127680,
28434,train-clean-100/831/130739/831-130739-0044.flac,35280,
18504,train-clean-100/7367/86737/7367-86737-0028.flac,207119,
8977,train-clean-100/1355/39947/1355-39947-0056.flac,238240,
22979,train-clean-100/5456/62043/5456-62043-0019.flac,163760,
22101,train-clean-100/6367/74004/6367-74004-0020.flac,177280,
4202,train-clean-100/5561/41616/5561-41616-0025.flac,249680,
12735,train-clean-100/3664/178355/3664-178355-0014.flac,228560,
6345,train-clean-100/3259/158083/3259-158083-0029.flac,244480,
19718,train-clean-100/26/495/26-495-0069.flac,200160,
9132,train-clean-100/332/128985/332-128985-0065.flac,237840,
6057,train-clean-100/5463/39174/5463-39174-0046.flac,245120,
17378,train-clean-100/7800/283492/7800-283492-0020.flac,212560,
13094,train-clean-100/8797/294123/8797-294123-0005.flac,227520,
7162,train-clean-100/5778/12761/5778-12761-0018.flac,242560,
8510,train-clean-100/2817/142371/2817-142371-0054.flac,239360,
9739,train-clean-100/8123/275216/8123-275216-0044.flac,236400,
27678,train-clean-100/7635/105409/7635-105409-0041.flac,54320,
9171,train-clean-100/8312/279791/8312-279791-0034.flac,237760,
26004,train-clean-100/8226/274369/8226-274369-0037.flac,95040,
20035,train-clean-100/8324/286683/8324-286683-0033.flac,198000,
11739,train-clean-100/5104/33406/5104-33406-0054.flac,231440,
1361,train-clean-100/78/369/78-369-0023.flac,257760,
11671,train-clean-100/7511/102420/7511-102420-0040.flac,231600,
2217,train-clean-100/7511/102420/7511-102420-0020.flac,254720,
4509,train-clean-100/6848/252322/6848-252322-0001.flac,248800,
25329,train-clean-100/8063/274117/8063-274117-0024.flac,112240,
24469,train-clean-100/27/124992/27-124992-0050.flac,132880,
3140,train-clean-100/3723/171115/3723-171115-0007.flac,252240,
13190,train-clean-100/8838/298546/8838-298546-0048.flac,227280,
16054,train-clean-100/7511/102419/7511-102419-0034.flac,217680,
26250,train-clean-100/8629/261140/8629-261140-0005.flac,88480,
22936,train-clean-100/3374/298032/3374-298032-0042.flac,164640,
5829,train-clean-100/6925/80680/6925-80680-0035.flac,245680,
6933,train-clean-100/1355/39947/1355-39947-0039.flac,243120,
23596,train-clean-100/6531/61334/6531-61334-0015.flac,152000,
17616,train-clean-100/2384/152900/2384-152900-0034.flac,211520,
24326,train-clean-100/198/129977/198-129977-0009.flac,136000,
4985,train-clean-100/8468/295198/8468-295198-0008.flac,247760,
26020,train-clean-100/7178/34644/7178-34644-0028.flac,94480,
26990,train-clean-100/1116/132847/1116-132847-0011.flac,70960,
17901,train-clean-100/7367/86737/7367-86737-0012.flac,210080,
2244,train-clean-100/4014/186175/4014-186175-0014.flac,254640,
13438,train-clean-100/7067/76048/7067-76048-0026.flac,226480,
17939,train-clean-100/1594/135914/1594-135914-0042.flac,209920,
8965,train-clean-100/2518/154826/2518-154826-0027.flac,238240,
4932,train-clean-100/6476/57446/6476-57446-0041.flac,247840,
22642,train-clean-100/8747/293952/8747-293952-0002.flac,169760,
15493,train-clean-100/8838/298546/8838-298546-0023.flac,219840,
7291,train-clean-100/1235/135883/1235-135883-0003.flac,242320,
13542,train-clean-100/6272/70171/6272-70171-0041.flac,226240,
10351,train-clean-100/6385/34669/6385-34669-0022.flac,234960,
9802,train-clean-100/7278/91083/7278-91083-0015.flac,236320,
9232,train-clean-100/2159/179154/2159-179154-0005.flac,237600,
17416,train-clean-100/5390/24512/5390-24512-0020.flac,212400,
15468,train-clean-100/4195/186236/4195-186236-0022.flac,219920,
8950,train-clean-100/1963/147036/1963-147036-0028.flac,238240,
11299,train-clean-100/302/123516/302-123516-0031.flac,232560,
4341,train-clean-100/2893/139322/2893-139322-0013.flac,249280,
15619,train-clean-100/5703/47198/5703-47198-0011.flac,219440,
3895,train-clean-100/458/126305/458-126305-0021.flac,250320,
7731,train-clean-100/40/222/40-222-0051.flac,241200,
5639,train-clean-100/7148/59157/7148-59157-0023.flac,246080,
5363,train-clean-100/254/127705/254-127705-0022.flac,246800,
22848,train-clean-100/441/128982/441-128982-0016.flac,166160,
14240,train-clean-100/587/41619/587-41619-0022.flac,224000,
4818,train-clean-100/8312/279791/8312-279791-0005.flac,248080,
6288,train-clean-100/200/126784/200-126784-0023.flac,244560,
23510,train-clean-100/211/122442/211-122442-0074.flac,153680,
23324,train-clean-100/2989/138028/2989-138028-0039.flac,156720,
24891,train-clean-100/1553/140048/1553-140048-0021.flac,122720,
23187,train-clean-100/1898/145715/1898-145715-0044.flac,159760,
11109,train-clean-100/289/121665/289-121665-0014.flac,233040,
9559,train-clean-100/7517/100442/7517-100442-0005.flac,236880,
25699,train-clean-100/1594/135914/1594-135914-0031.flac,102720,
22498,train-clean-100/3699/47246/3699-47246-0022.flac,171840,
22062,train-clean-100/7511/102419/7511-102419-0033.flac,177760,
13743,train-clean-100/8088/284756/8088-284756-0047.flac,225600,
14021,train-clean-100/6818/76332/6818-76332-0036.flac,224720,
13490,train-clean-100/374/180298/374-180298-0014.flac,226400,
8469,train-clean-100/4340/15220/4340-15220-0013.flac,239440,
16304,train-clean-100/83/3054/83-3054-0014.flac,216880,
7016,train-clean-100/6529/62556/6529-62556-0022.flac,242880,
24476,train-clean-100/7505/258964/7505-258964-0018.flac,132800,
23986,train-clean-100/7078/271888/7078-271888-0048.flac,143520,
10994,train-clean-100/5393/19219/5393-19219-0040.flac,233280,
23676,train-clean-100/7859/102519/7859-102519-0018.flac,150240,
15216,train-clean-100/7059/88364/7059-88364-0028.flac,220800,
18352,train-clean-100/831/130739/831-130739-0033.flac,207840,
8264,train-clean-100/3436/172171/3436-172171-0003.flac,239920,
1393,train-clean-100/60/121082/60-121082-0029.flac,257600,
5933,train-clean-100/4160/11550/4160-11550-0011.flac,245440,
19829,train-clean-100/4297/13009/4297-13009-0000.flac,199520,
14591,train-clean-100/7367/86737/7367-86737-0090.flac,222880,
14688,train-clean-100/5390/30102/5390-30102-0016.flac,222560,
12571,train-clean-100/887/123289/887-123289-0001.flac,229040,
24298,train-clean-100/60/121082/60-121082-0013.flac,136800,
5775,train-clean-100/8838/298546/8838-298546-0049.flac,245760,
20026,train-clean-100/445/123857/445-123857-0029.flac,198080,
7608,train-clean-100/3374/298026/3374-298026-0009.flac,241520,
11947,train-clean-100/6019/3185/6019-3185-0068.flac,230880,
6561,train-clean-100/248/130644/248-130644-0035.flac,244000,
19337,train-clean-100/2136/5143/2136-5143-0003.flac,202320,
11144,train-clean-100/6272/70191/6272-70191-0007.flac,232880,
9361,train-clean-100/6563/63821/6563-63821-0025.flac,237280,
20338,train-clean-100/445/123860/445-123860-0004.flac,195840,
15599,train-clean-100/1069/133699/1069-133699-0004.flac,219520,
5131,train-clean-100/3526/176653/3526-176653-0042.flac,247440,
19821,train-clean-100/8609/283227/8609-283227-0046.flac,199520,
15032,train-clean-100/3607/135982/3607-135982-0036.flac,221440,
881,train-clean-100/8123/275216/8123-275216-0021.flac,260640,
19763,train-clean-100/6454/93938/6454-93938-0035.flac,199920,
22513,train-clean-100/1034/121119/1034-121119-0005.flac,171680,
2223,train-clean-100/226/131533/226-131533-0009.flac,254640,
11653,train-clean-100/839/130898/839-130898-0005.flac,231680,
21290,train-clean-100/3112/9555/3112-9555-0046.flac,187280,
3968,train-clean-100/87/121553/87-121553-0093.flac,250240,
22123,train-clean-100/5339/14133/5339-14133-0037.flac,177040,
17794,train-clean-100/5163/18515/5163-18515-0039.flac,210640,
16579,train-clean-100/1088/134315/1088-134315-0038.flac,215760,
10051,train-clean-100/2002/139469/2002-139469-0075.flac,235680,
4076,train-clean-100/1624/168623/1624-168623-0015.flac,250000,
27,train-clean-100/2436/2481/2436-2481-0027.flac,273600,
14280,train-clean-100/1553/140047/1553-140047-0004.flac,223840,
26008,train-clean-100/7800/283478/7800-283478-0019.flac,95040,
10771,train-clean-100/8324/286681/8324-286681-0003.flac,233920,
7671,train-clean-100/7059/88364/7059-88364-0030.flac,241361,
2866,train-clean-100/5867/48852/5867-48852-0030.flac,252960,
6074,train-clean-100/7278/104730/7278-104730-0029.flac,245040,
18970,train-clean-100/2989/138035/2989-138035-0002.flac,204560,
24767,train-clean-100/7067/76048/7067-76048-0048.flac,125760,
23196,train-clean-100/7278/91083/7278-91083-0040.flac,159600,
9622,train-clean-100/8014/112586/8014-112586-0019.flac,236720,
20603,train-clean-100/2159/179154/2159-179154-0000.flac,193760,
28089,train-clean-100/4830/25898/4830-25898-0034.flac,44720,
2897,train-clean-100/4137/11701/4137-11701-0035.flac,252880,
19532,train-clean-100/6367/65536/6367-65536-0042.flac,201280,
7395,train-clean-100/403/216/403-216-0010.flac,242080,
7374,train-clean-100/831/130746/831-130746-0046.flac,242080,
4655,train-clean-100/458/126294/458-126294-0000.flac,248480,
16535,train-clean-100/200/126784/200-126784-0032.flac,215920,
26891,train-clean-100/6147/34607/6147-34607-0036.flac,73360,
4044,train-clean-100/1263/138246/1263-138246-0012.flac,250000,
9539,train-clean-100/3214/167602/3214-167602-0030.flac,236880,
16224,train-clean-100/5678/43302/5678-43302-0008.flac,217120,
152,train-clean-100/481/123720/481-123720-0032.flac,269040,
11617,train-clean-100/1069/133699/1069-133699-0034.flac,231760,
792,train-clean-100/8609/262281/8609-262281-0034.flac,261360,
4362,train-clean-100/5789/70653/5789-70653-0010.flac,249200,
23844,train-clean-100/1455/138263/1455-138263-0007.flac,146560,
2529,train-clean-100/3242/8112/3242-8112-0014.flac,253840,
27181,train-clean-100/6000/55211/6000-55211-0029.flac,66240,
19620,train-clean-100/8609/283227/8609-283227-0062.flac,200720,
28411,train-clean-100/887/123290/887-123290-0030.flac,35920,
18401,train-clean-100/3374/298025/3374-298025-0021.flac,207600,
3064,train-clean-100/8580/287364/8580-287364-0016.flac,252480,
11429,train-clean-100/909/131045/909-131045-0020.flac,232240,
20878,train-clean-100/4018/107338/4018-107338-0011.flac,191360,
10201,train-clean-100/2416/152137/2416-152137-0001.flac,235280,
19185,train-clean-100/8226/274371/8226-274371-0052.flac,203280,
21517,train-clean-100/8088/284756/8088-284756-0004.flac,184720,
11358,train-clean-100/460/172359/460-172359-0073.flac,232400,
27091,train-clean-100/1737/146161/1737-146161-0010.flac,68400,
17899,train-clean-100/125/121342/125-121342-0047.flac,210080,
26533,train-clean-100/5049/25947/5049-25947-0057.flac,81520,
22828,train-clean-100/5778/12761/5778-12761-0021.flac,166320,
24356,train-clean-100/8468/294887/8468-294887-0017.flac,135360,
10963,train-clean-100/6818/76332/6818-76332-0002.flac,233440,
22560,train-clean-100/1737/148989/1737-148989-0006.flac,171040,
24075,train-clean-100/7511/102419/7511-102419-0015.flac,141440,
19824,train-clean-100/4830/25898/4830-25898-0023.flac,199520,
14700,train-clean-100/27/124992/27-124992-0001.flac,222560,
7522,train-clean-100/8098/275181/8098-275181-0029.flac,241760,
2391,train-clean-100/1841/159771/1841-159771-0006.flac,254240,
18172,train-clean-100/460/172359/460-172359-0042.flac,208800,
5881,train-clean-100/298/126790/298-126790-0004.flac,245520,
24366,train-clean-100/7859/102521/7859-102521-0005.flac,134960,
18711,train-clean-100/7635/105409/7635-105409-0053.flac,206000,
18056,train-clean-100/8095/274346/8095-274346-0030.flac,209360,
5438,train-clean-100/5163/39921/5163-39921-0054.flac,246640,
13963,train-clean-100/1069/133699/1069-133699-0035.flac,224880,
13625,train-clean-100/5104/33406/5104-33406-0045.flac,225920,
12628,train-clean-100/19/198/19-198-0033.flac,228880,
19010,train-clean-100/1898/145702/1898-145702-0009.flac,204320,
12671,train-clean-100/6272/70191/6272-70191-0006.flac,228720,
1513,train-clean-100/118/121721/118-121721-0026.flac,257040,
12665,train-clean-100/8123/275216/8123-275216-0030.flac,228800,
11824,train-clean-100/8797/294123/8797-294123-0008.flac,231200,
21002,train-clean-100/8838/298546/8838-298546-0047.flac,190160,
23524,train-clean-100/39/121914/39-121914-0036.flac,153440,
22360,train-clean-100/3259/158083/3259-158083-0112.flac,173760,
26848,train-clean-100/4137/11701/4137-11701-0038.flac,74160,
3884,train-clean-100/8063/274116/8063-274116-0005.flac,250400,
18397,train-clean-100/2836/5355/2836-5355-0010.flac,207600,
18431,train-clean-100/7780/274562/7780-274562-0102.flac,207440,
14608,train-clean-100/4051/11218/4051-11218-0005.flac,222880,
5765,train-clean-100/3983/5331/3983-5331-0003.flac,245840,
20884,train-clean-100/39/121916/39-121916-0012.flac,191280,
7700,train-clean-100/5703/47198/5703-47198-0040.flac,241280,
19199,train-clean-100/4406/16883/4406-16883-0042.flac,203200,
3517,train-clean-100/446/123501/446-123501-0038.flac,251280,
14670,train-clean-100/8312/279790/8312-279790-0037.flac,222640,
7287,train-clean-100/1363/135842/1363-135842-0022.flac,242320,
3714,train-clean-100/1069/133699/1069-133699-0049.flac,250800,
16074,train-clean-100/7078/271888/7078-271888-0065.flac,217600,
15261,train-clean-100/6147/34607/6147-34607-0038.flac,220640,
1312,train-clean-100/3240/131231/3240-131231-0015.flac,258080,
14305,train-clean-100/4406/16882/4406-16882-0022.flac,223760,
18106,train-clean-100/730/358/730-358-0028.flac,209120,
23757,train-clean-100/730/358/730-358-0024.flac,148480,
21701,train-clean-100/198/129977/198-129977-0002.flac,182560,
11487,train-clean-100/1081/125237/1081-125237-0023.flac,232080,
16706,train-clean-100/1841/179183/1841-179183-0003.flac,215280,
4311,train-clean-100/4813/248638/4813-248638-0023.flac,249360,
928,train-clean-100/4018/107338/4018-107338-0021.flac,260320,
13608,train-clean-100/8226/274369/8226-274369-0062.flac,226000,
20203,train-clean-100/911/128684/911-128684-0045.flac,196800,
9629,train-clean-100/446/123502/446-123502-0037.flac,236640,
1465,train-clean-100/1363/135842/1363-135842-0043.flac,257200,
18893,train-clean-100/5163/18515/5163-18515-0016.flac,204960,
15720,train-clean-100/26/496/26-496-0013.flac,218960,
15796,train-clean-100/1963/147036/1963-147036-0006.flac,218720,
9134,train-clean-100/307/127540/307-127540-0029.flac,237840,
18984,train-clean-100/322/124146/322-124146-0019.flac,204480,
3156,train-clean-100/103/1241/103-1241-0041.flac,252240,
18514,train-clean-100/2007/149877/2007-149877-0024.flac,207040,
22200,train-clean-100/5789/57195/5789-57195-0037.flac,175920,
26255,train-clean-100/6000/55211/6000-55211-0016.flac,88400,
4098,train-clean-100/1455/138263/1455-138263-0035.flac,249920,
10066,train-clean-100/2391/145015/2391-145015-0047.flac,235600,
266,train-clean-100/2136/5143/2136-5143-0025.flac,267520,
11768,train-clean-100/1034/121119/1034-121119-0040.flac,231360,
23973,train-clean-100/1594/135914/1594-135914-0091.flac,143760,
27447,train-clean-100/2989/138035/2989-138035-0063.flac,60400,
25838,train-clean-100/3374/298032/3374-298032-0034.flac,99440,
17486,train-clean-100/7067/76048/7067-76048-0034.flac,212080,
16330,train-clean-100/4830/25898/4830-25898-0010.flac,216800,
20361,train-clean-100/6531/61334/6531-61334-0034.flac,195680,
5952,train-clean-100/2092/145706/2092-145706-0005.flac,245360,
5507,train-clean-100/1081/125237/1081-125237-0111.flac,246480,
2564,train-clean-100/6818/68772/6818-68772-0033.flac,253760,
9419,train-clean-100/1578/140045/1578-140045-0015.flac,237120,
14690,train-clean-100/7078/271888/7078-271888-0027.flac,222560,
20489,train-clean-100/6818/68772/6818-68772-0037.flac,194800,
6119,train-clean-100/3235/11599/3235-11599-0022.flac,244960,
5333,train-clean-100/2002/139469/2002-139469-0021.flac,246880,
11812,train-clean-100/5678/43301/5678-43301-0026.flac,231200,
22960,train-clean-100/7078/271888/7078-271888-0057.flac,164160,
7369,train-clean-100/6272/70168/6272-70168-0014.flac,242080,
21412,train-clean-100/5339/14133/5339-14133-0051.flac,185840,
13397,train-clean-100/4830/25904/4830-25904-0025.flac,226640,
454,train-clean-100/3486/166446/3486-166446-0005.flac,264800,
10084,train-clean-100/6818/76332/6818-76332-0021.flac,235600,
3438,train-clean-100/1447/130551/1447-130551-0015.flac,251520,
9866,train-clean-100/2007/132570/2007-132570-0018.flac,236080,
17274,train-clean-100/8419/293469/8419-293469-0003.flac,212960,
12405,train-clean-100/1363/135842/1363-135842-0020.flac,229520,
3187,train-clean-100/302/123523/302-123523-0002.flac,252160,
27275,train-clean-100/5652/19215/5652-19215-0010.flac,63760,
8546,train-clean-100/1553/140047/1553-140047-0014.flac,239200,
23294,train-clean-100/3259/158083/3259-158083-0091.flac,157360,
371,train-clean-100/7447/91187/7447-91187-0020.flac,266000,
2649,train-clean-100/6437/66173/6437-66173-0031.flac,253520,
11229,train-clean-100/8063/274115/8063-274115-0005.flac,232720,
12619,train-clean-100/118/124588/118-124588-0020.flac,228960,
20505,train-clean-100/229/130880/229-130880-0059.flac,194560,
15837,train-clean-100/3440/171009/3440-171009-0016.flac,218560,
26623,train-clean-100/211/122425/211-122425-0074.flac,79440,
13320,train-clean-100/8051/119902/8051-119902-0016.flac,226880,
25216,train-clean-100/3486/166424/3486-166424-0052.flac,115120,
10067,train-clean-100/6209/34600/6209-34600-0024.flac,235600,
21135,train-clean-100/3723/171115/3723-171115-0045.flac,188720,
10890,train-clean-100/3259/158083/3259-158083-0101.flac,233600,
2425,train-clean-100/6415/100596/6415-100596-0002.flac,254160,
8383,train-clean-100/4018/107338/4018-107338-0020.flac,239680,
7721,train-clean-100/211/122425/211-122425-0063.flac,241280,
333,train-clean-100/6880/216547/6880-216547-0035.flac,266480,
26111,train-clean-100/6019/3185/6019-3185-0008.flac,91919,
21056,train-clean-100/5789/70653/5789-70653-0005.flac,189600,
24676,train-clean-100/3235/28433/3235-28433-0049.flac,128080,
12429,train-clean-100/8425/287387/8425-287387-0024.flac,229520,
1202,train-clean-100/5808/54425/5808-54425-0009.flac,258560,
21687,train-clean-100/250/140277/250-140277-0014.flac,182800,
20344,train-clean-100/3699/19401/3699-19401-0002.flac,195760,
494,train-clean-100/3857/182317/3857-182317-0006.flac,264320,
15003,train-clean-100/4397/15668/4397-15668-0002.flac,221520,
14313,train-clean-100/4088/158077/4088-158077-0020.flac,223760,
293,train-clean-100/4214/7146/4214-7146-0015.flac,267040,
5777,train-clean-100/7794/295948/7794-295948-0011.flac,245760,
27333,train-clean-100/1867/154071/1867-154071-0034.flac,62800,
6451,train-clean-100/8226/274371/8226-274371-0044.flac,244240,
4446,train-clean-100/1246/124548/1246-124548-0012.flac,248960,
19683,train-clean-100/3168/173565/3168-173565-0044.flac,200400,
2971,train-clean-100/1898/145724/1898-145724-0021.flac,252720,
10464,train-clean-100/4018/107312/4018-107312-0006.flac,234640,
18311,train-clean-100/8014/112602/8014-112602-0040.flac,208080,
25159,train-clean-100/7178/34645/7178-34645-0027.flac,116401,
18271,train-clean-100/1116/132851/1116-132851-0006.flac,208320,
4503,train-clean-100/4088/158077/4088-158077-0077.flac,248880,
18081,train-clean-100/201/127786/201-127786-0041.flac,209280,
17981,train-clean-100/5049/25947/5049-25947-0016.flac,209680,
21596,train-clean-100/8770/295462/8770-295462-0017.flac,183760,
18289,train-clean-100/196/122150/196-122150-0008.flac,208160,
603,train-clean-100/6818/68772/6818-68772-0014.flac,263120,
12575,train-clean-100/7780/274562/7780-274562-0029.flac,229040,
5130,train-clean-100/7226/86965/7226-86965-0034.flac,247440,
19791,train-clean-100/1334/135589/1334-135589-0013.flac,199760,
15211,train-clean-100/233/155990/233-155990-0041.flac,220800,
26227,train-clean-100/909/131041/909-131041-0002.flac,89200,
11007,train-clean-100/5561/41615/5561-41615-0033.flac,233280,
22660,train-clean-100/6385/34655/6385-34655-0016.flac,169440,
25866,train-clean-100/7302/86815/7302-86815-0017.flac,98800,
13524,train-clean-100/909/131045/909-131045-0004.flac,226320,
3629,train-clean-100/6415/100596/6415-100596-0030.flac,251040,
2959,train-clean-100/1502/122619/1502-122619-0074.flac,252799,
8855,train-clean-100/7113/86041/7113-86041-0063.flac,238480,
23871,train-clean-100/8051/118101/8051-118101-0007.flac,145840,
23590,train-clean-100/1455/134435/1455-134435-0065.flac,152240,
25277,train-clean-100/405/130894/405-130894-0011.flac,113200,
11284,train-clean-100/1116/132851/1116-132851-0002.flac,232560,
26839,train-clean-100/4640/19188/4640-19188-0003.flac,74400,
3982,train-clean-100/5463/39173/5463-39173-0007.flac,250160,
15133,train-clean-100/4195/186237/4195-186237-0014.flac,221120,
21857,train-clean-100/1992/141719/1992-141719-0037.flac,180400,
20683,train-clean-100/5688/15787/5688-15787-0005.flac,193120,
22972,train-clean-100/3807/4955/3807-4955-0020.flac,163840,
14919,train-clean-100/8098/275181/8098-275181-0019.flac,221840,
2179,train-clean-100/4481/17498/4481-17498-0031.flac,254800,
20149,train-clean-100/3983/5331/3983-5331-0044.flac,197120,
4286,train-clean-100/2952/410/2952-410-0010.flac,249440,
28394,train-clean-100/1963/147036/1963-147036-0035.flac,36481,
9162,train-clean-100/4018/107312/4018-107312-0000.flac,237760,
17340,train-clean-100/4853/27670/4853-27670-0001.flac,212720,
4210,train-clean-100/6476/57446/6476-57446-0068.flac,249680,
23478,train-clean-100/200/124139/200-124139-0017.flac,154240,
13787,train-clean-100/3983/5331/3983-5331-0048.flac,225440,
9825,train-clean-100/1235/135883/1235-135883-0012.flac,236240,
326,train-clean-100/1594/135914/1594-135914-0095.flac,266560,
85,train-clean-100/4362/15663/4362-15663-0032.flac,270880,
7283,train-clean-100/8465/246942/8465-246942-0007.flac,242320,
13638,train-clean-100/4018/107338/4018-107338-0001.flac,225920,
23656,train-clean-100/3879/174923/3879-174923-0072.flac,150880,
26243,train-clean-100/3607/29116/3607-29116-0015.flac,88800,
7382,train-clean-100/307/127540/307-127540-0016.flac,242080,
13559,train-clean-100/5339/14134/5339-14134-0000.flac,226160,
5565,train-clean-100/1992/141719/1992-141719-0025.flac,246320,
25238,train-clean-100/5456/62043/5456-62043-0011.flac,114640,
9782,train-clean-100/8226/274369/8226-274369-0004.flac,236320,
27044,train-clean-100/6081/41997/6081-41997-0000.flac,69920,
23472,train-clean-100/3259/158083/3259-158083-0020.flac,154320,
4617,train-clean-100/7148/82991/7148-82991-0027.flac,248560,
22444,train-clean-100/26/495/26-495-0010.flac,172640,
18878,train-clean-100/8425/246962/8425-246962-0017.flac,205040,
25257,train-clean-100/1926/143879/1926-143879-0021.flac,114000,
21566,train-clean-100/7794/295955/7794-295955-0001.flac,184080,
5238,train-clean-100/4813/248641/4813-248641-0027.flac,247120,
9310,train-clean-100/4481/17498/4481-17498-0010.flac,237360,
22574,train-clean-100/1069/133699/1069-133699-0005.flac,170720,
473,train-clean-100/1263/139804/1263-139804-0023.flac,264560,
25778,train-clean-100/4051/11217/4051-11217-0002.flac,100560,
20882,train-clean-100/2007/149877/2007-149877-0056.flac,191280,
25948,train-clean-100/4160/11550/4160-11550-0020.flac,96800,
12672,train-clean-100/3526/176653/3526-176653-0034.flac,228720,
12530,train-clean-100/6476/57446/6476-57446-0019.flac,229200,
17574,train-clean-100/302/123504/302-123504-0015.flac,211760,
8009,train-clean-100/307/127535/307-127535-0013.flac,240560,
10446,train-clean-100/587/41611/587-41611-0004.flac,234720,
14089,train-clean-100/1334/135589/1334-135589-0056.flac,224480,
20850,train-clean-100/2910/131096/2910-131096-0004.flac,191600,
6837,train-clean-100/1246/124550/1246-124550-0007.flac,243280,
15004,train-clean-100/4813/248638/4813-248638-0052.flac,221520,
13881,train-clean-100/6209/34600/6209-34600-0015.flac,225200,
918,train-clean-100/89/219/89-219-0042.flac,260400,
19398,train-clean-100/1737/142397/1737-142397-0018.flac,202000,
9053,train-clean-100/3235/28433/3235-28433-0048.flac,238000,
25531,train-clean-100/211/122442/211-122442-0076.flac,107440,
747,train-clean-100/2952/407/2952-407-0003.flac,261760,
16073,train-clean-100/4014/186175/4014-186175-0037.flac,217600,
27298,train-clean-100/4051/11218/4051-11218-0004.flac,63360,
18055,train-clean-100/5456/58161/5456-58161-0017.flac,209360,
6514,train-clean-100/226/131533/226-131533-0007.flac,244080,
11851,train-clean-100/1992/141719/1992-141719-0024.flac,231120,
6337,train-clean-100/4441/76262/4441-76262-0007.flac,244480,
14842,train-clean-100/4397/15666/4397-15666-0013.flac,222080,
18729,train-clean-100/7302/86814/7302-86814-0048.flac,205920,
23982,train-clean-100/5390/30096/5390-30096-0017.flac,143600,
28461,train-clean-100/405/130894/405-130894-0051.flac,34480,
2952,train-clean-100/5678/43301/5678-43301-0024.flac,252800,
13220,train-clean-100/226/131532/226-131532-0002.flac,227200,
11826,train-clean-100/3879/173592/3879-173592-0023.flac,231200,
20790,train-clean-100/4441/76262/4441-76262-0036.flac,192240,
1285,train-clean-100/2518/154825/2518-154825-0041.flac,258160,
2231,train-clean-100/2136/5143/2136-5143-0004.flac,254640,
657,train-clean-100/6563/285357/6563-285357-0013.flac,262560,
26903,train-clean-100/7302/86814/7302-86814-0041.flac,73120,
23893,train-clean-100/445/123860/445-123860-0016.flac,145360,
6722,train-clean-100/3983/5371/3983-5371-0036.flac,243600,
22873,train-clean-100/5703/47212/5703-47212-0041.flac,165840,
4733,train-clean-100/3486/166446/3486-166446-0008.flac,248320,
1450,train-clean-100/40/121026/40-121026-0039.flac,257280,
5393,train-clean-100/1737/142397/1737-142397-0003.flac,246720,
9753,train-clean-100/2384/152900/2384-152900-0008.flac,236400,
9348,train-clean-100/3947/13260/3947-13260-0010.flac,237280,
3095,train-clean-100/587/41619/587-41619-0009.flac,252400,
22422,train-clean-100/233/134440/233-134440-0034.flac,172960,
6621,train-clean-100/3607/29116/3607-29116-0016.flac,243840,
12114,train-clean-100/3983/5371/3983-5371-0052.flac,230320,
3093,train-clean-100/5703/47198/5703-47198-0043.flac,252400,
1027,train-clean-100/8051/118101/8051-118101-0035.flac,259600,
4166,train-clean-100/7511/102419/7511-102419-0048.flac,249760,
19874,train-clean-100/2518/154826/2518-154826-0004.flac,199200,
23393,train-clean-100/6147/34606/6147-34606-0013.flac,155520,
7253,train-clean-100/3947/13260/3947-13260-0030.flac,242400,
14139,train-clean-100/403/128339/403-128339-0015.flac,224320,
11424,train-clean-100/481/123720/481-123720-0040.flac,232240,
6979,train-clean-100/1246/124548/1246-124548-0013.flac,242960,
13606,train-clean-100/625/132112/625-132112-0002.flac,226000,
7726,train-clean-100/7190/90542/7190-90542-0051.flac,241280,
12115,train-clean-100/8425/246962/8425-246962-0001.flac,230320,
4129,train-clean-100/6181/216552/6181-216552-0076.flac,249840,
18251,train-clean-100/2518/154826/2518-154826-0000.flac,208400,
162,train-clean-100/1502/122619/1502-122619-0004.flac,268880,
24842,train-clean-100/1116/132847/1116-132847-0025.flac,123840,
11727,train-clean-100/669/129061/669-129061-0079.flac,231440,
157,train-clean-100/7505/258958/7505-258958-0002.flac,269040,
11382,train-clean-100/8629/261139/8629-261139-0045.flac,232320,
10364,train-clean-100/4441/76263/4441-76263-0043.flac,234960,
27366,train-clean-100/211/122442/211-122442-0028.flac,61920,
9317,train-clean-100/4640/19188/4640-19188-0020.flac,237360,
16419,train-clean-100/2764/36616/2764-36616-0032.flac,216480,
6671,train-clean-100/118/47824/118-47824-0029.flac,243680,
6708,train-clean-100/6064/300880/6064-300880-0028.flac,243600,
18261,train-clean-100/248/130697/248-130697-0034.flac,208320,
24220,train-clean-100/6818/68772/6818-68772-0047.flac,138560,
13521,train-clean-100/458/126294/458-126294-0004.flac,226320,
7847,train-clean-100/4680/16041/4680-16041-0016.flac,240960,
1192,train-clean-100/8123/275216/8123-275216-0006.flac,258640,
28284,train-clean-100/4014/186183/4014-186183-0007.flac,39200,
9552,train-clean-100/426/122821/426-122821-0002.flac,236880,
5738,train-clean-100/3607/29116/3607-29116-0040.flac,245920,
22790,train-clean-100/831/130739/831-130739-0048.flac,167120,
26013,train-clean-100/1594/135914/1594-135914-0019.flac,94720,
5351,train-clean-100/6147/34605/6147-34605-0026.flac,246800,
26618,train-clean-100/730/359/730-359-0042.flac,79520,
17047,train-clean-100/3112/9555/3112-9555-0063.flac,213920,
1971,train-clean-100/3440/171006/3440-171006-0013.flac,255520,
9639,train-clean-100/2989/138035/2989-138035-0004.flac,236640,
10918,train-clean-100/8095/274346/8095-274346-0047.flac,233520,
21946,train-clean-100/7800/283492/7800-283492-0016.flac,179280,
57,train-clean-100/1578/140049/1578-140049-0004.flac,271600,
11472,train-clean-100/7059/77900/7059-77900-0020.flac,232080,
7987,train-clean-100/4014/186179/4014-186179-0039.flac,240640,
15686,train-clean-100/3436/172162/3436-172162-0043.flac,219120,
4159,train-clean-100/32/4137/32-4137-0003.flac,249760,
20108,train-clean-100/5104/33406/5104-33406-0037.flac,197440,
13223,train-clean-100/5163/39921/5163-39921-0028.flac,227120,
23232,train-clean-100/6081/41998/6081-41998-0040.flac,158640,
2210,train-clean-100/3947/13260/3947-13260-0012.flac,254720,
14184,train-clean-100/8630/305213/8630-305213-0001.flac,224160,
4368,train-clean-100/3699/47246/3699-47246-0018.flac,249200,
28093,train-clean-100/322/124147/322-124147-0018.flac,44720,
8962,train-clean-100/8226/274371/8226-274371-0051.flac,238240,
7048,train-clean-100/4267/287369/4267-287369-0002.flac,242880,
21985,train-clean-100/7800/283478/7800-283478-0021.flac,178720,
18228,train-clean-100/5750/100289/5750-100289-0014.flac,208560,
1198,train-clean-100/1069/133699/1069-133699-0016.flac,258640,
4615,train-clean-100/3807/4955/3807-4955-0007.flac,248560,
16005,train-clean-100/8425/287387/8425-287387-0005.flac,217840,
19253,train-clean-100/6272/70168/6272-70168-0012.flac,202880,
2709,train-clean-100/5678/43303/5678-43303-0016.flac,253360,
23035,train-clean-100/1355/39947/1355-39947-0097.flac,162720,
7814,train-clean-100/3235/11599/3235-11599-0007.flac,241040,
1533,train-clean-100/83/11691/83-11691-0002.flac,256960,
18003,train-clean-100/403/216/403-216-0018.flac,209600,
10842,train-clean-100/4018/107312/4018-107312-0019.flac,233680,
11928,train-clean-100/163/121908/163-121908-0003.flac,230880,
7053,train-clean-100/196/122159/196-122159-0026.flac,242800,
14412,train-clean-100/2002/139469/2002-139469-0010.flac,223520,
16411,train-clean-100/3879/174923/3879-174923-0001.flac,216480,
20967,train-clean-100/4195/186238/4195-186238-0012.flac,190400,
25517,train-clean-100/7635/105409/7635-105409-0015.flac,107760,
12201,train-clean-100/5514/19193/5514-19193-0001.flac,230080,
8209,train-clean-100/3240/131232/3240-131232-0037.flac,240000,
23567,train-clean-100/5778/12761/5778-12761-0027.flac,152720,
2716,train-clean-100/4853/27671/4853-27671-0025.flac,253360,
16964,train-clean-100/8468/294887/8468-294887-0015.flac,214240,
11344,train-clean-100/8770/295462/8770-295462-0039.flac,232400,
5183,train-clean-100/7278/246956/7278-246956-0030.flac,247280,
1990,train-clean-100/8629/261139/8629-261139-0072.flac,255440,
13454,train-clean-100/8747/293952/8747-293952-0089.flac,226480,
4807,train-clean-100/3664/178366/3664-178366-0020.flac,248160,
28052,train-clean-100/6078/54013/6078-54013-0052.flac,45840,
7822,train-clean-100/4214/7146/4214-7146-0048.flac,241040,
25282,train-clean-100/1040/133433/1040-133433-0079.flac,112960,
19880,train-clean-100/2289/152258/2289-152258-0027.flac,199120,
24613,train-clean-100/7190/90543/7190-90543-0031.flac,129760,
18525,train-clean-100/4018/107312/4018-107312-0024.flac,206960,
11817,train-clean-100/2843/152918/2843-152918-0049.flac,231200,
15528,train-clean-100/6529/62556/6529-62556-0029.flac,219760,
8797,train-clean-100/5390/30102/5390-30102-0021.flac,238560,
26376,train-clean-100/2952/407/2952-407-0027.flac,85360,
14144,train-clean-100/7800/283492/7800-283492-0018.flac,224240,
6033,train-clean-100/322/124147/322-124147-0002.flac,245120,
10247,train-clean-100/839/130898/839-130898-0045.flac,235200,
7176,train-clean-100/7278/104730/7278-104730-0008.flac,242560,
24981,train-clean-100/5778/54535/5778-54535-0045.flac,120720,
16602,train-clean-100/198/129977/198-129977-0023.flac,215680,
9873,train-clean-100/4018/107338/4018-107338-0010.flac,236080,
8093,train-clean-100/7226/86965/7226-86965-0002.flac,240320,
25707,train-clean-100/5192/19397/5192-19397-0007.flac,102640,
18683,train-clean-100/302/123516/302-123516-0025.flac,206240,
21821,train-clean-100/3242/67168/3242-67168-0011.flac,180880,
22136,train-clean-100/4788/294466/4788-294466-0022.flac,176880,
20469,train-clean-100/5456/58161/5456-58161-0025.flac,194880,
27397,train-clean-100/2989/138028/2989-138028-0042.flac,61120,
8647,train-clean-100/4788/94904/4788-94904-0031.flac,238960,
12106,train-clean-100/78/369/78-369-0031.flac,230400,
21048,train-clean-100/7302/86815/7302-86815-0045.flac,189680,
6347,train-clean-100/1116/132847/1116-132847-0008.flac,244480,
4527,train-clean-100/7402/59171/7402-59171-0017.flac,248800,
26105,train-clean-100/229/130880/229-130880-0009.flac,92000,
17833,train-clean-100/2182/181173/2182-181173-0016.flac,210480,
15028,train-clean-100/4859/29340/4859-29340-0029.flac,221440,
22817,train-clean-100/3526/175658/3526-175658-0020.flac,166560,
20492,train-clean-100/405/130894/405-130894-0021.flac,194720,
21018,train-clean-100/1088/134315/1088-134315-0011.flac,190000,
11676,train-clean-100/6147/34606/6147-34606-0005.flac,231600,
25217,train-clean-100/2691/156750/2691-156750-0001.flac,115040,
7246,train-clean-100/5192/19397/5192-19397-0019.flac,242400,
15675,train-clean-100/211/122425/211-122425-0062.flac,219200,
22130,train-clean-100/7113/86041/7113-86041-0083.flac,176960,
15633,train-clean-100/441/128988/441-128988-0007.flac,219360,
26470,train-clean-100/229/130880/229-130880-0005.flac,83040,
22866,train-clean-100/5688/41232/5688-41232-0010.flac,165840,
23705,train-clean-100/6531/61334/6531-61334-0077.flac,149680,
23199,train-clean-100/1867/154071/1867-154071-0013.flac,159520,
18125,train-clean-100/3168/173564/3168-173564-0020.flac,209040,
680,train-clean-100/332/128985/332-128985-0048.flac,262400,
9714,train-clean-100/3374/298025/3374-298025-0020.flac,236480,
4731,train-clean-100/2196/174172/2196-174172-0013.flac,248320,
21420,train-clean-100/446/123502/446-123502-0043.flac,185760,
10553,train-clean-100/1334/135589/1334-135589-0026.flac,234480,
7786,train-clean-100/3242/8112/3242-8112-0034.flac,241120,
14918,train-clean-100/3235/28433/3235-28433-0019.flac,221840,
20425,train-clean-100/4088/158077/4088-158077-0034.flac,195280,
27287,train-clean-100/6078/54013/6078-54013-0038.flac,63600,
24329,train-clean-100/6531/61334/6531-61334-0086.flac,135840,
23888,train-clean-100/1898/145702/1898-145702-0012.flac,145440,
11981,train-clean-100/6209/34599/6209-34599-0001.flac,230800,
19165,train-clean-100/4397/15666/4397-15666-0018.flac,203360,
24171,train-clean-100/2989/138028/2989-138028-0072.flac,139600,
19873,train-clean-100/7511/102419/7511-102419-0017.flac,199200,
6290,train-clean-100/6147/34606/6147-34606-0023.flac,244560,
26776,train-clean-100/4051/11218/4051-11218-0046.flac,76240,
12231,train-clean-100/8324/286681/8324-286681-0016.flac,230000,
23977,train-clean-100/909/131045/909-131045-0037.flac,143680,
16653,train-clean-100/2007/132570/2007-132570-0027.flac,215440,
6650,train-clean-100/289/121665/289-121665-0003.flac,243760,
16722,train-clean-100/4160/11549/4160-11549-0034.flac,215200,
10832,train-clean-100/1867/148436/1867-148436-0041.flac,233680,
5632,train-clean-100/2007/132570/2007-132570-0051.flac,246160,
8897,train-clean-100/3242/67168/3242-67168-0025.flac,238400,
17076,train-clean-100/4853/27671/4853-27671-0007.flac,213840,
18789,train-clean-100/8051/119902/8051-119902-0004.flac,205600,
447,train-clean-100/4267/72637/4267-72637-0015.flac,264880,
7838,train-clean-100/1183/133255/1183-133255-0006.flac,240960,
9064,train-clean-100/8770/295462/8770-295462-0026.flac,238000,
17498,train-clean-100/7794/295947/7794-295947-0005.flac,212000,
26530,train-clean-100/2007/132570/2007-132570-0008.flac,81600,
8322,train-clean-100/5463/39174/5463-39174-0005.flac,239760,
24703,train-clean-100/2911/15045/2911-15045-0006.flac,127520,
26182,train-clean-100/4014/186176/4014-186176-0016.flac,90400,
4318,train-clean-100/3699/175950/3699-175950-0024.flac,249360,
24815,train-clean-100/6531/61334/6531-61334-0082.flac,124480,
3313,train-clean-100/8975/270782/8975-270782-0064.flac,251760,
12184,train-clean-100/5678/43301/5678-43301-0020.flac,230160,
14833,train-clean-100/911/128684/911-128684-0068.flac,222080,
2042,train-clean-100/4397/15678/4397-15678-0019.flac,255280,
17926,train-clean-100/5104/33407/5104-33407-0034.flac,209920,
5595,train-clean-100/250/142276/250-142276-0044.flac,246240,
18143,train-clean-100/5104/33407/5104-33407-0007.flac,208960,
15859,train-clean-100/6064/56168/6064-56168-0030.flac,218400,
18029,train-clean-100/403/216/403-216-0000.flac,209520,
21852,train-clean-100/6209/34599/6209-34599-0000.flac,180480,
25845,train-clean-100/1743/142912/1743-142912-0023.flac,99200,
27471,train-clean-100/2764/36616/2764-36616-0009.flac,59760,
8585,train-clean-100/229/130880/229-130880-0029.flac,239120,
914,train-clean-100/5778/54535/5778-54535-0026.flac,260480,
3631,train-clean-100/5778/54535/5778-54535-0006.flac,251040,
21058,train-clean-100/1235/135887/1235-135887-0024.flac,189600,
25927,train-clean-100/1447/17506/1447-17506-0011.flac,97120,
3586,train-clean-100/3168/173565/3168-173565-0043.flac,251120,
12706,train-clean-100/311/124404/311-124404-0102.flac,228640,
17173,train-clean-100/3607/135982/3607-135982-0002.flac,213440,
12214,train-clean-100/7078/271888/7078-271888-0040.flac,230080,
26898,train-clean-100/1594/135914/1594-135914-0055.flac,73200,
3779,train-clean-100/2836/5355/2836-5355-0007.flac,250640,
23914,train-clean-100/150/126107/150-126107-0023.flac,144800,
7175,train-clean-100/5104/33406/5104-33406-0046.flac,242560,
12738,train-clean-100/4898/20016/4898-20016-0013.flac,228560,
15927,train-clean-100/4297/13006/4297-13006-0032.flac,218160,
16624,train-clean-100/83/11691/83-11691-0034.flac,215600,
6539,train-clean-100/481/123719/481-123719-0001.flac,244000,
8532,train-clean-100/8238/274553/8238-274553-0028.flac,239280,
8625,train-clean-100/3112/9554/3112-9554-0002.flac,239040,
17713,train-clean-100/7264/92314/7264-92314-0012.flac,211040,
3619,train-clean-100/6064/56168/6064-56168-0029.flac,251040,
27101,train-clean-100/1970/10594/1970-10594-0014.flac,68240,
22475,train-clean-100/405/130895/405-130895-0032.flac,172160,
5028,train-clean-100/1963/142393/1963-142393-0049.flac,247600,
22046,train-clean-100/150/126107/150-126107-0015.flac,178000,
7213,train-clean-100/6529/62556/6529-62556-0027.flac,242480,
26420,train-clean-100/8051/119902/8051-119902-0017.flac,84320,
18022,train-clean-100/6454/93938/6454-93938-0030.flac,209520,
4630,train-clean-100/2436/2477/2436-2477-0017.flac,248560,
8306,train-clean-100/1363/139304/1363-139304-0002.flac,239840,
1924,train-clean-100/2391/145015/2391-145015-0089.flac,255600,
11974,train-clean-100/8088/284756/8088-284756-0042.flac,230800,
1708,train-clean-100/8095/274346/8095-274346-0013.flac,256240,
15748,train-clean-100/8014/112586/8014-112586-0020.flac,218880,
26296,train-clean-100/4051/11218/4051-11218-0040.flac,87360,
13269,train-clean-100/163/122947/163-122947-0062.flac,227040,
10286,train-clean-100/6454/107462/6454-107462-0028.flac,235120,
10283,train-clean-100/4481/17498/4481-17498-0004.flac,235120,
25289,train-clean-100/2989/138028/2989-138028-0012.flac,112880,
8196,train-clean-100/4214/7146/4214-7146-0023.flac,240080,
18608,train-clean-100/1034/121119/1034-121119-0047.flac,206560,
25509,train-clean-100/4640/19189/4640-19189-0036.flac,108000,
14404,train-clean-100/8312/279791/8312-279791-0031.flac,223520,
23829,train-clean-100/8975/270782/8975-270782-0093.flac,146800,
7769,train-clean-100/909/131045/909-131045-0028.flac,241200,
15269,train-clean-100/248/130697/248-130697-0029.flac,220640,
25483,train-clean-100/4014/186183/4014-186183-0029.flac,108560,
25266,train-clean-100/302/123516/302-123516-0032.flac,113600,
17611,train-clean-100/2289/152258/2289-152258-0016.flac,211520,
11492,train-clean-100/298/126791/298-126791-0062.flac,232000,
13689,train-clean-100/4214/7146/4214-7146-0063.flac,225760,
14075,train-clean-100/696/92939/696-92939-0026.flac,224480,
23562,train-clean-100/4340/15220/4340-15220-0068.flac,152800,
125,train-clean-100/103/1240/103-1240-0031.flac,269760,
4021,train-clean-100/1926/147979/1926-147979-0028.flac,250080,
19839,train-clean-100/1867/154075/1867-154075-0012.flac,199440,
18477,train-clean-100/446/123501/446-123501-0054.flac,207200,
20932,train-clean-100/1867/154071/1867-154071-0008.flac,190720,
19794,train-clean-100/8226/274369/8226-274369-0026.flac,199760,
13702,train-clean-100/3168/173565/3168-173565-0050.flac,225760,
21246,train-clean-100/226/131533/226-131533-0027.flac,187760,
26872,train-clean-100/5688/15787/5688-15787-0030.flac,73760,
6943,train-clean-100/1040/133433/1040-133433-0035.flac,243040,
7533,train-clean-100/7059/88364/7059-88364-0033.flac,241760,
24474,train-clean-100/302/123516/302-123516-0003.flac,132800,
12527,train-clean-100/2182/150130/2182-150130-0030.flac,229200,
10155,train-clean-100/7447/91187/7447-91187-0009.flac,235440,
5524,train-clean-100/5867/48852/5867-48852-0042.flac,246480,
553,train-clean-100/5703/47198/5703-47198-0016.flac,263600,
16748,train-clean-100/2843/152918/2843-152918-0112.flac,215120,
27497,train-clean-100/5652/39938/5652-39938-0066.flac,59200,
4496,train-clean-100/2182/150130/2182-150130-0022.flac,248880,
15474,train-clean-100/839/130898/839-130898-0039.flac,219920,
645,train-clean-100/8609/262281/8609-262281-0002.flac,262640,
25933,train-clean-100/1737/142397/1737-142397-0030.flac,97040,
26629,train-clean-100/27/124992/27-124992-0014.flac,79440,
22906,train-clean-100/1963/147036/1963-147036-0032.flac,165360,
14702,train-clean-100/6836/61804/6836-61804-0002.flac,222560,
1276,train-clean-100/1992/141719/1992-141719-0038.flac,258240,
26643,train-clean-100/8088/284756/8088-284756-0092.flac,79040,
20667,train-clean-100/4680/16042/4680-16042-0015.flac,193200,
7088,train-clean-100/5703/47198/5703-47198-0055.flac,242720,
4189,train-clean-100/4018/107338/4018-107338-0009.flac,249680,
14048,train-clean-100/6385/34669/6385-34669-0027.flac,224561,
21186,train-clean-100/4088/158077/4088-158077-0085.flac,188320,
19719,train-clean-100/2436/2477/2436-2477-0014.flac,200160,
3826,train-clean-100/1867/154075/1867-154075-0033.flac,250560,
24729,train-clean-100/198/126831/198-126831-0037.flac,126880,
28431,train-clean-100/8629/261139/8629-261139-0031.flac,35360,
17688,train-clean-100/4481/17499/4481-17499-0040.flac,211200,
6791,train-clean-100/8226/274369/8226-274369-0033.flac,243440,
16202,train-clean-100/2136/5147/2136-5147-0030.flac,217200,
25038,train-clean-100/229/130880/229-130880-0002.flac,119360,
18630,train-clean-100/6529/62556/6529-62556-0046.flac,206480,
13219,train-clean-100/289/121665/289-121665-0016.flac,227200,
5750,train-clean-100/1723/141149/1723-141149-0034.flac,245840,
27601,train-clean-100/8324/286683/8324-286683-0012.flac,56400,
15270,train-clean-100/3807/4923/3807-4923-0034.flac,220640,
17408,train-clean-100/3664/11714/3664-11714-0026.flac,212400,
5013,train-clean-100/8014/112602/8014-112602-0020.flac,247680,
24355,train-clean-100/5652/19215/5652-19215-0035.flac,135360,
21666,train-clean-100/7067/76047/7067-76047-0008.flac,182960,
9143,train-clean-100/1970/10594/1970-10594-0011.flac,237760,
9712,train-clean-100/1116/132851/1116-132851-0013.flac,236480,
13005,train-clean-100/4137/11702/4137-11702-0043.flac,227760,
14013,train-clean-100/2384/152900/2384-152900-0039.flac,224720,
26774,train-clean-100/8468/286673/8468-286673-0009.flac,76240,
15487,train-clean-100/4362/15663/4362-15663-0041.flac,219840,
5603,train-clean-100/5808/48608/5808-48608-0004.flac,246240,
20988,train-clean-100/441/128988/441-128988-0004.flac,190240,
4123,train-clean-100/7078/271888/7078-271888-0103.flac,249840,
15448,train-clean-100/1723/141149/1723-141149-0098.flac,220000,
1693,train-clean-100/322/124146/322-124146-0015.flac,256320,
9729,train-clean-100/1069/133709/1069-133709-0048.flac,236400,
26591,train-clean-100/8747/293952/8747-293952-0037.flac,80160,
11626,train-clean-100/4137/11701/4137-11701-0023.flac,231680,
22690,train-clean-100/3947/13262/3947-13262-0034.flac,168960,
27166,train-clean-100/1040/133433/1040-133433-0054.flac,66560,
7935,train-clean-100/298/126791/298-126791-0047.flac,240720,
28001,train-clean-100/5463/39174/5463-39174-0016.flac,46880,
23704,train-clean-100/7505/258964/7505-258964-0046.flac,149680,
24337,train-clean-100/32/21634/32-21634-0019.flac,135680,
20837,train-clean-100/7113/86041/7113-86041-0064.flac,191760,
9390,train-clean-100/198/209/198-209-0002.flac,237200,
5896,train-clean-100/403/128339/403-128339-0012.flac,245440,
27203,train-clean-100/27/124992/27-124992-0053.flac,65600,
12057,train-clean-100/5393/19219/5393-19219-0001.flac,230560,
7414,train-clean-100/374/180299/374-180299-0022.flac,242000,
24286,train-clean-100/3723/171631/3723-171631-0024.flac,137200,
4604,train-clean-100/4362/15663/4362-15663-0071.flac,248640,
1040,train-clean-100/1970/10594/1970-10594-0003.flac,259520,
23165,train-clean-100/8419/293469/8419-293469-0006.flac,160160,
12683,train-clean-100/7635/105409/7635-105409-0018.flac,228720,
2256,train-clean-100/2836/5354/2836-5354-0011.flac,254560,
16960,train-clean-100/8797/294123/8797-294123-0048.flac,214320,
18549,train-clean-100/6415/111615/6415-111615-0018.flac,206880,
9161,train-clean-100/211/122442/211-122442-0041.flac,237760,
14094,train-clean-100/5390/30102/5390-30102-0004.flac,224400,
4864,train-clean-100/1970/10594/1970-10594-0001.flac,248000,
21361,train-clean-100/3857/182317/3857-182317-0002.flac,186480,
22896,train-clean-100/5867/48852/5867-48852-0102.flac,165440,
3203,train-clean-100/8838/298545/8838-298545-0014.flac,252160,
17938,train-clean-100/8123/275216/8123-275216-0040.flac,209920,
6473,train-clean-100/3879/174923/3879-174923-0030.flac,244160,
10942,train-clean-100/6000/55211/6000-55211-0006.flac,233440,
4264,train-clean-100/4680/16026/4680-16026-0032.flac,249520,
24006,train-clean-100/831/130739/831-130739-0062.flac,143120,
13860,train-clean-100/1963/147036/1963-147036-0016.flac,225280,
294,train-clean-100/3807/4955/3807-4955-0022.flac,267040,
16018,train-clean-100/1034/121119/1034-121119-0030.flac,217840,
3864,train-clean-100/6818/76332/6818-76332-0037.flac,250400,
1424,train-clean-100/3242/67168/3242-67168-0027.flac,257440,
10871,train-clean-100/150/132655/150-132655-0021.flac,233600,
12588,train-clean-100/6415/100596/6415-100596-0006.flac,229040,
214,train-clean-100/1992/141719/1992-141719-0017.flac,268160,
15262,train-clean-100/3526/175658/3526-175658-0010.flac,220640,
27576,train-clean-100/322/124146/322-124146-0023.flac,56960,
12248,train-clean-100/3857/180923/3857-180923-0023.flac,230000,
876,train-clean-100/311/124404/311-124404-0057.flac,260720,
11175,train-clean-100/5789/57158/5789-57158-0011.flac,232880,
5179,train-clean-100/8108/280359/8108-280359-0011.flac,247280,
20353,train-clean-100/39/121914/39-121914-0040.flac,195760,
11938,train-clean-100/8088/284756/8088-284756-0103.flac,230880,
9449,train-clean-100/1334/135589/1334-135589-0106.flac,237120,
12083,train-clean-100/2952/408/2952-408-0007.flac,230480,
7314,train-clean-100/4898/28461/4898-28461-0063.flac,242240,
10435,train-clean-100/460/172359/460-172359-0075.flac,234720,
7060,train-clean-100/2910/131096/2910-131096-0081.flac,242800,
22125,train-clean-100/5778/54535/5778-54535-0028.flac,177040,
21595,train-clean-100/2289/152254/2289-152254-0018.flac,183760,
9777,train-clean-100/5703/47198/5703-47198-0056.flac,236320,
20309,train-clean-100/8770/295465/8770-295465-0017.flac,196080,
10612,train-clean-100/211/122442/211-122442-0055.flac,234320,
27880,train-clean-100/2007/132570/2007-132570-0009.flac,50001,
15190,train-clean-100/1737/148989/1737-148989-0002.flac,220880,
20312,train-clean-100/831/130739/831-130739-0023.flac,196000,
13271,train-clean-100/1334/135589/1334-135589-0068.flac,227040,
140,train-clean-100/250/142276/250-142276-0050.flac,269440,
15948,train-clean-100/7511/102420/7511-102420-0036.flac,218080,
10905,train-clean-100/887/123291/887-123291-0003.flac,233520,
12531,train-clean-100/6818/68772/6818-68772-0013.flac,229200,
13584,train-clean-100/839/130898/839-130898-0017.flac,226080,
19143,train-clean-100/3112/9555/3112-9555-0044.flac,203440,
18631,train-clean-100/4853/29413/4853-29413-0002.flac,206480,
24347,train-clean-100/7078/271888/7078-271888-0053.flac,135520,
20206,train-clean-100/1263/138246/1263-138246-0016.flac,196800,
4585,train-clean-100/8747/293952/8747-293952-0012.flac,248640,
23663,train-clean-100/4830/25898/4830-25898-0048.flac,150640,
6511,train-clean-100/4088/158077/4088-158077-0086.flac,244080,
11016,train-clean-100/1841/159771/1841-159771-0035.flac,233280,
10241,train-clean-100/8630/305213/8630-305213-0033.flac,235200,
6822,train-clean-100/3982/182255/3982-182255-0017.flac,243360,
21492,train-clean-100/250/142276/250-142276-0055.flac,184960,
1127,train-clean-100/5456/62043/5456-62043-0023.flac,259040,
193,train-clean-100/4195/186238/4195-186238-0004.flac,268400,
8805,train-clean-100/1624/142933/1624-142933-0030.flac,238560,
17479,train-clean-100/7178/34644/7178-34644-0026.flac,212160,
14285,train-clean-100/6848/76049/6848-76049-0004.flac,223840,
526,train-clean-100/7148/82991/7148-82991-0020.flac,264000,
10427,train-clean-100/307/127540/307-127540-0011.flac,234720,
13537,train-clean-100/332/128985/332-128985-0076.flac,226240,
8990,train-clean-100/5678/43302/5678-43302-0018.flac,238160,
26924,train-clean-100/1455/138263/1455-138263-0000.flac,72560,
24072,train-clean-100/403/128339/403-128339-0002.flac,141600,
7597,train-clean-100/6209/34599/6209-34599-0014.flac,241600,
25562,train-clean-100/8425/292520/8425-292520-0006.flac,106560,
1730,train-clean-100/4267/78186/4267-78186-0025.flac,256240,
15769,train-clean-100/1553/140047/1553-140047-0038.flac,218800,
24322,train-clean-100/1235/135887/1235-135887-0001.flac,136160,
22049,train-clean-100/4898/20016/4898-20016-0035.flac,178000,
24919,train-clean-100/5390/24512/5390-24512-0011.flac,122240,
1566,train-clean-100/6019/3185/6019-3185-0046.flac,256800,
5915,train-clean-100/587/54108/587-54108-0005.flac,245440,
5660,train-clean-100/6563/285357/6563-285357-0015.flac,246080,
6058,train-clean-100/3607/135982/3607-135982-0013.flac,245120,
4664,train-clean-100/446/123502/446-123502-0020.flac,248480,
7232,train-clean-100/4830/25898/4830-25898-0003.flac,242400,
2003,train-clean-100/7178/34644/7178-34644-0022.flac,255440,
3322,train-clean-100/4195/186237/4195-186237-0012.flac,251760,
4947,train-clean-100/7402/90848/7402-90848-0003.flac,247840,
16662,train-clean-100/426/122822/426-122822-0028.flac,215440,
6521,train-clean-100/196/122152/196-122152-0002.flac,244080,
2374,train-clean-100/8063/274115/8063-274115-0011.flac,254240,
13886,train-clean-100/5163/39921/5163-39921-0017.flac,225120,
17888,train-clean-100/481/123720/481-123720-0038.flac,210160,
118,train-clean-100/4406/16883/4406-16883-0021.flac,269920,
4988,train-clean-100/8770/295462/8770-295462-0006.flac,247760,
23049,train-clean-100/1963/142393/1963-142393-0050.flac,162480,
8790,train-clean-100/3374/298025/3374-298025-0012.flac,238640,
433,train-clean-100/412/126975/412-126975-0031.flac,265040,
14847,train-clean-100/5688/15787/5688-15787-0023.flac,222080,
4120,train-clean-100/412/126975/412-126975-0036.flac,249840,
10588,train-clean-100/2002/139469/2002-139469-0049.flac,234400,
23666,train-clean-100/3982/178459/3982-178459-0018.flac,150560,
20387,train-clean-100/8098/278278/8098-278278-0039.flac,195520,
24052,train-clean-100/7447/91187/7447-91187-0015.flac,142080,
12713,train-clean-100/403/126855/403-126855-0030.flac,228640,
19146,train-clean-100/6081/41998/6081-41998-0023.flac,203440,
9055,train-clean-100/3242/67153/3242-67153-0017.flac,238000,
15156,train-clean-100/250/142276/250-142276-0038.flac,221040,
10097,train-clean-100/8975/270782/8975-270782-0069.flac,235520,
25055,train-clean-100/7402/59171/7402-59171-0034.flac,118800,
9319,train-clean-100/7302/86815/7302-86815-0021.flac,237360,
27324,train-clean-100/1926/143879/1926-143879-0016.flac,62880,
26813,train-clean-100/8088/284756/8088-284756-0079.flac,75040,
1563,train-clean-100/196/122150/196-122150-0020.flac,256800,
5662,train-clean-100/7190/90542/7190-90542-0008.flac,246080,
20260,train-clean-100/1743/142914/1743-142914-0009.flac,196400,
27367,train-clean-100/7800/283478/7800-283478-0018.flac,61840,
11639,train-clean-100/8770/295463/8770-295463-0007.flac,231680,
4701,train-clean-100/6437/66172/6437-66172-0020.flac,248400,
9617,train-clean-100/3436/172162/3436-172162-0010.flac,236720,
3484,train-clean-100/302/123523/302-123523-0003.flac,251360,
11982,train-clean-100/6181/216552/6181-216552-0029.flac,230800,
16029,train-clean-100/1081/125237/1081-125237-0024.flac,217760,
24577,train-clean-100/1743/142912/1743-142912-0002.flac,130400,
25985,train-clean-100/27/124992/27-124992-0002.flac,95840,
5665,train-clean-100/322/124147/322-124147-0079.flac,246080,
24327,train-clean-100/6019/3185/6019-3185-0105.flac,136000,
3499,train-clean-100/3374/298032/3374-298032-0003.flac,251360,
27839,train-clean-100/4853/27671/4853-27671-0027.flac,50800,
17365,train-clean-100/6181/216552/6181-216552-0036.flac,212640,
15626,train-clean-100/3235/28433/3235-28433-0015.flac,219360,
19164,train-clean-100/7312/92432/7312-92432-0008.flac,203360,
8485,train-clean-100/26/496/26-496-0003.flac,239360,
4356,train-clean-100/6836/76549/6836-76549-0008.flac,249200,
5310,train-clean-100/8312/279790/8312-279790-0004.flac,246960,
23544,train-clean-100/8063/274116/8063-274116-0024.flac,153040,
23638,train-clean-100/196/122159/196-122159-0025.flac,151280,
24437,train-clean-100/7190/90543/7190-90543-0019.flac,133600,
14796,train-clean-100/3240/131232/3240-131232-0005.flac,222240,
16725,train-clean-100/3664/11714/3664-11714-0010.flac,215200,
10977,train-clean-100/2002/139469/2002-139469-0006.flac,233360,
26143,train-clean-100/5778/12761/5778-12761-0049.flac,91440,
4969,train-clean-100/6529/62554/6529-62554-0031.flac,247760,
16464,train-clean-100/2416/152137/2416-152137-0026.flac,216240,
25494,train-clean-100/328/129766/328-129766-0025.flac,108240,
2480,train-clean-100/7505/83618/7505-83618-0020.flac,254000,
9813,train-clean-100/8226/274369/8226-274369-0009.flac,236240,
20278,train-clean-100/6880/216547/6880-216547-0064.flac,196240,
19708,train-clean-100/1069/133699/1069-133699-0007.flac,200240,
7676,train-clean-100/3982/182255/3982-182255-0013.flac,241360,
17631,train-clean-100/3879/174923/3879-174923-0059.flac,211440,
20789,train-clean-100/4195/17507/4195-17507-0028.flac,192240,
6967,train-clean-100/302/123504/302-123504-0036.flac,243040,
25305,train-clean-100/6385/34669/6385-34669-0032.flac,112640,
27011,train-clean-100/7148/82991/7148-82991-0012.flac,70560,
481,train-clean-100/8324/286682/8324-286682-0022.flac,264480,
17115,train-clean-100/7635/105661/7635-105661-0013.flac,213680,
7839,train-clean-100/6529/62554/6529-62554-0035.flac,240960,
11651,train-clean-100/426/122821/426-122821-0008.flac,231680,
12327,train-clean-100/3526/176653/3526-176653-0052.flac,229760,
9176,train-clean-100/3983/5331/3983-5331-0034.flac,237680,
8748,train-clean-100/2817/142371/2817-142371-0045.flac,238720,
24100,train-clean-100/4680/16026/4680-16026-0039.flac,140960,
16363,train-clean-100/6437/66172/6437-66172-0019.flac,216640,
11298,train-clean-100/8465/246942/8465-246942-0000.flac,232560,
18140,train-clean-100/3830/12530/3830-12530-0024.flac,208960,
7465,train-clean-100/441/130108/441-130108-0039.flac,241920,
348,train-clean-100/7859/102521/7859-102521-0006.flac,266240,
16258,train-clean-100/6454/120342/6454-120342-0021.flac,217040,
3263,train-clean-100/311/124404/311-124404-0105.flac,251920,
19125,train-clean-100/78/368/78-368-0013.flac,203600,
23140,train-clean-100/8324/286683/8324-286683-0007.flac,160560,
22436,train-clean-100/3699/19402/3699-19402-0025.flac,172720,
5733,train-clean-100/8838/298546/8838-298546-0045.flac,245920,
2630,train-clean-100/1841/179183/1841-179183-0017.flac,253600,
8119,train-clean-100/7794/295947/7794-295947-0038.flac,240240,
11354,train-clean-100/1841/179183/1841-179183-0033.flac,232400,
28202,train-clean-100/8465/246943/8465-246943-0014.flac,41840,
16657,train-clean-100/233/134440/233-134440-0032.flac,215440,
17442,train-clean-100/831/130746/831-130746-0007.flac,212240,
9640,train-clean-100/6081/42010/6081-42010-0036.flac,236640,
16918,train-clean-100/4267/78186/4267-78186-0016.flac,214480,
21255,train-clean-100/2911/7601/2911-7601-0019.flac,187680,
25436,train-clean-100/6880/216547/6880-216547-0003.flac,109600,
786,train-clean-100/6147/34606/6147-34606-0033.flac,261360,
19667,train-clean-100/5390/30096/5390-30096-0016.flac,200480,
2305,train-clean-100/8312/279790/8312-279790-0033.flac,254400,
13587,train-clean-100/8419/286667/8419-286667-0006.flac,226080,
3028,train-clean-100/328/129766/328-129766-0077.flac,252560,
4882,train-clean-100/250/142276/250-142276-0059.flac,248000,
23580,train-clean-100/374/180299/374-180299-0037.flac,152400,
5832,train-clean-100/26/495/26-495-0051.flac,245600,
22753,train-clean-100/118/121721/118-121721-0017.flac,167840,
5352,train-clean-100/250/142276/250-142276-0036.flac,246800,
9758,train-clean-100/3168/173565/3168-173565-0025.flac,236400,
3185,train-clean-100/8609/283227/8609-283227-0017.flac,252160,
11773,train-clean-100/1034/121119/1034-121119-0052.flac,231360,
13869,train-clean-100/8838/298545/8838-298545-0035.flac,225200,
4511,train-clean-100/103/1241/103-1241-0035.flac,248800,
5743,train-clean-100/8324/286683/8324-286683-0026.flac,245840,
20082,train-clean-100/4297/13009/4297-13009-0032.flac,197600,
22791,train-clean-100/7264/92310/7264-92310-0015.flac,167120,
12677,train-clean-100/6385/34655/6385-34655-0005.flac,228720,
329,train-clean-100/4014/186175/4014-186175-0027.flac,266480,
3299,train-clean-100/4137/11701/4137-11701-0048.flac,251840,
24752,train-clean-100/2384/152900/2384-152900-0078.flac,126160,
2279,train-clean-100/6563/285357/6563-285357-0033.flac,254480,
15885,train-clean-100/2817/142380/2817-142380-0023.flac,218320,
10721,train-clean-100/6367/74004/6367-74004-0029.flac,234000,
8283,train-clean-100/4397/15678/4397-15678-0032.flac,239840,
18550,train-clean-100/322/124147/322-124147-0035.flac,206880,
2537,train-clean-100/7800/283493/7800-283493-0029.flac,253840,
10953,train-clean-100/2843/152918/2843-152918-0066.flac,233440,
11423,train-clean-100/3982/178459/3982-178459-0032.flac,232240,
3330,train-clean-100/2384/152900/2384-152900-0065.flac,251760,
4462,train-clean-100/6147/34606/6147-34606-0006.flac,248960,
16151,train-clean-100/5750/100289/5750-100289-0006.flac,217360,
3042,train-clean-100/8630/305212/8630-305212-0010.flac,252560,
13254,train-clean-100/19/227/19-227-0071.flac,227040,
20512,train-clean-100/8324/286683/8324-286683-0015.flac,194560,
5417,train-clean-100/1594/135914/1594-135914-0110.flac,246640,
24024,train-clean-100/7859/102518/7859-102518-0031.flac,142720,
6851,train-clean-100/696/93314/696-93314-0042.flac,243280,
6646,train-clean-100/441/128982/441-128982-0012.flac,243760,
8859,train-clean-100/8095/274345/8095-274345-0021.flac,238480,
12070,train-clean-100/831/130746/831-130746-0019.flac,230480,
12192,train-clean-100/4362/15663/4362-15663-0025.flac,230160,
23785,train-clean-100/6019/3185/6019-3185-0037.flac,147840,
17832,train-clean-100/4853/29413/4853-29413-0025.flac,210480,
26012,train-clean-100/1088/134315/1088-134315-0018.flac,94800,
21882,train-clean-100/4051/10927/4051-10927-0007.flac,180000,
3669,train-clean-100/8123/275209/8123-275209-0006.flac,250960,
3950,train-clean-100/6019/3185/6019-3185-0013.flac,250240,
22953,train-clean-100/4137/11702/4137-11702-0047.flac,164320,
12468,train-clean-100/4441/76262/4441-76262-0011.flac,229360,
161,train-clean-100/7067/76047/7067-76047-0032.flac,268960,
21575,train-clean-100/3440/171009/3440-171009-0056.flac,184000,
3291,train-clean-100/3947/13262/3947-13262-0014.flac,251840,
26893,train-clean-100/1116/132851/1116-132851-0010.flac,73280,
8309,train-clean-100/3259/158083/3259-158083-0109.flac,239840,
8190,train-clean-100/6081/41998/6081-41998-0030.flac,240080,
8225,train-clean-100/5339/14133/5339-14133-0025.flac,240000,
3771,train-clean-100/103/1240/103-1240-0016.flac,250640,
2440,train-clean-100/87/121553/87-121553-0056.flac,254080,
22167,train-clean-100/322/124146/322-124146-0025.flac,176480,
5016,train-clean-100/19/198/19-198-0003.flac,247680,
23855,train-clean-100/3259/158083/3259-158083-0050.flac,146240,
15481,train-clean-100/6367/74004/6367-74004-0008.flac,219920,
14359,train-clean-100/4680/16042/4680-16042-0021.flac,223600,
4764,train-clean-100/3857/180923/3857-180923-0004.flac,248240,
17315,train-clean-100/4640/19188/4640-19188-0014.flac,212800,
8115,train-clean-100/1963/147036/1963-147036-0007.flac,240240,
15438,train-clean-100/1088/134315/1088-134315-0029.flac,220080,
14020,train-clean-100/2159/179157/2159-179157-0003.flac,224720,
1884,train-clean-100/2836/5355/2836-5355-0018.flac,255680,
19212,train-clean-100/2952/408/2952-408-0024.flac,203120,
16750,train-clean-100/7226/86964/7226-86964-0009.flac,215120,
16236,train-clean-100/2182/181173/2182-181173-0026.flac,217120,
27225,train-clean-100/4088/158077/4088-158077-0056.flac,65040,
4843,train-clean-100/226/131533/226-131533-0010.flac,248000,
17967,train-clean-100/78/368/78-368-0037.flac,209760,
12824,train-clean-100/2952/408/2952-408-0021.flac,228320,
23269,train-clean-100/8098/278252/8098-278252-0023.flac,158000,
20464,train-clean-100/3982/178459/3982-178459-0001.flac,194960,
19447,train-clean-100/5390/24512/5390-24512-0038.flac,201760,
1641,train-clean-100/4137/11702/4137-11702-0023.flac,256480,
6779,train-clean-100/125/121124/125-121124-0031.flac,243440,
28387,train-clean-100/150/132655/150-132655-0031.flac,36720,
11665,train-clean-100/298/126790/298-126790-0019.flac,231600,
24079,train-clean-100/4406/16882/4406-16882-0044.flac,141440,
15070,train-clean-100/1081/125237/1081-125237-0076.flac,221360,
21626,train-clean-100/5688/15787/5688-15787-0018.flac,183360,
19133,train-clean-100/6925/80680/6925-80680-0005.flac,203520,
2580,train-clean-100/89/218/89-218-0007.flac,253680,
14720,train-clean-100/2007/149877/2007-149877-0008.flac,222480,
26866,train-clean-100/3259/158083/3259-158083-0026.flac,73920,
5787,train-clean-100/5688/41232/5688-41232-0021.flac,245760,
10766,train-clean-100/200/124139/200-124139-0014.flac,233920,
27801,train-clean-100/8629/261139/8629-261139-0064.flac,51760,
8590,train-clean-100/4830/25898/4830-25898-0039.flac,239120,
2454,train-clean-100/2436/2477/2436-2477-0002.flac,254080,
609,train-clean-100/3947/13260/3947-13260-0009.flac,263040,
21263,train-clean-100/201/122255/201-122255-0013.flac,187600,
4273,train-clean-100/40/222/40-222-0021.flac,249440,
4065,train-clean-100/405/130894/405-130894-0040.flac,250000,
14632,train-clean-100/8465/246942/8465-246942-0012.flac,222720,
15030,train-clean-100/78/369/78-369-0019.flac,221440,
17180,train-clean-100/1502/122619/1502-122619-0059.flac,213440,
18894,train-clean-100/8123/275216/8123-275216-0039.flac,204960,
25742,train-clean-100/4014/186175/4014-186175-0020.flac,101600,
24684,train-clean-100/3947/13260/3947-13260-0008.flac,127920,
12667,train-clean-100/1898/145724/1898-145724-0006.flac,228800,
5443,train-clean-100/3259/158083/3259-158083-0002.flac,246640,
25661,train-clean-100/7302/86815/7302-86815-0037.flac,103760,
3440,train-clean-100/4481/17498/4481-17498-0029.flac,251520,
26935,train-clean-100/669/129061/669-129061-0003.flac,72320,
7642,train-clean-100/6476/96661/6476-96661-0021.flac,241440,
4820,train-clean-100/4859/22176/4859-22176-0005.flac,248080,
8860,train-clean-100/3807/4923/3807-4923-0042.flac,238480,
28273,train-clean-100/4018/107312/4018-107312-0036.flac,39520,
2232,train-clean-100/4813/248641/4813-248641-0052.flac,254640,
28337,train-clean-100/211/122442/211-122442-0069.flac,38000,
19387,train-clean-100/1624/142933/1624-142933-0040.flac,202080,
18318,train-clean-100/2764/36616/2764-36616-0014.flac,208000,
10401,train-clean-100/2002/139469/2002-139469-0004.flac,234880,
9865,train-clean-100/2893/139310/2893-139310-0016.flac,236080,
10792,train-clean-100/229/130880/229-130880-0044.flac,233840,
6533,train-clean-100/7302/86814/7302-86814-0040.flac,244000,
17323,train-clean-100/32/4137/32-4137-0001.flac,212800,
9057,train-clean-100/7367/86737/7367-86737-0022.flac,238000,
4378,train-clean-100/6818/76332/6818-76332-0031.flac,249200,
26488,train-clean-100/4441/76262/4441-76262-0021.flac,82560,
27039,train-clean-100/5049/25947/5049-25947-0004.flac,70000,
17656,train-clean-100/6367/65536/6367-65536-0018.flac,211280,
19316,train-clean-100/1081/125237/1081-125237-0037.flac,202400,
23176,train-clean-100/83/9960/83-9960-0021.flac,159920,
10843,train-clean-100/8580/287363/8580-287363-0026.flac,233680,
6554,train-clean-100/1502/122619/1502-122619-0054.flac,244000,
15613,train-clean-100/4340/15220/4340-15220-0018.flac,219440,
14138,train-clean-100/4362/15663/4362-15663-0031.flac,224320,
23961,train-clean-100/5456/58161/5456-58161-0015.flac,143920,
14463,train-clean-100/8580/287364/8580-287364-0002.flac,223360,
27378,train-clean-100/1455/138263/1455-138263-0013.flac,61600,
22849,train-clean-100/6181/216552/6181-216552-0053.flac,166160,
23864,train-clean-100/3947/13262/3947-13262-0046.flac,146080,
22351,train-clean-100/5867/48852/5867-48852-0034.flac,173840,
28536,train-clean-100/1447/130550/1447-130550-0000.flac,26320,
5551,train-clean-100/2007/132570/2007-132570-0012.flac,246400,
19524,train-clean-100/4640/19188/4640-19188-0030.flac,201360,
24351,train-clean-100/5703/47212/5703-47212-0036.flac,135440,
4181,train-clean-100/250/140277/250-140277-0003.flac,249680,
25386,train-clean-100/2092/145706/2092-145706-0024.flac,111040,
25690,train-clean-100/1898/145720/1898-145720-0010.flac,103040,
20852,train-clean-100/4788/294466/4788-294466-0019.flac,191600,
264,train-clean-100/3214/167606/3214-167606-0006.flac,267520,
21159,train-clean-100/26/496/26-496-0007.flac,188559,
17033,train-clean-100/8465/246947/8465-246947-0027.flac,214000,
19611,train-clean-100/669/129061/669-129061-0071.flac,200800,
13483,train-clean-100/4137/11702/4137-11702-0022.flac,226400,
5623,train-clean-100/8419/286676/8419-286676-0022.flac,246160,
18286,train-clean-100/5652/39938/5652-39938-0007.flac,208160,
19556,train-clean-100/1578/140045/1578-140045-0005.flac,201120,
10487,train-clean-100/307/127539/307-127539-0038.flac,234640,
26476,train-clean-100/1081/125237/1081-125237-0003.flac,82880,
15744,train-clean-100/412/126975/412-126975-0018.flac,218880,
5870,train-clean-100/8770/295465/8770-295465-0025.flac,245520,
9930,train-clean-100/3440/171009/3440-171009-0051.flac,236000,
26344,train-clean-100/2002/139469/2002-139469-0047.flac,86080,
28362,train-clean-100/2989/138035/2989-138035-0005.flac,37280,
28042,train-clean-100/587/54108/587-54108-0042.flac,46080,
6135,train-clean-100/118/121721/118-121721-0001.flac,244960,
11061,train-clean-100/7059/88364/7059-88364-0000.flac,233120,
4306,train-clean-100/6385/34669/6385-34669-0026.flac,249360,
26855,train-clean-100/5514/19193/5514-19193-0000.flac,74080,
13242,train-clean-100/1263/139804/1263-139804-0008.flac,227119,
19695,train-clean-100/3807/4923/3807-4923-0048.flac,200320,
15740,train-clean-100/2989/138028/2989-138028-0033.flac,218880,
7436,train-clean-100/3983/5371/3983-5371-0056.flac,241920,
17167,train-clean-100/302/123523/302-123523-0014.flac,213520,
7538,train-clean-100/8419/293473/8419-293473-0013.flac,241760,
9736,train-clean-100/8838/298545/8838-298545-0001.flac,236400,
26045,train-clean-100/7178/34645/7178-34645-0037.flac,93760,
18164,train-clean-100/1970/28415/1970-28415-0011.flac,208800,
1291,train-clean-100/103/1241/103-1241-0039.flac,258160,
20599,train-clean-100/1355/39947/1355-39947-0084.flac,193840,
27747,train-clean-100/1081/125237/1081-125237-0064.flac,52880,
14003,train-clean-100/2092/145709/2092-145709-0018.flac,224800,
21835,train-clean-100/6531/61334/6531-61334-0109.flac,180720,
2304,train-clean-100/8088/284756/8088-284756-0039.flac,254400,
21875,train-clean-100/302/123523/302-123523-0024.flac,180080,
10377,train-clean-100/233/134440/233-134440-0037.flac,234880,
25059,train-clean-100/6078/54013/6078-54013-0033.flac,118720,
15097,train-clean-100/4788/94904/4788-94904-0038.flac,221200,
22579,train-clean-100/2159/179156/2159-179156-0001.flac,170640,
21132,train-clean-100/1069/133709/1069-133709-0005.flac,188800,
21797,train-clean-100/839/130898/839-130898-0089.flac,181280,
22501,train-clean-100/3242/8112/3242-8112-0013.flac,171840,
27591,train-clean-100/669/129061/669-129061-0033.flac,56640,
20145,train-clean-100/8419/293473/8419-293473-0019.flac,197200,
26110,train-clean-100/669/129061/669-129061-0006.flac,91920,
587,train-clean-100/4137/11702/4137-11702-0005.flac,263200,
7710,train-clean-100/2289/152257/2289-152257-0024.flac,241280,
2770,train-clean-100/8630/305213/8630-305213-0044.flac,253200,
2553,train-clean-100/2911/7601/2911-7601-0036.flac,253760,
25,train-clean-100/831/130739/831-130739-0057.flac,273760,
21150,train-clean-100/8063/274117/8063-274117-0021.flac,188560,
19598,train-clean-100/5163/39921/5163-39921-0045.flac,200880,
5557,train-clean-100/229/130880/229-130880-0033.flac,246321,
21669,train-clean-100/8324/286682/8324-286682-0028.flac,182960,
156,train-clean-100/5049/25947/5049-25947-0037.flac,269040,
2155,train-clean-100/26/496/26-496-0018.flac,254880,
26300,train-clean-100/5163/18515/5163-18515-0013.flac,87280,
8002,train-clean-100/5789/57195/5789-57195-0026.flac,240640,
3491,train-clean-100/118/124588/118-124588-0014.flac,251360,
8747,train-clean-100/6531/61334/6531-61334-0000.flac,238720,
21827,train-clean-100/1963/147036/1963-147036-0024.flac,180880,
15062,train-clean-100/5163/39921/5163-39921-0050.flac,221360,
26118,train-clean-100/3879/173592/3879-173592-0003.flac,91760,
7536,train-clean-100/7511/102420/7511-102420-0005.flac,241760,
16975,train-clean-100/250/142286/250-142286-0001.flac,214240,
20159,train-clean-100/4018/107338/4018-107338-0003.flac,197040,
11324,train-clean-100/4340/15220/4340-15220-0025.flac,232480,
22450,train-clean-100/7190/90542/7190-90542-0032.flac,172560,
16926,train-clean-100/4018/107312/4018-107312-0017.flac,214400,
17857,train-clean-100/5163/18515/5163-18515-0006.flac,210320,
5220,train-clean-100/3259/158083/3259-158083-0001.flac,247200,
25928,train-clean-100/4680/16042/4680-16042-0013.flac,97120,
21855,train-clean-100/8324/286683/8324-286683-0036.flac,180400,
17048,train-clean-100/328/129766/328-129766-0062.flac,213920,
8778,train-clean-100/4267/78186/4267-78186-0014.flac,238640,
22492,train-clean-100/1502/122619/1502-122619-0000.flac,171920,
20566,train-clean-100/6818/68772/6818-68772-0036.flac,194160,
21523,train-clean-100/1098/133695/1098-133695-0084.flac,184640,
3904,train-clean-100/233/134440/233-134440-0044.flac,250320,
13682,train-clean-100/374/180299/374-180299-0009.flac,225760,
23351,train-clean-100/1447/17506/1447-17506-0015.flac,156240,
23649,train-clean-100/2952/407/2952-407-0023.flac,150960,
13761,train-clean-100/3242/8112/3242-8112-0029.flac,225600,
13725,train-clean-100/5514/19192/5514-19192-0037.flac,225680,
24457,train-clean-100/211/122425/211-122425-0002.flac,133280,
13022,train-clean-100/302/123504/302-123504-0016.flac,227680,
13592,train-clean-100/2159/179154/2159-179154-0013.flac,226080,
11654,train-clean-100/302/123504/302-123504-0027.flac,231680,
12887,train-clean-100/6437/66173/6437-66173-0046.flac,228080,
19603,train-clean-100/3112/9554/3112-9554-0009.flac,200880,
2946,train-clean-100/7780/274562/7780-274562-0076.flac,252800,
2261,train-clean-100/446/123502/446-123502-0005.flac,254560,
22290,train-clean-100/3440/171009/3440-171009-0010.flac,174640,
20196,train-clean-100/32/4137/32-4137-0014.flac,196800,
2569,train-clean-100/7800/283493/7800-283493-0003.flac,253760,
21917,train-clean-100/3699/175950/3699-175950-0013.flac,179520,
23458,train-clean-100/4680/16041/4680-16041-0005.flac,154560,
10896,train-clean-100/8797/294123/8797-294123-0017.flac,233520,
25767,train-clean-100/1624/142933/1624-142933-0034.flac,100800,
5948,train-clean-100/3242/67153/3242-67153-0001.flac,245360,
3729,train-clean-100/6848/76049/6848-76049-0009.flac,250800,
27630,train-clean-100/211/122425/211-122425-0066.flac,55680,
18518,train-clean-100/8051/119902/8051-119902-0031.flac,207040,
27057,train-clean-100/163/122947/163-122947-0014.flac,69360,
3443,train-clean-100/5339/14134/5339-14134-0013.flac,251520,
12156,train-clean-100/39/121916/39-121916-0001.flac,230240,
8192,train-clean-100/3436/172162/3436-172162-0041.flac,240080,
16031,train-clean-100/32/4137/32-4137-0004.flac,217760,
19275,train-clean-100/198/129977/198-129977-0019.flac,202720,
22321,train-clean-100/7264/92314/7264-92314-0027.flac,174160,
15065,train-clean-100/6209/34599/6209-34599-0008.flac,221360,
25847,train-clean-100/1116/132847/1116-132847-0022.flac,99120,
3422,train-clean-100/8838/298545/8838-298545-0034.flac,251520,
5346,train-clean-100/3214/167606/3214-167606-0010.flac,246800,
10676,train-clean-100/2911/7601/2911-7601-0040.flac,234160,
25636,train-clean-100/1183/128659/1183-128659-0017.flac,104560,
16948,train-clean-100/4214/7146/4214-7146-0028.flac,214320,
24461,train-clean-100/730/359/730-359-0011.flac,133120,
23935,train-clean-100/5339/14133/5339-14133-0052.flac,144480,
28107,train-clean-100/587/41611/587-41611-0011.flac,44400,
4010,train-clean-100/8312/279790/8312-279790-0013.flac,250080,
8290,train-clean-100/8108/280359/8108-280359-0000.flac,239840,
17990,train-clean-100/625/132112/625-132112-0010.flac,209680,
24989,train-clean-100/328/129766/328-129766-0055.flac,120560,
11638,train-clean-100/8088/284756/8088-284756-0077.flac,231680,
15078,train-clean-100/2159/179154/2159-179154-0036.flac,221280,
10774,train-clean-100/19/227/19-227-0036.flac,233920,
22794,train-clean-100/5778/54535/5778-54535-0021.flac,167040,
25330,train-clean-100/3242/67153/3242-67153-0024.flac,112160,
28427,train-clean-100/8797/294123/8797-294123-0037.flac,35440,
22272,train-clean-100/27/123349/27-123349-0034.flac,174960,
23014,train-clean-100/4195/186236/4195-186236-0019.flac,163200,
17107,train-clean-100/4160/11549/4160-11549-0000.flac,213680,
15814,train-clean-100/5867/48852/5867-48852-0103.flac,218640,
28507,train-clean-100/211/122425/211-122425-0046.flac,32400,
21115,train-clean-100/7178/34644/7178-34644-0072.flac,189040,
17000,train-clean-100/1069/133709/1069-133709-0034.flac,214160,
23997,train-clean-100/4680/16026/4680-16026-0015.flac,143280,
18419,train-clean-100/4898/28461/4898-28461-0028.flac,207441,
8580,train-clean-100/426/122821/426-122821-0006.flac,239200,
24712,train-clean-100/8063/274112/8063-274112-0032.flac,127200,
26540,train-clean-100/5390/24512/5390-24512-0004.flac,81360,
18486,train-clean-100/200/124139/200-124139-0032.flac,207200,
12793,train-clean-100/5463/39174/5463-39174-0031.flac,228400,
25342,train-clean-100/6415/116629/6415-116629-0014.flac,112000,
568,train-clean-100/3982/178459/3982-178459-0026.flac,263440,
1068,train-clean-100/7794/295955/7794-295955-0026.flac,259360,
16806,train-clean-100/118/124588/118-124588-0018.flac,214880,
18024,train-clean-100/4853/27671/4853-27671-0002.flac,209520,
2221,train-clean-100/87/121553/87-121553-0103.flac,254640,
14639,train-clean-100/4640/19188/4640-19188-0009.flac,222720,
22605,train-clean-100/4051/11217/4051-11217-0005.flac,170320,
15718,train-clean-100/1898/145724/1898-145724-0016.flac,218960,
11439,train-clean-100/6848/252322/6848-252322-0003.flac,232160,
20226,train-clean-100/5678/43301/5678-43301-0018.flac,196640,
14353,train-clean-100/625/132118/625-132118-0025.flac,223680,
1343,train-clean-100/3214/167602/3214-167602-0032.flac,257840,
7946,train-clean-100/2989/138035/2989-138035-0058.flac,240720,
1850,train-clean-100/87/121553/87-121553-0070.flac,255840,
14871,train-clean-100/7113/86041/7113-86041-0104.flac,222000,
14936,train-clean-100/839/130898/839-130898-0041.flac,221760,
6507,train-clean-100/226/131532/226-131532-0005.flac,244080,
5260,train-clean-100/7113/86041/7113-86041-0036.flac,247040,
8086,train-clean-100/1553/140047/1553-140047-0020.flac,240400,
11734,train-clean-100/8095/274345/8095-274345-0022.flac,231440,
18870,train-clean-100/7794/295948/7794-295948-0004.flac,205040,
7220,train-clean-100/40/121026/40-121026-0036.flac,242480,
10134,train-clean-100/4051/11217/4051-11217-0021.flac,235440,
4333,train-clean-100/1334/135589/1334-135589-0072.flac,249280,
5974,train-clean-100/8324/286682/8324-286682-0023.flac,245280,
4588,train-clean-100/8095/274345/8095-274345-0019.flac,248640,
13760,train-clean-100/5393/19218/5393-19218-0059.flac,225600,
18438,train-clean-100/2691/156755/2691-156755-0009.flac,207360,
1374,train-clean-100/1867/154071/1867-154071-0043.flac,257680,
3768,train-clean-100/8098/278252/8098-278252-0021.flac,250640,
27170,train-clean-100/1246/124550/1246-124550-0039.flac,66480,
22106,train-clean-100/6181/216552/6181-216552-0097.flac,177200,
12032,train-clean-100/1963/147036/1963-147036-0003.flac,230640,
15435,train-clean-100/446/123501/446-123501-0024.flac,220080,
15579,train-clean-100/7059/77897/7059-77897-0009.flac,219520,
5926,train-clean-100/4088/158079/4088-158079-0008.flac,245440,
6528,train-clean-100/7447/91187/7447-91187-0067.flac,244000,
18248,train-clean-100/1624/142933/1624-142933-0031.flac,208480,
23095,train-clean-100/150/132655/150-132655-0028.flac,161440,
13791,train-clean-100/8312/279790/8312-279790-0042.flac,225440,
27094,train-clean-100/118/47824/118-47824-0086.flac,68400,
18274,train-clean-100/7511/102420/7511-102420-0028.flac,208240,
10120,train-clean-100/289/121652/289-121652-0013.flac,235520,
10947,train-clean-100/2092/145706/2092-145706-0077.flac,233440,
6981,train-clean-100/60/121082/60-121082-0095.flac,242960,
19333,train-clean-100/7511/102420/7511-102420-0038.flac,202320,
17964,train-clean-100/5104/33406/5104-33406-0043.flac,209760,
5582,train-clean-100/150/132655/150-132655-0010.flac,246320,
6823,train-clean-100/4267/287369/4267-287369-0003.flac,243360,
2640,train-clean-100/1898/145720/1898-145720-0004.flac,253520,
23784,train-clean-100/2911/15084/2911-15084-0013.flac,147840,
5160,train-clean-100/8975/270782/8975-270782-0026.flac,247360,
22524,train-clean-100/226/122538/226-122538-0003.flac,171520,
11985,train-clean-100/307/127535/307-127535-0040.flac,230720,
22942,train-clean-100/6367/74004/6367-74004-0034.flac,164560,
5056,train-clean-100/4397/15668/4397-15668-0010.flac,247600,
22867,train-clean-100/4160/11550/4160-11550-0033.flac,165840,
7760,train-clean-100/1723/141149/1723-141149-0071.flac,241200,
5470,train-clean-100/481/123719/481-123719-0014.flac,246560,
381,train-clean-100/5322/7680/5322-7680-0022.flac,265920,
21906,train-clean-100/374/180298/374-180298-0045.flac,179680,
3034,train-clean-100/6209/34599/6209-34599-0017.flac,252560,
80,train-clean-100/1624/142933/1624-142933-0019.flac,270960,
26998,train-clean-100/6925/80680/6925-80680-0063.flac,70880,
13211,train-clean-100/4898/28461/4898-28461-0027.flac,227200,
5080,train-clean-100/7635/105409/7635-105409-0012.flac,247520,
18718,train-clean-100/6181/216552/6181-216552-0113.flac,206000,
3708,train-clean-100/89/218/89-218-0051.flac,250800,
15213,train-clean-100/446/123501/446-123501-0051.flac,220800,
18021,train-clean-100/289/121652/289-121652-0034.flac,209520,
16731,train-clean-100/89/218/89-218-0030.flac,215200,
14984,train-clean-100/2416/152139/2416-152139-0048.flac,221600,
17008,train-clean-100/26/495/26-495-0038.flac,214080,
18117,train-clean-100/7635/105409/7635-105409-0013.flac,209119,
20719,train-clean-100/7226/86965/7226-86965-0013.flac,192800,
5545,train-clean-100/6367/65536/6367-65536-0063.flac,246400,
15320,train-clean-100/446/123502/446-123502-0041.flac,220480,
12174,train-clean-100/4406/16883/4406-16883-0020.flac,230160,
21802,train-clean-100/250/142276/250-142276-0006.flac,181280,
6496,train-clean-100/4481/17498/4481-17498-0015.flac,244080,
12893,train-clean-100/2518/154825/2518-154825-0034.flac,228080,
27676,train-clean-100/2007/132570/2007-132570-0039.flac,54320,
8061,train-clean-100/248/130652/248-130652-0033.flac,240400,
9073,train-clean-100/8419/286667/8419-286667-0029.flac,238000,
11208,train-clean-100/1624/168623/1624-168623-0012.flac,232800,
8989,train-clean-100/3807/4923/3807-4923-0023.flac,238160,
2135,train-clean-100/40/222/40-222-0011.flac,254960,
8941,train-clean-100/7264/92310/7264-92310-0016.flac,238320,
21495,train-clean-100/5688/41232/5688-41232-0069.flac,184960,
12557,train-clean-100/1578/140049/1578-140049-0009.flac,229120,
15154,train-clean-100/2764/36617/2764-36617-0031.flac,221040,
18447,train-clean-100/6925/80680/6925-80680-0059.flac,207360,
18754,train-clean-100/2691/156745/2691-156745-0010.flac,205840,
23112,train-clean-100/6081/41997/6081-41997-0021.flac,161040,
11189,train-clean-100/3259/158083/3259-158083-0071.flac,232800,
21076,train-clean-100/1624/142933/1624-142933-0042.flac,189440,
26582,train-clean-100/1183/128659/1183-128659-0016.flac,80240,
23846,train-clean-100/6415/100596/6415-100596-0015.flac,146560,
22212,train-clean-100/322/124147/322-124147-0050.flac,175760,
15051,train-clean-100/163/122947/163-122947-0085.flac,221360,
810,train-clean-100/1578/140049/1578-140049-0031.flac,261120,
27539,train-clean-100/5561/39621/5561-39621-0022.flac,58240,
8697,train-clean-100/2843/152918/2843-152918-0087.flac,238800,
26956,train-clean-100/26/495/26-495-0088.flac,71840,
27010,train-clean-100/3982/178459/3982-178459-0012.flac,70640,
5796,train-clean-100/5652/39938/5652-39938-0018.flac,245760,
13759,train-clean-100/3486/166424/3486-166424-0065.flac,225600,
2339,train-clean-100/5192/19397/5192-19397-0063.flac,254320,
21931,train-clean-100/19/227/19-227-0056.flac,179360,
2485,train-clean-100/198/209/198-209-0007.flac,254000,
9118,train-clean-100/4813/248638/4813-248638-0011.flac,237840,
26362,train-clean-100/198/126831/198-126831-0003.flac,85680,
11566,train-clean-100/8465/246940/8465-246940-0027.flac,231840,
7379,train-clean-100/8425/287387/8425-287387-0015.flac,242080,
10924,train-clean-100/2007/132570/2007-132570-0034.flac,233520,
24264,train-clean-100/5049/25947/5049-25947-0050.flac,137840,
1271,train-clean-100/5688/15787/5688-15787-0037.flac,258240,
9357,train-clean-100/1992/141719/1992-141719-0022.flac,237280,
12581,train-clean-100/2910/131096/2910-131096-0072.flac,229040,
10078,train-clean-100/2911/7601/2911-7601-0009.flac,235600,
20452,train-clean-100/2764/36617/2764-36617-0035.flac,195040,
15231,train-clean-100/5339/14133/5339-14133-0026.flac,220720,
25224,train-clean-100/6147/34606/6147-34606-0026.flac,114960,
13308,train-clean-100/1970/28415/1970-28415-0020.flac,226880,
27562,train-clean-100/6000/55211/6000-55211-0010.flac,57280,
19070,train-clean-100/1553/140047/1553-140047-0040.flac,203920,
13751,train-clean-100/2289/152258/2289-152258-0039.flac,225600,
27123,train-clean-100/150/132655/150-132655-0034.flac,67600,
26177,train-clean-100/7278/246956/7278-246956-0033.flac,90720,
11372,train-clean-100/1553/140047/1553-140047-0003.flac,232320,
970,train-clean-100/32/21631/32-21631-0000.flac,260000,
2916,train-clean-100/1116/132847/1116-132847-0020.flac,252880,
27019,train-clean-100/8088/284756/8088-284756-0090.flac,70320,
25023,train-clean-100/8468/286673/8468-286673-0015.flac,119840,
19238,train-clean-100/8238/283452/8238-283452-0013.flac,202960,
19762,train-clean-100/4195/17507/4195-17507-0015.flac,199920,
19535,train-clean-100/6081/42010/6081-42010-0034.flac,201280,
12233,train-clean-100/8123/275193/8123-275193-0026.flac,230000,
13722,train-clean-100/3982/178459/3982-178459-0016.flac,225680,
13723,train-clean-100/7302/86815/7302-86815-0014.flac,225680,
24080,train-clean-100/1455/138263/1455-138263-0014.flac,141360,
13949,train-clean-100/3242/8112/3242-8112-0012.flac,224960,
26984,train-clean-100/2007/132570/2007-132570-0003.flac,71280,
1042,train-clean-100/1355/39947/1355-39947-0016.flac,259520,
4765,train-clean-100/6147/34605/6147-34605-0009.flac,248240,
27560,train-clean-100/2989/138035/2989-138035-0031.flac,57360,
5745,train-clean-100/426/122819/426-122819-0020.flac,245840,
10866,train-clean-100/196/122150/196-122150-0014.flac,233600,
9065,train-clean-100/6272/70191/6272-70191-0025.flac,238000,
4516,train-clean-100/26/495/26-495-0044.flac,248800,
23375,train-clean-100/730/360/730-360-0028.flac,155840,
6271,train-clean-100/226/122538/226-122538-0031.flac,244640,
4624,train-clean-100/4830/25904/4830-25904-0013.flac,248560,
20393,train-clean-100/2436/2476/2436-2476-0017.flac,195440,
27778,train-clean-100/6078/54013/6078-54013-0078.flac,52320,
13810,train-clean-100/229/130880/229-130880-0065.flac,225440,
5092,train-clean-100/8098/278252/8098-278252-0030.flac,247520,
22098,train-clean-100/118/47824/118-47824-0019.flac,177280,
5134,train-clean-100/909/131044/909-131044-0019.flac,247440,
27984,train-clean-100/332/128985/332-128985-0072.flac,47200,
5830,train-clean-100/7800/283492/7800-283492-0038.flac,245600,
22077,train-clean-100/7780/274562/7780-274562-0050.flac,177520,
10717,train-clean-100/4481/17498/4481-17498-0022.flac,234000,
890,train-clean-100/5678/43302/5678-43302-0036.flac,260560,
10503,train-clean-100/7505/258958/7505-258958-0020.flac,234560,
7513,train-clean-100/8051/119902/8051-119902-0011.flac,241760,
11321,train-clean-100/289/121652/289-121652-0021.flac,232480,
20486,train-clean-100/125/121124/125-121124-0024.flac,194800,
21125,train-clean-100/8095/274345/8095-274345-0014.flac,188880,
896,train-clean-100/441/128982/441-128982-0018.flac,260560,
9364,train-clean-100/311/124404/311-124404-0076.flac,237280,
5802,train-clean-100/2136/5143/2136-5143-0033.flac,245760,
8996,train-clean-100/2911/7601/2911-7601-0013.flac,238160,
8008,train-clean-100/26/495/26-495-0070.flac,240560,
22895,train-clean-100/4214/7146/4214-7146-0038.flac,165440,
345,train-clean-100/3807/4955/3807-4955-0016.flac,266320,
13191,train-clean-100/405/130894/405-130894-0067.flac,227280,
26157,train-clean-100/1455/134435/1455-134435-0006.flac,91040,
23987,train-clean-100/254/145458/254-145458-0005.flac,143440,
27504,train-clean-100/6531/61334/6531-61334-0066.flac,59040,
22850,train-clean-100/211/122425/211-122425-0060.flac,166080,
12737,train-clean-100/1455/134435/1455-134435-0015.flac,228560,
2075,train-clean-100/7190/90543/7190-90543-0023.flac,255200,
3809,train-clean-100/6848/252322/6848-252322-0031.flac,250560,
24979,train-clean-100/118/47824/118-47824-0020.flac,120720,
1982,train-clean-100/4680/16042/4680-16042-0017.flac,255440,
9465,train-clean-100/730/360/730-360-0016.flac,237040,
3949,train-clean-100/2817/142371/2817-142371-0004.flac,250240,
5714,train-clean-100/6019/3185/6019-3185-0072.flac,245920,
6023,train-clean-100/8425/291444/8425-291444-0005.flac,245200,
2671,train-clean-100/1624/142933/1624-142933-0027.flac,253440,
11857,train-clean-100/2002/139469/2002-139469-0043.flac,231120,
19113,train-clean-100/200/126784/200-126784-0004.flac,203680,
717,train-clean-100/40/222/40-222-0047.flac,262080,
27975,train-clean-100/4267/72637/4267-72637-0017.flac,47440,
1471,train-clean-100/2893/139322/2893-139322-0031.flac,257200,
25599,train-clean-100/2843/152918/2843-152918-0101.flac,105520,
9937,train-clean-100/4018/103416/4018-103416-0021.flac,235920,
23897,train-clean-100/8108/280354/8108-280354-0010.flac,145200,
15992,train-clean-100/696/92939/696-92939-0005.flac,217920,
13529,train-clean-100/198/209/198-209-0014.flac,226240,
24066,train-clean-100/5808/48608/5808-48608-0060.flac,141760,
20186,train-clean-100/6019/3185/6019-3185-0111.flac,196880,
17916,train-clean-100/19/227/19-227-0021.flac,210000,
19698,train-clean-100/4051/11217/4051-11217-0028.flac,200320,
25966,train-clean-100/2817/142380/2817-142380-0029.flac,96320,
22952,train-clean-100/1841/179183/1841-179183-0028.flac,164400,
26035,train-clean-100/8063/274116/8063-274116-0039.flac,94080,
23807,train-clean-100/8051/118101/8051-118101-0008.flac,147280,
23543,train-clean-100/26/495/26-495-0049.flac,153040,
5720,train-clean-100/8098/278252/8098-278252-0007.flac,245920,
5523,train-clean-100/8630/305212/8630-305212-0004.flac,246480,
16030,train-clean-100/8063/274112/8063-274112-0009.flac,217760,
7284,train-clean-100/4898/20016/4898-20016-0034.flac,242320,
19581,train-clean-100/5652/19215/5652-19215-0052.flac,200960,
25332,train-clean-100/3374/298026/3374-298026-0000.flac,112160,
9694,train-clean-100/298/126791/298-126791-0019.flac,236480,
9895,train-clean-100/8312/279791/8312-279791-0020.flac,236000,
20548,train-clean-100/2007/132570/2007-132570-0021.flac,194320,
20637,train-clean-100/7780/274562/7780-274562-0025.flac,193440,
1543,train-clean-100/8630/305213/8630-305213-0029.flac,256880,
22223,train-clean-100/3664/178366/3664-178366-0004.flac,175680,
18533,train-clean-100/446/123501/446-123501-0003.flac,206960,
8165,train-clean-100/1069/133699/1069-133699-0046.flac,240160,
2103,train-clean-100/5688/15787/5688-15787-0007.flac,255040,
21254,train-clean-100/7517/100429/7517-100429-0016.flac,187680,
23826,train-clean-100/7178/34644/7178-34644-0033.flac,146880,
24408,train-clean-100/4195/186238/4195-186238-0025.flac,134160,
18386,train-clean-100/1455/134435/1455-134435-0008.flac,207680,
24315,train-clean-100/201/122255/201-122255-0041.flac,136400,
20751,train-clean-100/2391/145015/2391-145015-0069.flac,192560,
4513,train-clean-100/328/129766/328-129766-0093.flac,248800,
23511,train-clean-100/254/12312/254-12312-0010.flac,153680,
9360,train-clean-100/6925/80680/6925-80680-0000.flac,237280,
12209,train-clean-100/446/123501/446-123501-0044.flac,230080,
17824,train-clean-100/2416/152139/2416-152139-0059.flac,210480,
14908,train-clean-100/6454/120342/6454-120342-0020.flac,221840,
22400,train-clean-100/7059/77897/7059-77897-0012.flac,173280,
9597,train-clean-100/198/126831/198-126831-0009.flac,236720,
11808,train-clean-100/6529/62554/6529-62554-0053.flac,231280,
2484,train-clean-100/200/124139/200-124139-0006.flac,254000,
1751,train-clean-100/254/127705/254-127705-0029.flac,256160,
10634,train-clean-100/2893/139310/2893-139310-0039.flac,234240,
24730,train-clean-100/3240/131231/3240-131231-0043.flac,126800,
18312,train-clean-100/2384/152900/2384-152900-0068.flac,208080,
27042,train-clean-100/8419/293469/8419-293469-0001.flac,70000,
12011,train-clean-100/1992/141719/1992-141719-0006.flac,230720,
15413,train-clean-100/302/123504/302-123504-0026.flac,220160,
2609,train-clean-100/1992/141719/1992-141719-0036.flac,253600,
12334,train-clean-100/458/126305/458-126305-0003.flac,229760,
797,train-clean-100/8226/274371/8226-274371-0002.flac,261280,
6439,train-clean-100/307/127539/307-127539-0022.flac,244240,
24278,train-clean-100/198/126831/198-126831-0052.flac,137360,
8044,train-clean-100/1040/133433/1040-133433-0029.flac,240480,
26830,train-clean-100/307/127535/307-127535-0035.flac,74640,
4369,train-clean-100/1867/154071/1867-154071-0011.flac,249200,
27199,train-clean-100/5192/19397/5192-19397-0004.flac,65680,
20346,train-clean-100/7780/274562/7780-274562-0040.flac,195760,
25008,train-clean-100/3436/172162/3436-172162-0051.flac,120240,
17658,train-clean-100/2989/138028/2989-138028-0007.flac,211280,
19786,train-clean-100/2691/156755/2691-156755-0004.flac,199760,
7616,train-clean-100/7148/82991/7148-82991-0007.flac,241520,
13329,train-clean-100/1737/142396/1737-142396-0007.flac,226800,
7955,train-clean-100/32/4137/32-4137-0013.flac,240720,
6898,train-clean-100/250/140277/250-140277-0006.flac,243200,
22141,train-clean-100/909/131045/909-131045-0013.flac,176800,
27855,train-clean-100/1594/135914/1594-135914-0101.flac,50560,
627,train-clean-100/7635/105409/7635-105409-0061.flac,262880,
19737,train-clean-100/3440/171009/3440-171009-0046.flac,200080,
15391,train-clean-100/7859/102519/7859-102519-0023.flac,220240,
6882,train-clean-100/1624/168623/1624-168623-0000.flac,243200,
24333,train-clean-100/4088/158077/4088-158077-0057.flac,135760,
2987,train-clean-100/1246/124550/1246-124550-0037.flac,252640,
22432,train-clean-100/5463/39174/5463-39174-0009.flac,172800,
26994,train-clean-100/4859/26870/4859-26870-0020.flac,70960,
8246,train-clean-100/8123/275216/8123-275216-0022.flac,239920,
1018,train-clean-100/5867/48852/5867-48852-0107.flac,259680,
3376,train-clean-100/6181/216552/6181-216552-0069.flac,251601,
28169,train-clean-100/211/122442/211-122442-0047.flac,42960,
14930,train-clean-100/8324/286683/8324-286683-0030.flac,221760,
816,train-clean-100/2436/2476/2436-2476-0024.flac,261120,
21471,train-clean-100/3526/176651/3526-176651-0018.flac,185120,
19899,train-clean-100/911/130578/911-130578-0018.flac,199040,
27563,train-clean-100/78/368/78-368-0042.flac,57200,
19619,train-clean-100/8630/305213/8630-305213-0005.flac,200720,
11408,train-clean-100/3526/175658/3526-175658-0021.flac,232240,
2396,train-clean-100/298/126790/298-126790-0006.flac,254160,
6994,train-clean-100/4088/158077/4088-158077-0012.flac,242960,
8637,train-clean-100/250/142276/250-142276-0061.flac,239040,
6491,train-clean-100/103/1240/103-1240-0013.flac,244160,
28322,train-clean-100/1040/133433/1040-133433-0066.flac,38320,
2607,train-clean-100/4362/15663/4362-15663-0100.flac,253600,
2705,train-clean-100/4137/11701/4137-11701-0011.flac,253360,
22615,train-clean-100/5561/39621/5561-39621-0019.flac,170160,
5430,train-clean-100/4853/27670/4853-27670-0012.flac,246640,
23379,train-clean-100/6181/216552/6181-216552-0000.flac,155840,
17100,train-clean-100/5390/24512/5390-24512-0016.flac,213760,
8773,train-clean-100/26/495/26-495-0063.flac,238640,
20854,train-clean-100/3374/298026/3374-298026-0026.flac,191600,
25405,train-clean-100/1926/147979/1926-147979-0001.flac,110400,
24598,train-clean-100/6925/80680/6925-80680-0056.flac,130080,
17629,train-clean-100/201/122255/201-122255-0006.flac,211440,
3813,train-clean-100/8324/286682/8324-286682-0026.flac,250560,
9616,train-clean-100/7078/271888/7078-271888-0036.flac,236720,
23433,train-clean-100/7302/86815/7302-86815-0068.flac,154880,
12133,train-clean-100/6415/100596/6415-100596-0009.flac,230320,
18160,train-clean-100/4018/103416/4018-103416-0019.flac,208880,
9344,train-clean-100/1926/147979/1926-147979-0040.flac,237280,
17216,train-clean-100/78/368/78-368-0052.flac,213280,
23341,train-clean-100/7859/102519/7859-102519-0054.flac,156320,
21182,train-clean-100/196/122159/196-122159-0017.flac,188320,
24234,train-clean-100/831/130739/831-130739-0050.flac,138400,
3363,train-clean-100/2843/152918/2843-152918-0059.flac,251680,
21769,train-clean-100/3857/182317/3857-182317-0026.flac,181760,
18725,train-clean-100/1363/139304/1363-139304-0024.flac,206000,
24721,train-clean-100/8419/286676/8419-286676-0019.flac,126960,
4390,train-clean-100/3857/182317/3857-182317-0013.flac,249120,
25465,train-clean-100/6476/57446/6476-57446-0017.flac,108960,
24137,train-clean-100/2911/7601/2911-7601-0017.flac,140240,
27653,train-clean-100/39/121915/39-121915-0026.flac,55040,
6602,train-clean-100/2416/152139/2416-152139-0043.flac,243840,
18453,train-clean-100/6836/61804/6836-61804-0025.flac,207280,
24743,train-clean-100/1867/154071/1867-154071-0003.flac,126560,
24292,train-clean-100/3699/19402/3699-19402-0026.flac,137120,
8559,train-clean-100/3526/175658/3526-175658-0008.flac,239200,
9375,train-clean-100/6437/66172/6437-66172-0012.flac,237200,
6384,train-clean-100/7148/7763/7148-7763-0007.flac,244400,
5484,train-clean-100/6147/34605/6147-34605-0024.flac,246560,
10114,train-clean-100/6147/34605/6147-34605-0014.flac,235520,
6087,train-clean-100/6563/285357/6563-285357-0016.flac,245040,
7231,train-clean-100/2289/152253/2289-152253-0000.flac,242400,
3284,train-clean-100/3440/171009/3440-171009-0038.flac,251920,
14969,train-clean-100/211/122425/211-122425-0018.flac,221680,
19075,train-clean-100/1502/122619/1502-122619-0060.flac,203920,
26046,train-clean-100/6209/34601/6209-34601-0038.flac,93760,
24558,train-clean-100/201/127786/201-127786-0031.flac,130880,
1408,train-clean-100/3982/178459/3982-178459-0030.flac,257440,
13883,train-clean-100/26/495/26-495-0054.flac,225120,
25879,train-clean-100/6385/34655/6385-34655-0032.flac,98400,
20653,train-clean-100/233/155990/233-155990-0027.flac,193280,
8201,train-clean-100/5104/33407/5104-33407-0008.flac,240080,
22381,train-clean-100/1970/28415/1970-28415-0039.flac,173520,
1544,train-clean-100/3830/12535/3830-12535-0028.flac,256880,
2492,train-clean-100/8747/293952/8747-293952-0080.flac,253920,
8776,train-clean-100/87/121553/87-121553-0044.flac,238640,
21598,train-clean-100/322/124147/322-124147-0043.flac,183760,
20194,train-clean-100/3486/166446/3486-166446-0006.flac,196800,
26194,train-clean-100/6147/34605/6147-34605-0038.flac,90080,
10315,train-clean-100/4018/103416/4018-103416-0027.flac,235040,
22465,train-clean-100/298/126790/298-126790-0035.flac,172400,
5633,train-clean-100/150/126107/150-126107-0033.flac,246160,
9271,train-clean-100/374/180298/374-180298-0015.flac,237440,
21461,train-clean-100/8238/274553/8238-274553-0037.flac,185280,
25633,train-clean-100/587/54108/587-54108-0016.flac,104720,
10227,train-clean-100/7078/271888/7078-271888-0047.flac,235280,
2328,train-clean-100/2910/131096/2910-131096-0044.flac,254320,
22550,train-clean-100/8088/284756/8088-284756-0011.flac,171200,
17963,train-clean-100/2289/152257/2289-152257-0009.flac,209760,
23134,train-clean-100/3214/167606/3214-167606-0003.flac,160641,
27725,train-clean-100/8063/274115/8063-274115-0025.flac,53440,
3553,train-clean-100/1363/135842/1363-135842-0026.flac,251200,
24304,train-clean-100/198/126831/198-126831-0032.flac,136720,
25515,train-clean-100/1926/147987/1926-147987-0015.flac,107760,
1686,train-clean-100/4214/7146/4214-7146-0062.flac,256320,
6392,train-clean-100/3699/19402/3699-19402-0019.flac,244320,
13324,train-clean-100/4406/16882/4406-16882-0040.flac,226880,
20018,train-clean-100/831/130739/831-130739-0027.flac,198080,
23397,train-clean-100/4014/186175/4014-186175-0015.flac,155520,
27046,train-clean-100/1116/132847/1116-132847-0021.flac,69840,
82,train-clean-100/4088/158077/4088-158077-0062.flac,270960,
18911,train-clean-100/5867/48852/5867-48852-0009.flac,204880,
6454,train-clean-100/8324/286682/8324-286682-0036.flac,244240,
16719,train-clean-100/696/93314/696-93314-0024.flac,215200,
22576,train-clean-100/1594/135914/1594-135914-0093.flac,170720,
5957,train-clean-100/6563/63821/6563-63821-0032.flac,245360,
13125,train-clean-100/8419/286676/8419-286676-0005.flac,227440,
2695,train-clean-100/2416/152139/2416-152139-0030.flac,253440,
25293,train-clean-100/4830/25898/4830-25898-0016.flac,112879,
13213,train-clean-100/1246/124548/1246-124548-0033.flac,227200,
10221,train-clean-100/4406/16883/4406-16883-0034.flac,235280,
24035,train-clean-100/32/21634/32-21634-0016.flac,142560,
4547,train-clean-100/4853/27671/4853-27671-0033.flac,248720,
24130,train-clean-100/887/123291/887-123291-0032.flac,140401,
16561,train-clean-100/4397/15666/4397-15666-0014.flac,215840,
23877,train-clean-100/4088/158077/4088-158077-0011.flac,145680,
8174,train-clean-100/26/496/26-496-0022.flac,240080,
866,train-clean-100/5322/7678/5322-7678-0026.flac,260800,
15658,train-clean-100/7067/76047/7067-76047-0017.flac,219280,
27765,train-clean-100/6563/285357/6563-285357-0032.flac,52560,
27470,train-clean-100/39/121915/39-121915-0007.flac,59760,
5492,train-clean-100/2764/36617/2764-36617-0032.flac,246560,
8848,train-clean-100/8425/287387/8425-287387-0017.flac,238480,
3334,train-clean-100/4830/25904/4830-25904-0034.flac,251760,
3936,train-clean-100/625/132112/625-132112-0024.flac,250240,
12507,train-clean-100/3857/180923/3857-180923-0028.flac,229280,
4102,train-clean-100/2182/181173/2182-181173-0015.flac,249920,
7158,train-clean-100/2289/152254/2289-152254-0003.flac,242560,
15589,train-clean-100/8630/305212/8630-305212-0026.flac,219520,
8294,train-clean-100/1088/129236/1088-129236-0028.flac,239840,
19782,train-clean-100/19/227/19-227-0014.flac,199840,
11690,train-clean-100/2911/15045/2911-15045-0025.flac,231520,
10671,train-clean-100/1088/134315/1088-134315-0044.flac,234160,
23481,train-clean-100/40/222/40-222-0009.flac,154240,
4266,train-clean-100/1502/122615/1502-122615-0019.flac,249520,
3677,train-clean-100/4406/16883/4406-16883-0041.flac,250880,
7746,train-clean-100/8425/246962/8425-246962-0005.flac,241200,
28459,train-clean-100/6880/216547/6880-216547-0104.flac,34560,
13504,train-clean-100/5163/18515/5163-18515-0021.flac,226320,
1899,train-clean-100/2843/152918/2843-152918-0046.flac,255680,
7117,train-clean-100/441/128982/441-128982-0031.flac,242640,
700,train-clean-100/2910/131096/2910-131096-0078.flac,262239,
10,train-clean-100/1034/121119/1034-121119-0049.flac,275840,
17707,train-clean-100/1926/147987/1926-147987-0016.flac,211120,
7868,train-clean-100/8088/284756/8088-284756-0003.flac,240880,
23643,train-clean-100/5561/41616/5561-41616-0030.flac,151120,
11570,train-clean-100/6081/41997/6081-41997-0020.flac,231840,
26973,train-clean-100/3486/166446/3486-166446-0004.flac,71440,
1993,train-clean-100/1235/135887/1235-135887-0028.flac,255440,
12851,train-clean-100/8425/246962/8425-246962-0008.flac,228240,
22865,train-clean-100/7302/86815/7302-86815-0005.flac,165920,
12222,train-clean-100/6836/76549/6836-76549-0010.flac,230000,
13818,train-clean-100/4406/16883/4406-16883-0040.flac,225360,
26917,train-clean-100/2136/5143/2136-5143-0042.flac,72800,
5283,train-clean-100/8312/279791/8312-279791-0040.flac,247040,
20395,train-clean-100/7302/86815/7302-86815-0029.flac,195440,
18713,train-clean-100/248/130697/248-130697-0021.flac,206000,
7160,train-clean-100/7226/86964/7226-86964-0048.flac,242560,
17001,train-clean-100/5463/39173/5463-39173-0028.flac,214160,
4534,train-clean-100/7800/283493/7800-283493-0008.flac,248800,
11516,train-clean-100/1246/124548/1246-124548-0030.flac,231921,
21936,train-clean-100/150/132655/150-132655-0009.flac,179360,
6277,train-clean-100/2384/152900/2384-152900-0081.flac,244640,
28370,train-clean-100/2911/12359/2911-12359-0024.flac,37040,
7476,train-clean-100/250/142276/250-142276-0030.flac,241840,
2551,train-clean-100/2136/5140/2136-5140-0038.flac,253760,
16064,train-clean-100/6476/96661/6476-96661-0005.flac,217680,
11316,train-clean-100/7190/90542/7190-90542-0073.flac,232480,
21322,train-clean-100/7635/105661/7635-105661-0049.flac,186880,
26631,train-clean-100/4640/19188/4640-19188-0004.flac,79280,
21055,train-clean-100/730/358/730-358-0002.flac,189600,
10607,train-clean-100/2691/156755/2691-156755-0032.flac,234320,
15849,train-clean-100/5688/41232/5688-41232-0076.flac,218480,
10828,train-clean-100/6064/300880/6064-300880-0021.flac,233680,
25253,train-clean-100/1594/135914/1594-135914-0041.flac,114160,
21374,train-clean-100/3259/158083/3259-158083-0113.flac,186400,
20484,train-clean-100/1743/142912/1743-142912-0010.flac,194800,
2749,train-clean-100/6385/220959/6385-220959-0038.flac,253280,
5500,train-clean-100/150/126107/150-126107-0017.flac,246480,
7245,train-clean-100/7264/92314/7264-92314-0025.flac,242400,
10578,train-clean-100/8324/286682/8324-286682-0009.flac,234400,
14846,train-clean-100/302/123523/302-123523-0007.flac,222080,
15064,train-clean-100/5652/19215/5652-19215-0023.flac,221360,
19258,train-clean-100/8609/283227/8609-283227-0034.flac,202880,
14382,train-clean-100/4160/11549/4160-11549-0022.flac,223600,
4583,train-clean-100/7517/100437/7517-100437-0031.flac,248640,
7582,train-clean-100/6078/54007/6078-54007-0029.flac,241600,
17962,train-clean-100/3214/167602/3214-167602-0023.flac,209760,
22113,train-clean-100/5652/39938/5652-39938-0035.flac,177200,
6149,train-clean-100/8051/295385/8051-295385-0019.flac,244880,
2629,train-clean-100/2514/149482/2514-149482-0055.flac,253600,
7709,train-clean-100/2391/145015/2391-145015-0067.flac,241280,
8458,train-clean-100/8098/278252/8098-278252-0013.flac,239440,
2801,train-clean-100/60/121082/60-121082-0039.flac,253120,
11637,train-clean-100/6081/41998/6081-41998-0000.flac,231680,
7285,train-clean-100/8419/293473/8419-293473-0000.flac,242320,
12144,train-clean-100/1069/133709/1069-133709-0001.flac,230240,
2017,train-clean-100/7517/100437/7517-100437-0016.flac,255360,
3075,train-clean-100/1841/159771/1841-159771-0034.flac,252480,
7596,train-clean-100/6563/63821/6563-63821-0019.flac,241600,
7856,train-clean-100/2514/149482/2514-149482-0018.flac,240960,
16033,train-clean-100/6529/62554/6529-62554-0051.flac,217760,
16088,train-clean-100/2952/410/2952-410-0054.flac,217600,
26370,train-clean-100/1624/142933/1624-142933-0038.flac,85520,
11649,train-clean-100/19/198/19-198-0028.flac,231680,
281,train-clean-100/7505/258964/7505-258964-0003.flac,267280,
6378,train-clean-100/8238/274553/8238-274553-0013.flac,244400,
7523,train-clean-100/441/128982/441-128982-0011.flac,241760,
14159,train-clean-100/8098/278278/8098-278278-0007.flac,224240,
10337,train-clean-100/6836/61804/6836-61804-0015.flac,234960,
1422,train-clean-100/6476/57446/6476-57446-0029.flac,257440,
3039,train-clean-100/8770/295465/8770-295465-0031.flac,252560,
21784,train-clean-100/8226/274369/8226-274369-0046.flac,181440,
18112,train-clean-100/7794/295947/7794-295947-0016.flac,209120,
9204,train-clean-100/311/124404/311-124404-0044.flac,237680,
21833,train-clean-100/7635/105409/7635-105409-0000.flac,180720,
22481,train-clean-100/1116/137572/1116-137572-0029.flac,172080,
19648,train-clean-100/441/128982/441-128982-0023.flac,200560,
5699,train-clean-100/3374/298026/3374-298026-0017.flac,246000,
36,train-clean-100/6848/252323/6848-252323-0012.flac,273200,
16396,train-clean-100/4195/17507/4195-17507-0018.flac,216560,
2094,train-clean-100/2836/5354/2836-5354-0015.flac,255041,
18461,train-clean-100/8770/295462/8770-295462-0013.flac,207280,
16368,train-clean-100/8797/294123/8797-294123-0089.flac,216640,
21680,train-clean-100/4853/27671/4853-27671-0036.flac,182800,
5982,train-clean-100/2159/179157/2159-179157-0017.flac,245280,
12631,train-clean-100/460/172359/460-172359-0053.flac,228880,
24495,train-clean-100/8630/305213/8630-305213-0004.flac,132480,
27557,train-clean-100/118/121721/118-121721-0000.flac,57520,
674,train-clean-100/8975/270782/8975-270782-0059.flac,262480,
24811,train-clean-100/198/126831/198-126831-0038.flac,124640,
16899,train-clean-100/6437/66173/6437-66173-0012.flac,214560,
12612,train-clean-100/150/126112/150-126112-0032.flac,228960,
2570,train-clean-100/8226/274371/8226-274371-0005.flac,253760,
9377,train-clean-100/7078/271888/7078-271888-0101.flac,237200,
2293,train-clean-100/5867/48852/5867-48852-0100.flac,254480,
28395,train-clean-100/198/129977/198-129977-0032.flac,36400,
18355,train-clean-100/7859/102519/7859-102519-0007.flac,207840,
21935,train-clean-100/4051/11218/4051-11218-0044.flac,179360,
8924,train-clean-100/2136/5147/2136-5147-0017.flac,238320,
631,train-clean-100/163/122947/163-122947-0037.flac,262880,
17404,train-clean-100/4481/17498/4481-17498-0041.flac,212400,
7830,train-clean-100/8747/293952/8747-293952-0034.flac,241040,
5945,train-clean-100/3235/28433/3235-28433-0013.flac,245360,
2265,train-clean-100/4441/76250/4441-76250-0018.flac,254560,
8654,train-clean-100/163/121908/163-121908-0010.flac,238960,
26515,train-clean-100/839/130898/839-130898-0016.flac,82000,
10163,train-clean-100/2289/152253/2289-152253-0009.flac,235440,
14983,train-clean-100/374/180299/374-180299-0016.flac,221600,
24773,train-clean-100/4014/186179/4014-186179-0043.flac,125600,
26490,train-clean-100/32/4137/32-4137-0018.flac,82560,
17253,train-clean-100/5390/30096/5390-30096-0018.flac,213040,
25656,train-clean-100/5688/41232/5688-41232-0004.flac,103920,
13460,train-clean-100/446/123502/446-123502-0046.flac,226480,
8914,train-clean-100/3607/29116/3607-29116-0032.flac,238320,
24185,train-clean-100/1743/142912/1743-142912-0036.flac,139360,
26752,train-clean-100/4051/10927/4051-10927-0002.flac,76720,
378,train-clean-100/1898/145702/1898-145702-0006.flac,265920,
13495,train-clean-100/40/121026/40-121026-0023.flac,226400,
4578,train-clean-100/6437/66172/6437-66172-0029.flac,248720,
28505,train-clean-100/2436/2476/2436-2476-0015.flac,32480,
8181,train-clean-100/248/130644/248-130644-0002.flac,240080,
19522,train-clean-100/302/123523/302-123523-0004.flac,201360,
25086,train-clean-100/730/360/730-360-0027.flac,118080,
2816,train-clean-100/3857/182317/3857-182317-0008.flac,253120,
6654,train-clean-100/1841/150351/1841-150351-0029.flac,243760,
22021,train-clean-100/2691/156745/2691-156745-0033.flac,178320,
9529,train-clean-100/3699/19402/3699-19402-0001.flac,236880,
14514,train-clean-100/7447/91187/7447-91187-0019.flac,223200,
3502,train-clean-100/4640/19188/4640-19188-0032.flac,251360,
26235,train-clean-100/7517/100429/7517-100429-0008.flac,89040,
7537,train-clean-100/8838/298546/8838-298546-0035.flac,241760,
6632,train-clean-100/1502/122619/1502-122619-0022.flac,243840,
26249,train-clean-100/1963/147036/1963-147036-0011.flac,88560,
8279,train-clean-100/7517/100442/7517-100442-0006.flac,239919,
9137,train-clean-100/6454/93938/6454-93938-0031.flac,237840,
8476,train-clean-100/911/128684/911-128684-0036.flac,239440,
9287,train-clean-100/8629/261139/8629-261139-0066.flac,237440,
9144,train-clean-100/1502/122619/1502-122619-0072.flac,237760,
14883,train-clean-100/3879/174923/3879-174923-0027.flac,221920,
24791,train-clean-100/26/496/26-496-0015.flac,125120,
9290,train-clean-100/7367/86737/7367-86737-0087.flac,237440,
17867,train-clean-100/441/128988/441-128988-0023.flac,210240,
15204,train-clean-100/229/130880/229-130880-0016.flac,220800,
2201,train-clean-100/5322/7679/5322-7679-0007.flac,254720,
9913,train-clean-100/839/130898/839-130898-0087.flac,236000,
387,train-clean-100/8747/293952/8747-293952-0005.flac,265760,
26851,train-clean-100/311/124404/311-124404-0080.flac,74160,
22527,train-clean-100/2436/2481/2436-2481-0024.flac,171520,
2771,train-clean-100/1898/145724/1898-145724-0001.flac,253200,
7609,train-clean-100/8108/274318/8108-274318-0019.flac,241520,
26085,train-clean-100/839/130898/839-130898-0062.flac,92560,
12956,train-clean-100/4406/16883/4406-16883-0024.flac,227920,
18478,train-clean-100/200/124139/200-124139-0038.flac,207200,
23050,train-clean-100/7447/91186/7447-91186-0017.flac,162480,
23230,train-clean-100/3486/166446/3486-166446-0022.flac,158720,
22402,train-clean-100/7059/77897/7059-77897-0001.flac,173280,
5004,train-clean-100/8975/270782/8975-270782-0071.flac,247680,
350,train-clean-100/1116/137572/1116-137572-0048.flac,266240,
17156,train-clean-100/2518/154825/2518-154825-0023.flac,213520,
27302,train-clean-100/8088/284756/8088-284756-0017.flac,63360,
23300,train-clean-100/200/124139/200-124139-0011.flac,157280,
25249,train-clean-100/426/122821/426-122821-0007.flac,114320,
1752,train-clean-100/446/123501/446-123501-0028.flac,256160,
14156,train-clean-100/6531/61334/6531-61334-0025.flac,224240,
11942,train-clean-100/87/121553/87-121553-0025.flac,230880,
12224,train-clean-100/3879/174923/3879-174923-0067.flac,230000,
11645,train-clean-100/4137/11702/4137-11702-0018.flac,231680,
11393,train-clean-100/83/9960/83-9960-0000.flac,232320,
12692,train-clean-100/6476/57446/6476-57446-0077.flac,228640,
12518,train-clean-100/6000/55211/6000-55211-0013.flac,229280,
14880,train-clean-100/4214/7146/4214-7146-0001.flac,221920,
19020,train-clean-100/8098/278252/8098-278252-0016.flac,204240,
11201,train-clean-100/1624/168623/1624-168623-0014.flac,232800,
6079,train-clean-100/481/123720/481-123720-0059.flac,245040,
24628,train-clean-100/5561/41615/5561-41615-0021.flac,129280,
23879,train-clean-100/4014/186179/4014-186179-0029.flac,145680,
26520,train-clean-100/3982/182255/3982-182255-0026.flac,81840,
6397,train-clean-100/7517/100429/7517-100429-0014.flac,244320,
3002,train-clean-100/1926/147979/1926-147979-0029.flac,252640,
21393,train-clean-100/8797/294123/8797-294123-0006.flac,186080,
7222,train-clean-100/1926/147979/1926-147979-0051.flac,242480,
14803,train-clean-100/1246/135815/1246-135815-0006.flac,222240,
1839,train-clean-100/39/121916/39-121916-0030.flac,255840,
25546,train-clean-100/8609/262281/8609-262281-0024.flac,107120,
4261,train-clean-100/8975/270782/8975-270782-0012.flac,249520,
12960,train-clean-100/6272/70171/6272-70171-0010.flac,227840,
5269,train-clean-100/298/126790/298-126790-0008.flac,247040,
8759,train-clean-100/2092/145706/2092-145706-0047.flac,238720,
4508,train-clean-100/2196/170151/2196-170151-0013.flac,248879,
14127,train-clean-100/118/121721/118-121721-0002.flac,224320,
10571,train-clean-100/8630/305213/8630-305213-0013.flac,234400,
19857,train-clean-100/4853/27671/4853-27671-0030.flac,199280,
12637,train-clean-100/3857/180923/3857-180923-0006.flac,228880,
24039,train-clean-100/8095/274346/8095-274346-0007.flac,142400,
7859,train-clean-100/7302/86814/7302-86814-0012.flac,240960,
13977,train-clean-100/289/121665/289-121665-0013.flac,224880,
13669,train-clean-100/3214/167607/3214-167607-0006.flac,225840,
16890,train-clean-100/328/129766/328-129766-0097.flac,214560,
21757,train-clean-100/8088/284756/8088-284756-0002.flac,181920,
25034,train-clean-100/307/127539/307-127539-0028.flac,119440,
276,train-clean-100/6209/34600/6209-34600-0021.flac,267360,
5501,train-clean-100/7278/104730/7278-104730-0010.flac,246480,
14347,train-clean-100/1594/135914/1594-135914-0081.flac,223680,
21720,train-clean-100/4406/16883/4406-16883-0030.flac,182400,
18491,train-clean-100/6476/57446/6476-57446-0057.flac,207120,
19470,train-clean-100/8123/275193/8123-275193-0011.flac,201600,
14979,train-clean-100/2518/154825/2518-154825-0040.flac,221600,
7015,train-clean-100/3112/9555/3112-9555-0029.flac,242880,
15331,train-clean-100/3242/67153/3242-67153-0015.flac,220400,
27875,train-clean-100/8465/246943/8465-246943-0004.flac,50160,
12217,train-clean-100/445/123860/445-123860-0021.flac,230080,
14940,train-clean-100/6818/68772/6818-68772-0001.flac,221760,
394,train-clean-100/5390/24512/5390-24512-0025.flac,265520,
7803,train-clean-100/8238/283452/8238-283452-0037.flac,241120,
6997,train-clean-100/4160/14187/4160-14187-0000.flac,242960,
25014,train-clean-100/4441/76262/4441-76262-0012.flac,120000,
26100,train-clean-100/4340/15220/4340-15220-0058.flac,92080,
3437,train-clean-100/4441/76250/4441-76250-0025.flac,251520,
4438,train-clean-100/87/121553/87-121553-0087.flac,249040,
11412,train-clean-100/5322/7679/5322-7679-0015.flac,232240,
8006,train-clean-100/2893/139322/2893-139322-0008.flac,240560,
14534,train-clean-100/1034/121119/1034-121119-0020.flac,223120,
26027,train-clean-100/2817/142371/2817-142371-0034.flac,94240,
23104,train-clean-100/26/495/26-495-0024.flac,161280,
8431,train-clean-100/8312/279790/8312-279790-0051.flac,239520,
17329,train-clean-100/201/122255/201-122255-0027.flac,212720,
3595,train-clean-100/8629/261139/8629-261139-0010.flac,251120,
22314,train-clean-100/1355/39947/1355-39947-0074.flac,174240,
22882,train-clean-100/2196/174172/2196-174172-0003.flac,165760,
14162,train-clean-100/1594/135914/1594-135914-0098.flac,224240,
3705,train-clean-100/8063/274112/8063-274112-0002.flac,250880,
17525,train-clean-100/8088/284756/8088-284756-0007.flac,211920,
16839,train-clean-100/8425/246962/8425-246962-0028.flac,214800,
5922,train-clean-100/7302/86814/7302-86814-0003.flac,245440,
5021,train-clean-100/1246/135815/1246-135815-0017.flac,247680,
19658,train-clean-100/118/47824/118-47824-0050.flac,200480,
12992,train-clean-100/1578/6379/1578-6379-0005.flac,227760,
10414,train-clean-100/8014/112602/8014-112602-0007.flac,234800,
3201,train-clean-100/403/128339/403-128339-0010.flac,252160,
8481,train-clean-100/1334/135589/1334-135589-0004.flac,239440,
19076,train-clean-100/5163/18515/5163-18515-0044.flac,203920,
9113,train-clean-100/2092/145706/2092-145706-0057.flac,237840,
14078,train-clean-100/8770/295465/8770-295465-0005.flac,224480,
6321,train-clean-100/374/180299/374-180299-0032.flac,244480,
6940,train-clean-100/2910/131096/2910-131096-0030.flac,243120,
22888,train-clean-100/8014/112602/8014-112602-0038.flac,165680,
13948,train-clean-100/2391/145015/2391-145015-0092.flac,224960,
2589,train-clean-100/2911/7601/2911-7601-0044.flac,253680,
6832,train-clean-100/1069/133709/1069-133709-0042.flac,243360,
7657,train-clean-100/2691/156755/2691-156755-0025.flac,241440,
11192,train-clean-100/7078/271888/7078-271888-0015.flac,232800,
137,train-clean-100/5049/25947/5049-25947-0026.flac,269520,
25206,train-clean-100/6531/61334/6531-61334-0001.flac,115360,
19211,train-clean-100/5789/70653/5789-70653-0034.flac,203120,
26399,train-clean-100/7264/92316/7264-92316-0025.flac,84880,
5008,train-clean-100/458/126290/458-126290-0014.flac,247680,
15374,train-clean-100/302/123516/302-123516-0008.flac,220320,
3534,train-clean-100/289/121652/289-121652-0015.flac,251280,
22298,train-clean-100/26/495/26-495-0053.flac,174560,
15540,train-clean-100/460/172357/460-172357-0021.flac,219680,
12322,train-clean-100/6367/65536/6367-65536-0005.flac,229760,
23320,train-clean-100/5463/39174/5463-39174-0012.flac,156800,
2532,train-clean-100/1088/134315/1088-134315-0034.flac,253840,
8031,train-clean-100/4340/15220/4340-15220-0002.flac,240560,
21174,train-clean-100/7635/105409/7635-105409-0062.flac,188320,
7009,train-clean-100/198/209/198-209-0015.flac,242880,
21037,train-clean-100/1841/159771/1841-159771-0027.flac,189760,
23976,train-clean-100/6081/42010/6081-42010-0009.flac,143680,
27897,train-clean-100/5688/41232/5688-41232-0052.flac,49680,
2402,train-clean-100/1334/135589/1334-135589-0066.flac,254160,
19236,train-clean-100/7226/86965/7226-86965-0007.flac,202960,
27966,train-clean-100/6848/76049/6848-76049-0035.flac,47600,
4146,train-clean-100/1898/145724/1898-145724-0025.flac,249840,
12118,train-clean-100/6531/61334/6531-61334-0090.flac,230320,
2421,train-clean-100/4898/20016/4898-20016-0025.flac,254160,
7152,train-clean-100/1263/138246/1263-138246-0023.flac,242639,
11376,train-clean-100/2092/145706/2092-145706-0011.flac,232320,
20864,train-clean-100/7264/92310/7264-92310-0032.flac,191440,
28065,train-clean-100/1246/135815/1246-135815-0021.flac,45440,
20595,train-clean-100/7312/92432/7312-92432-0016.flac,193920,
24876,train-clean-100/4680/16042/4680-16042-0006.flac,123200,
28275,train-clean-100/5561/39621/5561-39621-0002.flac,39520,
16605,train-clean-100/7302/86814/7302-86814-0042.flac,215680,
4409,train-clean-100/1926/147979/1926-147979-0010.flac,249120,
16481,train-clean-100/8609/262281/8609-262281-0022.flac,216160,
17944,train-clean-100/332/128985/332-128985-0014.flac,209919,
18072,train-clean-100/7511/102419/7511-102419-0005.flac,209280,
15199,train-clean-100/3607/29116/3607-29116-0020.flac,220880,
17726,train-clean-100/3112/9555/3112-9555-0018.flac,210960,
21735,train-clean-100/5514/19193/5514-19193-0016.flac,182240,
5274,train-clean-100/4853/27670/4853-27670-0021.flac,247040,
27396,train-clean-100/32/4137/32-4137-0030.flac,61200,
6949,train-clean-100/2196/174172/2196-174172-0016.flac,243040,
25750,train-clean-100/6476/57446/6476-57446-0056.flac,101360,
20720,train-clean-100/5456/62043/5456-62043-0005.flac,192800,
14845,train-clean-100/1355/39947/1355-39947-0075.flac,222080,
21267,train-clean-100/196/122159/196-122159-0023.flac,187520,
23179,train-clean-100/250/142286/250-142286-0027.flac,159840,
8982,train-clean-100/5778/12761/5778-12761-0042.flac,238240,
16681,train-clean-100/311/124404/311-124404-0093.flac,215360,
13372,train-clean-100/3982/182255/3982-182255-0002.flac,226720,
23916,train-clean-100/7278/91083/7278-91083-0016.flac,144800,
90,train-clean-100/7800/283493/7800-283493-0004.flac,270800,
23340,train-clean-100/6147/34607/6147-34607-0033.flac,156320,
5959,train-clean-100/2691/156750/2691-156750-0010.flac,245360,
21689,train-clean-100/8468/286673/8468-286673-0038.flac,182720,
18104,train-clean-100/332/128985/332-128985-0023.flac,209120,
11931,train-clean-100/887/123291/887-123291-0009.flac,230880,
25971,train-clean-100/669/129061/669-129061-0048.flac,96080,
589,train-clean-100/7511/102420/7511-102420-0018.flac,263200,
4184,train-clean-100/4397/15666/4397-15666-0009.flac,249680,
17452,train-clean-100/4859/26870/4859-26870-0015.flac,212240,
4284,train-clean-100/2836/5355/2836-5355-0038.flac,249440,
886,train-clean-100/8747/293952/8747-293952-0091.flac,260640,
6467,train-clean-100/5163/39921/5163-39921-0025.flac,244160,
16056,train-clean-100/1355/39947/1355-39947-0029.flac,217680,
25943,train-clean-100/2989/138028/2989-138028-0073.flac,96880,
7041,train-clean-100/2002/139469/2002-139469-0081.flac,242880,
25432,train-clean-100/103/1240/103-1240-0057.flac,109680,
13277,train-clean-100/5750/100289/5750-100289-0032.flac,226960,
8715,train-clean-100/7264/92310/7264-92310-0024.flac,238800,
4238,train-clean-100/2817/142371/2817-142371-0014.flac,249600,
22689,train-clean-100/625/132112/625-132112-0005.flac,168960,
4968,train-clean-100/2691/156745/2691-156745-0042.flac,247760,
14088,train-clean-100/7278/104730/7278-104730-0038.flac,224480,
5314,train-clean-100/2893/139322/2893-139322-0044.flac,246880,
13959,train-clean-100/7794/295947/7794-295947-0006.flac,224880,
13258,train-clean-100/6454/93938/6454-93938-0019.flac,227040,
5372,train-clean-100/374/180299/374-180299-0006.flac,246800,
24415,train-clean-100/5561/39621/5561-39621-0028.flac,134000,
14303,train-clean-100/3214/167607/3214-167607-0011.flac,223760,
8007,train-clean-100/8324/286682/8324-286682-0010.flac,240560,
10623,train-clean-100/8629/261140/8629-261140-0031.flac,234320,
4421,train-clean-100/887/123289/887-123289-0007.flac,249040,
3060,train-clean-100/248/130697/248-130697-0024.flac,252480,
28151,train-clean-100/200/124140/200-124140-0033.flac,43360,
11763,train-clean-100/1553/140048/1553-140048-0004.flac,231360,
21518,train-clean-100/587/41619/587-41619-0011.flac,184720,
8110,train-clean-100/2384/152900/2384-152900-0073.flac,240240,
14508,train-clean-100/2952/408/2952-408-0012.flac,223200,
23297,train-clean-100/6209/34600/6209-34600-0017.flac,157360,
20412,train-clean-100/1502/122619/1502-122619-0033.flac,195360,
3157,train-clean-100/7178/34645/7178-34645-0009.flac,252240,
413,train-clean-100/2911/15084/2911-15084-0007.flac,265280,
18678,train-clean-100/40/222/40-222-0039.flac,206240,
27255,train-clean-100/83/11691/83-11691-0018.flac,64480,
17816,train-clean-100/39/121914/39-121914-0004.flac,210560,
23290,train-clean-100/839/130898/839-130898-0047.flac,157440,
8642,train-clean-100/6385/34655/6385-34655-0019.flac,238960,
5613,train-clean-100/5022/29411/5022-29411-0025.flac,246160,
240,train-clean-100/4406/16882/4406-16882-0028.flac,267920,
27894,train-clean-100/4898/28461/4898-28461-0056.flac,49760,
20508,train-clean-100/19/227/19-227-0025.flac,194560,
10686,train-clean-100/4267/72637/4267-72637-0000.flac,234160,
9122,train-clean-100/1081/125237/1081-125237-0029.flac,237840,
11766,train-clean-100/1069/133699/1069-133699-0003.flac,231360,
7131,train-clean-100/7113/86041/7113-86041-0067.flac,242640,
3793,train-clean-100/1723/141149/1723-141149-0054.flac,250560,
3712,train-clean-100/4788/91208/4788-91208-0034.flac,250800,
14181,train-clean-100/1334/135589/1334-135589-0063.flac,224160,
28306,train-clean-100/6385/34655/6385-34655-0035.flac,38800,
23076,train-clean-100/5808/48608/5808-48608-0045.flac,162000,
6362,train-clean-100/696/93314/696-93314-0062.flac,244400,
21366,train-clean-100/3983/5371/3983-5371-0024.flac,186480,
17978,train-clean-100/446/123501/446-123501-0022.flac,209680,
18865,train-clean-100/2691/156750/2691-156750-0015.flac,205120,
10823,train-clean-100/5789/70653/5789-70653-0035.flac,233680,
27927,train-clean-100/4397/15678/4397-15678-0030.flac,48720,
1360,train-clean-100/1355/39947/1355-39947-0050.flac,257760,
3958,train-clean-100/8465/246940/8465-246940-0006.flac,250240,
6143,train-clean-100/1737/142396/1737-142396-0021.flac,244880,
20703,train-clean-100/3723/171115/3723-171115-0054.flac,192960,
25081,train-clean-100/1098/133695/1098-133695-0081.flac,118240,
4641,train-clean-100/4898/28461/4898-28461-0000.flac,248560,
23011,train-clean-100/5339/14134/5339-14134-0043.flac,163280,
24816,train-clean-100/730/358/730-358-0026.flac,124480,
10344,train-clean-100/2196/174172/2196-174172-0006.flac,234960,
26138,train-clean-100/3723/171115/3723-171115-0004.flac,91520,
19927,train-clean-100/307/127535/307-127535-0008.flac,198800,
22152,train-clean-100/1355/39947/1355-39947-0002.flac,176640,
10728,train-clean-100/6078/54013/6078-54013-0065.flac,234000,
21969,train-clean-100/4340/15220/4340-15220-0021.flac,178960,
10935,train-clean-100/1098/133695/1098-133695-0088.flac,233520,
21980,train-clean-100/302/123516/302-123516-0006.flac,178800,
11297,train-clean-100/7264/92316/7264-92316-0034.flac,232560,
16059,train-clean-100/7264/92316/7264-92316-0023.flac,217680,
1368,train-clean-100/2436/2477/2436-2477-0007.flac,257680,
8940,train-clean-100/4160/11549/4160-11549-0017.flac,238320,
2306,train-clean-100/6476/57446/6476-57446-0035.flac,254400,
3946,train-clean-100/7367/86737/7367-86737-0003.flac,250240,
28128,train-clean-100/1235/135883/1235-135883-0048.flac,43920,
26317,train-clean-100/8747/293952/8747-293952-0102.flac,86800,
16447,train-clean-100/1743/142914/1743-142914-0027.flac,216320,
19662,train-clean-100/1898/145715/1898-145715-0039.flac,200480,
7373,train-clean-100/196/122152/196-122152-0024.flac,242080,
15878,train-clean-100/8324/286682/8324-286682-0014.flac,218320,
6196,train-clean-100/83/9960/83-9960-0017.flac,244800,
18767,train-clean-100/669/129061/669-129061-0047.flac,205760,
20621,train-clean-100/1235/135887/1235-135887-0019.flac,193680,
6790,train-clean-100/87/121553/87-121553-0007.flac,243440,
9571,train-clean-100/2391/145015/2391-145015-0043.flac,236800,
26117,train-clean-100/6476/57446/6476-57446-0047.flac,91760,
25552,train-clean-100/2952/410/2952-410-0055.flac,106959,
18565,train-clean-100/1447/17506/1447-17506-0023.flac,206800,
25939,train-clean-100/298/126791/298-126791-0011.flac,96960,
19322,train-clean-100/7278/246956/7278-246956-0008.flac,202400,
17098,train-clean-100/4788/94904/4788-94904-0039.flac,213760,
14291,train-clean-100/446/123502/446-123502-0031.flac,223840,
18287,train-clean-100/125/121124/125-121124-0030.flac,208160,
21982,train-clean-100/8238/274553/8238-274553-0019.flac,178800,
9612,train-clean-100/1723/141149/1723-141149-0106.flac,236720,
18113,train-clean-100/1355/39947/1355-39947-0004.flac,209120,
4773,train-clean-100/7078/271888/7078-271888-0109.flac,248240,
16159,train-clean-100/3374/298026/3374-298026-0044.flac,217360,
2807,train-clean-100/6836/61803/6836-61803-0006.flac,253120,
20046,train-clean-100/887/123289/887-123289-0036.flac,197920,
13391,train-clean-100/5339/14134/5339-14134-0038.flac,226640,
7886,train-clean-100/7505/83618/7505-83618-0005.flac,240880,
17264,train-clean-100/625/132112/625-132112-0050.flac,213040,
20299,train-clean-100/730/358/730-358-0004.flac,196160,
2701,train-clean-100/2092/145706/2092-145706-0063.flac,253360,
23322,train-clean-100/3168/173565/3168-173565-0009.flac,156720,
3955,train-clean-100/3857/180923/3857-180923-0007.flac,250240,
14244,train-clean-100/7859/102519/7859-102519-0043.flac,224000,
4950,train-clean-100/2182/150130/2182-150130-0013.flac,247840,
16126,train-clean-100/1624/168623/1624-168623-0024.flac,217440,
14683,train-clean-100/1455/134435/1455-134435-0017.flac,222560,
26793,train-clean-100/4340/15220/4340-15220-0063.flac,75760,
12971,train-clean-100/3486/166446/3486-166446-0037.flac,227840,
28531,train-clean-100/2136/5147/2136-5147-0012.flac,29920,
15187,train-clean-100/5688/41232/5688-41232-0067.flac,220960,
18720,train-clean-100/3235/11599/3235-11599-0014.flac,206000,
10556,train-clean-100/3723/171115/3723-171115-0036.flac,234480,
2383,train-clean-100/5339/14134/5339-14134-0074.flac,254240,
20189,train-clean-100/7148/7763/7148-7763-0015.flac,196880,
1790,train-clean-100/8609/283227/8609-283227-0050.flac,256000,
15788,train-clean-100/7447/91187/7447-91187-0021.flac,218720,
2858,train-clean-100/5750/100289/5750-100289-0043.flac,252960,
27883,train-clean-100/3112/9555/3112-9555-0000.flac,50000,
19907,train-clean-100/4680/16042/4680-16042-0033.flac,198960,
1484,train-clean-100/1334/135589/1334-135589-0015.flac,257120,
15993,train-clean-100/4397/15668/4397-15668-0009.flac,217920,
27636,train-clean-100/40/121026/40-121026-0012.flac,55600,
9038,train-clean-100/298/126791/298-126791-0028.flac,238080,
24570,train-clean-100/332/128985/332-128985-0003.flac,130560,
14499,train-clean-100/2764/36617/2764-36617-0027.flac,223200,
13272,train-clean-100/40/222/40-222-0004.flac,227040,
20993,train-clean-100/696/93314/696-93314-0065.flac,190240,
18221,train-clean-100/587/54108/587-54108-0021.flac,208560,
25683,train-clean-100/1970/26100/1970-26100-0023.flac,103200,
13017,train-clean-100/5789/57158/5789-57158-0020.flac,227680,
10812,train-clean-100/6529/62556/6529-62556-0038.flac,233760,
3640,train-clean-100/6000/55211/6000-55211-0015.flac,250960,
17940,train-clean-100/302/123504/302-123504-0031.flac,209920,
16988,train-clean-100/1235/135884/1235-135884-0008.flac,214160,
15427,train-clean-100/233/155990/233-155990-0006.flac,220080,
1080,train-clean-100/40/222/40-222-0044.flac,259280,
26602,train-clean-100/1040/133433/1040-133433-0048.flac,79840,
25478,train-clean-100/3240/131232/3240-131232-0022.flac,108640,
1142,train-clean-100/5463/39173/5463-39173-0013.flac,258960,
23564,train-clean-100/2436/2476/2436-2476-0038.flac,152800,
28353,train-clean-100/6078/54007/6078-54007-0002.flac,37440,
7992,train-clean-100/1081/125237/1081-125237-0008.flac,240640,
8447,train-clean-100/1235/135887/1235-135887-0014.flac,239440,
14151,train-clean-100/6367/65536/6367-65536-0040.flac,224240,
18455,train-clean-100/1235/135887/1235-135887-0016.flac,207280,
5884,train-clean-100/332/128985/332-128985-0086.flac,245520,
14923,train-clean-100/6415/100596/6415-100596-0029.flac,221840,
21584,train-clean-100/6880/216547/6880-216547-0012.flac,183920,
23051,train-clean-100/5750/100289/5750-100289-0038.flac,162400,
19099,train-clean-100/248/130652/248-130652-0019.flac,203760,
6930,train-clean-100/8468/295198/8468-295198-0000.flac,243120,
11498,train-clean-100/6064/300880/6064-300880-0010.flac,232000,
4116,train-clean-100/19/227/19-227-0026.flac,249840,
26578,train-clean-100/3440/171009/3440-171009-0080.flac,80240,
23365,train-clean-100/2893/139310/2893-139310-0009.flac,156000,
14319,train-clean-100/2416/152139/2416-152139-0057.flac,223760,
16354,train-clean-100/4788/91208/4788-91208-0022.flac,216640,
3134,train-clean-100/8975/270782/8975-270782-0031.flac,252320,
3379,train-clean-100/7067/76048/7067-76048-0057.flac,251600,
8952,train-clean-100/163/121908/163-121908-0002.flac,238240,
25502,train-clean-100/4088/158077/4088-158077-0031.flac,108160,
7473,train-clean-100/1743/142913/1743-142913-0019.flac,241840,
16933,train-clean-100/2436/2477/2436-2477-0029.flac,214400,
14967,train-clean-100/3259/158083/3259-158083-0118.flac,221680,
13485,train-clean-100/8770/295462/8770-295462-0022.flac,226400,
894,train-clean-100/6454/107462/6454-107462-0013.flac,260560,
9406,train-clean-100/6019/3185/6019-3185-0044.flac,237200,
4168,train-clean-100/332/128985/332-128985-0063.flac,249760,
5223,train-clean-100/5322/7678/5322-7678-0015.flac,247200,
12715,train-clean-100/2910/131096/2910-131096-0026.flac,228640,
882,train-clean-100/19/198/19-198-0021.flac,260640,
6620,train-clean-100/1723/141149/1723-141149-0104.flac,243840,
5044,train-clean-100/5049/25947/5049-25947-0121.flac,247600,
3004,train-clean-100/405/130894/405-130894-0005.flac,252640,
6513,train-clean-100/7113/86041/7113-86041-0046.flac,244080,
23996,train-clean-100/201/122255/201-122255-0012.flac,143360,
10021,train-clean-100/311/124404/311-124404-0006.flac,235760,
22361,train-clean-100/3112/9555/3112-9555-0003.flac,173760,
4104,train-clean-100/8629/261139/8629-261139-0039.flac,249920,
19128,train-clean-100/3486/166446/3486-166446-0018.flac,203600,
26358,train-clean-100/5393/19218/5393-19218-0022.flac,85760,
25940,train-clean-100/6385/220959/6385-220959-0001.flac,96880,
23247,train-clean-100/298/126790/298-126790-0009.flac,158240,
19585,train-clean-100/3699/19402/3699-19402-0024.flac,200960,
252,train-clean-100/441/128982/441-128982-0036.flac,267680,
26948,train-clean-100/7302/86815/7302-86815-0081.flac,71920,
7813,train-clean-100/3235/11599/3235-11599-0008.flac,241040,
4938,train-clean-100/2196/174172/2196-174172-0026.flac,247840,
15457,train-clean-100/4859/22176/4859-22176-0003.flac,220000,
10367,train-clean-100/1263/141777/1263-141777-0028.flac,234960,
1625,train-clean-100/7780/274562/7780-274562-0016.flac,256560,
17936,train-clean-100/6529/62554/6529-62554-0052.flac,209920,
18105,train-clean-100/6209/34599/6209-34599-0025.flac,209120,
22183,train-clean-100/1553/140048/1553-140048-0046.flac,176160,
19116,train-clean-100/8095/274346/8095-274346-0006.flac,203601,
25240,train-clean-100/2691/156745/2691-156745-0043.flac,114640,
26714,train-clean-100/5808/54425/5808-54425-0033.flac,77760,
4738,train-clean-100/3526/176653/3526-176653-0014.flac,248320,
24875,train-clean-100/125/121342/125-121342-0046.flac,123200,
26751,train-clean-100/4195/17507/4195-17507-0043.flac,76720,
27654,train-clean-100/200/126784/200-126784-0011.flac,54960,
20613,train-clean-100/8630/305212/8630-305212-0032.flac,193760,
13265,train-clean-100/1355/39947/1355-39947-0028.flac,227040,
23019,train-clean-100/7278/104730/7278-104730-0030.flac,163120,
7177,train-clean-100/4267/78186/4267-78186-0010.flac,242560,
20104,train-clean-100/3214/167606/3214-167606-0007.flac,197520,
8629,train-clean-100/2514/149482/2514-149482-0051.flac,239040,
23775,train-clean-100/1447/17506/1447-17506-0005.flac,148160,
18107,train-clean-100/6272/70171/6272-70171-0020.flac,209120,
11023,train-clean-100/8312/279790/8312-279790-0047.flac,233279,
25188,train-clean-100/730/358/730-358-0012.flac,115840,
4893,train-clean-100/7367/86737/7367-86737-0107.flac,247920,
2675,train-clean-100/1363/135842/1363-135842-0048.flac,253440,
12753,train-clean-100/6415/116629/6415-116629-0004.flac,228480,
397,train-clean-100/307/127535/307-127535-0031.flac,265440,
4539,train-clean-100/4680/16041/4680-16041-0009.flac,248799,
10143,train-clean-100/5514/19192/5514-19192-0028.flac,235440,
26596,train-clean-100/7302/86815/7302-86815-0019.flac,80080,
27207,train-clean-100/3240/131231/3240-131231-0052.flac,65440,
12175,train-clean-100/4088/158077/4088-158077-0059.flac,230160,
22783,train-clean-100/3699/47246/3699-47246-0019.flac,167200,
11996,train-clean-100/8051/119902/8051-119902-0000.flac,230720,
27505,train-clean-100/8238/274553/8238-274553-0023.flac,59040,
14407,train-clean-100/5456/58161/5456-58161-0006.flac,223520,
22303,train-clean-100/83/11691/83-11691-0045.flac,174480,
3009,train-clean-100/5867/48852/5867-48852-0005.flac,252640,
8107,train-clean-100/8088/284756/8088-284756-0027.flac,240320,
24061,train-clean-100/4195/17507/4195-17507-0013.flac,141840,
24959,train-clean-100/198/126831/198-126831-0030.flac,121120,
7458,train-clean-100/163/122947/163-122947-0087.flac,241920,
12390,train-clean-100/226/131532/226-131532-0004.flac,229600,
17602,train-clean-100/4813/248641/4813-248641-0030.flac,211600,
27487,train-clean-100/6367/74004/6367-74004-0028.flac,59440,
24557,train-clean-100/4406/16882/4406-16882-0034.flac,130880,
7457,train-clean-100/4014/186176/4014-186176-0038.flac,241920,
2359,train-clean-100/3807/4923/3807-4923-0015.flac,254320,
14853,train-clean-100/8975/270782/8975-270782-0076.flac,222080,
2686,train-clean-100/458/126290/458-126290-0008.flac,253440,
24837,train-clean-100/4680/16026/4680-16026-0017.flac,124000,
9897,train-clean-100/226/131532/226-131532-0028.flac,236000,
26550,train-clean-100/27/123349/27-123349-0009.flac,81040,
6616,train-clean-100/1502/122615/1502-122615-0008.flac,243840,
15394,train-clean-100/7226/86964/7226-86964-0049.flac,220160,
11418,train-clean-100/5678/43302/5678-43302-0029.flac,232240,
20280,train-clean-100/2764/36617/2764-36617-0034.flac,196240,
26969,train-clean-100/26/495/26-495-0080.flac,71600,
1724,train-clean-100/3857/180923/3857-180923-0024.flac,256240,
996,train-clean-100/163/122947/163-122947-0030.flac,259840,
13135,train-clean-100/8014/112602/8014-112602-0012.flac,227440,
27263,train-clean-100/374/180298/374-180298-0046.flac,64320,
18954,train-clean-100/2843/152918/2843-152918-0068.flac,204640,
809,train-clean-100/8123/275193/8123-275193-0021.flac,261120,
9609,train-clean-100/3699/19402/3699-19402-0009.flac,236720,
4115,train-clean-100/7226/86965/7226-86965-0035.flac,249840,
27402,train-clean-100/5561/41616/5561-41616-0018.flac,61040,
11979,train-clean-100/3235/28452/3235-28452-0026.flac,230800,
1553,train-clean-100/150/126107/150-126107-0028.flac,256880,
26670,train-clean-100/211/122442/211-122442-0019.flac,78560,
4919,train-clean-100/7078/271888/7078-271888-0079.flac,247920,
2754,train-clean-100/1235/135883/1235-135883-0019.flac,253200,
21999,train-clean-100/3112/9555/3112-9555-0013.flac,178640,
12891,train-clean-100/2911/15045/2911-15045-0009.flac,228080,
17217,train-clean-100/1088/134315/1088-134315-0028.flac,213280,
26987,train-clean-100/2691/156750/2691-156750-0021.flac,71120,
21729,train-clean-100/1926/143879/1926-143879-0032.flac,182320,
10382,train-clean-100/6147/34605/6147-34605-0032.flac,234880,
12294,train-clean-100/78/368/78-368-0040.flac,229840,
24614,train-clean-100/6925/80680/6925-80680-0037.flac,129680,
22592,train-clean-100/226/131533/226-131533-0034.flac,170480,
6402,train-clean-100/26/495/26-495-0026.flac,244320,
11883,train-clean-100/3982/182255/3982-182255-0028.flac,231040,
4707,train-clean-100/1926/147979/1926-147979-0021.flac,248400,
6104,train-clean-100/26/496/26-496-0017.flac,244960,
24522,train-clean-100/1502/122619/1502-122619-0036.flac,131600,
25863,train-clean-100/8063/274112/8063-274112-0004.flac,98880,
10731,train-clean-100/2289/152258/2289-152258-0003.flac,234000,
19157,train-clean-100/1737/148989/1737-148989-0040.flac,203440,
24119,train-clean-100/4397/15668/4397-15668-0013.flac,140640,
6195,train-clean-100/311/124404/311-124404-0017.flac,244800,
21612,train-clean-100/8797/294123/8797-294123-0051.flac,183520,
10726,train-clean-100/5703/47212/5703-47212-0018.flac,234000,
7496,train-clean-100/696/92939/696-92939-0007.flac,241840,
18086,train-clean-100/4788/94904/4788-94904-0011.flac,209200,
6813,train-clean-100/5514/19192/5514-19192-0031.flac,243360,
15012,train-clean-100/233/155990/233-155990-0014.flac,221520,
5943,train-clean-100/118/47824/118-47824-0075.flac,245360,
8956,train-clean-100/3486/166424/3486-166424-0071.flac,238240,
15700,train-clean-100/3259/158083/3259-158083-0013.flac,219040,
28474,train-clean-100/3982/178459/3982-178459-0066.flac,34080,
22108,train-clean-100/6019/3185/6019-3185-0019.flac,177200,
11363,train-clean-100/103/1240/103-1240-0030.flac,232320,
23632,train-clean-100/5652/39938/5652-39938-0062.flac,151440,
3753,train-clean-100/6367/65536/6367-65536-0074.flac,250720,
21405,train-clean-100/3374/298026/3374-298026-0021.flac,185920,
27247,train-clean-100/1098/133695/1098-133695-0080.flac,64560,
20404,train-clean-100/3830/12530/3830-12530-0020.flac,195360,
263,train-clean-100/7794/295947/7794-295947-0046.flac,267600,
6475,train-clean-100/5456/62043/5456-62043-0020.flac,244160,
8522,train-clean-100/2391/145015/2391-145015-0066.flac,239280,
15883,train-clean-100/2518/154825/2518-154825-0031.flac,218320,
14696,train-clean-100/6476/96661/6476-96661-0017.flac,222560,
16620,train-clean-100/3242/8112/3242-8112-0043.flac,215600,
7361,train-clean-100/198/126831/198-126831-0005.flac,242160,
4613,train-clean-100/909/131044/909-131044-0007.flac,248560,
11546,train-clean-100/6925/80680/6925-80680-0073.flac,231840,
19853,train-clean-100/7312/92432/7312-92432-0011.flac,199360,
14208,train-clean-100/4297/13009/4297-13009-0030.flac,224080,
5210,train-clean-100/3259/158083/3259-158083-0082.flac,247200,
19120,train-clean-100/5339/14133/5339-14133-0005.flac,203600,
20930,train-clean-100/289/121665/289-121665-0006.flac,190800,
3173,train-clean-100/4680/16042/4680-16042-0002.flac,252240,
18786,train-clean-100/730/358/730-358-0008.flac,205600,
2495,train-clean-100/6272/70168/6272-70168-0008.flac,253920,
5673,train-clean-100/4853/27671/4853-27671-0009.flac,246080,
19801,train-clean-100/3374/298026/3374-298026-0031.flac,199680,
17799,train-clean-100/481/123720/481-123720-0056.flac,210640,
1074,train-clean-100/307/127535/307-127535-0000.flac,259280,
22837,train-clean-100/3947/13260/3947-13260-0036.flac,166240,
2395,train-clean-100/5456/62043/5456-62043-0003.flac,254160,
12747,train-clean-100/4362/15663/4362-15663-0072.flac,228480,
23542,train-clean-100/460/172359/460-172359-0099.flac,153120,
86,train-clean-100/3664/178366/3664-178366-0029.flac,270880,
17890,train-clean-100/7264/92314/7264-92314-0013.flac,210080,
26261,train-clean-100/5514/19192/5514-19192-0007.flac,88240,
23679,train-clean-100/8419/286667/8419-286667-0020.flac,150240,
10264,train-clean-100/87/121553/87-121553-0068.flac,235120,
13080,train-clean-100/4051/11217/4051-11217-0016.flac,227520,
14945,train-clean-100/5867/48852/5867-48852-0105.flac,221760,
14948,train-clean-100/6476/57446/6476-57446-0031.flac,221760,
4544,train-clean-100/4267/78186/4267-78186-0033.flac,248720,
7271,train-clean-100/7800/283478/7800-283478-0023.flac,242320,
24654,train-clean-100/8609/262281/8609-262281-0036.flac,128720,
8865,train-clean-100/3235/28452/3235-28452-0030.flac,238480,
21562,train-clean-100/322/124146/322-124146-0028.flac,184160,
17241,train-clean-100/8324/286683/8324-286683-0027.flac,213120,
17284,train-clean-100/2002/139469/2002-139469-0098.flac,212960,
13243,train-clean-100/1867/148436/1867-148436-0030.flac,227040,
17577,train-clean-100/1841/179183/1841-179183-0031.flac,211760,
11820,train-clean-100/8629/261140/8629-261140-0013.flac,231200,
4012,train-clean-100/229/130880/229-130880-0034.flac,250080,
2336,train-clean-100/1069/133699/1069-133699-0021.flac,254320,
13393,train-clean-100/5104/33407/5104-33407-0042.flac,226640,
21715,train-clean-100/831/130739/831-130739-0024.flac,182480,
16871,train-clean-100/7302/86815/7302-86815-0043.flac,214640,
3593,train-clean-100/5750/100289/5750-100289-0013.flac,251120,
10101,train-clean-100/7505/258958/7505-258958-0014.flac,235520,
13547,train-clean-100/5778/12761/5778-12761-0026.flac,226240,
13009,train-clean-100/150/132655/150-132655-0025.flac,227760,
2171,train-clean-100/1926/147979/1926-147979-0018.flac,254800,
23736,train-clean-100/1594/135914/1594-135914-0089.flac,148800,
20460,train-clean-100/6818/68772/6818-68772-0010.flac,195040,
16362,train-clean-100/8108/280354/8108-280354-0028.flac,216640,
21272,train-clean-100/1447/130551/1447-130551-0012.flac,187520,
22039,train-clean-100/1502/122619/1502-122619-0016.flac,178080,
23148,train-clean-100/7148/82991/7148-82991-0035.flac,160480,
6395,train-clean-100/909/131044/909-131044-0010.flac,244320,
3171,train-clean-100/5393/19218/5393-19218-0046.flac,252240,
4471,train-clean-100/211/122442/211-122442-0036.flac,248880,
27109,train-clean-100/4441/76250/4441-76250-0000.flac,67920,
7808,train-clean-100/7517/100437/7517-100437-0014.flac,241040,
22989,train-clean-100/4051/11218/4051-11218-0061.flac,163600,
2064,train-clean-100/7505/258958/7505-258958-0034.flac,255200,
3853,train-clean-100/2843/152918/2843-152918-0001.flac,250480,
13946,train-clean-100/3374/298032/3374-298032-0033.flac,224960,
4592,train-clean-100/1081/125237/1081-125237-0048.flac,248640,
17397,train-clean-100/6209/34599/6209-34599-0032.flac,212401,
1715,train-clean-100/2518/154826/2518-154826-0051.flac,256240,
8241,train-clean-100/1183/133255/1183-133255-0001.flac,240000,
4014,train-clean-100/2182/181183/2182-181183-0026.flac,250080,
15364,train-clean-100/8051/118101/8051-118101-0009.flac,220320,
5989,train-clean-100/405/130894/405-130894-0025.flac,245280,
13339,train-clean-100/5463/39174/5463-39174-0029.flac,226800,
6983,train-clean-100/5561/41616/5561-41616-0022.flac,242960,
8076,train-clean-100/6385/220959/6385-220959-0031.flac,240400,
6922,train-clean-100/3214/167602/3214-167602-0020.flac,243120,
22639,train-clean-100/39/121915/39-121915-0031.flac,169760,
112,train-clean-100/328/129766/328-129766-0011.flac,270080,
20734,train-clean-100/7113/86041/7113-86041-0015.flac,192640,
8772,train-clean-100/8747/293952/8747-293952-0017.flac,238640,
22257,train-clean-100/6529/62554/6529-62554-0004.flac,175120,
24378,train-clean-100/3830/12530/3830-12530-0021.flac,134720,
16566,train-clean-100/2911/7601/2911-7601-0028.flac,215760,
8198,train-clean-100/5192/19396/5192-19396-0016.flac,240080,
25354,train-clean-100/3374/298026/3374-298026-0041.flac,111680,
10892,train-clean-100/60/121082/60-121082-0078.flac,233520,
10175,train-clean-100/298/126790/298-126790-0041.flac,235440,
7783,train-clean-100/3235/28433/3235-28433-0039.flac,241120,
19276,train-clean-100/289/121652/289-121652-0006.flac,202720,
571,train-clean-100/3242/67168/3242-67168-0017.flac,263360,
19777,train-clean-100/7264/92316/7264-92316-0038.flac,199840,
27371,train-clean-100/4406/16883/4406-16883-0004.flac,61760,
24226,train-clean-100/7302/86815/7302-86815-0013.flac,138560,
421,train-clean-100/5022/29411/5022-29411-0014.flac,265200,
21020,train-clean-100/3259/158083/3259-158083-0057.flac,190000,
9370,train-clean-100/1963/142776/1963-142776-0016.flac,237280,
1921,train-clean-100/248/130652/248-130652-0018.flac,255600,
21137,train-clean-100/8797/294123/8797-294123-0082.flac,188720,
21214,train-clean-100/1069/133709/1069-133709-0032.flac,188080,
9215,train-clean-100/1246/124550/1246-124550-0003.flac,237600,
5468,train-clean-100/3830/12530/3830-12530-0005.flac,246560,
4814,train-clean-100/4853/27671/4853-27671-0005.flac,248080,
7799,train-clean-100/1963/142393/1963-142393-0045.flac,241120,
26753,train-clean-100/8465/246940/8465-246940-0012.flac,76720,
20935,train-clean-100/6836/61803/6836-61803-0020.flac,190720,
22897,train-clean-100/2002/139469/2002-139469-0109.flac,165440,
17215,train-clean-100/3259/158083/3259-158083-0085.flac,213280,
24823,train-clean-100/4441/76263/4441-76263-0030.flac,124320,
17634,train-clean-100/1970/28415/1970-28415-0000.flac,211440,
25794,train-clean-100/3982/178459/3982-178459-0010.flac,100240,
1475,train-clean-100/7794/295947/7794-295947-0024.flac,257120,
11000,train-clean-100/4340/15220/4340-15220-0022.flac,233280,
15597,train-clean-100/4853/29413/4853-29413-0000.flac,219520,
27943,train-clean-100/1098/133695/1098-133695-0015.flac,48160,
15677,train-clean-100/198/209/198-209-0001.flac,219200,
5196,train-clean-100/248/130644/248-130644-0026.flac,247200,
22317,train-clean-100/6000/86686/6000-86686-0011.flac,174160,
24510,train-clean-100/3983/5371/3983-5371-0055.flac,132000,
14904,train-clean-100/2989/138028/2989-138028-0063.flac,221920,
10065,train-clean-100/4898/28461/4898-28461-0011.flac,235600,
11291,train-clean-100/1034/121119/1034-121119-0058.flac,232560,
11165,train-clean-100/2416/152137/2416-152137-0007.flac,232880,
586,train-clean-100/8465/246947/8465-246947-0002.flac,263200,
22762,train-clean-100/8226/274369/8226-274369-0038.flac,167760,
28484,train-clean-100/5463/39173/5463-39173-0003.flac,33680,
9685,train-clean-100/6385/34669/6385-34669-0015.flac,236560,
25904,train-clean-100/3699/19402/3699-19402-0018.flac,97680,
20666,train-clean-100/2007/149877/2007-149877-0013.flac,193200,
18908,train-clean-100/40/121026/40-121026-0018.flac,204880,
23033,train-clean-100/4830/25898/4830-25898-0044.flac,162800,
3457,train-clean-100/460/172357/460-172357-0014.flac,251440,
25204,train-clean-100/1334/135589/1334-135589-0093.flac,115440,
21038,train-clean-100/2289/152258/2289-152258-0033.flac,189760,
22019,train-clean-100/8095/274346/8095-274346-0022.flac,178320,
3570,train-clean-100/446/123501/446-123501-0018.flac,251200,
7419,train-clean-100/8770/295462/8770-295462-0008.flac,242000,
2715,train-clean-100/403/128339/403-128339-0009.flac,253360,
6718,train-clean-100/2989/138028/2989-138028-0032.flac,243600,
9674,train-clean-100/8425/292520/8425-292520-0027.flac,236560,
15674,train-clean-100/3374/298025/3374-298025-0001.flac,219200,
7335,train-clean-100/2391/145015/2391-145015-0078.flac,242160,
16765,train-clean-100/5393/19219/5393-19219-0009.flac,215040,
7697,train-clean-100/7517/100437/7517-100437-0033.flac,241359,
11910,train-clean-100/3440/171009/3440-171009-0053.flac,230960,
171,train-clean-100/625/132112/625-132112-0049.flac,268720,
18828,train-clean-100/1088/134315/1088-134315-0045.flac,205360,
11448,train-clean-100/730/359/730-359-0017.flac,232160,
10670,train-clean-100/2092/145706/2092-145706-0032.flac,234160,
13551,train-clean-100/3723/171631/3723-171631-0034.flac,226160,
9504,train-clean-100/460/172357/460-172357-0015.flac,236960,
26059,train-clean-100/6880/216547/6880-216547-0009.flac,93200,
12440,train-clean-100/125/121342/125-121342-0002.flac,229440,
12292,train-clean-100/8098/275181/8098-275181-0021.flac,229840,
28137,train-clean-100/730/359/730-359-0014.flac,43760,
27384,train-clean-100/8051/295385/8051-295385-0035.flac,61440,
9638,train-clean-100/6563/285357/6563-285357-0036.flac,236640,
10513,train-clean-100/8609/262281/8609-262281-0027.flac,234560,
11681,train-clean-100/7190/90542/7190-90542-0024.flac,231600,
16109,train-clean-100/839/130898/839-130898-0090.flac,217520,
21996,train-clean-100/1502/122619/1502-122619-0065.flac,178640,
22115,train-clean-100/8063/274116/8063-274116-0009.flac,177200,
3153,train-clean-100/4267/287369/4267-287369-0005.flac,252240,
313,train-clean-100/5104/33407/5104-33407-0025.flac,266720,
19963,train-clean-100/1737/148989/1737-148989-0020.flac,198560,
14425,train-clean-100/669/129074/669-129074-0016.flac,223440,
9926,train-clean-100/6064/56165/6064-56165-0030.flac,236000,
8781,train-clean-100/7780/274562/7780-274562-0007.flac,238640,
21095,train-clean-100/696/92939/696-92939-0002.flac,189280,
2448,train-clean-100/4137/11701/4137-11701-0003.flac,254080,
7782,train-clean-100/8580/287364/8580-287364-0034.flac,241120,
8347,train-clean-100/3436/172162/3436-172162-0023.flac,239760,
16489,train-clean-100/3857/182315/3857-182315-0038.flac,216080,
13144,train-clean-100/1334/135589/1334-135589-0085.flac,227360,
22614,train-clean-100/696/92939/696-92939-0008.flac,170160,
12356,train-clean-100/7367/86737/7367-86737-0039.flac,229680,
17882,train-clean-100/7780/274562/7780-274562-0028.flac,210160,
3006,train-clean-100/7178/34644/7178-34644-0002.flac,252640,
7762,train-clean-100/7278/246956/7278-246956-0034.flac,241200,
9934,train-clean-100/7794/295947/7794-295947-0037.flac,235920,
12490,train-clean-100/887/123289/887-123289-0015.flac,229280,
16658,train-clean-100/7794/295947/7794-295947-0044.flac,215440,
7227,train-clean-100/87/121553/87-121553-0002.flac,242480,
5103,train-clean-100/6064/56165/6064-56165-0016.flac,247440,
25013,train-clean-100/5561/39621/5561-39621-0044.flac,120080,
14713,train-clean-100/5678/43301/5678-43301-0001.flac,222480,
27172,train-clean-100/446/123502/446-123502-0047.flac,66400,
20518,train-clean-100/460/172357/460-172357-0001.flac,194480,
19764,train-clean-100/3112/9555/3112-9555-0090.flac,199920,
5148,train-clean-100/7302/86814/7302-86814-0034.flac,247360,
19758,train-clean-100/2391/145015/2391-145015-0026.flac,200000,
19090,train-clean-100/4340/15220/4340-15220-0004.flac,203840,
4408,train-clean-100/4267/78186/4267-78186-0034.flac,249120,
3529,train-clean-100/405/130894/405-130894-0043.flac,251280,
8492,train-clean-100/7505/258964/7505-258964-0024.flac,239360,
27063,train-clean-100/39/121914/39-121914-0056.flac,69040,
2918,train-clean-100/5339/14134/5339-14134-0018.flac,252880,
18944,train-clean-100/1594/135914/1594-135914-0056.flac,204720,
1372,train-clean-100/1594/135914/1594-135914-0000.flac,257680,
3766,train-clean-100/4441/76263/4441-76263-0026.flac,250640,
6192,train-clean-100/2391/145015/2391-145015-0038.flac,244800,
26513,train-clean-100/481/123720/481-123720-0046.flac,82080,
27168,train-clean-100/307/127535/307-127535-0028.flac,66560,
9432,train-clean-100/2384/152900/2384-152900-0084.flac,237120,
12785,train-clean-100/8609/283227/8609-283227-0023.flac,228400,
28106,train-clean-100/1970/28415/1970-28415-0023.flac,44480,
17259,train-clean-100/8238/274553/8238-274553-0033.flac,213040,
3336,train-clean-100/87/121553/87-121553-0000.flac,251760,
17704,train-clean-100/4898/20016/4898-20016-0010.flac,211120,
366,train-clean-100/587/41619/587-41619-0001.flac,266080,
22617,train-clean-100/7148/82991/7148-82991-0017.flac,170160,
3081,train-clean-100/2910/131096/2910-131096-0023.flac,252480,
19424,train-clean-100/8465/246943/8465-246943-0015.flac,201920,
21066,train-clean-100/1841/150351/1841-150351-0028.flac,189520,
14841,train-clean-100/6209/34601/6209-34601-0029.flac,222080,
3868,train-clean-100/8770/295463/8770-295463-0018.flac,250400,
23625,train-clean-100/5339/14134/5339-14134-0070.flac,151520,
3644,train-clean-100/4160/11550/4160-11550-0022.flac,250960,
13118,train-clean-100/8051/118101/8051-118101-0018.flac,227440,
1038,train-clean-100/1970/26100/1970-26100-0035.flac,259600,
22996,train-clean-100/5688/41232/5688-41232-0045.flac,163520,
26926,train-clean-100/125/121124/125-121124-0012.flac,72480,
20818,train-clean-100/6848/252323/6848-252323-0003.flac,192000,
3828,train-clean-100/302/123504/302-123504-0020.flac,250560,
21871,train-clean-100/3857/182315/3857-182315-0042.flac,180160,
14676,train-clean-100/1743/142913/1743-142913-0018.flac,222640,
15479,train-clean-100/78/368/78-368-0002.flac,219920,
10746,train-clean-100/1992/141719/1992-141719-0013.flac,233920,
12108,train-clean-100/7635/105661/7635-105661-0023.flac,230400,
13448,train-clean-100/1355/39947/1355-39947-0070.flac,226480,
21640,train-clean-100/8425/292520/8425-292520-0025.flac,183280,
15997,train-clean-100/1263/141777/1263-141777-0039.flac,217920,
6986,train-clean-100/1088/134315/1088-134315-0052.flac,242960,
6695,train-clean-100/7312/92432/7312-92432-0010.flac,243680,
27592,train-clean-100/211/122442/211-122442-0048.flac,56560,
9718,train-clean-100/2436/2476/2436-2476-0003.flac,236480,
27173,train-clean-100/481/123719/481-123719-0024.flac,66400,
4137,train-clean-100/6529/62554/6529-62554-0022.flac,249840,
12077,train-clean-100/2518/154825/2518-154825-0024.flac,230480,
15179,train-clean-100/4788/294466/4788-294466-0001.flac,220960,
6694,train-clean-100/2514/149482/2514-149482-0042.flac,243680,
24178,train-clean-100/6531/61334/6531-61334-0045.flac,139440,
17753,train-clean-100/3723/171115/3723-171115-0051.flac,210880,
5248,train-clean-100/8312/279790/8312-279790-0040.flac,247120,
16325,train-clean-100/2007/132570/2007-132570-0015.flac,216800,
5778,train-clean-100/2893/139322/2893-139322-0014.flac,245760,
21311,train-clean-100/1743/142912/1743-142912-0035.flac,187040,
5010,train-clean-100/1898/145715/1898-145715-0001.flac,247680,
5911,train-clean-100/7264/92314/7264-92314-0018.flac,245440,
22511,train-clean-100/125/121124/125-121124-0082.flac,171760,
406,train-clean-100/4406/16882/4406-16882-0030.flac,265440,
6240,train-clean-100/2182/150130/2182-150130-0021.flac,244640,
3552,train-clean-100/8108/274318/8108-274318-0042.flac,251200,
25897,train-clean-100/4051/11217/4051-11217-0019.flac,98000,
7264,train-clean-100/5789/57158/5789-57158-0023.flac,242320,
23405,train-clean-100/1116/132847/1116-132847-0032.flac,155360,
11053,train-clean-100/3607/29116/3607-29116-0019.flac,233200,
16553,train-clean-100/4362/15663/4362-15663-0095.flac,215840,
12444,train-clean-100/3607/135982/3607-135982-0019.flac,229440,
13331,train-clean-100/6563/285357/6563-285357-0012.flac,226800,
11952,train-clean-100/78/368/78-368-0000.flac,230800,
395,train-clean-100/254/127705/254-127705-0019.flac,265520,
26088,train-clean-100/125/121124/125-121124-0063.flac,92400,
20825,train-clean-100/5104/33406/5104-33406-0016.flac,191920,
27752,train-clean-100/118/47824/118-47824-0065.flac,52800,
27411,train-clean-100/5652/19215/5652-19215-0019.flac,60880,
26559,train-clean-100/4014/186175/4014-186175-0032.flac,80880,
6427,train-clean-100/2989/138035/2989-138035-0001.flac,244241,
26687,train-clean-100/6531/61334/6531-61334-0122.flac,78320,
25686,train-clean-100/7859/102519/7859-102519-0015.flac,103120,
26327,train-clean-100/125/121124/125-121124-0013.flac,86560,
18745,train-clean-100/1553/140047/1553-140047-0032.flac,205840,
23754,train-clean-100/8747/293952/8747-293952-0011.flac,148480,
21602,train-clean-100/7859/102518/7859-102518-0030.flac,183600,
2432,train-clean-100/1069/133709/1069-133709-0033.flac,254080,
5591,train-clean-100/8098/278278/8098-278278-0036.flac,246240,
15162,train-clean-100/8051/119902/8051-119902-0013.flac,221040,
19536,train-clean-100/8747/293952/8747-293952-0100.flac,201280,
26426,train-clean-100/4640/19189/4640-19189-0039.flac,84240,
28183,train-clean-100/1081/125237/1081-125237-0093.flac,42560,
12532,train-clean-100/1723/141149/1723-141149-0085.flac,229200,
28475,train-clean-100/2989/138028/2989-138028-0005.flac,33920,
4768,train-clean-100/7447/91187/7447-91187-0022.flac,248240,
8062,train-clean-100/4214/7146/4214-7146-0007.flac,240400,
27704,train-clean-100/6078/54013/6078-54013-0034.flac,53840,
2122,train-clean-100/3259/158083/3259-158083-0016.flac,254960,
23156,train-clean-100/2384/152900/2384-152900-0024.flac,160240,
22338,train-clean-100/4397/15678/4397-15678-0016.flac,174000,
23820,train-clean-100/7367/86737/7367-86737-0038.flac,147040,
21714,train-clean-100/5778/54535/5778-54535-0019.flac,182480,
7262,train-clean-100/322/124147/322-124147-0019.flac,242320,
25584,train-clean-100/4640/19187/4640-19187-0032.flac,106080,
26908,train-clean-100/1235/135884/1235-135884-0033.flac,72960,
26010,train-clean-100/83/9960/83-9960-0053.flac,94880,
3710,train-clean-100/2518/154825/2518-154825-0049.flac,250800,
15848,train-clean-100/7190/90543/7190-90543-0017.flac,218480,
7196,train-clean-100/40/222/40-222-0012.flac,242480,
21243,train-clean-100/5163/39921/5163-39921-0035.flac,187840,
8466,train-clean-100/8838/298546/8838-298546-0028.flac,239440,
5746,train-clean-100/1363/139304/1363-139304-0033.flac,245840,
6894,train-clean-100/426/122819/426-122819-0010.flac,243200,
7681,train-clean-100/7800/283492/7800-283492-0022.flac,241360,
25723,train-clean-100/3436/172171/3436-172171-0030.flac,102240,
2932,train-clean-100/4014/186183/4014-186183-0001.flac,252800,
19425,train-clean-100/887/123290/887-123290-0006.flac,201920,
20938,train-clean-100/7780/274562/7780-274562-0044.flac,190720,
5610,train-clean-100/5022/29411/5022-29411-0034.flac,246240,
1582,train-clean-100/39/121916/39-121916-0000.flac,256800,
14032,train-clean-100/150/126107/150-126107-0019.flac,224640,
19048,train-clean-100/8580/287364/8580-287364-0026.flac,204080,
7329,train-clean-100/163/122947/163-122947-0033.flac,242160,
22616,train-clean-100/909/131041/909-131041-0009.flac,170160,
21268,train-clean-100/831/130739/831-130739-0036.flac,187520,
19507,train-clean-100/1898/145720/1898-145720-0003.flac,201440,
27066,train-clean-100/3242/67168/3242-67168-0034.flac,68960,
23714,train-clean-100/4195/186238/4195-186238-0026.flac,149360,
12736,train-clean-100/1970/10594/1970-10594-0007.flac,228560,
24759,train-clean-100/78/368/78-368-0044.flac,125920,
659,train-clean-100/2002/139469/2002-139469-0097.flac,262560,
15422,train-clean-100/4481/17499/4481-17499-0000.flac,220080,
11528,train-clean-100/3879/173592/3879-173592-0024.flac,231920,
20700,train-clean-100/7059/77900/7059-77900-0005.flac,192960,
6871,train-clean-100/5104/33406/5104-33406-0024.flac,243200,
21285,train-clean-100/887/123291/887-123291-0005.flac,187280,
26837,train-clean-100/27/124992/27-124992-0049.flac,74480,
27703,train-clean-100/6081/41998/6081-41998-0043.flac,53840,
14335,train-clean-100/2843/152918/2843-152918-0030.flac,223680,
5272,train-clean-100/8797/294123/8797-294123-0060.flac,247040,
21841,train-clean-100/4137/11701/4137-11701-0000.flac,180560,
716,train-clean-100/196/122152/196-122152-0007.flac,262080,
13070,train-clean-100/4406/16882/4406-16882-0062.flac,227520,
5828,train-clean-100/3112/9554/3112-9554-0011.flac,245680,
10336,train-clean-100/3664/178355/3664-178355-0004.flac,234960,
6250,train-clean-100/2817/142371/2817-142371-0063.flac,244640,
4992,train-clean-100/1088/134315/1088-134315-0031.flac,247760,
20732,train-clean-100/730/360/730-360-0018.flac,192720,
6737,train-clean-100/7367/86737/7367-86737-0008.flac,243600,
16075,train-clean-100/403/128339/403-128339-0023.flac,217600,
7861,train-clean-100/4441/76250/4441-76250-0002.flac,240960,
8215,train-clean-100/8975/270782/8975-270782-0028.flac,240000,
26674,train-clean-100/3242/8112/3242-8112-0032.flac,78480,
15780,train-clean-100/1183/128659/1183-128659-0015.flac,218720,
6652,train-clean-100/6385/220959/6385-220959-0041.flac,243760,
11314,train-clean-100/7302/86814/7302-86814-0002.flac,232480,
23610,train-clean-100/5789/57158/5789-57158-0012.flac,151840,
1640,train-clean-100/2836/5355/2836-5355-0005.flac,256480,
17032,train-clean-100/8797/294123/8797-294123-0077.flac,214000,
27746,train-clean-100/625/132112/625-132112-0004.flac,52880,
27310,train-clean-100/1246/124548/1246-124548-0008.flac,63200,
12255,train-clean-100/3436/172171/3436-172171-0019.flac,229920,
11544,train-clean-100/8838/298545/8838-298545-0003.flac,231920,
26173,train-clean-100/1624/168623/1624-168623-0033.flac,90720,
7849,train-clean-100/1898/145702/1898-145702-0013.flac,240960,
19209,train-clean-100/7059/88364/7059-88364-0025.flac,203120,
7233,train-clean-100/1069/133709/1069-133709-0027.flac,242400,
8060,train-clean-100/2989/138035/2989-138035-0034.flac,240480,
21380,train-clean-100/125/121342/125-121342-0033.flac,186320,
1699,train-clean-100/4788/294466/4788-294466-0029.flac,256320,
20050,train-clean-100/8770/295462/8770-295462-0015.flac,197920,
8614,train-clean-100/1246/124550/1246-124550-0015.flac,239040,
22993,train-clean-100/5192/19397/5192-19397-0053.flac,163600,
27127,train-clean-100/1578/6379/1578-6379-0042.flac,67600,
11692,train-clean-100/5678/43302/5678-43302-0037.flac,231520,
16742,train-clean-100/412/126975/412-126975-0076.flac,215120,
24853,train-clean-100/5867/48852/5867-48852-0086.flac,123680,
11,train-clean-100/4788/91208/4788-91208-0013.flac,275760,
22320,train-clean-100/3168/173565/3168-173565-0030.flac,174160,
14296,train-clean-100/1624/168623/1624-168623-0010.flac,223840,
10431,train-clean-100/831/130746/831-130746-0052.flac,234720,
25713,train-clean-100/7635/105409/7635-105409-0020.flac,102480,
22957,train-clean-100/2691/156745/2691-156745-0031.flac,164320,
12524,train-clean-100/1081/125237/1081-125237-0042.flac,229200,
2474,train-clean-100/403/128339/403-128339-0005.flac,254000,
17425,train-clean-100/5703/47198/5703-47198-0045.flac,212320,
18988,train-clean-100/226/122538/226-122538-0021.flac,204480,
4784,train-clean-100/5393/19218/5393-19218-0005.flac,248160,
20097,train-clean-100/1867/154071/1867-154071-0031.flac,197520,
14573,train-clean-100/6000/55211/6000-55211-0008.flac,222960,
9307,train-clean-100/32/21631/32-21631-0007.flac,237360,
12610,train-clean-100/2002/139469/2002-139469-0058.flac,228960,
749,train-clean-100/5022/29411/5022-29411-0068.flac,261760,
6885,train-clean-100/5778/54535/5778-54535-0036.flac,243200,
15478,train-clean-100/3374/298025/3374-298025-0015.flac,219920,
10861,train-clean-100/3982/182255/3982-182255-0011.flac,233600,
14957,train-clean-100/7312/92432/7312-92432-0004.flac,221680,
26966,train-clean-100/4680/16026/4680-16026-0006.flac,71600,
12038,train-clean-100/103/1240/103-1240-0033.flac,230640,
21775,train-clean-100/5867/48852/5867-48852-0073.flac,181680,
4435,train-clean-100/6818/68772/6818-68772-0044.flac,249040,
27817,train-clean-100/4014/186183/4014-186183-0022.flac,51360,
10909,train-clean-100/5049/25947/5049-25947-0009.flac,233520,
18696,train-clean-100/8609/262281/8609-262281-0012.flac,206160,
10284,train-clean-100/2910/131096/2910-131096-0029.flac,235120,
20936,train-clean-100/118/47824/118-47824-0041.flac,190720,
2986,train-clean-100/89/218/89-218-0032.flac,252719,
15708,train-clean-100/8108/274318/8108-274318-0038.flac,219040,
2337,train-clean-100/8609/262281/8609-262281-0016.flac,254320,
1660,train-clean-100/412/126975/412-126975-0011.flac,256480,
4679,train-clean-100/2159/179154/2159-179154-0031.flac,248400,
6169,train-clean-100/6078/54007/6078-54007-0014.flac,244800,
16129,train-clean-100/6181/216552/6181-216552-0006.flac,217440,
28070,train-clean-100/1594/135914/1594-135914-0086.flac,45360,
14436,train-clean-100/2436/2481/2436-2481-0015.flac,223440,
20651,train-clean-100/163/122947/163-122947-0089.flac,193280,
24949,train-clean-100/1737/142396/1737-142396-0005.flac,121280,
27488,train-clean-100/1447/130552/1447-130552-0005.flac,59360,
244,train-clean-100/3259/158083/3259-158083-0068.flac,267840,
9320,train-clean-100/3235/28452/3235-28452-0007.flac,237360,
10061,train-clean-100/5652/39938/5652-39938-0038.flac,235600,
21721,train-clean-100/405/130895/405-130895-0026.flac,182400,
4232,train-clean-100/2817/142371/2817-142371-0015.flac,249600,
3351,train-clean-100/8580/287363/8580-287363-0013.flac,251680,
10278,train-clean-100/27/123349/27-123349-0056.flac,235120,
14870,train-clean-100/1963/142776/1963-142776-0028.flac,222000,
14879,train-clean-100/8770/295462/8770-295462-0030.flac,221920,
10082,train-clean-100/3240/131231/3240-131231-0082.flac,235600,
9526,train-clean-100/3723/171631/3723-171631-0006.flac,236960,
7753,train-clean-100/426/122821/426-122821-0004.flac,241200,
6525,train-clean-100/5688/41232/5688-41232-0033.flac,244000,
9715,train-clean-100/1447/130551/1447-130551-0033.flac,236480,
1315,train-clean-100/7517/100429/7517-100429-0029.flac,258000,
9039,train-clean-100/6367/65536/6367-65536-0008.flac,238080,
8163,train-clean-100/200/126784/200-126784-0016.flac,240160,
3331,train-clean-100/8838/298545/8838-298545-0018.flac,251760,
15237,train-clean-100/2817/142371/2817-142371-0017.flac,220720,
5234,train-clean-100/7367/86737/7367-86737-0096.flac,247120,
21952,train-clean-100/7635/105409/7635-105409-0058.flac,179120,
26433,train-clean-100/211/122442/211-122442-0018.flac,84000,
23195,train-clean-100/7859/102518/7859-102518-0006.flac,159600,
20563,train-clean-100/1455/134435/1455-134435-0023.flac,194160,
11243,train-clean-100/8238/274553/8238-274553-0003.flac,232720,
11864,train-clean-100/5390/30102/5390-30102-0005.flac,231119,
21282,train-clean-100/446/123501/446-123501-0007.flac,187360,
21089,train-clean-100/7505/258958/7505-258958-0030.flac,189360,
13039,train-clean-100/8425/292520/8425-292520-0020.flac,227600,
1775,train-clean-100/150/126107/150-126107-0022.flac,256080,
9868,train-clean-100/3879/174923/3879-174923-0041.flac,236080,
101,train-clean-100/103/1241/103-1241-0034.flac,270560,
20371,train-clean-100/7059/88364/7059-88364-0026.flac,195600,
8525,train-clean-100/5322/7679/5322-7679-0037.flac,239280,
23466,train-clean-100/5750/100289/5750-100289-0026.flac,154480,
8477,train-clean-100/5703/47198/5703-47198-0039.flac,239440,
13227,train-clean-100/4018/103416/4018-103416-0022.flac,227120,
24107,train-clean-100/3259/158083/3259-158083-0014.flac,140880,
8692,train-clean-100/8629/261139/8629-261139-0051.flac,238880,
27018,train-clean-100/7190/90542/7190-90542-0061.flac,70400,
12431,train-clean-100/4898/20016/4898-20016-0028.flac,229520,
7957,train-clean-100/248/130697/248-130697-0030.flac,240720,
9399,train-clean-100/669/129061/669-129061-0058.flac,237200,
13784,train-clean-100/1737/142397/1737-142397-0001.flac,225520,
27585,train-clean-100/3982/178459/3982-178459-0007.flac,56720,
18479,train-clean-100/4137/11702/4137-11702-0052.flac,207200,
24140,train-clean-100/118/47824/118-47824-0084.flac,140160,
5852,train-clean-100/3983/5371/3983-5371-0054.flac,245600,
27036,train-clean-100/125/121124/125-121124-0077.flac,70080,
7330,train-clean-100/311/124404/311-124404-0037.flac,242160,
16820,train-clean-100/1081/125237/1081-125237-0027.flac,214800,
26189,train-clean-100/8088/284756/8088-284756-0088.flac,90320,
10447,train-clean-100/103/1240/103-1240-0040.flac,234720,
23706,train-clean-100/2007/132570/2007-132570-0013.flac,149680,
4957,train-clean-100/6000/55211/6000-55211-0003.flac,247760,
25808,train-clean-100/4014/186176/4014-186176-0002.flac,100000,
18337,train-clean-100/7178/34644/7178-34644-0053.flac,207920,
23336,train-clean-100/730/360/730-360-0003.flac,156480,
17492,train-clean-100/2952/410/2952-410-0042.flac,212080,
17421,train-clean-100/2989/138028/2989-138028-0001.flac,212320,
11803,train-clean-100/7505/258958/7505-258958-0007.flac,231280,
10608,train-clean-100/7794/295948/7794-295948-0009.flac,234320,
12899,train-clean-100/6019/3185/6019-3185-0090.flac,228080,
20021,train-clean-100/5104/33406/5104-33406-0040.flac,198080,
19609,train-clean-100/426/122821/426-122821-0029.flac,200800,
26844,train-clean-100/7635/105409/7635-105409-0050.flac,74240,
10017,train-clean-100/6181/216552/6181-216552-0014.flac,235760,
6755,train-clean-100/669/129061/669-129061-0042.flac,243520,
12124,train-clean-100/1867/148436/1867-148436-0011.flac,230320,
14067,train-clean-100/7078/271888/7078-271888-0106.flac,224480,
19892,train-clean-100/5163/39921/5163-39921-0039.flac,199040,
7217,train-clean-100/6181/216552/6181-216552-0010.flac,242480,
28376,train-clean-100/7447/91186/7447-91186-0030.flac,36880,
16248,train-clean-100/5750/100289/5750-100289-0035.flac,217040,
7268,train-clean-100/2817/142380/2817-142380-0041.flac,242320,
25007,train-clean-100/4195/186238/4195-186238-0013.flac,120240,
4735,train-clean-100/1455/138263/1455-138263-0038.flac,248320,
7908,train-clean-100/7078/271888/7078-271888-0022.flac,240800,
23563,train-clean-100/6000/86686/6000-86686-0014.flac,152800,
24306,train-clean-100/587/54108/587-54108-0008.flac,136640,
17332,train-clean-100/1867/154071/1867-154071-0025.flac,212720,
3408,train-clean-100/1069/133699/1069-133699-0031.flac,251520,
6299,train-clean-100/2952/410/2952-410-0049.flac,244560,
14121,train-clean-100/2436/2481/2436-2481-0004.flac,224320,
5900,train-clean-100/5688/41232/5688-41232-0001.flac,245440,
14592,train-clean-100/6000/55211/6000-55211-0022.flac,222880,
17996,train-clean-100/7635/105409/7635-105409-0048.flac,209680,
3037,train-clean-100/7113/86041/7113-86041-0037.flac,252560,
23149,train-clean-100/2764/36616/2764-36616-0027.flac,160400,
15754,train-clean-100/8797/294123/8797-294123-0016.flac,218880,
19597,train-clean-100/2416/152137/2416-152137-0011.flac,200880,
13534,train-clean-100/2989/138035/2989-138035-0038.flac,226240,
8516,train-clean-100/4137/11701/4137-11701-0013.flac,239360,
3353,train-clean-100/125/121342/125-121342-0019.flac,251680,
10936,train-clean-100/3374/298025/3374-298025-0027.flac,233440,
19848,train-clean-100/1553/140047/1553-140047-0048.flac,199360,
5894,train-clean-100/7447/91186/7447-91186-0027.flac,245520,
16162,train-clean-100/2092/145709/2092-145709-0010.flac,217360,
21708,train-clean-100/2182/181173/2182-181173-0030.flac,182560,
2523,train-clean-100/412/126975/412-126975-0035.flac,253920,
12033,train-clean-100/200/124140/200-124140-0014.flac,230640,
18824,train-clean-100/4137/11702/4137-11702-0004.flac,205440,
5109,train-clean-100/2691/156755/2691-156755-0034.flac,247440,
719,train-clean-100/3240/131232/3240-131232-0010.flac,262080,
26900,train-clean-100/1455/134435/1455-134435-0026.flac,73199,
16761,train-clean-100/5163/39921/5163-39921-0019.flac,215040,
20034,train-clean-100/150/126107/150-126107-0036.flac,198000,
12333,train-clean-100/6367/74004/6367-74004-0006.flac,229760,
10659,train-clean-100/2817/142380/2817-142380-0040.flac,234240,
6835,train-clean-100/3240/131231/3240-131231-0020.flac,243280,
3469,train-clean-100/669/129061/669-129061-0052.flac,251440,
24390,train-clean-100/250/142286/250-142286-0004.flac,134480,
5031,train-clean-100/196/122150/196-122150-0029.flac,247600,
8725,train-clean-100/7278/91083/7278-91083-0034.flac,238800,
2189,train-clean-100/3607/29116/3607-29116-0017.flac,254800,
6762,train-clean-100/5390/30096/5390-30096-0021.flac,243520,
27015,train-clean-100/3830/12531/3830-12531-0031.flac,70480,
2411,train-clean-100/198/129977/198-129977-0010.flac,254160,
3625,train-clean-100/19/227/19-227-0028.flac,251040,
11157,train-clean-100/405/130894/405-130894-0057.flac,232880,
22394,train-clean-100/7635/105409/7635-105409-0028.flac,173280,
22879,train-clean-100/4640/19187/4640-19187-0029.flac,165760,
25567,train-clean-100/89/219/89-219-0040.flac,106480,
2213,train-clean-100/5652/19215/5652-19215-0007.flac,254720,
4629,train-clean-100/1963/142393/1963-142393-0047.flac,248560,
28201,train-clean-100/5561/41615/5561-41615-0009.flac,41840,
28197,train-clean-100/1116/132851/1116-132851-0003.flac,41920,
9806,train-clean-100/4014/186179/4014-186179-0019.flac,236320,
8822,train-clean-100/78/369/78-369-0022.flac,238560,
1107,train-clean-100/6836/76549/6836-76549-0028.flac,259120,
13416,train-clean-100/307/127539/307-127539-0023.flac,226560,
11558,train-clean-100/5339/14133/5339-14133-0045.flac,231840,
3726,train-clean-100/1963/142776/1963-142776-0013.flac,250800,
27007,train-clean-100/1578/140049/1578-140049-0002.flac,70720,
19602,train-clean-100/3240/131231/3240-131231-0045.flac,200880,
9397,train-clean-100/2989/138028/2989-138028-0016.flac,237200,
20173,train-clean-100/7800/283493/7800-283493-0011.flac,196960,
17575,train-clean-100/8629/261140/8629-261140-0023.flac,211760,
24393,train-clean-100/7402/59171/7402-59171-0044.flac,134480,
11740,train-clean-100/3607/135982/3607-135982-0001.flac,231440,
22674,train-clean-100/5456/58161/5456-58161-0010.flac,169200,
13744,train-clean-100/1963/142393/1963-142393-0017.flac,225600,
15739,train-clean-100/3947/13262/3947-13262-0027.flac,218880,
6238,train-clean-100/5867/48852/5867-48852-0047.flac,244640,
20787,train-clean-100/4160/14187/4160-14187-0020.flac,192240,
27339,train-clean-100/1034/121119/1034-121119-0018.flac,62560,
3938,train-clean-100/460/172359/460-172359-0086.flac,250240,
20937,train-clean-100/4160/11550/4160-11550-0028.flac,190720,
26209,train-clean-100/8609/262281/8609-262281-0026.flac,89680,
377,train-clean-100/3259/158083/3259-158083-0019.flac,265920,
25462,train-clean-100/5514/19193/5514-19193-0010.flac,109040,
24861,train-clean-100/8063/274117/8063-274117-0010.flac,123520,
25302,train-clean-100/250/142286/250-142286-0032.flac,112640,
4360,train-clean-100/8425/246962/8425-246962-0018.flac,249200,
19710,train-clean-100/8312/279791/8312-279791-0029.flac,200240,
18955,train-clean-100/2159/179154/2159-179154-0006.flac,204640,
17054,train-clean-100/8095/274345/8095-274345-0020.flac,213920,
12403,train-clean-100/6454/107462/6454-107462-0025.flac,229520,
18819,train-clean-100/3440/171006/3440-171006-0022.flac,205440,
27871,train-clean-100/78/368/78-368-0031.flac,50320,
11835,train-clean-100/441/128982/441-128982-0034.flac,231120,
4097,train-clean-100/6818/68772/6818-68772-0030.flac,249920,
23951,train-clean-100/8238/283452/8238-283452-0012.flac,144080,
8988,train-clean-100/4088/158077/4088-158077-0029.flac,238160,
5399,train-clean-100/125/121342/125-121342-0010.flac,246720,
16886,train-clean-100/254/127705/254-127705-0041.flac,214640,
17584,train-clean-100/1447/130552/1447-130552-0023.flac,211680,
25123,train-clean-100/5192/19396/5192-19396-0009.flac,117280,
26003,train-clean-100/1034/121119/1034-121119-0077.flac,95120,
18726,train-clean-100/26/496/26-496-0001.flac,206000,
1329,train-clean-100/4898/20016/4898-20016-0020.flac,257920,
20272,train-clean-100/4195/17507/4195-17507-0030.flac,196240,
19295,train-clean-100/839/130898/839-130898-0070.flac,202640,
3798,train-clean-100/7367/86737/7367-86737-0052.flac,250560,
6313,train-clean-100/6437/66173/6437-66173-0002.flac,244560,
1180,train-clean-100/2893/139322/2893-139322-0026.flac,258720,
23398,train-clean-100/730/360/730-360-0036.flac,155520,
18566,train-clean-100/4362/15663/4362-15663-0030.flac,206800,
13496,train-clean-100/5778/54535/5778-54535-0034.flac,226400,
7968,train-clean-100/307/127540/307-127540-0023.flac,240720,
12754,train-clean-100/4160/11550/4160-11550-0001.flac,228480,
18703,train-clean-100/198/126831/198-126831-0012.flac,206080,
23854,train-clean-100/6147/34605/6147-34605-0010.flac,146320,
27056,train-clean-100/7505/83618/7505-83618-0011.flac,69360,
28100,train-clean-100/7113/86041/7113-86041-0049.flac,44560,
23210,train-clean-100/5339/14134/5339-14134-0072.flac,159280,
14744,train-clean-100/839/130898/839-130898-0028.flac,222400,
3419,train-clean-100/5750/100289/5750-100289-0000.flac,251520,
16879,train-clean-100/103/1240/103-1240-0020.flac,214640,
10044,train-clean-100/89/218/89-218-0045.flac,235680,
11323,train-clean-100/7226/86965/7226-86965-0045.flac,232480,
503,train-clean-100/2514/149482/2514-149482-0028.flac,264240,
5257,train-clean-100/7511/102419/7511-102419-0039.flac,247040,
15371,train-clean-100/8609/262281/8609-262281-0017.flac,220320,
17795,train-clean-100/1970/10594/1970-10594-0015.flac,210640,
13871,train-clean-100/5192/19397/5192-19397-0049.flac,225200,
14962,train-clean-100/8838/298546/8838-298546-0025.flac,221680,
83,train-clean-100/8108/274318/8108-274318-0046.flac,270960,
20386,train-clean-100/4898/20016/4898-20016-0004.flac,195520,
27625,train-clean-100/1183/133256/1183-133256-0009.flac,55760,
15125,train-clean-100/3235/28433/3235-28433-0010.flac,221120,
10856,train-clean-100/6385/220959/6385-220959-0027.flac,233600,
17802,train-clean-100/2092/145706/2092-145706-0021.flac,210640,
16576,train-clean-100/7148/82991/7148-82991-0031.flac,215760,
2711,train-clean-100/19/227/19-227-0009.flac,253360,
20307,train-clean-100/8324/286682/8324-286682-0001.flac,196080,
6936,train-clean-100/696/93314/696-93314-0004.flac,243120,
18048,train-clean-100/19/227/19-227-0035.flac,209440,
20114,train-clean-100/298/126791/298-126791-0059.flac,197440,
24927,train-clean-100/8425/292520/8425-292520-0001.flac,122000,
22313,train-clean-100/730/358/730-358-0045.flac,174240,
24508,train-clean-100/1737/148989/1737-148989-0037.flac,132080,
9896,train-clean-100/3982/178459/3982-178459-0013.flac,236000,
14985,train-clean-100/5789/57195/5789-57195-0021.flac,221600,
17929,train-clean-100/6272/70191/6272-70191-0015.flac,209920,
22333,train-clean-100/4214/7146/4214-7146-0054.flac,174000,
5772,train-clean-100/6019/3185/6019-3185-0025.flac,245760,
7612,train-clean-100/1970/26100/1970-26100-0008.flac,241520,
25508,train-clean-100/8095/274348/8095-274348-0016.flac,108000,
25213,train-clean-100/7226/86964/7226-86964-0060.flac,115200,
11957,train-clean-100/8095/274346/8095-274346-0001.flac,230800,
7660,train-clean-100/5688/41232/5688-41232-0053.flac,241440,
11223,train-clean-100/2196/174172/2196-174172-0021.flac,232720,
28257,train-clean-100/3240/131231/3240-131231-0008.flac,39920,
2470,train-clean-100/4788/94904/4788-94904-0006.flac,254000,
27475,train-clean-100/8747/293952/8747-293952-0054.flac,59680,
6750,train-clean-100/2384/152900/2384-152900-0066.flac,243520,
9507,train-clean-100/8238/274553/8238-274553-0045.flac,236960,
1524,train-clean-100/5703/47212/5703-47212-0016.flac,256960,
17822,train-clean-100/4362/15663/4362-15663-0017.flac,210480,
5249,train-clean-100/2002/139469/2002-139469-0114.flac,247120,
16660,train-clean-100/2092/145706/2092-145706-0017.flac,215440,
15989,train-clean-100/8063/274112/8063-274112-0014.flac,217920,
11141,train-clean-100/6272/70191/6272-70191-0002.flac,232880,
4106,train-clean-100/5750/100289/5750-100289-0001.flac,249920,
9831,train-clean-100/254/27760/254-27760-0028.flac,236240,
2341,train-clean-100/730/360/730-360-0025.flac,254320,
12022,train-clean-100/2436/2476/2436-2476-0035.flac,230640,
6098,train-clean-100/6880/216547/6880-216547-0079.flac,245040,
16430,train-clean-100/6476/57446/6476-57446-0086.flac,216400,
3163,train-clean-100/1363/139304/1363-139304-0001.flac,252240,
5757,train-clean-100/2989/138035/2989-138035-0046.flac,245840,
7376,train-clean-100/83/9960/83-9960-0023.flac,242080,
13133,train-clean-100/1081/125237/1081-125237-0083.flac,227440,
27112,train-clean-100/2817/142371/2817-142371-0006.flac,67920,
1748,train-clean-100/911/128684/911-128684-0066.flac,256160,
24357,train-clean-100/2952/410/2952-410-0021.flac,135280,
8116,train-clean-100/2002/139469/2002-139469-0008.flac,240240,
14532,train-clean-100/1737/148989/1737-148989-0030.flac,223120,
15867,train-clean-100/1116/132847/1116-132847-0002.flac,218400,
26494,train-clean-100/6081/42010/6081-42010-0033.flac,82560,
11430,train-clean-100/4340/15220/4340-15220-0027.flac,232240,
3628,train-clean-100/2910/131096/2910-131096-0091.flac,251040,
10038,train-clean-100/426/122822/426-122822-0024.flac,235680,
9693,train-clean-100/200/126784/200-126784-0005.flac,236480,
26431,train-clean-100/125/121124/125-121124-0068.flac,84080,
21787,train-clean-100/83/3054/83-3054-0007.flac,181360,
26758,train-clean-100/2911/7601/2911-7601-0001.flac,76640,
12792,train-clean-100/8238/283452/8238-283452-0029.flac,228400,
3776,train-clean-100/3857/182317/3857-182317-0015.flac,250640,
7826,train-clean-100/7113/86041/7113-86041-0017.flac,241040,
16877,train-clean-100/6880/216547/6880-216547-0039.flac,214640,
21306,train-clean-100/78/369/78-369-0001.flac,187040,
5845,train-clean-100/7278/246956/7278-246956-0001.flac,245600,
5207,train-clean-100/3240/131232/3240-131232-0003.flac,247200,
12837,train-clean-100/5778/12761/5778-12761-0031.flac,228240,
12132,train-clean-100/5703/47198/5703-47198-0005.flac,230320,
18255,train-clean-100/4830/25898/4830-25898-0021.flac,208400,
15941,train-clean-100/625/132118/625-132118-0038.flac,218160,
9379,train-clean-100/3168/173564/3168-173564-0019.flac,237200,
12313,train-clean-100/5514/19192/5514-19192-0030.flac,229840,
27660,train-clean-100/2136/5143/2136-5143-0007.flac,54800,
24848,train-clean-100/730/358/730-358-0049.flac,123760,
17765,train-clean-100/8238/283452/8238-283452-0022.flac,210800,
15381,train-clean-100/1263/141777/1263-141777-0018.flac,220240,
4678,train-clean-100/8468/295198/8468-295198-0015.flac,248400,
19621,train-clean-100/8797/294123/8797-294123-0088.flac,200720,
18961,train-clean-100/374/180298/374-180298-0062.flac,204640,
4070,train-clean-100/3214/167602/3214-167602-0017.flac,250000,
22126,train-clean-100/2391/145015/2391-145015-0015.flac,177040,
16401,train-clean-100/374/180299/374-180299-0004.flac,216560,
22255,train-clean-100/4088/158077/4088-158077-0042.flac,175121,
1610,train-clean-100/6019/3185/6019-3185-0089.flac,256640,
15693,train-clean-100/6147/34607/6147-34607-0019.flac,219120,
12332,train-clean-100/7302/86815/7302-86815-0082.flac,229760,
11453,train-clean-100/4160/11549/4160-11549-0033.flac,232080,
23360,train-clean-100/311/124404/311-124404-0092.flac,156160,
1769,train-clean-100/4195/186238/4195-186238-0001.flac,256080,
12772,train-clean-100/211/122425/211-122425-0061.flac,228480,
27940,train-clean-100/2989/138035/2989-138035-0012.flac,48240,
1877,train-clean-100/307/127535/307-127535-0029.flac,255760,
24305,train-clean-100/909/131044/909-131044-0020.flac,136640,
11697,train-clean-100/6019/3185/6019-3185-0006.flac,231520,
24500,train-clean-100/3242/67168/3242-67168-0024.flac,132160,
25919,train-clean-100/39/121914/39-121914-0033.flac,97360,
3194,train-clean-100/8975/270782/8975-270782-0015.flac,252160,
20490,train-clean-100/5339/14134/5339-14134-0046.flac,194799,
11040,train-clean-100/4088/158077/4088-158077-0060.flac,233200,
4298,train-clean-100/5393/19219/5393-19219-0059.flac,249360,
5664,train-clean-100/5808/48608/5808-48608-0048.flac,246080,
8145,train-clean-100/7226/86964/7226-86964-0055.flac,240160,
11658,train-clean-100/6272/70171/6272-70171-0006.flac,231600,
13842,train-clean-100/1867/154075/1867-154075-0025.flac,225280,
18179,train-clean-100/6019/3185/6019-3185-0086.flac,208720,
13599,train-clean-100/8312/279790/8312-279790-0018.flac,226000,
3939,train-clean-100/4680/16041/4680-16041-0002.flac,250240,
22420,train-clean-100/2182/181183/2182-181183-0017.flac,173040,
16966,train-clean-100/4297/13006/4297-13006-0007.flac,214240,
9956,train-clean-100/7078/271888/7078-271888-0102.flac,235920,
16114,train-clean-100/2092/145706/2092-145706-0073.flac,217520,
12766,train-clean-100/7800/283478/7800-283478-0015.flac,228480,
27733,train-clean-100/481/123720/481-123720-0041.flac,53120,
25881,train-clean-100/5561/41615/5561-41615-0027.flac,98400,
172,train-clean-100/3723/171115/3723-171115-0013.flac,268720,
455,train-clean-100/1737/148989/1737-148989-0004.flac,264720,
21847,train-clean-100/27/124992/27-124992-0035.flac,180560,
5052,train-clean-100/2289/152253/2289-152253-0004.flac,247600,
14719,train-clean-100/6415/111615/6415-111615-0035.flac,222480,
15942,train-clean-100/1502/122619/1502-122619-0075.flac,218081,
3885,train-clean-100/1841/179183/1841-179183-0016.flac,250400,
27152,train-clean-100/6925/80680/6925-80680-0077.flac,67040,
3780,train-clean-100/6476/57446/6476-57446-0009.flac,250640,
17647,train-clean-100/7635/105661/7635-105661-0031.flac,211360,
13755,train-clean-100/5867/48852/5867-48852-0018.flac,225600,
24887,train-clean-100/289/121652/289-121652-0004.flac,122800,
2613,train-clean-100/8425/246962/8425-246962-0015.flac,253600,
6610,train-clean-100/3242/8112/3242-8112-0007.flac,243840,
24040,train-clean-100/696/93314/696-93314-0039.flac,142400,
12139,train-clean-100/403/216/403-216-0009.flac,230240,
26071,train-clean-100/460/172359/460-172359-0050.flac,92960,
27163,train-clean-100/4018/103416/4018-103416-0023.flac,66640,
12836,train-clean-100/2836/5355/2836-5355-0048.flac,228240,
18241,train-clean-100/3699/47246/3699-47246-0008.flac,208480,
10271,train-clean-100/1088/134315/1088-134315-0054.flac,235120,
13030,train-clean-100/2136/5147/2136-5147-0002.flac,227680,
11211,train-clean-100/458/126305/458-126305-0024.flac,232720,
6365,train-clean-100/150/126107/150-126107-0040.flac,244400,
6172,train-clean-100/2910/131096/2910-131096-0050.flac,244800,
5587,train-clean-100/5750/100289/5750-100289-0065.flac,246320,
24114,train-clean-100/7635/105409/7635-105409-0067.flac,140720,
26954,train-clean-100/8238/283452/8238-283452-0030.flac,71840,
200,train-clean-100/4088/158079/4088-158079-0000.flac,268320,
27234,train-clean-100/27/124992/27-124992-0028.flac,64880,
15450,train-clean-100/19/227/19-227-0022.flac,220000,
16752,train-clean-100/4397/15678/4397-15678-0024.flac,215120,
784,train-clean-100/6209/34600/6209-34600-0007.flac,261440,
14605,train-clean-100/87/121553/87-121553-0061.flac,222880,
994,train-clean-100/196/122150/196-122150-0006.flac,259840,
14917,train-clean-100/6385/220959/6385-220959-0030.flac,221840,
5153,train-clean-100/4267/72637/4267-72637-0025.flac,247360,
320,train-clean-100/7402/90848/7402-90848-0034.flac,266640,
16165,train-clean-100/8123/275209/8123-275209-0018.flac,217360,
7502,train-clean-100/7794/295948/7794-295948-0016.flac,241840,
21913,train-clean-100/1578/140049/1578-140049-0027.flac,179520,
1264,train-clean-100/2136/5147/2136-5147-0039.flac,258320,
8284,train-clean-100/5750/100289/5750-100289-0054.flac,239840,
6717,train-clean-100/4018/107338/4018-107338-0012.flac,243600,
18517,train-clean-100/587/41619/587-41619-0018.flac,207040,
15562,train-clean-100/2691/156750/2691-156750-0016.flac,219600,
26379,train-clean-100/4406/16882/4406-16882-0023.flac,85360,
17088,train-clean-100/426/122819/426-122819-0035.flac,213760,
26663,train-clean-100/1502/122619/1502-122619-0024.flac,78800,
751,train-clean-100/1578/140049/1578-140049-0024.flac,261760,
28223,train-clean-100/1069/133699/1069-133699-0009.flac,40960,
28535,train-clean-100/1594/135914/1594-135914-0032.flac,27680,
27853,train-clean-100/1081/125237/1081-125237-0045.flac,50560,
21343,train-clean-100/89/219/89-219-0030.flac,186640,
7153,train-clean-100/8312/279791/8312-279791-0048.flac,242561,
2013,train-clean-100/3526/176651/3526-176651-0008.flac,255360,
27567,train-clean-100/27/124992/27-124992-0020.flac,57120,
25961,train-clean-100/6454/120342/6454-120342-0010.flac,96480,
20661,train-clean-100/7505/83618/7505-83618-0002.flac,193280,
3648,train-clean-100/8108/274318/8108-274318-0003.flac,250960,
893,train-clean-100/4018/107312/4018-107312-0021.flac,260560,
2131,train-clean-100/446/123502/446-123502-0025.flac,254960,
18876,train-clean-100/8014/112586/8014-112586-0002.flac,205040,
4805,train-clean-100/322/124147/322-124147-0081.flac,248160,
2324,train-clean-100/8095/274346/8095-274346-0029.flac,254400,
4955,train-clean-100/229/130880/229-130880-0037.flac,247840,
9209,train-clean-100/2436/2477/2436-2477-0028.flac,237680,
11955,train-clean-100/4640/19187/4640-19187-0026.flac,230800,
759,train-clean-100/1334/135589/1334-135589-0077.flac,261600,
25679,train-clean-100/2136/5147/2136-5147-0004.flac,103200,
20038,train-clean-100/8747/293952/8747-293952-0098.flac,198000,
15340,train-clean-100/7505/258964/7505-258964-0016.flac,220400,
21259,train-clean-100/1970/26100/1970-26100-0014.flac,187680,
21103,train-clean-100/322/124147/322-124147-0060.flac,189200,
19574,train-clean-100/8419/286667/8419-286667-0019.flac,201040,
6323,train-clean-100/1970/10594/1970-10594-0034.flac,244480,
23415,train-clean-100/4406/16883/4406-16883-0047.flac,155200,
11099,train-clean-100/8609/283227/8609-283227-0026.flac,233040,
19139,train-clean-100/3807/4923/3807-4923-0057.flac,203440,
10710,train-clean-100/6437/66173/6437-66173-0049.flac,234080,
8993,train-clean-100/6848/76049/6848-76049-0005.flac,238160,
1830,train-clean-100/5390/24512/5390-24512-0046.flac,255920,
2945,train-clean-100/5789/70653/5789-70653-0027.flac,252800,
6426,train-clean-100/4441/76250/4441-76250-0014.flac,244320,
483,train-clean-100/8580/287364/8580-287364-0021.flac,264480,
14779,train-clean-100/2391/145015/2391-145015-0081.flac,222320,
24166,train-clean-100/78/369/78-369-0058.flac,139680,
12760,train-clean-100/669/129061/669-129061-0041.flac,228480,
11150,train-clean-100/26/495/26-495-0002.flac,232880,
7885,train-clean-100/3723/171115/3723-171115-0025.flac,240880,
12254,train-clean-100/5778/54535/5778-54535-0024.flac,229920,
25680,train-clean-100/2002/139469/2002-139469-0100.flac,103200,
12615,train-clean-100/8975/270782/8975-270782-0011.flac,228960,
806,train-clean-100/2092/145706/2092-145706-0070.flac,261200,
6066,train-clean-100/6880/216547/6880-216547-0030.flac,245040,
11984,train-clean-100/4788/94904/4788-94904-0034.flac,230720,
18168,train-clean-100/1098/133695/1098-133695-0040.flac,208800,
18087,train-clean-100/6848/76049/6848-76049-0034.flac,209200,
19810,train-clean-100/1235/135884/1235-135884-0025.flac,199600,
10473,train-clean-100/839/130898/839-130898-0082.flac,234640,
23108,train-clean-100/6880/216547/6880-216547-0091.flac,161200,
12463,train-clean-100/8238/274553/8238-274553-0011.flac,229440,
6359,train-clean-100/7794/295948/7794-295948-0018.flac,244400,
28534,train-clean-100/730/358/730-358-0022.flac,27760,
18428,train-clean-100/374/180298/374-180298-0021.flac,207440,
11867,train-clean-100/5393/19218/5393-19218-0003.flac,231040,
18636,train-clean-100/446/123502/446-123502-0010.flac,206480,
26566,train-clean-100/4406/16883/4406-16883-0035.flac,80720,
3410,train-clean-100/6081/42010/6081-42010-0011.flac,251520,
24086,train-clean-100/911/128684/911-128684-0027.flac,141280,
20544,train-clean-100/201/127786/201-127786-0026.flac,194320,
1634,train-clean-100/1723/141149/1723-141149-0056.flac,256560,
14312,train-clean-100/839/130898/839-130898-0095.flac,223760,
10547,train-clean-100/103/1240/103-1240-0011.flac,234480,
1712,train-clean-100/7402/90848/7402-90848-0014.flac,256240,
18698,train-clean-100/7367/86737/7367-86737-0004.flac,206160,
21956,train-clean-100/1594/135914/1594-135914-0020.flac,179120,
1781,train-clean-100/412/126975/412-126975-0093.flac,256080,
19520,train-clean-100/8630/305212/8630-305212-0019.flac,201360,
19562,train-clean-100/298/126790/298-126790-0026.flac,201120,
18529,train-clean-100/5393/19219/5393-19219-0052.flac,206960,
13482,train-clean-100/4830/25898/4830-25898-0050.flac,226400,
25409,train-clean-100/2514/149482/2514-149482-0085.flac,110320,
25328,train-clean-100/2691/156745/2691-156745-0044.flac,112240,
23,train-clean-100/3486/166424/3486-166424-0048.flac,273840,
23660,train-clean-100/2159/179157/2159-179157-0019.flac,150800,
6550,train-clean-100/625/132118/625-132118-0044.flac,244000,
5509,train-clean-100/1898/145715/1898-145715-0023.flac,246480,
25559,train-clean-100/2289/152253/2289-152253-0026.flac,106800,
28140,train-clean-100/587/41619/587-41619-0015.flac,43600,
23587,train-clean-100/307/127539/307-127539-0019.flac,152320,
21353,train-clean-100/200/126784/200-126784-0017.flac,186560,
5539,train-clean-100/3807/4923/3807-4923-0046.flac,246400,
4193,train-clean-100/481/123720/481-123720-0062.flac,249680,
15500,train-clean-100/6272/70168/6272-70168-0013.flac,219840,
21289,train-clean-100/1502/122619/1502-122619-0045.flac,187280,
13813,train-clean-100/1867/154071/1867-154071-0038.flac,225440,
6045,train-clean-100/2911/12359/2911-12359-0000.flac,245120,
26122,train-clean-100/3235/11599/3235-11599-0013.flac,91680,
14568,train-clean-100/6367/65536/6367-65536-0054.flac,222960,
17039,train-clean-100/3526/176653/3526-176653-0040.flac,213920,
13728,train-clean-100/332/128985/332-128985-0013.flac,225680,
14310,train-clean-100/831/130746/831-130746-0031.flac,223760,
12228,train-clean-100/6181/216552/6181-216552-0098.flac,230000,
20248,train-clean-100/201/127786/201-127786-0037.flac,196480,
17585,train-clean-100/4297/13009/4297-13009-0017.flac,211680,
23022,train-clean-100/458/126305/458-126305-0018.flac,163040,
803,train-clean-100/2817/142371/2817-142371-0069.flac,261200,
18482,train-clean-100/250/140277/250-140277-0001.flac,207200,
24311,train-clean-100/233/134440/233-134440-0030.flac,136480,
10212,train-clean-100/5808/48608/5808-48608-0059.flac,235280,
22371,train-clean-100/8095/274346/8095-274346-0003.flac,173680,
5025,train-clean-100/446/123502/446-123502-0040.flac,247680,
6486,train-clean-100/887/123291/887-123291-0042.flac,244160,
1397,train-clean-100/1502/122615/1502-122615-0018.flac,257520,
4696,train-clean-100/1263/138246/1263-138246-0026.flac,248400,
1505,train-clean-100/1235/135883/1235-135883-0023.flac,257040,
11615,train-clean-100/1088/129236/1088-129236-0021.flac,231760,
11227,train-clean-100/7059/77900/7059-77900-0028.flac,232720,
19227,train-clean-100/3436/172171/3436-172171-0058.flac,203040,
6285,train-clean-100/1246/124550/1246-124550-0028.flac,244560,
6792,train-clean-100/6476/57446/6476-57446-0040.flac,243440,
3239,train-clean-100/7312/92432/7312-92432-0005.flac,252000,
27550,train-clean-100/839/130898/839-130898-0056.flac,57840,
25130,train-clean-100/481/123720/481-123720-0066.flac,117040,
4996,train-clean-100/3242/67168/3242-67168-0028.flac,247760,
14687,train-clean-100/6818/68772/6818-68772-0009.flac,222560,
14228,train-clean-100/6385/34655/6385-34655-0024.flac,224080,
3049,train-clean-100/5867/48852/5867-48852-0067.flac,252480,
16945,train-clean-100/4406/16883/4406-16883-0013.flac,214320,
8830,train-clean-100/7302/86814/7302-86814-0022.flac,238480,
953,train-clean-100/7794/295955/7794-295955-0025.flac,260160,
1125,train-clean-100/3259/158083/3259-158083-0024.flac,259040,
18632,train-clean-100/5703/47198/5703-47198-0049.flac,206480,
4416,train-clean-100/2910/131096/2910-131096-0011.flac,249040,
1278,train-clean-100/5789/57158/5789-57158-0008.flac,258240,
5638,train-clean-100/7190/90542/7190-90542-0081.flac,246081,
26386,train-clean-100/1116/132847/1116-132847-0037.flac,85200,
6774,train-clean-100/2196/174172/2196-174172-0033.flac,243440,
427,train-clean-100/200/126784/200-126784-0010.flac,265120,
1514,train-clean-100/3982/178459/3982-178459-0065.flac,257040,
23218,train-clean-100/3259/158083/3259-158083-0030.flac,159200,
26928,train-clean-100/7178/34645/7178-34645-0029.flac,72480,
20707,train-clean-100/6848/252323/6848-252323-0014.flac,192880,
6891,train-clean-100/1963/142393/1963-142393-0043.flac,243200,
2812,train-clean-100/6836/76549/6836-76549-0012.flac,253120,
5125,train-clean-100/7367/86737/7367-86737-0089.flac,247440,
658,train-clean-100/7511/102420/7511-102420-0023.flac,262560,
1076,train-clean-100/7226/86964/7226-86964-0003.flac,259280,
22539,train-clean-100/5022/29411/5022-29411-0013.flac,171360,
15963,train-clean-100/5561/39621/5561-39621-0017.flac,218000,
23170,train-clean-100/4297/13006/4297-13006-0023.flac,160080,
15134,train-clean-100/3699/175950/3699-175950-0020.flac,221120,
25776,train-clean-100/7302/86815/7302-86815-0053.flac,100560,
11484,train-clean-100/1263/141777/1263-141777-0027.flac,232080,
11832,train-clean-100/839/130898/839-130898-0085.flac,231120,
15994,train-clean-100/4014/186179/4014-186179-0002.flac,217920,
9175,train-clean-100/233/155990/233-155990-0017.flac,237760,
20685,train-clean-100/7178/34644/7178-34644-0001.flac,193040,
24073,train-clean-100/730/359/730-359-0045.flac,141520,
14541,train-clean-100/587/41619/587-41619-0017.flac,223120,
4760,train-clean-100/696/93314/696-93314-0063.flac,248240,
9075,train-clean-100/403/126855/403-126855-0017.flac,237920,
4382,train-clean-100/6437/66173/6437-66173-0037.flac,249200,
9163,train-clean-100/2764/36619/2764-36619-0033.flac,237760,
3580,train-clean-100/4014/186175/4014-186175-0034.flac,251120,
19058,train-clean-100/831/130746/831-130746-0024.flac,204000,
27741,train-clean-100/3486/166424/3486-166424-0047.flac,53040,
6286,train-clean-100/1116/132847/1116-132847-0040.flac,244560,
196,train-clean-100/5652/39938/5652-39938-0020.flac,268400,
24710,train-clean-100/1970/26100/1970-26100-0011.flac,127280,
21544,train-clean-100/1992/141719/1992-141719-0007.flac,184400,
14527,train-clean-100/103/1240/103-1240-0002.flac,223120,
1059,train-clean-100/887/123289/887-123289-0025.flac,259440,
4258,train-clean-100/3436/172162/3436-172162-0009.flac,249520,
12244,train-clean-100/6000/55211/6000-55211-0053.flac,230000,
3018,train-clean-100/83/9960/83-9960-0003.flac,252640,
23558,train-clean-100/1081/125237/1081-125237-0061.flac,152800,
3219,train-clean-100/4898/20016/4898-20016-0019.flac,252080,
25472,train-clean-100/3664/11714/3664-11714-0022.flac,108800,
15770,train-clean-100/2952/410/2952-410-0009.flac,218800,
19220,train-clean-100/3807/4923/3807-4923-0041.flac,203120,
4591,train-clean-100/6000/55211/6000-55211-0031.flac,248640,
7781,train-clean-100/2416/152137/2416-152137-0014.flac,241120,
24419,train-clean-100/6272/70191/6272-70191-0012.flac,133840,
10463,train-clean-100/8425/291444/8425-291444-0016.flac,234640,
16774,train-clean-100/587/41611/587-41611-0027.flac,215039,
19263,train-clean-100/5456/62043/5456-62043-0033.flac,202879,
25712,train-clean-100/8063/274117/8063-274117-0015.flac,102560,
27681,train-clean-100/26/496/26-496-0006.flac,54240,
12483,train-clean-100/374/180298/374-180298-0017.flac,229360,
18660,train-clean-100/103/1240/103-1240-0047.flac,206320,
2496,train-clean-100/4195/186237/4195-186237-0027.flac,253920,
27586,train-clean-100/2391/145015/2391-145015-0077.flac,56720,
7225,train-clean-100/5390/30096/5390-30096-0015.flac,242480,
5138,train-clean-100/6437/66173/6437-66173-0019.flac,247360,
13807,train-clean-100/3699/19401/3699-19401-0023.flac,225440,
6733,train-clean-100/8975/270782/8975-270782-0097.flac,243600,
3268,train-clean-100/6019/3185/6019-3185-0040.flac,251920,
12954,train-clean-100/6209/34601/6209-34601-0014.flac,227920,
9021,train-clean-100/6064/56168/6064-56168-0011.flac,238080,
24757,train-clean-100/1963/142393/1963-142393-0036.flac,126000,
712,train-clean-100/254/27760/254-27760-0027.flac,262080,
7704,train-clean-100/3214/167602/3214-167602-0007.flac,241280,
20981,train-clean-100/302/123523/302-123523-0028.flac,190320,
11062,train-clean-100/6563/285357/6563-285357-0023.flac,233120,
19724,train-clean-100/3168/173564/3168-173564-0037.flac,200160,
20472,train-clean-100/403/126855/403-126855-0026.flac,194880,
11198,train-clean-100/7302/86814/7302-86814-0011.flac,232800,
14072,train-clean-100/1447/130550/1447-130550-0006.flac,224480,
21486,train-clean-100/1116/132851/1116-132851-0022.flac,185040,
9878,train-clean-100/4898/28461/4898-28461-0025.flac,236080,
11925,train-clean-100/4853/27670/4853-27670-0004.flac,230960,
8596,train-clean-100/4853/29413/4853-29413-0005.flac,239120,
24808,train-clean-100/6078/54013/6078-54013-0027.flac,124800,
4669,train-clean-100/3242/8112/3242-8112-0036.flac,248480,
9035,train-clean-100/3436/172171/3436-172171-0032.flac,238080,
5715,train-clean-100/481/123719/481-123719-0013.flac,245920,
20352,train-clean-100/5789/57158/5789-57158-0000.flac,195760,
21853,train-clean-100/4051/11218/4051-11218-0010.flac,180400,
13449,train-clean-100/5393/19219/5393-19219-0007.flac,226480,
24898,train-clean-100/426/122821/426-122821-0005.flac,122640,
14469,train-clean-100/6880/216547/6880-216547-0100.flac,223280,
17680,train-clean-100/8324/286682/8324-286682-0027.flac,211200,
7578,train-clean-100/4014/186175/4014-186175-0002.flac,241679,
5808,train-clean-100/103/1240/103-1240-0051.flac,245760,
10763,train-clean-100/6081/42010/6081-42010-0019.flac,233920,
22403,train-clean-100/4014/186183/4014-186183-0010.flac,173200,
12141,train-clean-100/2843/152918/2843-152918-0090.flac,230240,
10157,train-clean-100/60/121082/60-121082-0086.flac,235440,
18149,train-clean-100/1355/39947/1355-39947-0023.flac,208960,
18764,train-clean-100/6081/42010/6081-42010-0004.flac,205760,
13681,train-clean-100/7447/91187/7447-91187-0008.flac,225760,
17522,train-clean-100/87/121553/87-121553-0099.flac,212000,
12923,train-clean-100/1624/142933/1624-142933-0002.flac,228000,
11909,train-clean-100/298/126790/298-126790-0007.flac,230960,
5305,train-clean-100/6019/3185/6019-3185-0049.flac,246960,
19370,train-clean-100/307/127539/307-127539-0021.flac,202160,
25370,train-clean-100/446/123501/446-123501-0058.flac,111280,
7236,train-clean-100/6529/62556/6529-62556-0012.flac,242400,
23903,train-clean-100/4195/17507/4195-17507-0046.flac,145040,
8133,train-clean-100/909/131041/909-131041-0000.flac,240240,
9119,train-clean-100/26/495/26-495-0052.flac,237840,
6319,train-clean-100/4813/248641/4813-248641-0024.flac,244560,
2282,train-clean-100/6437/66172/6437-66172-0034.flac,254480,
21563,train-clean-100/1116/132847/1116-132847-0024.flac,184160,
28154,train-clean-100/5049/25947/5049-25947-0044.flac,43280,
1729,train-clean-100/8630/305212/8630-305212-0008.flac,256240,
1882,train-clean-100/2989/138028/2989-138028-0058.flac,255759,
1622,train-clean-100/332/128985/332-128985-0012.flac,256640,
25992,train-clean-100/426/122822/426-122822-0035.flac,95600,
24272,train-clean-100/6836/61804/6836-61804-0028.flac,137600,
16093,train-clean-100/26/495/26-495-0009.flac,217600,
8624,train-clean-100/7302/86814/7302-86814-0006.flac,239040,
17228,train-clean-100/6078/54013/6078-54013-0047.flac,213200,
22696,train-clean-100/1235/135883/1235-135883-0010.flac,168960,
14824,train-clean-100/8098/278278/8098-278278-0001.flac,222160,
4572,train-clean-100/6081/41997/6081-41997-0016.flac,248720,
19023,train-clean-100/7148/59157/7148-59157-0032.flac,204240,
15905,train-clean-100/4051/10927/4051-10927-0001.flac,218240,
13686,train-clean-100/1040/133433/1040-133433-0049.flac,225760,
20649,train-clean-100/2691/156750/2691-156750-0003.flac,193360,
24429,train-clean-100/730/358/730-358-0041.flac,133680,
9336,train-clean-100/5022/29411/5022-29411-0035.flac,237280,
27702,train-clean-100/3235/28452/3235-28452-0019.flac,53840,
14165,train-clean-100/8425/246962/8425-246962-0011.flac,224240,
13288,train-clean-100/1553/140048/1553-140048-0024.flac,226960,
27147,train-clean-100/4014/186179/4014-186179-0012.flac,67120,
5419,train-clean-100/1737/148989/1737-148989-0031.flac,246640,
3101,train-clean-100/2952/410/2952-410-0032.flac,252400,
28096,train-clean-100/5339/14134/5339-14134-0071.flac,44640,
9218,train-clean-100/2817/142380/2817-142380-0015.flac,237600,
20422,train-clean-100/3240/131232/3240-131232-0035.flac,195280,
23260,train-clean-100/1040/133433/1040-133433-0068.flac,158081,
15841,train-clean-100/4051/11218/4051-11218-0057.flac,218559,
10723,train-clean-100/5456/58161/5456-58161-0024.flac,234000,
22284,train-clean-100/1502/122619/1502-122619-0080.flac,174720,
23535,train-clean-100/6836/61804/6836-61804-0005.flac,153200,
16533,train-clean-100/412/126975/412-126975-0048.flac,215920,
4924,train-clean-100/6476/57446/6476-57446-0069.flac,247920,
23174,train-clean-100/3436/172171/3436-172171-0028.flac,160000,
630,train-clean-100/6367/74004/6367-74004-0009.flac,262880,
9808,train-clean-100/5678/43303/5678-43303-0009.flac,236320,
18639,train-clean-100/2391/145015/2391-145015-0098.flac,206400,
4925,train-clean-100/625/132118/625-132118-0037.flac,247840,
10312,train-clean-100/909/131045/909-131045-0000.flac,235040,
14457,train-clean-100/7190/90542/7190-90542-0056.flac,223360,
24571,train-clean-100/8629/261139/8629-261139-0028.flac,130480,
3596,train-clean-100/8609/283227/8609-283227-0015.flac,251120,
1958,train-clean-100/8226/274371/8226-274371-0019.flac,255520,
13769,train-clean-100/6019/3185/6019-3185-0022.flac,225520,
10090,train-clean-100/4267/78186/4267-78186-0009.flac,235520,
27881,train-clean-100/39/121914/39-121914-0025.flac,50000,
11965,train-clean-100/4051/10927/4051-10927-0025.flac,230800,
17875,train-clean-100/8123/275216/8123-275216-0026.flac,210160,
25011,train-clean-100/248/130652/248-130652-0014.flac,120080,
20292,train-clean-100/8465/246942/8465-246942-0022.flac,196160,
6785,train-clean-100/7859/102519/7859-102519-0037.flac,243440,
1776,train-clean-100/4640/19189/4640-19189-0023.flac,256080,
28147,train-clean-100/730/360/730-360-0032.flac,43440,
11680,train-clean-100/2159/179157/2159-179157-0033.flac,231600,
19896,train-clean-100/7264/92316/7264-92316-0037.flac,199040,
27195,train-clean-100/6078/54013/6078-54013-0053.flac,65760,
7926,train-clean-100/3436/172162/3436-172162-0046.flac,240800,
20802,train-clean-100/5049/25947/5049-25947-0046.flac,192160,
16666,train-clean-100/254/127705/254-127705-0015.flac,215440,
7732,train-clean-100/8063/274115/8063-274115-0014.flac,241200,
5892,train-clean-100/1069/133699/1069-133699-0038.flac,245520,
6205,train-clean-100/7794/295947/7794-295947-0029.flac,244720,
17366,train-clean-100/2159/179154/2159-179154-0002.flac,212640,
18991,train-clean-100/8226/274371/8226-274371-0027.flac,204480,
1691,train-clean-100/229/130880/229-130880-0011.flac,256320,
23653,train-clean-100/200/124139/200-124139-0028.flac,150880,
25708,train-clean-100/4195/186238/4195-186238-0015.flac,102560,
13749,train-clean-100/6818/68772/6818-68772-0024.flac,225600,
16103,train-clean-100/5322/7678/5322-7678-0036.flac,217520,
24177,train-clean-100/7226/86964/7226-86964-0052.flac,139440,
3996,train-clean-100/887/123290/887-123290-0027.flac,250160,
21344,train-clean-100/7113/86041/7113-86041-0055.flac,186640,
3045,train-clean-100/7059/77897/7059-77897-0017.flac,252560,
6458,train-clean-100/5561/41616/5561-41616-0019.flac,244240,
2407,train-clean-100/60/121082/60-121082-0070.flac,254160,
9243,train-clean-100/3259/158083/3259-158083-0007.flac,237520,
22222,train-clean-100/2007/149877/2007-149877-0002.flac,175680,
2416,train-clean-100/8123/275193/8123-275193-0022.flac,254160,
3091,train-clean-100/3664/178355/3664-178355-0025.flac,252400,
4465,train-clean-100/6437/66173/6437-66173-0006.flac,248960,
13562,train-clean-100/5339/14134/5339-14134-0011.flac,226160,
3871,train-clean-100/1992/141719/1992-141719-0030.flac,250400,
6681,train-clean-100/3857/182317/3857-182317-0033.flac,243680,
17286,train-clean-100/1963/147036/1963-147036-0008.flac,212960,
22685,train-clean-100/4397/15668/4397-15668-0026.flac,169040,
536,train-clean-100/1363/139304/1363-139304-0036.flac,263840,
6214,train-clean-100/8238/274553/8238-274553-0014.flac,244720,
22693,train-clean-100/7148/82991/7148-82991-0004.flac,168960,
18899,train-clean-100/289/121652/289-121652-0001.flac,204960,
2543,train-clean-100/229/130880/229-130880-0064.flac,253840,
15625,train-clean-100/696/93314/696-93314-0012.flac,219440,
20540,train-clean-100/7447/91186/7447-91186-0013.flac,194320,
27573,train-clean-100/211/122425/211-122425-0072.flac,57040,
16315,train-clean-100/5192/19397/5192-19397-0075.flac,216800,
18127,train-clean-100/298/126790/298-126790-0032.flac,209040,
7293,train-clean-100/39/121914/39-121914-0044.flac,242320,
3746,train-clean-100/3807/4955/3807-4955-0033.flac,250720,
19691,train-clean-100/5778/54535/5778-54535-0041.flac,200320,
17993,train-clean-100/909/131044/909-131044-0022.flac,209680,
25084,train-clean-100/2817/142371/2817-142371-0051.flac,118160,
15258,train-clean-100/4088/158077/4088-158077-0039.flac,220640,
7557,train-clean-100/3947/13260/3947-13260-0029.flac,241680,
23919,train-clean-100/201/127786/201-127786-0025.flac,144640,
20689,train-clean-100/2002/139469/2002-139469-0111.flac,193040,
4692,train-clean-100/4267/78186/4267-78186-0008.flac,248400,
444,train-clean-100/7447/91187/7447-91187-0046.flac,264880,
6957,train-clean-100/3486/166424/3486-166424-0030.flac,243040,
5251,train-clean-100/3436/172162/3436-172162-0047.flac,247120,
2245,train-clean-100/60/121082/60-121082-0014.flac,254640,
20748,train-clean-100/298/126790/298-126790-0033.flac,192640,
27337,train-clean-100/5192/19397/5192-19397-0003.flac,62640,
23089,train-clean-100/2989/138035/2989-138035-0030.flac,161680,
7629,train-clean-100/2007/149877/2007-149877-0058.flac,241440,
22662,train-clean-100/2391/145015/2391-145015-0103.flac,169440,
16826,train-clean-100/625/132112/625-132112-0025.flac,214800,
21881,train-clean-100/78/368/78-368-0048.flac,180000,
19934,train-clean-100/2764/36617/2764-36617-0021.flac,198720,
18333,train-clean-100/6078/54013/6078-54013-0013.flac,207920,
5709,train-clean-100/7226/86965/7226-86965-0030.flac,245920,
4536,train-clean-100/8465/246940/8465-246940-0024.flac,248800,
25006,train-clean-100/8014/112602/8014-112602-0023.flac,120240,
25168,train-clean-100/1034/121119/1034-121119-0065.flac,116240,
19368,train-clean-100/6064/300880/6064-300880-0012.flac,202160,
26770,train-clean-100/7800/283478/7800-283478-0005.flac,76320,
2520,train-clean-100/83/9960/83-9960-0034.flac,253920,
7290,train-clean-100/2911/7601/2911-7601-0037.flac,242320,
22210,train-clean-100/8770/295463/8770-295463-0015.flac,175840,
23139,train-clean-100/7264/92316/7264-92316-0033.flac,160640,
26421,train-clean-100/1867/154071/1867-154071-0018.flac,84320,
6081,train-clean-100/4680/16041/4680-16041-0032.flac,245040,
15467,train-clean-100/2764/36616/2764-36616-0034.flac,219920,
6162,train-clean-100/5163/39921/5163-39921-0008.flac,244880,
26107,train-clean-100/3240/131232/3240-131232-0039.flac,92000,
15559,train-clean-100/32/4137/32-4137-0020.flac,219600,
28005,train-clean-100/887/123291/887-123291-0034.flac,46800,
4674,train-clean-100/83/9960/83-9960-0035.flac,248400,
8745,train-clean-100/5192/19397/5192-19397-0079.flac,238720,
19761,train-clean-100/8095/274345/8095-274345-0028.flac,199920,
9496,train-clean-100/4018/107312/4018-107312-0007.flac,236960,
24535,train-clean-100/1578/140045/1578-140045-0025.flac,131360,
9579,train-clean-100/625/132112/625-132112-0056.flac,236800,
6815,train-clean-100/6454/107462/6454-107462-0016.flac,243360,
25345,train-clean-100/7800/283493/7800-283493-0020.flac,111920,
3835,train-clean-100/1098/133695/1098-133695-0007.flac,250480,
5431,train-clean-100/3983/5371/3983-5371-0046.flac,246640,
8615,train-clean-100/7148/59157/7148-59157-0006.flac,239040,
24360,train-clean-100/4406/16882/4406-16882-0014.flac,135120,
28209,train-clean-100/405/130894/405-130894-0014.flac,41600,
6780,train-clean-100/7059/88364/7059-88364-0012.flac,243440,
12177,train-clean-100/909/131045/909-131045-0008.flac,230160,
6432,train-clean-100/118/47824/118-47824-0017.flac,244240,
11510,train-clean-100/2384/152900/2384-152900-0030.flac,232000,
17998,train-clean-100/103/1241/103-1241-0031.flac,209600,
9707,train-clean-100/6415/116629/6415-116629-0036.flac,236480,
14341,train-clean-100/5514/19192/5514-19192-0032.flac,223680,
8186,train-clean-100/7794/295947/7794-295947-0023.flac,240080,
21688,train-clean-100/1841/159771/1841-159771-0020.flac,182800,
9418,train-clean-100/1069/133709/1069-133709-0050.flac,237120,
15955,train-clean-100/730/360/730-360-0021.flac,218080,
14201,train-clean-100/7067/76048/7067-76048-0045.flac,224160,
12676,train-clean-100/2416/152139/2416-152139-0034.flac,228720,
3512,train-clean-100/4441/76250/4441-76250-0007.flac,251280,
21613,train-clean-100/8123/275193/8123-275193-0016.flac,183520,
21709,train-clean-100/405/130894/405-130894-0060.flac,182560,
10193,train-clean-100/446/123501/446-123501-0014.flac,235360,
19431,train-clean-100/4214/7146/4214-7146-0014.flac,201840,
215,train-clean-100/307/127539/307-127539-0030.flac,268160,
20526,train-clean-100/3112/9555/3112-9555-0064.flac,194480,
22211,train-clean-100/5514/19192/5514-19192-0041.flac,175840,
194,train-clean-100/8226/274369/8226-274369-0052.flac,268400,
3233,train-clean-100/196/122150/196-122150-0035.flac,252000,
24217,train-clean-100/78/368/78-368-0006.flac,138720,
27739,train-clean-100/27/124992/27-124992-0004.flac,53040,
6480,train-clean-100/1578/6379/1578-6379-0011.flac,244160,
3501,train-clean-100/2893/139322/2893-139322-0028.flac,251360,
4601,train-clean-100/5514/19192/5514-19192-0018.flac,248640,
18242,train-clean-100/5163/39921/5163-39921-0020.flac,208480,
23295,train-clean-100/6078/54013/6078-54013-0004.flac,157360,
27842,train-clean-100/446/123501/446-123501-0025.flac,50800,
8533,train-clean-100/4853/27671/4853-27671-0008.flac,239280,
28184,train-clean-100/3259/158083/3259-158083-0088.flac,42560,
18782,train-clean-100/696/92939/696-92939-0016.flac,205600,
24302,train-clean-100/1455/134435/1455-134435-0001.flac,136800,
20166,train-clean-100/2391/145015/2391-145015-0121.flac,196960,
7716,train-clean-100/5808/48608/5808-48608-0006.flac,241280,
17870,train-clean-100/6880/216547/6880-216547-0052.flac,210240,
25319,train-clean-100/403/128339/403-128339-0048.flac,112400,
8234,train-clean-100/1363/135842/1363-135842-0028.flac,240000,
21093,train-clean-100/1246/135815/1246-135815-0014.flac,189280,
1177,train-clean-100/5703/47198/5703-47198-0018.flac,258720,
18877,train-clean-100/6529/62556/6529-62556-0030.flac,205040,
15541,train-clean-100/198/209/198-209-0035.flac,219680,
773,train-clean-100/8975/270782/8975-270782-0067.flac,261520,
15591,train-clean-100/696/92939/696-92939-0004.flac,219520,
17420,train-clean-100/6836/61803/6836-61803-0015.flac,212321,
2793,train-clean-100/3699/175950/3699-175950-0012.flac,253120,
4817,train-clean-100/2136/5143/2136-5143-0008.flac,248080,
22714,train-clean-100/3240/131231/3240-131231-0004.flac,168640,
18389,train-clean-100/6415/111615/6415-111615-0022.flac,207600,
14327,train-clean-100/328/129766/328-129766-0076.flac,223760,
10572,train-clean-100/7178/34644/7178-34644-0068.flac,234400,
18275,train-clean-100/6454/93938/6454-93938-0027.flac,208240,
2108,train-clean-100/1841/159771/1841-159771-0031.flac,255040,
12995,train-clean-100/1578/6379/1578-6379-0036.flac,227760,
28208,train-clean-100/2391/145015/2391-145015-0006.flac,41600,
4966,train-clean-100/2416/152139/2416-152139-0049.flac,247760,
3085,train-clean-100/3440/171006/3440-171006-0019.flac,252400,
20447,train-clean-100/3440/171009/3440-171009-0067.flac,195120,
9575,train-clean-100/3526/175658/3526-175658-0018.flac,236800,
2318,train-clean-100/6848/76049/6848-76049-0018.flac,254400,
2157,train-clean-100/19/227/19-227-0042.flac,254880,
20791,train-clean-100/6529/62556/6529-62556-0016.flac,192240,
11049,train-clean-100/1263/141777/1263-141777-0003.flac,233200,
4880,train-clean-100/5867/48852/5867-48852-0063.flac,248000,
3917,train-clean-100/1841/159771/1841-159771-0036.flac,250320,
12841,train-clean-100/3374/298032/3374-298032-0030.flac,228240,
17219,train-clean-100/7800/283492/7800-283492-0026.flac,213280,
12018,train-clean-100/5456/58161/5456-58161-0014.flac,230640,
1740,train-clean-100/1246/124550/1246-124550-0011.flac,256160,
8260,train-clean-100/2893/139322/2893-139322-0019.flac,239920,
6064,train-clean-100/441/128982/441-128982-0024.flac,245040,
9518,train-clean-100/7067/76047/7067-76047-0037.flac,236960,
836,train-clean-100/3526/176651/3526-176651-0012.flac,260960,
26134,train-clean-100/5456/62014/5456-62014-0014.flac,91600,
26427,train-clean-100/1363/135842/1363-135842-0000.flac,84160,
14689,train-clean-100/4898/20016/4898-20016-0001.flac,222560,
6220,train-clean-100/4397/15668/4397-15668-0011.flac,244720,
14471,train-clean-100/89/219/89-219-0050.flac,223280,
7312,train-clean-100/328/129766/328-129766-0086.flac,242240,
2907,train-clean-100/125/121124/125-121124-0023.flac,252880,
26185,train-clean-100/211/122442/211-122442-0004.flac,90320,
1879,train-clean-100/1841/150351/1841-150351-0000.flac,255760,
25526,train-clean-100/118/47824/118-47824-0028.flac,107600,
24977,train-clean-100/1594/135914/1594-135914-0079.flac,120800,
22944,train-clean-100/5322/7680/5322-7680-0025.flac,164560,
19993,train-clean-100/403/216/403-216-0022.flac,198320,
7426,train-clean-100/5808/54425/5808-54425-0041.flac,242000,
5577,train-clean-100/7113/86041/7113-86041-0102.flac,246320,
4442,train-clean-100/3259/158083/3259-158083-0087.flac,249040,
17153,train-clean-100/3723/171631/3723-171631-0000.flac,213520,
10680,train-clean-100/1553/140048/1553-140048-0011.flac,234160,
21696,train-clean-100/5778/12761/5778-12761-0038.flac,182720,
24102,train-clean-100/1743/142914/1743-142914-0016.flac,140881,
10626,train-clean-100/2514/149482/2514-149482-0098.flac,234320,
17267,train-clean-100/19/227/19-227-0069.flac,213040,
19050,train-clean-100/5463/39174/5463-39174-0006.flac,204080,
27749,train-clean-100/2002/139469/2002-139469-0059.flac,52800,
20919,train-clean-100/118/47824/118-47824-0042.flac,190880,
20398,train-clean-100/5322/7678/5322-7678-0037.flac,195360,
12828,train-clean-100/3982/178459/3982-178459-0058.flac,228240,
22073,train-clean-100/39/121915/39-121915-0013.flac,177520,
11206,train-clean-100/4051/11217/4051-11217-0018.flac,232800,
27593,train-clean-100/1183/133255/1183-133255-0009.flac,56560,
823,train-clean-100/198/209/198-209-0023.flac,261040,
22097,train-clean-100/458/126305/458-126305-0042.flac,177280,
2937,train-clean-100/6272/70191/6272-70191-0011.flac,252800,
5494,train-clean-100/3607/135982/3607-135982-0031.flac,246560,
25279,train-clean-100/2843/152918/2843-152918-0024.flac,113120,
21671,train-clean-100/2159/179157/2159-179157-0005.flac,182960,
18390,train-clean-100/8747/293952/8747-293952-0067.flac,207600,
9439,train-clean-100/5514/19192/5514-19192-0004.flac,237120,
8928,train-clean-100/3830/12530/3830-12530-0042.flac,238320,
25184,train-clean-100/3807/4955/3807-4955-0008.flac,115920,
12449,train-clean-100/4898/28461/4898-28461-0042.flac,229440,
19055,train-clean-100/2817/142380/2817-142380-0036.flac,204000,
26043,train-clean-100/8629/261140/8629-261140-0039.flac,93760,
12833,train-clean-100/4441/76262/4441-76262-0002.flac,228240,
1409,train-clean-100/60/121082/60-121082-0009.flac,257440,
11432,train-clean-100/322/124146/322-124146-0000.flac,232160,
24544,train-clean-100/1963/142776/1963-142776-0022.flac,131200,
22042,train-clean-100/1743/142914/1743-142914-0015.flac,178079,
2502,train-clean-100/8324/286682/8324-286682-0035.flac,253920,
4557,train-clean-100/839/130898/839-130898-0022.flac,248720,
16355,train-clean-100/5867/48852/5867-48852-0090.flac,216640,
9561,train-clean-100/103/1240/103-1240-0010.flac,236880,
12178,train-clean-100/198/209/198-209-0006.flac,230160,
8439,train-clean-100/5339/14134/5339-14134-0059.flac,239520,
20396,train-clean-100/6818/76332/6818-76332-0000.flac,195440,
9881,train-clean-100/1447/17506/1447-17506-0007.flac,236080,
9809,train-clean-100/5163/18515/5163-18515-0017.flac,236320,
23302,train-clean-100/6531/61334/6531-61334-0123.flac,157280,
13231,train-clean-100/911/128684/911-128684-0005.flac,227120,
23770,train-clean-100/8063/274116/8063-274116-0038.flac,148240,
19600,train-clean-100/1926/147979/1926-147979-0002.flac,200880,
10384,train-clean-100/625/132118/625-132118-0020.flac,234880,
23814,train-clean-100/3983/5331/3983-5331-0027.flac,147120,
21637,train-clean-100/730/359/730-359-0007.flac,183280,
2692,train-clean-100/405/130894/405-130894-0055.flac,253440,
23272,train-clean-100/4853/27671/4853-27671-0040.flac,158000,
6934,train-clean-100/6081/41997/6081-41997-0028.flac,243120,
7503,train-clean-100/1116/137572/1116-137572-0005.flac,241840,
16694,train-clean-100/3486/166424/3486-166424-0063.flac,215280,
21771,train-clean-100/196/122150/196-122150-0010.flac,181760,
21078,train-clean-100/669/129061/669-129061-0023.flac,189440,
8141,train-clean-100/83/9960/83-9960-0028.flac,240160,
13473,train-clean-100/6476/57446/6476-57446-0016.flac,226400,
1414,train-clean-100/1867/154075/1867-154075-0032.flac,257440,
20569,train-clean-100/7302/86814/7302-86814-0049.flac,194080,
7399,train-clean-100/289/121652/289-121652-0020.flac,242080,
14070,train-clean-100/5867/48852/5867-48852-0081.flac,224480,
16700,train-clean-100/298/126790/298-126790-0044.flac,215280,
19943,train-clean-100/6437/66172/6437-66172-0014.flac,198640,
5380,train-clean-100/2989/138028/2989-138028-0010.flac,246720,
15367,train-clean-100/3374/298025/3374-298025-0013.flac,220320,
14259,train-clean-100/3436/172171/3436-172171-0043.flac,223920,
628,train-clean-100/3607/135982/3607-135982-0023.flac,262880,
3557,train-clean-100/6078/54007/6078-54007-0034.flac,251200,
25824,train-clean-100/839/130898/839-130898-0007.flac,99680,
17928,train-clean-100/7859/102518/7859-102518-0005.flac,209920,
15335,train-clean-100/4898/20016/4898-20016-0017.flac,220400,
13465,train-clean-100/8088/284756/8088-284756-0035.flac,226400,
23546,train-clean-100/163/122947/163-122947-0076.flac,153040,
16647,train-clean-100/233/155990/233-155990-0044.flac,215520,
27457,train-clean-100/302/123523/302-123523-0021.flac,60080,
9188,train-clean-100/8838/298546/8838-298546-0029.flac,237680,
18377,train-clean-100/587/41611/587-41611-0003.flac,207680,
9544,train-clean-100/2518/154825/2518-154825-0005.flac,236880,
14131,train-clean-100/3240/131231/3240-131231-0037.flac,224320,
6987,train-clean-100/696/92939/696-92939-0017.flac,242960,
25264,train-clean-100/4481/17498/4481-17498-0001.flac,113600,
19102,train-clean-100/26/495/26-495-0040.flac,203680,
6054,train-clean-100/446/123501/446-123501-0039.flac,245120,
19062,train-clean-100/909/131041/909-131041-0030.flac,204000,
15683,train-clean-100/5049/25947/5049-25947-0076.flac,219120,
11886,train-clean-100/2092/145706/2092-145706-0012.flac,231040,
26796,train-clean-100/3830/12535/3830-12535-0032.flac,75680,
16857,train-clean-100/6209/34599/6209-34599-0009.flac,214720,
1825,train-clean-100/125/121124/125-121124-0051.flac,255920,
7238,train-clean-100/2182/181173/2182-181173-0014.flac,242400,
27218,train-clean-100/4859/29340/4859-29340-0039.flac,65200,
3903,train-clean-100/2514/149482/2514-149482-0091.flac,250320,
6996,train-clean-100/6880/216547/6880-216547-0082.flac,242960,
26742,train-clean-100/4640/19188/4640-19188-0000.flac,76960,
21347,train-clean-100/19/227/19-227-0033.flac,186640,
16350,train-clean-100/4340/15220/4340-15220-0037.flac,216720,
6581,train-clean-100/3440/171006/3440-171006-0012.flac,243920,
2389,train-clean-100/3983/5331/3983-5331-0006.flac,254240,
26930,train-clean-100/403/126855/403-126855-0027.flac,72400,
16287,train-clean-100/4680/16042/4680-16042-0019.flac,216960,
21950,train-clean-100/2514/149482/2514-149482-0058.flac,179200,
12189,train-clean-100/3607/135982/3607-135982-0045.flac,230160,
16133,train-clean-100/7367/86737/7367-86737-0067.flac,217440,
2137,train-clean-100/1578/6379/1578-6379-0037.flac,254960,
8631,train-clean-100/1040/133433/1040-133433-0071.flac,239040,
3823,train-clean-100/8108/274318/8108-274318-0030.flac,250560,
16701,train-clean-100/2007/132570/2007-132570-0041.flac,215280,
3453,train-clean-100/5163/39921/5163-39921-0014.flac,251440,
14604,train-clean-100/40/222/40-222-0017.flac,222880,
4099,train-clean-100/2910/131096/2910-131096-0092.flac,249920,
11796,train-clean-100/374/180299/374-180299-0030.flac,231280,
23118,train-clean-100/8468/295198/8468-295198-0014.flac,160960,
22328,train-clean-100/5192/19396/5192-19396-0015.flac,174080,
23868,train-clean-100/2289/152258/2289-152258-0002.flac,145920,
10755,train-clean-100/5339/14133/5339-14133-0027.flac,233920,
3241,train-clean-100/5688/41232/5688-41232-0030.flac,252000,
4634,train-clean-100/7113/86041/7113-86041-0091.flac,248560,
13655,train-clean-100/7278/104730/7278-104730-0027.flac,225840,
25532,train-clean-100/839/130898/839-130898-0006.flac,107440,
7468,train-clean-100/8770/295465/8770-295465-0023.flac,241920,
23027,train-clean-100/3235/28433/3235-28433-0047.flac,162880,
4541,train-clean-100/8088/284756/8088-284756-0062.flac,248720,
22572,train-clean-100/1455/134435/1455-134435-0046.flac,170800,
28138,train-clean-100/1723/141149/1723-141149-0077.flac,43680,
2126,train-clean-100/5463/39174/5463-39174-0047.flac,254960,
9904,train-clean-100/3830/12530/3830-12530-0002.flac,236000,
5342,train-clean-100/2836/5354/2836-5354-0007.flac,246800,
5225,train-clean-100/4214/7146/4214-7146-0050.flac,247200,
14909,train-clean-100/839/130898/839-130898-0094.flac,221840,
4946,train-clean-100/2436/2477/2436-2477-0023.flac,247840,
7100,train-clean-100/7517/100429/7517-100429-0000.flac,242720,
10793,train-clean-100/3526/176653/3526-176653-0037.flac,233840,
10624,train-clean-100/7190/90542/7190-90542-0015.flac,234320,
12421,train-clean-100/125/121124/125-121124-0045.flac,229520,
12517,train-clean-100/2952/407/2952-407-0007.flac,229280,
22638,train-clean-100/39/121914/39-121914-0041.flac,169760,
5520,train-clean-100/4362/15663/4362-15663-0081.flac,246480,
9514,train-clean-100/2092/145709/2092-145709-0004.flac,236960,
16235,train-clean-100/8838/298545/8838-298545-0028.flac,217120,
23186,train-clean-100/248/130644/248-130644-0031.flac,159760,
2548,train-clean-100/5561/39621/5561-39621-0040.flac,253760,
12794,train-clean-100/7517/100442/7517-100442-0028.flac,228400,
3957,train-clean-100/3879/174923/3879-174923-0014.flac,250240,
25782,train-clean-100/6181/216552/6181-216552-0073.flac,100480,
16790,train-clean-100/6209/34600/6209-34600-0035.flac,214960,
16347,train-clean-100/27/123349/27-123349-0017.flac,216720,
9198,train-clean-100/1578/140049/1578-140049-0015.flac,237680,
27113,train-clean-100/2843/152918/2843-152918-0075.flac,67919,
28095,train-clean-100/8014/112602/8014-112602-0010.flac,44640,
4751,train-clean-100/839/130898/839-130898-0092.flac,248240,
14375,train-clean-100/8324/286683/8324-286683-0022.flac,223600,
8308,train-clean-100/6454/107462/6454-107462-0033.flac,239840,
18305,train-clean-100/2196/170151/2196-170151-0014.flac,208080,
15203,train-clean-100/403/128339/403-128339-0051.flac,220880,
9428,train-clean-100/6454/120342/6454-120342-0027.flac,237120,
25317,train-clean-100/8465/246947/8465-246947-0008.flac,112400,
3695,train-clean-100/1963/147036/1963-147036-0026.flac,250880,
24229,train-clean-100/5514/19193/5514-19193-0005.flac,138480,
16023,train-clean-100/5867/48852/5867-48852-0015.flac,217760,
6436,train-clean-100/8088/284756/8088-284756-0055.flac,244240,
788,train-clean-100/587/41611/587-41611-0020.flac,261360,
10669,train-clean-100/200/126784/200-126784-0008.flac,234160,
5368,train-clean-100/8770/295462/8770-295462-0007.flac,246800,
19084,train-clean-100/196/122159/196-122159-0016.flac,203840,
12056,train-clean-100/6818/76332/6818-76332-0014.flac,230560,
3183,train-clean-100/3983/5371/3983-5371-0057.flac,252160,
6400,train-clean-100/5322/7679/5322-7679-0034.flac,244320,
26512,train-clean-100/201/122255/201-122255-0033.flac,82080,
25457,train-clean-100/5022/29411/5022-29411-0053.flac,109200,
16689,train-clean-100/2910/131096/2910-131096-0058.flac,215360,
10217,train-clean-100/8419/286667/8419-286667-0008.flac,235280,
16200,train-clean-100/2691/156750/2691-156750-0006.flac,217200,
19766,train-clean-100/1743/142912/1743-142912-0029.flac,199920,
23440,train-clean-100/587/54108/587-54108-0050.flac,154800,
850,train-clean-100/3526/176653/3526-176653-0006.flac,260960,
26029,train-clean-100/6531/61334/6531-61334-0008.flac,94160,
7102,train-clean-100/1594/135914/1594-135914-0062.flac,242720,
14419,train-clean-100/5104/33407/5104-33407-0000.flac,223440,
8109,train-clean-100/1235/135883/1235-135883-0041.flac,240320,
11339,train-clean-100/2092/145709/2092-145709-0012.flac,232400,
17114,train-clean-100/2196/170151/2196-170151-0023.flac,213680,
22186,train-clean-100/2911/15084/2911-15084-0009.flac,176160,
6335,train-clean-100/8975/270782/8975-270782-0046.flac,244480,
376,train-clean-100/7226/86965/7226-86965-0005.flac,265920,
14740,train-clean-100/7178/34644/7178-34644-0073.flac,222400,
14888,train-clean-100/4014/186176/4014-186176-0001.flac,221920,
1117,train-clean-100/8063/274116/8063-274116-0012.flac,259040,
1819,train-clean-100/6078/54007/6078-54007-0042.flac,255920,
21287,train-clean-100/5561/41616/5561-41616-0012.flac,187280,
22134,train-clean-100/7067/76048/7067-76048-0054.flac,176960,
6519,train-clean-100/4640/19188/4640-19188-0024.flac,244080,
1668,train-clean-100/669/129074/669-129074-0008.flac,256400,
19405,train-clean-100/4214/7146/4214-7146-0042.flac,202000,
27736,train-clean-100/3983/5371/3983-5371-0040.flac,53040,
3961,train-clean-100/4340/15220/4340-15220-0090.flac,250240,
2206,train-clean-100/3723/171631/3723-171631-0021.flac,254720,
25272,train-clean-100/8063/274117/8063-274117-0016.flac,113520,
14770,train-clean-100/669/129061/669-129061-0027.flac,222320,
9901,train-clean-100/5678/43301/5678-43301-0000.flac,236000,
19834,train-clean-100/5456/62014/5456-62014-0008.flac,199440,
9676,train-clean-100/2391/145015/2391-145015-0058.flac,236560,
9923,train-clean-100/8419/286676/8419-286676-0016.flac,236000,
15189,train-clean-100/3235/28452/3235-28452-0023.flac,220880,
26745,train-clean-100/7447/91186/7447-91186-0015.flac,76880,
9804,train-clean-100/2182/181183/2182-181183-0003.flac,236320,
8342,train-clean-100/839/130898/839-130898-0098.flac,239760,
4699,train-clean-100/3240/131231/3240-131231-0035.flac,248400,
1728,train-clean-100/3486/166446/3486-166446-0033.flac,256240,
1219,train-clean-100/8419/293473/8419-293473-0012.flac,258560,
25537,train-clean-100/211/122425/211-122425-0069.flac,107359,
1872,train-clean-100/8465/246940/8465-246940-0030.flac,255760,
7895,train-clean-100/3440/171009/3440-171009-0033.flac,240800,
2019,train-clean-100/289/121665/289-121665-0042.flac,255360,
14212,train-clean-100/3723/171115/3723-171115-0005.flac,224080,
20674,train-clean-100/250/142276/250-142276-0008.flac,193120,
22861,train-clean-100/2911/15045/2911-15045-0019.flac,165920,
15678,train-clean-100/6078/54013/6078-54013-0006.flac,219200,
9894,train-clean-100/1334/135589/1334-135589-0102.flac,236000,
6805,train-clean-100/6563/63821/6563-63821-0003.flac,243360,
10833,train-clean-100/1081/125237/1081-125237-0109.flac,233680,
19933,train-clean-100/7078/271888/7078-271888-0105.flac,198720,
6578,train-clean-100/1355/39947/1355-39947-0012.flac,243920,
10849,train-clean-100/229/130880/229-130880-0083.flac,233680,
19560,train-clean-100/460/172359/460-172359-0041.flac,201120,
13645,train-clean-100/7067/76048/7067-76048-0052.flac,225920,
1279,train-clean-100/6181/216552/6181-216552-0030.flac,258240,
17450,train-clean-100/2002/139469/2002-139469-0108.flac,212240,
10209,train-clean-100/8770/295465/8770-295465-0038.flac,235280,
20070,train-clean-100/8226/274369/8226-274369-0039.flac,197680,
19590,train-clean-100/1723/141149/1723-141149-0090.flac,200960,
15510,train-clean-100/7780/274562/7780-274562-0008.flac,219840,
23769,train-clean-100/7505/258958/7505-258958-0015.flac,148240,
13877,train-clean-100/4297/13006/4297-13006-0016.flac,225200,
5059,train-clean-100/1502/122615/1502-122615-0011.flac,247520,
28123,train-clean-100/8088/284756/8088-284756-0110.flac,44080,
8548,train-clean-100/1034/121119/1034-121119-0015.flac,239200,
16004,train-clean-100/7517/100442/7517-100442-0020.flac,217840,
4072,train-clean-100/1970/28415/1970-28415-0031.flac,250000,
27363,train-clean-100/3830/12535/3830-12535-0004.flac,62080,
18364,train-clean-100/7113/86041/7113-86041-0014.flac,207760,
10470,train-clean-100/7067/76047/7067-76047-0028.flac,234640,
12878,train-clean-100/1263/141777/1263-141777-0014.flac,228080,
27344,train-clean-100/3168/173565/3168-173565-0052.flac,62560,
10886,train-clean-100/1088/129236/1088-129236-0010.flac,233600,
25060,train-clean-100/6454/120342/6454-120342-0031.flac,118560,
27043,train-clean-100/5456/24741/5456-24741-0000.flac,70000,
14896,train-clean-100/7078/271888/7078-271888-0110.flac,221920,
27122,train-clean-100/8629/261139/8629-261139-0073.flac,67680,
23847,train-clean-100/2843/152918/2843-152918-0052.flac,146560,
14873,train-clean-100/1034/121119/1034-121119-0045.flac,222000,
8808,train-clean-100/6415/111615/6415-111615-0016.flac,238560,
22205,train-clean-100/3699/19401/3699-19401-0007.flac,175840,
7425,train-clean-100/5778/12761/5778-12761-0034.flac,242000,
18552,train-clean-100/60/121082/60-121082-0012.flac,206880,
24892,train-clean-100/441/130108/441-130108-0033.flac,122720,
19329,train-clean-100/150/132655/150-132655-0022.flac,202320,
3242,train-clean-100/7078/271888/7078-271888-0092.flac,252000,
25331,train-clean-100/6147/34607/6147-34607-0028.flac,112160,
24754,train-clean-100/125/121342/125-121342-0035.flac,126160,
20921,train-clean-100/6818/68772/6818-68772-0046.flac,190880,
22595,train-clean-100/1034/121119/1034-121119-0066.flac,170480,
573,train-clean-100/254/12312/254-12312-0020.flac,263360,
9414,train-clean-100/7059/88364/7059-88364-0002.flac,237120,
15232,train-clean-100/5688/15787/5688-15787-0038.flac,220720,
11748,train-clean-100/5022/29405/5022-29405-0037.flac,231440,
26961,train-clean-100/1116/132847/1116-132847-0001.flac,71681,
10716,train-clean-100/4214/7146/4214-7146-0072.flac,234000,
7805,train-clean-100/8975/270782/8975-270782-0091.flac,241120,
24308,train-clean-100/2764/36616/2764-36616-0019.flac,136640,
11661,train-clean-100/7067/76048/7067-76048-0025.flac,231600,
18827,train-clean-100/4297/13009/4297-13009-0044.flac,205360,
19805,train-clean-100/730/359/730-359-0021.flac,199600,
26208,train-clean-100/3723/171631/3723-171631-0038.flac,89680,
4191,train-clean-100/201/122255/201-122255-0014.flac,249680,
7950,train-clean-100/6367/74004/6367-74004-0022.flac,240720,
21606,train-clean-100/3486/166446/3486-166446-0038.flac,183600,
5033,train-clean-100/1034/121119/1034-121119-0016.flac,247600,
3084,train-clean-100/4898/20016/4898-20016-0027.flac,252400,
17885,train-clean-100/1970/10594/1970-10594-0026.flac,210160,
24835,train-clean-100/3857/182315/3857-182315-0025.flac,124000,
27516,train-clean-100/3259/158083/3259-158083-0037.flac,58800,
22841,train-clean-100/254/127705/254-127705-0001.flac,166160,
22285,train-clean-100/1040/133433/1040-133433-0050.flac,174720,
5206,train-clean-100/5104/33407/5104-33407-0044.flac,247200,
23578,train-clean-100/887/123289/887-123289-0023.flac,152480,
18266,train-clean-100/7148/7763/7148-7763-0025.flac,208320,
21335,train-clean-100/6818/76332/6818-76332-0010.flac,186800,
27971,train-clean-100/32/21634/32-21634-0017.flac,47520,
11675,train-clean-100/2289/152257/2289-152257-0015.flac,231600,
25637,train-clean-100/6925/80680/6925-80680-0065.flac,104560,
25717,train-clean-100/3242/67168/3242-67168-0019.flac,102480,
829,train-clean-100/374/180298/374-180298-0047.flac,261040,
14099,train-clean-100/4481/17499/4481-17499-0028.flac,224400,
26103,train-clean-100/3242/8112/3242-8112-0031.flac,92000,
14230,train-clean-100/3486/166424/3486-166424-0022.flac,224000,
