,file_path,length,label
0,train-clean-360/1025/75365/1025-75365-0008.flac,317760,
1,train-clean-360/1112/1043/1112-1043-0006.flac,314400,
2,train-clean-360/1265/135635/1265-135635-0050.flac,314400,
3,train-clean-360/1025/75365/1025-75365-0009.flac,284960,
4,train-clean-360/1271/133279/1271-133279-0037.flac,276640,
5,train-clean-360/1100/124547/1100-124547-0054.flac,275920,
6,train-clean-360/1265/135635/1265-135635-0011.flac,275280,
7,train-clean-360/1112/128136/1112-128136-0026.flac,274000,
8,train-clean-360/166/122789/166-122789-0027.flac,273760,
9,train-clean-360/1629/139710/1629-139710-0075.flac,273280,
10,train-clean-360/1401/146770/1401-146770-0027.flac,273201,
11,train-clean-360/1607/134636/1607-134636-0014.flac,273040,
12,train-clean-360/126/122467/126-122467-0001.flac,273040,
13,train-clean-360/1296/138074/1296-138074-0033.flac,273040,
14,train-clean-360/1121/135824/1121-135824-0037.flac,273040,
15,train-clean-360/1160/134674/1160-134674-0005.flac,272960,
16,train-clean-360/1668/136280/1668-136280-0030.flac,272800,
17,train-clean-360/1472/139797/1472-139797-0001.flac,272640,
18,train-clean-360/126/122467/126-122467-0054.flac,272560,
19,train-clean-360/1112/1043/1112-1043-0013.flac,272080,
20,train-clean-360/1498/140040/1498-140040-0040.flac,271760,
21,train-clean-360/1348/135826/1348-135826-0053.flac,271440,
22,train-clean-360/1264/129805/1264-129805-0001.flac,271440,
23,train-clean-360/1448/135894/1448-135894-0058.flac,271360,
24,train-clean-360/1175/126220/1175-126220-0034.flac,271200,
25,train-clean-360/1668/136280/1668-136280-0034.flac,271120,
26,train-clean-360/1634/141571/1634-141571-0070.flac,271040,
27,train-clean-360/1446/122614/1446-122614-0028.flac,270960,
28,train-clean-360/1012/133424/1012-133424-0029.flac,270960,
29,train-clean-360/1445/139404/1445-139404-0019.flac,270880,
30,train-clean-360/1513/140221/1513-140221-0005.flac,270880,
31,train-clean-360/1323/138548/1323-138548-0001.flac,270800,
32,train-clean-360/1323/138548/1323-138548-0012.flac,270720,
33,train-clean-360/1445/139387/1445-139387-0020.flac,270720,
34,train-clean-360/1482/140067/1482-140067-0011.flac,270720,
35,train-clean-360/1212/14653/1212-14653-0033.flac,270640,
36,train-clean-360/112/123215/112-123215-0031.flac,270560,
37,train-clean-360/1241/121103/1241-121103-0031.flac,270320,
38,train-clean-360/1058/131113/1058-131113-0055.flac,270320,
39,train-clean-360/1349/135891/1349-135891-0019.flac,270320,
40,train-clean-360/101/126859/101-126859-0022.flac,270320,
41,train-clean-360/1629/139707/1629-139707-0024.flac,270240,
42,train-clean-360/1382/130492/1382-130492-0007.flac,270080,
43,train-clean-360/122/129752/122-129752-0022.flac,270000,
44,train-clean-360/1446/122614/1446-122614-0051.flac,270000,
45,train-clean-360/1535/141644/1535-141644-0030.flac,269840,
46,train-clean-360/112/121671/112-121671-0019.flac,269840,
47,train-clean-360/1271/128145/1271-128145-0008.flac,269840,
48,train-clean-360/1160/139727/1160-139727-0014.flac,269760,
49,train-clean-360/1058/131113/1058-131113-0047.flac,269760,
50,train-clean-360/1498/140041/1498-140041-0027.flac,269680,
51,train-clean-360/1323/138617/1323-138617-0002.flac,269600,
52,train-clean-360/1422/146123/1422-146123-0013.flac,269520,
53,train-clean-360/1603/140931/1603-140931-0044.flac,269520,
54,train-clean-360/1160/139336/1160-139336-0038.flac,269440,
55,train-clean-360/1316/132782/1316-132782-0051.flac,269360,
56,train-clean-360/1382/130516/1382-130516-0018.flac,269360,
57,train-clean-360/1165/135220/1165-135220-0002.flac,269280,
58,train-clean-360/1401/174511/1401-174511-0006.flac,269280,
59,train-clean-360/1678/142279/1678-142279-0010.flac,269200,
60,train-clean-360/112/121671/112-121671-0025.flac,269200,
61,train-clean-360/101/126860/101-126860-0029.flac,269120,
62,train-clean-360/1343/158796/1343-158796-0003.flac,269040,
63,train-clean-360/126/122467/126-122467-0037.flac,269040,
64,train-clean-360/1348/135826/1348-135826-0021.flac,269040,
65,train-clean-360/166/352/166-352-0006.flac,269040,
66,train-clean-360/1212/75242/1212-75242-0016.flac,269040,
67,train-clean-360/1283/129808/1283-129808-0031.flac,268960,
68,train-clean-360/1556/143307/1556-143307-0016.flac,268880,
69,train-clean-360/1487/133273/1487-133273-0031.flac,268880,
70,train-clean-360/1012/133424/1012-133424-0094.flac,268880,
71,train-clean-360/1422/149735/1422-149735-0017.flac,268800,
72,train-clean-360/1311/134170/1311-134170-0026.flac,268800,
73,train-clean-360/1322/137589/1322-137589-0000.flac,268560,
74,train-clean-360/122/121729/122-121729-0023.flac,268320,
75,train-clean-360/154/293987/154-293987-0002.flac,268320,
76,train-clean-360/1487/133273/1487-133273-0004.flac,268320,
77,train-clean-360/1336/138113/1336-138113-0052.flac,268240,
78,train-clean-360/159/135897/159-135897-0052.flac,268240,
79,train-clean-360/1018/135221/1018-135221-0002.flac,268160,
80,train-clean-360/1422/149735/1422-149735-0000.flac,268080,
81,train-clean-360/1175/126220/1175-126220-0036.flac,268080,
82,train-clean-360/101/126860/101-126860-0027.flac,268080,
83,train-clean-360/1383/130489/1383-130489-0031.flac,268000,
84,train-clean-360/1182/134981/1182-134981-0026.flac,268000,
85,train-clean-360/1336/138113/1336-138113-0003.flac,267920,
86,train-clean-360/1165/135216/1165-135216-0033.flac,267920,
87,train-clean-360/1289/288044/1289-288044-0047.flac,267920,
88,train-clean-360/1422/149735/1422-149735-0035.flac,267840,
89,train-clean-360/1460/138290/1460-138290-0029.flac,267760,
90,train-clean-360/1348/135832/1348-135832-0004.flac,267760,
91,train-clean-360/1678/142279/1678-142279-0004.flac,267680,
92,train-clean-360/1121/135824/1121-135824-0019.flac,267600,
93,train-clean-360/126/125084/126-125084-0016.flac,267520,
94,train-clean-360/1348/135826/1348-135826-0050.flac,267440,
95,train-clean-360/1463/134465/1463-134465-0047.flac,267440,
96,train-clean-360/1289/288043/1289-288043-0032.flac,267440,
97,train-clean-360/1061/146197/1061-146197-0002.flac,267440,
98,train-clean-360/1050/134120/1050-134120-0040.flac,267280,
99,train-clean-360/1383/130489/1383-130489-0017.flac,267120,
100,train-clean-360/1417/1536/1417-1536-0009.flac,267120,
101,train-clean-360/1046/133224/1046-133224-0003.flac,267120,
102,train-clean-360/1425/139291/1425-139291-0006.flac,266960,
103,train-clean-360/1487/133273/1487-133273-0057.flac,266960,
104,train-clean-360/14/212/14-212-0039.flac,266880,
105,train-clean-360/1392/135659/1392-135659-0020.flac,266880,
106,train-clean-360/1401/174511/1401-174511-0037.flac,266800,
107,train-clean-360/1639/132848/1639-132848-0001.flac,266800,
108,train-clean-360/1259/27120/1259-27120-0000.flac,266800,
109,train-clean-360/1100/135264/1100-135264-0029.flac,266720,
110,train-clean-360/1031/133220/1031-133220-0050.flac,266640,
111,train-clean-360/126/122467/126-122467-0078.flac,266640,
112,train-clean-360/1222/141174/1222-141174-0007.flac,266560,
113,train-clean-360/1050/134120/1050-134120-0025.flac,266480,
114,train-clean-360/1027/125140/1027-125140-0044.flac,266480,
115,train-clean-360/1463/134463/1463-134463-0005.flac,266400,
116,train-clean-360/1641/130505/1641-130505-0018.flac,266400,
117,train-clean-360/1241/121106/1241-121106-0039.flac,266400,
118,train-clean-360/1316/132800/1316-132800-0038.flac,266400,
119,train-clean-360/122/129752/122-129752-0028.flac,266320,
120,train-clean-360/1463/134463/1463-134463-0042.flac,266240,
121,train-clean-360/1323/138548/1323-138548-0040.flac,266240,
122,train-clean-360/1556/143307/1556-143307-0082.flac,266160,
123,train-clean-360/159/135897/159-135897-0010.flac,266080,
124,train-clean-360/1283/136983/1283-136983-0005.flac,266080,
125,train-clean-360/1425/139290/1425-139290-0036.flac,265920,
126,train-clean-360/1025/75365/1025-75365-0023.flac,265840,
127,train-clean-360/1121/176698/1121-176698-0021.flac,265760,
128,train-clean-360/1289/288044/1289-288044-0022.flac,265680,
129,train-clean-360/1224/121064/1224-121064-0097.flac,265680,
130,train-clean-360/1498/140040/1498-140040-0008.flac,265680,
131,train-clean-360/1678/142279/1678-142279-0035.flac,265600,
132,train-clean-360/1121/135824/1121-135824-0003.flac,265600,
133,train-clean-360/1498/140040/1498-140040-0032.flac,265520,
134,train-clean-360/1387/130989/1387-130989-0020.flac,265520,
135,train-clean-360/159/135897/159-135897-0023.flac,265520,
136,train-clean-360/1425/139290/1425-139290-0005.flac,265520,
137,train-clean-360/1160/139336/1160-139336-0021.flac,265520,
138,train-clean-360/1668/136271/1668-136271-0016.flac,265440,
139,train-clean-360/1222/141174/1222-141174-0017.flac,265440,
140,train-clean-360/1336/138115/1336-138115-0025.flac,265440,
141,train-clean-360/1446/122614/1446-122614-0097.flac,265440,
142,train-clean-360/1259/27120/1259-27120-0011.flac,265440,
143,train-clean-360/1336/138113/1336-138113-0057.flac,265360,
144,train-clean-360/1473/135657/1473-135657-0064.flac,265360,
145,train-clean-360/1316/132782/1316-132782-0042.flac,265280,
146,train-clean-360/1100/124547/1100-124547-0018.flac,265120,
147,train-clean-360/166/352/166-352-0020.flac,265120,
148,train-clean-360/1100/135264/1100-135264-0041.flac,265120,
149,train-clean-360/1226/141268/1226-141268-0003.flac,265120,
150,train-clean-360/1012/133424/1012-133424-0057.flac,265040,
151,train-clean-360/1182/133396/1182-133396-0034.flac,264960,
152,train-clean-360/1678/142279/1678-142279-0034.flac,264960,
153,train-clean-360/1271/133279/1271-133279-0006.flac,264880,
154,train-clean-360/1607/149245/1607-149245-0017.flac,264880,
155,train-clean-360/1349/135891/1349-135891-0028.flac,264880,
156,train-clean-360/1460/138290/1460-138290-0006.flac,264880,
157,train-clean-360/1212/75242/1212-75242-0000.flac,264880,
158,train-clean-360/1337/10674/1337-10674-0033.flac,264800,
159,train-clean-360/1018/133447/1018-133447-0010.flac,264800,
160,train-clean-360/1649/5776/1649-5776-0024.flac,264720,
161,train-clean-360/1634/141571/1634-141571-0043.flac,264720,
162,train-clean-360/1535/141644/1535-141644-0044.flac,264720,
163,train-clean-360/1513/140221/1513-140221-0002.flac,264720,
164,train-clean-360/1473/135657/1473-135657-0025.flac,264640,
165,train-clean-360/1607/149245/1607-149245-0039.flac,264640,
166,train-clean-360/159/121902/159-121902-0018.flac,264640,
167,train-clean-360/1343/158796/1343-158796-0011.flac,264640,
168,train-clean-360/126/125084/126-125084-0021.flac,264640,
169,train-clean-360/1226/141268/1226-141268-0043.flac,264560,
170,train-clean-360/1212/14653/1212-14653-0000.flac,264560,
171,train-clean-360/1603/139324/1603-139324-0019.flac,264480,
172,train-clean-360/1054/143005/1054-143005-0045.flac,264480,
173,train-clean-360/1066/4479/1066-4479-0017.flac,264480,
174,train-clean-360/1634/141571/1634-141571-0019.flac,264400,
175,train-clean-360/1387/130989/1387-130989-0001.flac,264320,
176,train-clean-360/1639/132848/1639-132848-0005.flac,264320,
177,train-clean-360/1160/139717/1160-139717-0004.flac,264320,
178,train-clean-360/1316/132800/1316-132800-0016.flac,264320,
179,train-clean-360/1336/138113/1336-138113-0007.flac,264320,
180,train-clean-360/1031/133220/1031-133220-0058.flac,264240,
181,train-clean-360/1012/133424/1012-133424-0045.flac,264240,
182,train-clean-360/1052/139307/1052-139307-0027.flac,264240,
183,train-clean-360/122/121730/122-121730-0019.flac,264160,
184,train-clean-360/126/122467/126-122467-0071.flac,264160,
185,train-clean-360/1603/139325/1603-139325-0015.flac,264080,
186,train-clean-360/1112/128138/1112-128138-0000.flac,264080,
187,train-clean-360/1336/138113/1336-138113-0046.flac,264000,
188,train-clean-360/159/135897/159-135897-0044.flac,264000,
189,train-clean-360/1336/138113/1336-138113-0000.flac,263920,
190,train-clean-360/100/122655/100-122655-0013.flac,263840,
191,train-clean-360/1382/130492/1382-130492-0013.flac,263840,
192,train-clean-360/1050/134121/1050-134121-0014.flac,263760,
193,train-clean-360/1182/133396/1182-133396-0013.flac,263760,
194,train-clean-360/1112/1043/1112-1043-0000.flac,263760,
195,train-clean-360/1296/134434/1296-134434-0025.flac,263680,
196,train-clean-360/1001/134708/1001-134708-0002.flac,263680,
197,train-clean-360/1175/126220/1175-126220-0009.flac,263680,
198,train-clean-360/1264/129805/1264-129805-0043.flac,263600,
199,train-clean-360/1460/138289/1460-138289-0038.flac,263600,
200,train-clean-360/122/121729/122-121729-0025.flac,263600,
201,train-clean-360/1473/135657/1473-135657-0015.flac,263520,
202,train-clean-360/1348/135826/1348-135826-0016.flac,263520,
203,train-clean-360/1027/125147/1027-125147-0022.flac,263520,
204,train-clean-360/1348/135832/1348-135832-0012.flac,263440,
205,train-clean-360/1422/146123/1422-146123-0023.flac,263440,
206,train-clean-360/1556/143307/1556-143307-0013.flac,263440,
207,train-clean-360/1323/138617/1323-138617-0005.flac,263439,
208,train-clean-360/1175/126220/1175-126220-0052.flac,263360,
209,train-clean-360/1311/134176/1311-134176-0018.flac,263360,
210,train-clean-360/1668/136271/1668-136271-0025.flac,263280,
211,train-clean-360/1379/130530/1379-130530-0000.flac,263200,
212,train-clean-360/1448/135894/1448-135894-0027.flac,263120,
213,train-clean-360/1425/139297/1425-139297-0007.flac,263120,
214,train-clean-360/1413/121799/1413-121799-0024.flac,263120,
215,train-clean-360/1336/138113/1336-138113-0059.flac,263040,
216,train-clean-360/1066/4479/1066-4479-0012.flac,263040,
217,train-clean-360/1678/142279/1678-142279-0030.flac,263040,
218,train-clean-360/1348/135826/1348-135826-0028.flac,262960,
219,train-clean-360/154/124003/154-124003-0004.flac,262960,
220,train-clean-360/1536/137608/1536-137608-0041.flac,262960,
221,train-clean-360/1482/140071/1482-140071-0015.flac,262960,
222,train-clean-360/1289/288044/1289-288044-0055.flac,262960,
223,train-clean-360/166/122789/166-122789-0045.flac,262880,
224,train-clean-360/1025/75365/1025-75365-0018.flac,262800,
225,train-clean-360/1343/158781/1343-158781-0026.flac,262800,
226,train-clean-360/1241/137614/1241-137614-0041.flac,262800,
227,train-clean-360/1571/141320/1571-141320-0006.flac,262720,
228,train-clean-360/1322/137589/1322-137589-0039.flac,262720,
229,train-clean-360/1487/133273/1487-133273-0075.flac,262720,
230,train-clean-360/1058/131113/1058-131113-0079.flac,262640,
231,train-clean-360/1093/132891/1093-132891-0046.flac,262640,
232,train-clean-360/112/123216/112-123216-0003.flac,262640,
233,train-clean-360/1629/139707/1629-139707-0038.flac,262560,
234,train-clean-360/114/129324/114-129324-0028.flac,262560,
235,train-clean-360/1289/288043/1289-288043-0026.flac,262480,
236,train-clean-360/101/126860/101-126860-0014.flac,262400,
237,train-clean-360/1160/139336/1160-139336-0024.flac,262400,
238,train-clean-360/1603/139325/1603-139325-0013.flac,262400,
239,train-clean-360/1222/133834/1222-133834-0030.flac,262400,
240,train-clean-360/1226/141268/1226-141268-0039.flac,262400,
241,train-clean-360/1322/137589/1322-137589-0012.flac,262400,
242,train-clean-360/1513/140222/1513-140222-0025.flac,262400,
243,train-clean-360/1425/139291/1425-139291-0034.flac,262320,
244,train-clean-360/1165/135216/1165-135216-0011.flac,262320,
245,train-clean-360/1224/121064/1224-121064-0056.flac,262320,
246,train-clean-360/1473/135657/1473-135657-0099.flac,262320,
247,train-clean-360/1473/135657/1473-135657-0093.flac,262320,
248,train-clean-360/1222/133834/1222-133834-0015.flac,262240,
249,train-clean-360/1379/130486/1379-130486-0022.flac,262240,
250,train-clean-360/1487/133273/1487-133273-0013.flac,262160,
251,train-clean-360/1387/130989/1387-130989-0000.flac,262160,
252,train-clean-360/1241/121103/1241-121103-0011.flac,262160,
253,train-clean-360/1413/121799/1413-121799-0115.flac,262080,
254,train-clean-360/16/122828/16-122828-0032.flac,262080,
255,train-clean-360/1343/158781/1343-158781-0029.flac,262000,
256,train-clean-360/1456/139733/1456-139733-0013.flac,262000,
257,train-clean-360/1031/133220/1031-133220-0075.flac,262000,
258,train-clean-360/1446/122614/1446-122614-0103.flac,262000,
259,train-clean-360/1509/143477/1509-143477-0015.flac,262000,
260,train-clean-360/1472/285314/1472-285314-0016.flac,262000,
261,train-clean-360/1121/132777/1121-132777-0000.flac,262000,
262,train-clean-360/1259/72927/1259-72927-0004.flac,262000,
263,train-clean-360/1509/145699/1509-145699-0008.flac,262000,
264,train-clean-360/1050/134119/1050-134119-0022.flac,261920,
265,train-clean-360/101/126859/101-126859-0025.flac,261920,
266,train-clean-360/1323/138617/1323-138617-0032.flac,261920,
267,train-clean-360/122/121734/122-121734-0016.flac,261920,
268,train-clean-360/1066/5330/1066-5330-0004.flac,261920,
269,train-clean-360/1316/132782/1316-132782-0014.flac,261920,
270,train-clean-360/1182/134981/1182-134981-0028.flac,261840,
271,train-clean-360/114/129317/114-129317-0007.flac,261840,
272,train-clean-360/1060/134451/1060-134451-0002.flac,261840,
273,train-clean-360/1296/134434/1296-134434-0027.flac,261840,
274,train-clean-360/1050/134121/1050-134121-0023.flac,261840,
275,train-clean-360/1283/136983/1283-136983-0044.flac,261840,
276,train-clean-360/1473/135657/1473-135657-0028.flac,261760,
277,train-clean-360/1343/139681/1343-139681-0026.flac,261680,
278,train-clean-360/1417/1532/1417-1532-0031.flac,261680,
279,train-clean-360/1265/135635/1265-135635-0063.flac,261680,
280,train-clean-360/1448/135894/1448-135894-0110.flac,261680,
281,train-clean-360/101/126859/101-126859-0024.flac,261680,
282,train-clean-360/1607/149245/1607-149245-0030.flac,261680,
283,train-clean-360/1413/121799/1413-121799-0093.flac,261600,
284,train-clean-360/1446/122614/1446-122614-0066.flac,261600,
285,train-clean-360/1054/143005/1054-143005-0032.flac,261600,
286,train-clean-360/1556/143307/1556-143307-0018.flac,261600,
287,train-clean-360/1401/146770/1401-146770-0017.flac,261600,
288,train-clean-360/1343/158796/1343-158796-0032.flac,261520,
289,train-clean-360/1401/14358/1401-14358-0001.flac,261520,
290,train-clean-360/14/208/14-208-0031.flac,261520,
291,train-clean-360/1571/138486/1571-138486-0036.flac,261520,
292,train-clean-360/1100/135264/1100-135264-0016.flac,261520,
293,train-clean-360/1446/122614/1446-122614-0037.flac,261520,
294,train-clean-360/1513/140221/1513-140221-0001.flac,261440,
295,train-clean-360/1290/135762/1290-135762-0018.flac,261440,
296,train-clean-360/154/123998/154-123998-0024.flac,261440,
297,train-clean-360/1422/149735/1422-149735-0037.flac,261440,
298,train-clean-360/1165/135220/1165-135220-0036.flac,261440,
299,train-clean-360/14/208/14-208-0011.flac,261440,
300,train-clean-360/112/121727/112-121727-0019.flac,261360,
301,train-clean-360/1079/128636/1079-128636-0010.flac,261360,
302,train-clean-360/1387/130989/1387-130989-0038.flac,261360,
303,train-clean-360/1668/136280/1668-136280-0019.flac,261360,
304,train-clean-360/1487/133273/1487-133273-0068.flac,261360,
305,train-clean-360/1482/140071/1482-140071-0030.flac,261360,
306,train-clean-360/166/352/166-352-0012.flac,261280,
307,train-clean-360/1259/27120/1259-27120-0012.flac,261280,
308,train-clean-360/1212/185485/1212-185485-0002.flac,261280,
309,train-clean-360/1343/139681/1343-139681-0029.flac,261200,
310,train-clean-360/1422/146123/1422-146123-0001.flac,261200,
311,train-clean-360/1018/133447/1018-133447-0003.flac,261200,
312,train-clean-360/1112/1043/1112-1043-0023.flac,261200,
313,train-clean-360/1160/139336/1160-139336-0020.flac,261200,
314,train-clean-360/1058/131113/1058-131113-0084.flac,261200,
315,train-clean-360/1046/133224/1046-133224-0049.flac,261200,
316,train-clean-360/1079/128632/1079-128632-0043.flac,261121,
317,train-clean-360/1448/135894/1448-135894-0060.flac,261120,
318,train-clean-360/1603/140931/1603-140931-0018.flac,261120,
319,train-clean-360/16/122828/16-122828-0057.flac,261040,
320,train-clean-360/1446/122614/1446-122614-0031.flac,261040,
321,train-clean-360/1296/138074/1296-138074-0037.flac,260960,
322,train-clean-360/1472/139797/1472-139797-0039.flac,260960,
323,train-clean-360/1061/152224/1061-152224-0006.flac,260880,
324,train-clean-360/1175/126221/1175-126221-0044.flac,260800,
325,train-clean-360/1365/134804/1365-134804-0034.flac,260800,
326,train-clean-360/1392/135654/1392-135654-0016.flac,260800,
327,train-clean-360/1025/75365/1025-75365-0012.flac,260800,
328,train-clean-360/16/122827/16-122827-0016.flac,260800,
329,train-clean-360/1607/150715/1607-150715-0043.flac,260720,
330,train-clean-360/1054/143005/1054-143005-0005.flac,260720,
331,train-clean-360/1226/141279/1226-141279-0018.flac,260720,
332,train-clean-360/1387/134991/1387-134991-0034.flac,260640,
333,train-clean-360/1641/130503/1641-130503-0000.flac,260640,
334,train-clean-360/1649/150127/1649-150127-0028.flac,260640,
335,train-clean-360/1259/137770/1259-137770-0038.flac,260640,
336,train-clean-360/1556/143307/1556-143307-0043.flac,260560,
337,train-clean-360/1313/135020/1313-135020-0012.flac,260560,
338,train-clean-360/1498/140041/1498-140041-0012.flac,260560,
339,train-clean-360/101/126860/101-126860-0016.flac,260560,
340,train-clean-360/1212/185485/1212-185485-0019.flac,260560,
341,train-clean-360/114/129317/114-129317-0035.flac,260560,
342,train-clean-360/1509/145699/1509-145699-0018.flac,260560,
343,train-clean-360/1061/152224/1061-152224-0029.flac,260480,
344,train-clean-360/100/122655/100-122655-0014.flac,260480,
345,train-clean-360/1027/125140/1027-125140-0052.flac,260480,
346,train-clean-360/1259/27120/1259-27120-0032.flac,260480,
347,train-clean-360/1182/134981/1182-134981-0005.flac,260480,
348,train-clean-360/1335/160602/1335-160602-0013.flac,260480,
349,train-clean-360/1283/129808/1283-129808-0025.flac,260400,
350,train-clean-360/1513/140222/1513-140222-0059.flac,260400,
351,train-clean-360/1296/138074/1296-138074-0023.flac,260400,
352,train-clean-360/1387/130993/1387-130993-0020.flac,260400,
353,train-clean-360/1296/134434/1296-134434-0008.flac,260400,
354,train-clean-360/1446/122614/1446-122614-0062.flac,260320,
355,train-clean-360/1289/288043/1289-288043-0014.flac,260320,
356,train-clean-360/1001/134707/1001-134707-0033.flac,260320,
357,train-clean-360/1535/141642/1535-141642-0040.flac,260240,
358,train-clean-360/154/123998/154-123998-0025.flac,260240,
359,train-clean-360/1061/152224/1061-152224-0028.flac,260240,
360,train-clean-360/1390/130495/1390-130495-0006.flac,260240,
361,train-clean-360/1061/142358/1061-142358-0032.flac,260240,
362,train-clean-360/1487/133273/1487-133273-0109.flac,260160,
363,train-clean-360/1556/143307/1556-143307-0031.flac,260160,
364,train-clean-360/1112/128138/1112-128138-0031.flac,260160,
365,train-clean-360/1175/126221/1175-126221-0012.flac,260080,
366,train-clean-360/114/129324/114-129324-0006.flac,260080,
367,train-clean-360/1487/133273/1487-133273-0060.flac,260080,
368,train-clean-360/1482/140067/1482-140067-0024.flac,260000,
369,train-clean-360/1323/149236/1323-149236-0016.flac,260000,
370,train-clean-360/1649/5776/1649-5776-0025.flac,259920,
371,train-clean-360/1058/133263/1058-133263-0012.flac,259920,
372,train-clean-360/1382/130492/1382-130492-0010.flac,259920,
373,train-clean-360/1348/135832/1348-135832-0047.flac,259840,
374,train-clean-360/1195/135814/1195-135814-0020.flac,259840,
375,train-clean-360/1336/138113/1336-138113-0020.flac,259840,
376,train-clean-360/1509/143477/1509-143477-0012.flac,259840,
377,train-clean-360/1547/130184/1547-130184-0062.flac,259840,
378,train-clean-360/100/121674/100-121674-0017.flac,259840,
379,train-clean-360/126/122467/126-122467-0082.flac,259840,
380,train-clean-360/14/212/14-212-0016.flac,259840,
381,train-clean-360/1031/133220/1031-133220-0047.flac,259840,
382,train-clean-360/1337/156963/1337-156963-0015.flac,259840,
383,train-clean-360/1031/133220/1031-133220-0025.flac,259840,
384,train-clean-360/1226/141268/1226-141268-0011.flac,259760,
385,train-clean-360/1448/135894/1448-135894-0098.flac,259760,
386,train-clean-360/1487/133273/1487-133273-0043.flac,259760,
387,train-clean-360/1012/133424/1012-133424-0041.flac,259760,
388,train-clean-360/1473/135657/1473-135657-0060.flac,259760,
389,train-clean-360/1264/135033/1264-135033-0012.flac,259760,
390,train-clean-360/1456/136846/1456-136846-0007.flac,259760,
391,train-clean-360/1112/1043/1112-1043-0007.flac,259759,
392,train-clean-360/1311/134170/1311-134170-0035.flac,259680,
393,train-clean-360/1061/146197/1061-146197-0001.flac,259680,
394,train-clean-360/1509/143477/1509-143477-0021.flac,259680,
395,train-clean-360/1241/121106/1241-121106-0032.flac,259680,
396,train-clean-360/1487/133273/1487-133273-0042.flac,259680,
397,train-clean-360/126/125084/126-125084-0028.flac,259680,
398,train-clean-360/1668/136280/1668-136280-0007.flac,259680,
399,train-clean-360/1060/134451/1060-134451-0036.flac,259600,
400,train-clean-360/1390/130493/1390-130493-0024.flac,259600,
401,train-clean-360/1390/130493/1390-130493-0016.flac,259600,
402,train-clean-360/1463/134465/1463-134465-0014.flac,259600,
403,train-clean-360/119/129514/119-129514-0020.flac,259600,
404,train-clean-360/1536/141791/1536-141791-0011.flac,259600,
405,train-clean-360/1348/135826/1348-135826-0048.flac,259600,
406,train-clean-360/1121/135824/1121-135824-0002.flac,259600,
407,train-clean-360/154/293987/154-293987-0020.flac,259600,
408,train-clean-360/1025/75365/1025-75365-0004.flac,259520,
409,train-clean-360/1678/142279/1678-142279-0046.flac,259520,
410,train-clean-360/1031/133220/1031-133220-0059.flac,259520,
411,train-clean-360/1446/122614/1446-122614-0100.flac,259520,
412,train-clean-360/1271/136861/1271-136861-0014.flac,259520,
413,train-clean-360/1283/136983/1283-136983-0052.flac,259520,
414,train-clean-360/1121/132777/1121-132777-0002.flac,259440,
415,train-clean-360/1046/133224/1046-133224-0023.flac,259440,
416,train-clean-360/1226/141268/1226-141268-0033.flac,259360,
417,train-clean-360/1473/135657/1473-135657-0077.flac,259360,
418,train-clean-360/1165/135220/1165-135220-0037.flac,259360,
419,train-clean-360/1348/135832/1348-135832-0041.flac,259360,
420,train-clean-360/1054/143005/1054-143005-0026.flac,259360,
421,train-clean-360/1629/139710/1629-139710-0052.flac,259359,
422,train-clean-360/1556/143307/1556-143307-0079.flac,259280,
423,train-clean-360/14/208/14-208-0010.flac,259280,
424,train-clean-360/1382/130549/1382-130549-0023.flac,259280,
425,train-clean-360/1607/149245/1607-149245-0016.flac,259280,
426,train-clean-360/1513/140222/1513-140222-0046.flac,259200,
427,train-clean-360/1195/130164/1195-130164-0044.flac,259200,
428,train-clean-360/1472/285314/1472-285314-0037.flac,259200,
429,train-clean-360/1222/133834/1222-133834-0004.flac,259200,
430,train-clean-360/16/122828/16-122828-0031.flac,259200,
431,train-clean-360/1028/133395/1028-133395-0038.flac,259120,
432,train-clean-360/1401/14358/1401-14358-0026.flac,259120,
433,train-clean-360/126/125084/126-125084-0003.flac,259120,
434,train-clean-360/1027/125140/1027-125140-0000.flac,259120,
435,train-clean-360/1241/137614/1241-137614-0002.flac,259120,
436,train-clean-360/1060/134451/1060-134451-0041.flac,259120,
437,train-clean-360/1535/141644/1535-141644-0041.flac,259040,
438,train-clean-360/1271/136861/1271-136861-0001.flac,259040,
439,train-clean-360/1066/5330/1066-5330-0035.flac,259040,
440,train-clean-360/114/129317/114-129317-0043.flac,259040,
441,train-clean-360/1182/134316/1182-134316-0039.flac,259040,
442,train-clean-360/1283/136983/1283-136983-0000.flac,258960,
443,train-clean-360/1473/135657/1473-135657-0042.flac,258960,
444,train-clean-360/1316/132800/1316-132800-0017.flac,258960,
445,train-clean-360/1053/132821/1053-132821-0018.flac,258960,
446,train-clean-360/1343/158796/1343-158796-0027.flac,258880,
447,train-clean-360/1323/149236/1323-149236-0027.flac,258880,
448,train-clean-360/1212/14653/1212-14653-0034.flac,258880,
449,train-clean-360/1536/137608/1536-137608-0016.flac,258880,
450,train-clean-360/1425/139291/1425-139291-0027.flac,258880,
451,train-clean-360/1649/5776/1649-5776-0015.flac,258880,
452,train-clean-360/1487/133273/1487-133273-0107.flac,258800,
453,train-clean-360/126/125084/126-125084-0001.flac,258800,
454,train-clean-360/1678/142279/1678-142279-0021.flac,258800,
455,train-clean-360/1061/152224/1061-152224-0000.flac,258800,
456,train-clean-360/1012/133424/1012-133424-0081.flac,258800,
457,train-clean-360/1335/160602/1335-160602-0003.flac,258800,
458,train-clean-360/1160/139336/1160-139336-0019.flac,258720,
459,train-clean-360/1401/14358/1401-14358-0023.flac,258720,
460,train-clean-360/1027/125140/1027-125140-0063.flac,258720,
461,train-clean-360/1226/141268/1226-141268-0010.flac,258720,
462,train-clean-360/1028/133393/1028-133393-0000.flac,258720,
463,train-clean-360/1066/4479/1066-4479-0015.flac,258720,
464,train-clean-360/1446/122614/1446-122614-0047.flac,258720,
465,train-clean-360/1224/121064/1224-121064-0100.flac,258640,
466,train-clean-360/1224/121064/1224-121064-0021.flac,258640,
467,train-clean-360/1001/134707/1001-134707-0047.flac,258640,
468,train-clean-360/1343/139681/1343-139681-0025.flac,258640,
469,train-clean-360/1417/1536/1417-1536-0016.flac,258640,
470,train-clean-360/1066/5330/1066-5330-0006.flac,258640,
471,train-clean-360/1175/126221/1175-126221-0043.flac,258640,
472,train-clean-360/1487/133273/1487-133273-0033.flac,258560,
473,train-clean-360/1018/133447/1018-133447-0037.flac,258560,
474,train-clean-360/1165/135220/1165-135220-0014.flac,258560,
475,train-clean-360/154/123998/154-123998-0011.flac,258560,
476,train-clean-360/1417/1532/1417-1532-0032.flac,258560,
477,train-clean-360/1337/10674/1337-10674-0029.flac,258560,
478,train-clean-360/1052/139307/1052-139307-0006.flac,258560,
479,train-clean-360/1061/142358/1061-142358-0041.flac,258480,
480,train-clean-360/1425/139290/1425-139290-0011.flac,258480,
481,train-clean-360/1012/133424/1012-133424-0073.flac,258400,
482,train-clean-360/119/121722/119-121722-0019.flac,258400,
483,train-clean-360/1175/126220/1175-126220-0016.flac,258400,
484,train-clean-360/1425/139290/1425-139290-0012.flac,258400,
485,train-clean-360/1456/130553/1456-130553-0014.flac,258400,
486,train-clean-360/1535/141642/1535-141642-0025.flac,258400,
487,train-clean-360/1401/174511/1401-174511-0012.flac,258320,
488,train-clean-360/1463/134465/1463-134465-0057.flac,258320,
489,train-clean-360/1079/128636/1079-128636-0000.flac,258320,
490,train-clean-360/1018/133447/1018-133447-0025.flac,258320,
491,train-clean-360/1025/75365/1025-75365-0021.flac,258320,
492,train-clean-360/1224/121064/1224-121064-0027.flac,258320,
493,train-clean-360/1509/145699/1509-145699-0016.flac,258320,
494,train-clean-360/1348/135826/1348-135826-0037.flac,258320,
495,train-clean-360/1046/133225/1046-133225-0024.flac,258320,
496,train-clean-360/1513/140222/1513-140222-0005.flac,258240,
497,train-clean-360/159/121902/159-121902-0000.flac,258240,
498,train-clean-360/1058/131113/1058-131113-0060.flac,258240,
499,train-clean-360/1472/139797/1472-139797-0004.flac,258240,
500,train-clean-360/1417/1532/1417-1532-0035.flac,258240,
501,train-clean-360/1473/135657/1473-135657-0063.flac,258240,
502,train-clean-360/114/129324/114-129324-0026.flac,258160,
503,train-clean-360/112/123215/112-123215-0025.flac,258160,
504,train-clean-360/1052/132776/1052-132776-0020.flac,258160,
505,train-clean-360/1337/10673/1337-10673-0021.flac,258080,
506,train-clean-360/1226/141270/1226-141270-0021.flac,258080,
507,train-clean-360/1365/134825/1365-134825-0029.flac,258080,
508,train-clean-360/1290/135762/1290-135762-0091.flac,258080,
509,train-clean-360/1046/133225/1046-133225-0046.flac,258080,
510,train-clean-360/1401/14358/1401-14358-0022.flac,258080,
511,train-clean-360/1336/138115/1336-138115-0029.flac,258080,
512,train-clean-360/1343/158796/1343-158796-0000.flac,258080,
513,train-clean-360/1343/139681/1343-139681-0007.flac,258080,
514,train-clean-360/1401/146770/1401-146770-0015.flac,258000,
515,train-clean-360/1052/139307/1052-139307-0007.flac,258000,
516,train-clean-360/1028/133393/1028-133393-0020.flac,257920,
517,train-clean-360/101/126859/101-126859-0028.flac,257920,
518,train-clean-360/1448/135894/1448-135894-0102.flac,257920,
519,train-clean-360/1337/10673/1337-10673-0026.flac,257920,
520,train-clean-360/1513/140221/1513-140221-0017.flac,257920,
521,train-clean-360/1639/132848/1639-132848-0046.flac,257920,
522,train-clean-360/1445/139387/1445-139387-0004.flac,257920,
523,train-clean-360/1547/130184/1547-130184-0071.flac,257840,
524,train-clean-360/1283/129808/1283-129808-0053.flac,257840,
525,train-clean-360/1259/72927/1259-72927-0002.flac,257840,
526,train-clean-360/1054/143005/1054-143005-0070.flac,257840,
527,train-clean-360/1536/141791/1536-141791-0034.flac,257840,
528,train-clean-360/1012/133424/1012-133424-0071.flac,257840,
529,train-clean-360/1638/84447/1638-84447-0040.flac,257840,
530,train-clean-360/14/208/14-208-0005.flac,257760,
531,train-clean-360/16/122827/16-122827-0052.flac,257760,
532,train-clean-360/1343/139681/1343-139681-0008.flac,257760,
533,train-clean-360/1316/132800/1316-132800-0057.flac,257760,
534,train-clean-360/1571/141320/1571-141320-0026.flac,257681,
535,train-clean-360/122/121730/122-121730-0014.flac,257680,
536,train-clean-360/1028/133393/1028-133393-0033.flac,257680,
537,train-clean-360/1079/128632/1079-128632-0019.flac,257680,
538,train-clean-360/1066/103481/1066-103481-0002.flac,257680,
539,train-clean-360/1649/68762/1649-68762-0000.flac,257680,
540,train-clean-360/1316/132800/1316-132800-0008.flac,257680,
541,train-clean-360/1536/138488/1536-138488-0025.flac,257680,
542,train-clean-360/119/129514/119-129514-0022.flac,257680,
543,train-clean-360/14/212/14-212-0018.flac,257680,
544,train-clean-360/159/135897/159-135897-0046.flac,257680,
545,train-clean-360/1343/158781/1343-158781-0016.flac,257680,
546,train-clean-360/1382/130549/1382-130549-0014.flac,257680,
547,train-clean-360/1264/135033/1264-135033-0039.flac,257600,
548,train-clean-360/1571/138486/1571-138486-0049.flac,257600,
549,train-clean-360/1093/132891/1093-132891-0020.flac,257600,
550,train-clean-360/1649/150127/1649-150127-0015.flac,257600,
551,train-clean-360/1556/143307/1556-143307-0071.flac,257600,
552,train-clean-360/1018/135221/1018-135221-0037.flac,257600,
553,train-clean-360/1058/133263/1058-133263-0031.flac,257600,
554,train-clean-360/1323/149236/1323-149236-0025.flac,257520,
555,train-clean-360/101/126861/101-126861-0011.flac,257520,
556,train-clean-360/1603/140931/1603-140931-0020.flac,257520,
557,train-clean-360/1031/133220/1031-133220-0060.flac,257520,
558,train-clean-360/1603/139325/1603-139325-0014.flac,257520,
559,train-clean-360/1482/140067/1482-140067-0028.flac,257520,
560,train-clean-360/1487/133273/1487-133273-0098.flac,257520,
561,train-clean-360/1678/142279/1678-142279-0069.flac,257440,
562,train-clean-360/1473/135657/1473-135657-0102.flac,257440,
563,train-clean-360/1460/138290/1460-138290-0014.flac,257440,
564,train-clean-360/1337/10673/1337-10673-0004.flac,257440,
565,train-clean-360/126/122467/126-122467-0040.flac,257440,
566,train-clean-360/1603/140931/1603-140931-0019.flac,257440,
567,train-clean-360/1313/135020/1313-135020-0031.flac,257440,
568,train-clean-360/1160/139730/1160-139730-0019.flac,257440,
569,train-clean-360/1160/139336/1160-139336-0036.flac,257360,
570,train-clean-360/1446/122614/1446-122614-0061.flac,257360,
571,train-clean-360/1046/133225/1046-133225-0000.flac,257360,
572,train-clean-360/1053/132821/1053-132821-0011.flac,257360,
573,train-clean-360/1425/139297/1425-139297-0040.flac,257360,
574,train-clean-360/1634/141571/1634-141571-0071.flac,257360,
575,train-clean-360/1027/125147/1027-125147-0008.flac,257360,
576,train-clean-360/1343/158781/1343-158781-0021.flac,257360,
577,train-clean-360/1226/141270/1226-141270-0020.flac,257281,
578,train-clean-360/1018/135221/1018-135221-0000.flac,257280,
579,train-clean-360/1182/134981/1182-134981-0040.flac,257280,
580,train-clean-360/1001/134708/1001-134708-0005.flac,257280,
581,train-clean-360/1473/135657/1473-135657-0105.flac,257280,
582,train-clean-360/1182/133396/1182-133396-0005.flac,257280,
583,train-clean-360/1283/136983/1283-136983-0010.flac,257280,
584,train-clean-360/1422/149735/1422-149735-0033.flac,257280,
585,train-clean-360/1316/132800/1316-132800-0032.flac,257200,
586,train-clean-360/100/121674/100-121674-0002.flac,257200,
587,train-clean-360/1028/133395/1028-133395-0015.flac,257200,
588,train-clean-360/1456/139733/1456-139733-0006.flac,257200,
589,train-clean-360/1296/134434/1296-134434-0010.flac,257200,
590,train-clean-360/1265/135635/1265-135635-0016.flac,257200,
591,train-clean-360/1556/139350/1556-139350-0000.flac,257200,
592,train-clean-360/1027/125147/1027-125147-0000.flac,257120,
593,train-clean-360/1066/5330/1066-5330-0005.flac,257120,
594,train-clean-360/119/129513/119-129513-0025.flac,257120,
595,train-clean-360/1060/134451/1060-134451-0063.flac,257120,
596,train-clean-360/1265/135635/1265-135635-0075.flac,257120,
597,train-clean-360/1336/138113/1336-138113-0008.flac,257120,
598,train-clean-360/1100/124547/1100-124547-0017.flac,257120,
599,train-clean-360/122/129752/122-129752-0000.flac,257120,
600,train-clean-360/1222/133834/1222-133834-0014.flac,257120,
601,train-clean-360/1112/128136/1112-128136-0031.flac,257120,
602,train-clean-360/1195/135814/1195-135814-0028.flac,257120,
603,train-clean-360/1012/133424/1012-133424-0080.flac,257040,
604,train-clean-360/1445/139387/1445-139387-0009.flac,257040,
605,train-clean-360/1001/134708/1001-134708-0029.flac,257040,
606,train-clean-360/100/121669/100-121669-0023.flac,257040,
607,train-clean-360/1165/135220/1165-135220-0003.flac,257040,
608,train-clean-360/154/123998/154-123998-0022.flac,257040,
609,train-clean-360/1607/150715/1607-150715-0044.flac,257040,
610,train-clean-360/1425/139297/1425-139297-0013.flac,257040,
611,train-clean-360/1093/132891/1093-132891-0138.flac,257040,
612,train-clean-360/114/129324/114-129324-0036.flac,257040,
613,train-clean-360/1472/139797/1472-139797-0000.flac,256960,
614,train-clean-360/1348/135832/1348-135832-0028.flac,256960,
615,train-clean-360/1028/133395/1028-133395-0028.flac,256960,
616,train-clean-360/1226/141268/1226-141268-0027.flac,256960,
617,train-clean-360/1025/75365/1025-75365-0017.flac,256960,
618,train-clean-360/1028/133395/1028-133395-0044.flac,256960,
619,train-clean-360/1337/10674/1337-10674-0034.flac,256960,
620,train-clean-360/1195/130164/1195-130164-0030.flac,256960,
621,train-clean-360/1283/136983/1283-136983-0048.flac,256960,
622,train-clean-360/1028/133393/1028-133393-0057.flac,256960,
623,train-clean-360/1031/133220/1031-133220-0055.flac,256880,
624,train-clean-360/1289/288044/1289-288044-0040.flac,256880,
625,train-clean-360/1641/130503/1641-130503-0005.flac,256880,
626,train-clean-360/1066/103481/1066-103481-0021.flac,256880,
627,train-clean-360/1226/141270/1226-141270-0023.flac,256880,
628,train-clean-360/1165/135216/1165-135216-0025.flac,256880,
629,train-clean-360/1547/130184/1547-130184-0069.flac,256800,
630,train-clean-360/1337/10673/1337-10673-0032.flac,256800,
631,train-clean-360/1121/176698/1121-176698-0011.flac,256800,
632,train-clean-360/16/122827/16-122827-0019.flac,256800,
633,train-clean-360/1387/130993/1387-130993-0012.flac,256800,
634,train-clean-360/1629/139710/1629-139710-0023.flac,256800,
635,train-clean-360/1259/72927/1259-72927-0030.flac,256800,
636,train-clean-360/1271/128145/1271-128145-0025.flac,256800,
637,train-clean-360/1556/143307/1556-143307-0047.flac,256800,
638,train-clean-360/1031/133220/1031-133220-0092.flac,256720,
639,train-clean-360/1460/138290/1460-138290-0007.flac,256720,
640,train-clean-360/1571/138486/1571-138486-0035.flac,256720,
641,train-clean-360/1112/1043/1112-1043-0020.flac,256720,
642,train-clean-360/1058/131113/1058-131113-0038.flac,256720,
643,train-clean-360/1052/139307/1052-139307-0000.flac,256720,
644,train-clean-360/1349/135891/1349-135891-0011.flac,256720,
645,train-clean-360/1050/134121/1050-134121-0015.flac,256720,
646,train-clean-360/1463/134465/1463-134465-0029.flac,256720,
647,train-clean-360/1487/133273/1487-133273-0006.flac,256720,
648,train-clean-360/1061/146197/1061-146197-0017.flac,256640,
649,train-clean-360/166/352/166-352-0009.flac,256640,
650,train-clean-360/1425/139297/1425-139297-0025.flac,256640,
651,train-clean-360/1456/136846/1456-136846-0024.flac,256640,
652,train-clean-360/1425/139290/1425-139290-0007.flac,256640,
653,train-clean-360/1448/135894/1448-135894-0099.flac,256640,
654,train-clean-360/1348/135826/1348-135826-0011.flac,256640,
655,train-clean-360/1165/135216/1165-135216-0045.flac,256640,
656,train-clean-360/1296/138074/1296-138074-0019.flac,256560,
657,train-clean-360/1241/137614/1241-137614-0036.flac,256560,
658,train-clean-360/1283/129808/1283-129808-0034.flac,256560,
659,train-clean-360/112/123216/112-123216-0022.flac,256560,
660,train-clean-360/1422/149735/1422-149735-0026.flac,256480,
661,train-clean-360/1425/139297/1425-139297-0016.flac,256480,
662,train-clean-360/1335/163935/1335-163935-0018.flac,256480,
663,train-clean-360/1482/140071/1482-140071-0034.flac,256480,
664,train-clean-360/1649/68762/1649-68762-0022.flac,256480,
665,train-clean-360/1487/133273/1487-133273-0051.flac,256480,
666,train-clean-360/1046/133224/1046-133224-0006.flac,256401,
667,train-clean-360/1165/135220/1165-135220-0009.flac,256400,
668,train-clean-360/1012/133424/1012-133424-0026.flac,256400,
669,train-clean-360/1018/133447/1018-133447-0052.flac,256400,
670,train-clean-360/1060/134451/1060-134451-0049.flac,256400,
671,train-clean-360/1607/150715/1607-150715-0011.flac,256400,
672,train-clean-360/1336/138113/1336-138113-0031.flac,256400,
673,train-clean-360/1337/156963/1337-156963-0018.flac,256320,
674,train-clean-360/1296/138074/1296-138074-0038.flac,256320,
675,train-clean-360/1100/135264/1100-135264-0027.flac,256320,
676,train-clean-360/157/121899/157-121899-0032.flac,256320,
677,train-clean-360/1337/10674/1337-10674-0014.flac,256320,
678,train-clean-360/1629/139707/1629-139707-0030.flac,256320,
679,train-clean-360/1607/149245/1607-149245-0015.flac,256320,
680,train-clean-360/1498/140041/1498-140041-0042.flac,256320,
681,train-clean-360/1556/143307/1556-143307-0008.flac,256320,
682,train-clean-360/1283/136983/1283-136983-0027.flac,256240,
683,train-clean-360/1066/103481/1066-103481-0026.flac,256240,
684,train-clean-360/1649/68762/1649-68762-0012.flac,256240,
685,train-clean-360/1316/132800/1316-132800-0040.flac,256240,
686,train-clean-360/1028/133393/1028-133393-0002.flac,256240,
687,train-clean-360/1028/133393/1028-133393-0027.flac,256240,
688,train-clean-360/1448/135894/1448-135894-0061.flac,256240,
689,train-clean-360/1296/138074/1296-138074-0018.flac,256160,
690,train-clean-360/1571/138486/1571-138486-0022.flac,256160,
691,train-clean-360/1222/141174/1222-141174-0033.flac,256160,
692,train-clean-360/1348/135826/1348-135826-0015.flac,256160,
693,train-clean-360/1639/132848/1639-132848-0023.flac,256160,
694,train-clean-360/1112/128136/1112-128136-0019.flac,256160,
695,train-clean-360/1053/132821/1053-132821-0006.flac,256080,
696,train-clean-360/1283/136983/1283-136983-0050.flac,256080,
697,train-clean-360/1046/133224/1046-133224-0021.flac,256080,
698,train-clean-360/1316/132800/1316-132800-0018.flac,256080,
699,train-clean-360/1472/285314/1472-285314-0013.flac,256080,
700,train-clean-360/1212/14653/1212-14653-0003.flac,256080,
701,train-clean-360/1535/141644/1535-141644-0036.flac,256000,
702,train-clean-360/1603/140931/1603-140931-0017.flac,256000,
703,train-clean-360/1322/137589/1322-137589-0041.flac,256000,
704,train-clean-360/1195/37134/1195-37134-0000.flac,256000,
705,train-clean-360/1498/140041/1498-140041-0030.flac,256000,
706,train-clean-360/114/129324/114-129324-0021.flac,256000,
707,train-clean-360/122/121729/122-121729-0022.flac,255920,
708,train-clean-360/1513/140222/1513-140222-0012.flac,255920,
709,train-clean-360/1031/133220/1031-133220-0039.flac,255920,
710,train-clean-360/16/122828/16-122828-0039.flac,255920,
711,train-clean-360/1296/138074/1296-138074-0049.flac,255920,
712,train-clean-360/1607/150715/1607-150715-0042.flac,255920,
713,train-clean-360/122/121734/122-121734-0017.flac,255840,
714,train-clean-360/159/121902/159-121902-0021.flac,255840,
715,train-clean-360/1487/133273/1487-133273-0071.flac,255840,
716,train-clean-360/1571/141320/1571-141320-0024.flac,255840,
717,train-clean-360/1348/135826/1348-135826-0047.flac,255840,
718,train-clean-360/1460/138290/1460-138290-0010.flac,255840,
719,train-clean-360/1473/135657/1473-135657-0098.flac,255840,
720,train-clean-360/1028/133393/1028-133393-0052.flac,255840,
721,train-clean-360/1571/138486/1571-138486-0044.flac,255840,
722,train-clean-360/1463/134465/1463-134465-0030.flac,255839,
723,train-clean-360/1028/133395/1028-133395-0041.flac,255760,
724,train-clean-360/1018/135221/1018-135221-0040.flac,255760,
725,train-clean-360/1509/145742/1509-145742-0007.flac,255760,
726,train-clean-360/1112/128138/1112-128138-0033.flac,255760,
727,train-clean-360/112/123215/112-123215-0020.flac,255760,
728,train-clean-360/1259/137770/1259-137770-0024.flac,255760,
729,train-clean-360/1031/133220/1031-133220-0056.flac,255760,
730,train-clean-360/1066/103481/1066-103481-0006.flac,255760,
731,train-clean-360/1413/121799/1413-121799-0025.flac,255760,
732,train-clean-360/1668/136271/1668-136271-0046.flac,255760,
733,train-clean-360/1323/138617/1323-138617-0006.flac,255681,
734,train-clean-360/1603/140931/1603-140931-0043.flac,255680,
735,train-clean-360/1422/146111/1422-146111-0034.flac,255680,
736,train-clean-360/1012/133424/1012-133424-0018.flac,255680,
737,train-clean-360/16/122828/16-122828-0054.flac,255680,
738,train-clean-360/1046/133224/1046-133224-0004.flac,255680,
739,train-clean-360/1446/122614/1446-122614-0079.flac,255680,
740,train-clean-360/114/129317/114-129317-0020.flac,255680,
741,train-clean-360/1556/139350/1556-139350-0004.flac,255680,
742,train-clean-360/1336/138113/1336-138113-0066.flac,255680,
743,train-clean-360/1445/139397/1445-139397-0013.flac,255680,
744,train-clean-360/112/123215/112-123215-0005.flac,255680,
745,train-clean-360/1392/135659/1392-135659-0001.flac,255680,
746,train-clean-360/1222/133834/1222-133834-0043.flac,255680,
747,train-clean-360/1509/143477/1509-143477-0050.flac,255680,
748,train-clean-360/1018/133447/1018-133447-0004.flac,255680,
749,train-clean-360/1195/135814/1195-135814-0004.flac,255601,
750,train-clean-360/154/124002/154-124002-0008.flac,255600,
751,train-clean-360/1054/143005/1054-143005-0078.flac,255600,
752,train-clean-360/1463/134465/1463-134465-0041.flac,255600,
753,train-clean-360/1061/142358/1061-142358-0004.flac,255600,
754,train-clean-360/1678/142279/1678-142279-0031.flac,255600,
755,train-clean-360/14/208/14-208-0053.flac,255600,
756,train-clean-360/112/123215/112-123215-0007.flac,255600,
757,train-clean-360/1337/10673/1337-10673-0028.flac,255600,
758,train-clean-360/1482/140072/1482-140072-0006.flac,255520,
759,train-clean-360/1536/138488/1536-138488-0036.flac,255520,
760,train-clean-360/159/135897/159-135897-0018.flac,255520,
761,train-clean-360/1028/133395/1028-133395-0007.flac,255440,
762,train-clean-360/115/121896/115-121896-0000.flac,255440,
763,train-clean-360/1343/139681/1343-139681-0011.flac,255440,
764,train-clean-360/1001/134707/1001-134707-0053.flac,255440,
765,train-clean-360/16/122827/16-122827-0051.flac,255440,
766,train-clean-360/1018/133447/1018-133447-0034.flac,255440,
767,train-clean-360/1413/121799/1413-121799-0006.flac,255440,
768,train-clean-360/1222/133834/1222-133834-0032.flac,255440,
769,train-clean-360/1639/132848/1639-132848-0031.flac,255440,
770,train-clean-360/1337/10674/1337-10674-0022.flac,255360,
771,train-clean-360/1639/133290/1639-133290-0004.flac,255360,
772,train-clean-360/1160/139717/1160-139717-0014.flac,255360,
773,train-clean-360/1337/156963/1337-156963-0003.flac,255360,
774,train-clean-360/1222/133834/1222-133834-0039.flac,255360,
775,train-clean-360/1463/134465/1463-134465-0009.flac,255360,
776,train-clean-360/1603/139324/1603-139324-0032.flac,255360,
777,train-clean-360/1571/138486/1571-138486-0016.flac,255360,
778,train-clean-360/114/129324/114-129324-0053.flac,255360,
779,train-clean-360/154/293987/154-293987-0017.flac,255280,
780,train-clean-360/1061/146197/1061-146197-0004.flac,255280,
781,train-clean-360/115/122944/115-122944-0020.flac,255280,
782,train-clean-360/1638/84448/1638-84448-0013.flac,255280,
783,train-clean-360/1472/139797/1472-139797-0031.flac,255280,
784,train-clean-360/1336/138115/1336-138115-0022.flac,255280,
785,train-clean-360/1422/146111/1422-146111-0020.flac,255280,
786,train-clean-360/1027/125147/1027-125147-0037.flac,255280,
787,train-clean-360/1603/140931/1603-140931-0002.flac,255280,
788,train-clean-360/1336/138113/1336-138113-0051.flac,255280,
789,train-clean-360/112/121671/112-121671-0004.flac,255280,
790,train-clean-360/1311/134170/1311-134170-0036.flac,255280,
791,train-clean-360/119/121722/119-121722-0007.flac,255280,
792,train-clean-360/1050/134119/1050-134119-0020.flac,255280,
793,train-clean-360/1112/128136/1112-128136-0037.flac,255280,
794,train-clean-360/1100/135264/1100-135264-0000.flac,255280,
795,train-clean-360/1296/138074/1296-138074-0056.flac,255280,
796,train-clean-360/1259/72927/1259-72927-0019.flac,255280,
797,train-clean-360/1547/130184/1547-130184-0058.flac,255280,
798,train-clean-360/1422/146111/1422-146111-0023.flac,255200,
799,train-clean-360/114/129324/114-129324-0038.flac,255200,
800,train-clean-360/1079/128632/1079-128632-0029.flac,255200,
801,train-clean-360/119/129514/119-129514-0014.flac,255200,
802,train-clean-360/1535/141644/1535-141644-0013.flac,255200,
803,train-clean-360/1226/141268/1226-141268-0021.flac,255200,
804,train-clean-360/1222/141174/1222-141174-0047.flac,255121,
805,train-clean-360/1460/138289/1460-138289-0034.flac,255120,
806,train-clean-360/1422/146123/1422-146123-0003.flac,255120,
807,train-clean-360/1012/133424/1012-133424-0088.flac,255120,
808,train-clean-360/1678/142279/1678-142279-0024.flac,255120,
809,train-clean-360/1265/135635/1265-135635-0052.flac,255120,
810,train-clean-360/1265/135636/1265-135636-0038.flac,255120,
811,train-clean-360/1241/137614/1241-137614-0033.flac,255120,
812,train-clean-360/1112/128138/1112-128138-0030.flac,255120,
813,train-clean-360/1175/126221/1175-126221-0015.flac,255120,
814,train-clean-360/166/122789/166-122789-0014.flac,255040,
815,train-clean-360/1165/135216/1165-135216-0026.flac,255040,
816,train-clean-360/1629/139707/1629-139707-0033.flac,255040,
817,train-clean-360/1012/133424/1012-133424-0049.flac,255040,
818,train-clean-360/1112/128138/1112-128138-0012.flac,255040,
819,train-clean-360/1289/288044/1289-288044-0041.flac,255040,
820,train-clean-360/1296/138074/1296-138074-0047.flac,255040,
821,train-clean-360/1066/5330/1066-5330-0025.flac,255040,
822,train-clean-360/1259/137770/1259-137770-0029.flac,255039,
823,train-clean-360/1445/139397/1445-139397-0025.flac,254960,
824,train-clean-360/1547/130184/1547-130184-0064.flac,254960,
825,train-clean-360/1678/142279/1678-142279-0083.flac,254960,
826,train-clean-360/1222/133834/1222-133834-0033.flac,254960,
827,train-clean-360/1264/129805/1264-129805-0002.flac,254960,
828,train-clean-360/1323/138617/1323-138617-0017.flac,254960,
829,train-clean-360/1195/130164/1195-130164-0036.flac,254960,
830,train-clean-360/1472/285314/1472-285314-0011.flac,254960,
831,train-clean-360/1445/139397/1445-139397-0019.flac,254960,
832,train-clean-360/112/123216/112-123216-0004.flac,254880,
833,train-clean-360/1121/176698/1121-176698-0034.flac,254880,
834,train-clean-360/1417/1532/1417-1532-0033.flac,254880,
835,train-clean-360/1054/143005/1054-143005-0039.flac,254880,
836,train-clean-360/1638/84448/1638-84448-0008.flac,254880,
837,train-clean-360/157/121899/157-121899-0014.flac,254880,
838,train-clean-360/1417/1539/1417-1539-0034.flac,254880,
839,train-clean-360/1487/133273/1487-133273-0108.flac,254880,
840,train-clean-360/101/126861/101-126861-0007.flac,254880,
841,train-clean-360/1547/130184/1547-130184-0023.flac,254880,
842,train-clean-360/1417/1539/1417-1539-0019.flac,254880,
843,train-clean-360/1265/135635/1265-135635-0045.flac,254800,
844,train-clean-360/100/121669/100-121669-0015.flac,254800,
845,train-clean-360/1283/136983/1283-136983-0013.flac,254800,
846,train-clean-360/166/352/166-352-0018.flac,254800,
847,train-clean-360/1283/136983/1283-136983-0023.flac,254800,
848,train-clean-360/1379/130517/1379-130517-0005.flac,254720,
849,train-clean-360/14/212/14-212-0022.flac,254720,
850,train-clean-360/1112/128136/1112-128136-0004.flac,254720,
851,train-clean-360/1060/134451/1060-134451-0016.flac,254720,
852,train-clean-360/1018/135221/1018-135221-0024.flac,254720,
853,train-clean-360/1222/133834/1222-133834-0060.flac,254720,
854,train-clean-360/1401/174511/1401-174511-0008.flac,254720,
855,train-clean-360/1571/141320/1571-141320-0046.flac,254720,
856,train-clean-360/1224/121064/1224-121064-0071.flac,254640,
857,train-clean-360/1463/134463/1463-134463-0060.flac,254640,
858,train-clean-360/122/121729/122-121729-0024.flac,254640,
859,train-clean-360/1473/135657/1473-135657-0022.flac,254640,
860,train-clean-360/1337/10673/1337-10673-0035.flac,254640,
861,train-clean-360/1422/146123/1422-146123-0027.flac,254640,
862,train-clean-360/1638/84447/1638-84447-0027.flac,254640,
863,train-clean-360/1336/138115/1336-138115-0019.flac,254560,
864,train-clean-360/1066/103481/1066-103481-0004.flac,254560,
865,train-clean-360/122/121730/122-121730-0018.flac,254560,
866,train-clean-360/1336/138113/1336-138113-0013.flac,254560,
867,train-clean-360/1165/135216/1165-135216-0052.flac,254560,
868,train-clean-360/1343/158781/1343-158781-0031.flac,254560,
869,train-clean-360/1264/129805/1264-129805-0060.flac,254560,
870,train-clean-360/1387/130993/1387-130993-0013.flac,254560,
871,train-clean-360/1446/122614/1446-122614-0045.flac,254560,
872,train-clean-360/1265/135635/1265-135635-0038.flac,254560,
873,train-clean-360/1392/135654/1392-135654-0010.flac,254480,
874,train-clean-360/1425/139297/1425-139297-0001.flac,254480,
875,train-clean-360/1417/1539/1417-1539-0016.flac,254480,
876,train-clean-360/1264/129805/1264-129805-0078.flac,254480,
877,train-clean-360/1379/130517/1379-130517-0007.flac,254480,
878,train-clean-360/1349/135891/1349-135891-0029.flac,254480,
879,train-clean-360/1224/121064/1224-121064-0022.flac,254480,
880,train-clean-360/1121/132777/1121-132777-0019.flac,254480,
881,train-clean-360/1392/128226/1392-128226-0022.flac,254400,
882,train-clean-360/119/129513/119-129513-0020.flac,254400,
883,train-clean-360/1160/139336/1160-139336-0011.flac,254400,
884,train-clean-360/1638/84448/1638-84448-0054.flac,254400,
885,train-clean-360/1018/135221/1018-135221-0006.flac,254400,
886,train-clean-360/1513/140222/1513-140222-0061.flac,254400,
887,train-clean-360/1061/146197/1061-146197-0009.flac,254400,
888,train-clean-360/1348/135826/1348-135826-0052.flac,254400,
889,train-clean-360/1571/138486/1571-138486-0041.flac,254400,
890,train-clean-360/1313/135020/1313-135020-0013.flac,254399,
891,train-clean-360/1182/134981/1182-134981-0030.flac,254320,
892,train-clean-360/1482/140072/1482-140072-0028.flac,254320,
893,train-clean-360/1535/141642/1535-141642-0020.flac,254320,
894,train-clean-360/1264/135033/1264-135033-0028.flac,254320,
895,train-clean-360/1535/141644/1535-141644-0004.flac,254320,
896,train-clean-360/1413/121799/1413-121799-0013.flac,254320,
897,train-clean-360/1054/143005/1054-143005-0031.flac,254320,
898,train-clean-360/1335/160602/1335-160602-0009.flac,254240,
899,train-clean-360/1641/130504/1641-130504-0002.flac,254240,
900,train-clean-360/1463/134463/1463-134463-0029.flac,254240,
901,train-clean-360/1473/135657/1473-135657-0010.flac,254240,
902,train-clean-360/1463/134465/1463-134465-0016.flac,254240,
903,train-clean-360/1195/130164/1195-130164-0005.flac,254240,
904,train-clean-360/1422/149735/1422-149735-0009.flac,254240,
905,train-clean-360/157/121899/157-121899-0010.flac,254240,
906,train-clean-360/14/208/14-208-0021.flac,254240,
907,train-clean-360/1054/143005/1054-143005-0011.flac,254240,
908,train-clean-360/1028/133393/1028-133393-0046.flac,254240,
909,train-clean-360/1290/135762/1290-135762-0066.flac,254240,
910,train-clean-360/1100/124547/1100-124547-0001.flac,254160,
911,train-clean-360/14/212/14-212-0031.flac,254160,
912,train-clean-360/1556/139350/1556-139350-0017.flac,254160,
913,train-clean-360/1323/149236/1323-149236-0023.flac,254160,
914,train-clean-360/154/293987/154-293987-0007.flac,254160,
915,train-clean-360/1323/138548/1323-138548-0019.flac,254160,
916,train-clean-360/1311/134176/1311-134176-0010.flac,254160,
917,train-clean-360/122/121729/122-121729-0004.flac,254160,
918,train-clean-360/1001/134707/1001-134707-0072.flac,254160,
919,train-clean-360/1241/121106/1241-121106-0002.flac,254160,
920,train-clean-360/1509/143477/1509-143477-0022.flac,254160,
921,train-clean-360/1175/126220/1175-126220-0048.flac,254160,
922,train-clean-360/126/122467/126-122467-0016.flac,254160,
923,train-clean-360/1422/146123/1422-146123-0018.flac,254160,
924,train-clean-360/1417/1536/1417-1536-0002.flac,254160,
925,train-clean-360/122/121734/122-121734-0001.flac,254160,
926,train-clean-360/1390/130494/1390-130494-0008.flac,254160,
927,train-clean-360/1456/136846/1456-136846-0011.flac,254160,
928,train-clean-360/1264/135033/1264-135033-0001.flac,254080,
929,train-clean-360/1387/134991/1387-134991-0032.flac,254080,
930,train-clean-360/1482/140067/1482-140067-0002.flac,254080,
931,train-clean-360/1638/84448/1638-84448-0058.flac,254080,
932,train-clean-360/1226/141270/1226-141270-0029.flac,254080,
933,train-clean-360/1323/149236/1323-149236-0029.flac,254080,
934,train-clean-360/1383/130533/1383-130533-0004.flac,254080,
935,train-clean-360/122/129752/122-129752-0034.flac,254080,
936,train-clean-360/1337/10673/1337-10673-0038.flac,254080,
937,train-clean-360/1271/133279/1271-133279-0032.flac,254080,
938,train-clean-360/1634/141571/1634-141571-0072.flac,254080,
939,train-clean-360/1413/121799/1413-121799-0011.flac,254080,
940,train-clean-360/1343/139681/1343-139681-0032.flac,254080,
941,train-clean-360/1392/135654/1392-135654-0002.flac,254000,
942,train-clean-360/100/122655/100-122655-0011.flac,254000,
943,train-clean-360/1668/136271/1668-136271-0041.flac,254000,
944,train-clean-360/1316/132800/1316-132800-0054.flac,254000,
945,train-clean-360/1649/68762/1649-68762-0021.flac,254000,
946,train-clean-360/1536/138488/1536-138488-0027.flac,254000,
947,train-clean-360/1649/150127/1649-150127-0017.flac,254000,
948,train-clean-360/1264/135033/1264-135033-0021.flac,254000,
949,train-clean-360/1322/137588/1322-137588-0032.flac,253920,
950,train-clean-360/17/362/17-362-0025.flac,253920,
951,train-clean-360/1061/142358/1061-142358-0049.flac,253920,
952,train-clean-360/157/121899/157-121899-0020.flac,253920,
953,train-clean-360/1365/134830/1365-134830-0037.flac,253920,
954,train-clean-360/1535/141644/1535-141644-0045.flac,253920,
955,train-clean-360/1046/133225/1046-133225-0042.flac,253920,
956,train-clean-360/1547/130184/1547-130184-0084.flac,253920,
957,train-clean-360/1066/103481/1066-103481-0001.flac,253920,
958,train-clean-360/101/126861/101-126861-0005.flac,253920,
959,train-clean-360/1422/146111/1422-146111-0029.flac,253920,
960,train-clean-360/1052/139307/1052-139307-0043.flac,253920,
961,train-clean-360/1316/132800/1316-132800-0058.flac,253920,
962,train-clean-360/1509/145742/1509-145742-0010.flac,253920,
963,train-clean-360/119/129515/119-129515-0014.flac,253920,
964,train-clean-360/1311/134170/1311-134170-0002.flac,253840,
965,train-clean-360/1046/133225/1046-133225-0041.flac,253840,
966,train-clean-360/114/129324/114-129324-0002.flac,253840,
967,train-clean-360/1160/139336/1160-139336-0035.flac,253840,
968,train-clean-360/1536/138488/1536-138488-0024.flac,253840,
969,train-clean-360/1031/133220/1031-133220-0079.flac,253840,
970,train-clean-360/1603/140931/1603-140931-0025.flac,253840,
971,train-clean-360/1571/141320/1571-141320-0040.flac,253840,
972,train-clean-360/126/122467/126-122467-0079.flac,253840,
973,train-clean-360/1336/138115/1336-138115-0038.flac,253840,
974,train-clean-360/1212/185485/1212-185485-0025.flac,253839,
975,train-clean-360/1241/121106/1241-121106-0007.flac,253761,
976,train-clean-360/157/121899/157-121899-0013.flac,253760,
977,train-clean-360/1392/135654/1392-135654-0003.flac,253760,
978,train-clean-360/1121/135824/1121-135824-0014.flac,253760,
979,train-clean-360/101/126861/101-126861-0013.flac,253760,
980,train-clean-360/1335/160602/1335-160602-0011.flac,253760,
981,train-clean-360/1482/140072/1482-140072-0023.flac,253760,
982,train-clean-360/1445/139404/1445-139404-0024.flac,253760,
983,train-clean-360/157/121899/157-121899-0012.flac,253760,
984,train-clean-360/1012/133424/1012-133424-0024.flac,253760,
985,train-clean-360/1175/126220/1175-126220-0000.flac,253760,
986,train-clean-360/1058/133263/1058-133263-0003.flac,253760,
987,train-clean-360/1195/135814/1195-135814-0006.flac,253760,
988,train-clean-360/1121/176698/1121-176698-0035.flac,253760,
989,train-clean-360/126/125084/126-125084-0035.flac,253760,
990,train-clean-360/1448/135894/1448-135894-0020.flac,253680,
991,train-clean-360/1212/75242/1212-75242-0003.flac,253680,
992,train-clean-360/1018/135221/1018-135221-0003.flac,253680,
993,train-clean-360/1226/141279/1226-141279-0026.flac,253680,
994,train-clean-360/1649/5776/1649-5776-0016.flac,253680,
995,train-clean-360/1472/142848/1472-142848-0012.flac,253680,
996,train-clean-360/1603/140931/1603-140931-0035.flac,253680,
997,train-clean-360/1001/134708/1001-134708-0017.flac,253600,
998,train-clean-360/1335/160602/1335-160602-0010.flac,253600,
999,train-clean-360/1112/128136/1112-128136-0008.flac,253600,
1000,train-clean-360/101/126861/101-126861-0016.flac,253600,
1001,train-clean-360/159/135897/159-135897-0009.flac,253600,
1002,train-clean-360/1425/139297/1425-139297-0019.flac,253600,
1003,train-clean-360/1001/134707/1001-134707-0058.flac,253600,
1004,train-clean-360/1289/288044/1289-288044-0000.flac,253520,
1005,train-clean-360/1392/135659/1392-135659-0021.flac,253520,
1006,train-clean-360/1571/138486/1571-138486-0047.flac,253520,
1007,train-clean-360/101/126859/101-126859-0032.flac,253520,
1008,train-clean-360/1061/142358/1061-142358-0050.flac,253520,
1009,train-clean-360/1112/128138/1112-128138-0027.flac,253520,
1010,train-clean-360/1296/138074/1296-138074-0001.flac,253520,
1011,train-clean-360/1050/134121/1050-134121-0027.flac,253440,
1012,train-clean-360/1607/134636/1607-134636-0016.flac,253440,
1013,train-clean-360/126/125084/126-125084-0014.flac,253440,
1014,train-clean-360/1392/128240/1392-128240-0018.flac,253440,
1015,train-clean-360/1241/121106/1241-121106-0026.flac,253440,
1016,train-clean-360/1513/140222/1513-140222-0027.flac,253440,
1017,train-clean-360/1093/132891/1093-132891-0090.flac,253360,
1018,train-clean-360/159/121902/159-121902-0008.flac,253360,
1019,train-clean-360/1446/122614/1446-122614-0088.flac,253360,
1020,train-clean-360/1629/139710/1629-139710-0050.flac,253360,
1021,train-clean-360/16/122827/16-122827-0032.flac,253360,
1022,train-clean-360/1417/1532/1417-1532-0005.flac,253360,
1023,train-clean-360/1473/135657/1473-135657-0027.flac,253360,
1024,train-clean-360/1012/133424/1012-133424-0014.flac,253360,
1025,train-clean-360/1603/140931/1603-140931-0008.flac,253360,
1026,train-clean-360/1509/145699/1509-145699-0014.flac,253360,
1027,train-clean-360/100/122655/100-122655-0009.flac,253360,
1028,train-clean-360/1336/138113/1336-138113-0055.flac,253360,
1029,train-clean-360/1018/133447/1018-133447-0042.flac,253280,
1030,train-clean-360/1018/133447/1018-133447-0050.flac,253280,
1031,train-clean-360/112/121671/112-121671-0027.flac,253280,
1032,train-clean-360/1401/146770/1401-146770-0003.flac,253280,
1033,train-clean-360/1552/140651/1552-140651-0017.flac,253280,
1034,train-clean-360/16/122827/16-122827-0018.flac,253280,
1035,train-clean-360/1379/130486/1379-130486-0002.flac,253280,
1036,train-clean-360/1463/134465/1463-134465-0008.flac,253280,
1037,train-clean-360/1311/134170/1311-134170-0054.flac,253280,
1038,train-clean-360/115/122944/115-122944-0010.flac,253280,
1039,train-clean-360/1001/134707/1001-134707-0000.flac,253280,
1040,train-clean-360/1348/135826/1348-135826-0032.flac,253200,
1041,train-clean-360/1323/138548/1323-138548-0035.flac,253200,
1042,train-clean-360/115/122944/115-122944-0007.flac,253200,
1043,train-clean-360/1175/126221/1175-126221-0009.flac,253200,
1044,train-clean-360/1259/137770/1259-137770-0001.flac,253200,
1045,train-clean-360/114/129324/114-129324-0035.flac,253200,
1046,train-clean-360/1571/141320/1571-141320-0054.flac,253200,
1047,train-clean-360/1018/133447/1018-133447-0024.flac,253200,
1048,train-clean-360/1336/138115/1336-138115-0030.flac,253200,
1049,train-clean-360/1066/103481/1066-103481-0030.flac,253200,
1050,train-clean-360/1160/139336/1160-139336-0000.flac,253200,
1051,train-clean-360/1348/135826/1348-135826-0041.flac,253120,
1052,train-clean-360/1058/131113/1058-131113-0063.flac,253120,
1053,train-clean-360/1547/130184/1547-130184-0055.flac,253120,
1054,train-clean-360/1323/138617/1323-138617-0033.flac,253120,
1055,train-clean-360/1100/124547/1100-124547-0060.flac,253120,
1056,train-clean-360/1445/139404/1445-139404-0001.flac,253120,
1057,train-clean-360/1323/138548/1323-138548-0000.flac,253120,
1058,train-clean-360/1283/136983/1283-136983-0031.flac,253120,
1059,train-clean-360/1460/138290/1460-138290-0005.flac,253120,
1060,train-clean-360/1058/133263/1058-133263-0014.flac,253120,
1061,train-clean-360/1348/135832/1348-135832-0035.flac,253120,
1062,train-clean-360/1323/138548/1323-138548-0039.flac,253040,
1063,train-clean-360/1271/136861/1271-136861-0018.flac,253040,
1064,train-clean-360/101/126861/101-126861-0002.flac,253040,
1065,train-clean-360/1513/140222/1513-140222-0011.flac,253040,
1066,train-clean-360/1456/136846/1456-136846-0004.flac,253040,
1067,train-clean-360/1283/136983/1283-136983-0016.flac,253040,
1068,train-clean-360/1445/139404/1445-139404-0032.flac,253040,
1069,train-clean-360/1463/134465/1463-134465-0045.flac,253040,
1070,train-clean-360/1571/138486/1571-138486-0046.flac,253040,
1071,train-clean-360/1556/143307/1556-143307-0070.flac,253040,
1072,train-clean-360/1413/121799/1413-121799-0119.flac,253040,
1073,train-clean-360/1390/130495/1390-130495-0016.flac,253040,
1074,train-clean-360/1629/139707/1629-139707-0007.flac,253040,
1075,train-clean-360/1093/132891/1093-132891-0119.flac,253040,
1076,train-clean-360/1446/122614/1446-122614-0101.flac,253040,
1077,train-clean-360/115/121720/115-121720-0017.flac,252960,
1078,train-clean-360/1031/133220/1031-133220-0017.flac,252960,
1079,train-clean-360/157/121899/157-121899-0034.flac,252960,
1080,train-clean-360/1343/158796/1343-158796-0035.flac,252960,
1081,train-clean-360/1160/139727/1160-139727-0005.flac,252960,
1082,train-clean-360/1012/133424/1012-133424-0061.flac,252960,
1083,train-clean-360/1456/130553/1456-130553-0008.flac,252960,
1084,train-clean-360/1556/143307/1556-143307-0000.flac,252960,
1085,train-clean-360/1536/141791/1536-141791-0006.flac,252960,
1086,train-clean-360/1322/137589/1322-137589-0046.flac,252960,
1087,train-clean-360/1271/133279/1271-133279-0013.flac,252960,
1088,train-clean-360/100/121674/100-121674-0010.flac,252960,
1089,train-clean-360/119/129513/119-129513-0004.flac,252960,
1090,train-clean-360/1264/129805/1264-129805-0023.flac,252960,
1091,train-clean-360/1448/135894/1448-135894-0085.flac,252960,
1092,train-clean-360/16/122827/16-122827-0050.flac,252960,
1093,train-clean-360/1046/133225/1046-133225-0047.flac,252960,
1094,train-clean-360/1425/139297/1425-139297-0032.flac,252881,
1095,train-clean-360/1678/142279/1678-142279-0019.flac,252880,
1096,train-clean-360/1093/132891/1093-132891-0047.flac,252880,
1097,train-clean-360/1460/138290/1460-138290-0057.flac,252880,
1098,train-clean-360/1668/136271/1668-136271-0010.flac,252880,
1099,train-clean-360/112/121671/112-121671-0031.flac,252880,
1100,train-clean-360/1343/158781/1343-158781-0015.flac,252880,
1101,train-clean-360/1323/149236/1323-149236-0018.flac,252880,
1102,train-clean-360/112/121671/112-121671-0022.flac,252880,
1103,train-clean-360/1678/142279/1678-142279-0058.flac,252880,
1104,train-clean-360/1425/139290/1425-139290-0003.flac,252800,
1105,train-clean-360/1283/136983/1283-136983-0054.flac,252800,
1106,train-clean-360/154/293987/154-293987-0014.flac,252800,
1107,train-clean-360/1509/143477/1509-143477-0016.flac,252800,
1108,train-clean-360/1316/132800/1316-132800-0049.flac,252800,
1109,train-clean-360/112/121727/112-121727-0015.flac,252800,
1110,train-clean-360/1336/138113/1336-138113-0044.flac,252800,
1111,train-clean-360/1401/14358/1401-14358-0029.flac,252800,
1112,train-clean-360/1482/140071/1482-140071-0003.flac,252800,
1113,train-clean-360/1382/130516/1382-130516-0020.flac,252800,
1114,train-clean-360/1175/126220/1175-126220-0010.flac,252800,
1115,train-clean-360/14/208/14-208-0006.flac,252800,
1116,train-clean-360/1343/139681/1343-139681-0016.flac,252800,
1117,train-clean-360/1392/128240/1392-128240-0014.flac,252800,
1118,train-clean-360/1054/143005/1054-143005-0076.flac,252800,
1119,train-clean-360/1629/139710/1629-139710-0016.flac,252800,
1120,train-clean-360/1535/141642/1535-141642-0019.flac,252800,
1121,train-clean-360/1607/149245/1607-149245-0029.flac,252721,
1122,train-clean-360/1121/176698/1121-176698-0040.flac,252720,
1123,train-clean-360/14/208/14-208-0037.flac,252720,
1124,train-clean-360/1513/140222/1513-140222-0073.flac,252720,
1125,train-clean-360/1060/134451/1060-134451-0018.flac,252720,
1126,train-clean-360/1634/141571/1634-141571-0034.flac,252720,
1127,train-clean-360/1079/128636/1079-128636-0013.flac,252720,
1128,train-clean-360/1322/137589/1322-137589-0038.flac,252720,
1129,train-clean-360/1259/137770/1259-137770-0028.flac,252720,
1130,train-clean-360/157/121899/157-121899-0007.flac,252720,
1131,train-clean-360/1335/27593/1335-27593-0036.flac,252720,
1132,train-clean-360/1079/128631/1079-128631-0020.flac,252641,
1133,train-clean-360/1311/134176/1311-134176-0024.flac,252640,
1134,train-clean-360/1668/136280/1668-136280-0050.flac,252640,
1135,train-clean-360/114/129317/114-129317-0024.flac,252640,
1136,train-clean-360/1061/146197/1061-146197-0013.flac,252640,
1137,train-clean-360/1536/141791/1536-141791-0037.flac,252640,
1138,train-clean-360/1448/135894/1448-135894-0010.flac,252640,
1139,train-clean-360/1401/146770/1401-146770-0030.flac,252640,
1140,train-clean-360/1383/130532/1383-130532-0033.flac,252640,
1141,train-clean-360/1460/138290/1460-138290-0035.flac,252640,
1142,train-clean-360/1547/130184/1547-130184-0068.flac,252640,
1143,train-clean-360/1678/142279/1678-142279-0014.flac,252640,
1144,train-clean-360/1027/125140/1027-125140-0065.flac,252640,
1145,train-clean-360/1226/141279/1226-141279-0000.flac,252560,
1146,train-clean-360/1603/140931/1603-140931-0016.flac,252560,
1147,train-clean-360/1121/132777/1121-132777-0021.flac,252560,
1148,train-clean-360/1271/136861/1271-136861-0035.flac,252560,
1149,train-clean-360/1100/124547/1100-124547-0009.flac,252560,
1150,train-clean-360/1463/134465/1463-134465-0056.flac,252560,
1151,train-clean-360/1348/135832/1348-135832-0003.flac,252560,
1152,train-clean-360/115/121720/115-121720-0008.flac,252560,
1153,train-clean-360/1335/163935/1335-163935-0022.flac,252560,
1154,train-clean-360/1121/176698/1121-176698-0041.flac,252560,
1155,train-clean-360/1607/150715/1607-150715-0002.flac,252480,
1156,train-clean-360/1472/285314/1472-285314-0014.flac,252480,
1157,train-clean-360/1058/133263/1058-133263-0028.flac,252480,
1158,train-clean-360/1422/146123/1422-146123-0020.flac,252480,
1159,train-clean-360/1112/128136/1112-128136-0014.flac,252480,
1160,train-clean-360/1259/137770/1259-137770-0023.flac,252480,
1161,train-clean-360/1058/133263/1058-133263-0002.flac,252480,
1162,train-clean-360/1322/137589/1322-137589-0003.flac,252480,
1163,train-clean-360/1290/135762/1290-135762-0027.flac,252480,
1164,train-clean-360/101/126861/101-126861-0000.flac,252480,
1165,train-clean-360/1678/142279/1678-142279-0062.flac,252480,
1166,train-clean-360/1182/134316/1182-134316-0007.flac,252480,
1167,train-clean-360/1422/146111/1422-146111-0025.flac,252480,
1168,train-clean-360/1473/135657/1473-135657-0052.flac,252480,
1169,train-clean-360/1222/133834/1222-133834-0001.flac,252480,
1170,train-clean-360/1513/140222/1513-140222-0043.flac,252480,
1171,train-clean-360/1093/132891/1093-132891-0065.flac,252400,
1172,train-clean-360/1222/133834/1222-133834-0020.flac,252400,
1173,train-clean-360/154/123998/154-123998-0026.flac,252400,
1174,train-clean-360/101/126860/101-126860-0005.flac,252400,
1175,train-clean-360/1121/176698/1121-176698-0038.flac,252400,
1176,train-clean-360/1446/122614/1446-122614-0092.flac,252400,
1177,train-clean-360/1571/141320/1571-141320-0004.flac,252400,
1178,train-clean-360/1498/140040/1498-140040-0039.flac,252400,
1179,train-clean-360/1028/133395/1028-133395-0011.flac,252400,
1180,train-clean-360/1382/130492/1382-130492-0008.flac,252400,
1181,train-clean-360/1448/135894/1448-135894-0051.flac,252320,
1182,train-clean-360/1348/135832/1348-135832-0029.flac,252320,
1183,train-clean-360/1392/128226/1392-128226-0003.flac,252320,
1184,train-clean-360/1053/132821/1053-132821-0043.flac,252320,
1185,train-clean-360/157/126796/157-126796-0018.flac,252320,
1186,train-clean-360/1222/141174/1222-141174-0042.flac,252320,
1187,train-clean-360/1311/134176/1311-134176-0032.flac,252320,
1188,train-clean-360/1629/139707/1629-139707-0018.flac,252320,
1189,train-clean-360/1649/68762/1649-68762-0031.flac,252240,
1190,train-clean-360/1401/174511/1401-174511-0027.flac,252240,
1191,train-clean-360/1226/141279/1226-141279-0034.flac,252240,
1192,train-clean-360/1482/140067/1482-140067-0001.flac,252240,
1193,train-clean-360/1054/143005/1054-143005-0064.flac,252240,
1194,train-clean-360/1100/124547/1100-124547-0028.flac,252240,
1195,train-clean-360/1422/149735/1422-149735-0029.flac,252240,
1196,train-clean-360/1336/138115/1336-138115-0026.flac,252240,
1197,train-clean-360/1175/126221/1175-126221-0035.flac,252240,
1198,train-clean-360/1445/139404/1445-139404-0020.flac,252240,
1199,train-clean-360/1425/139297/1425-139297-0026.flac,252240,
1200,train-clean-360/1417/1536/1417-1536-0027.flac,252240,
1201,train-clean-360/1079/128636/1079-128636-0011.flac,252160,
1202,train-clean-360/101/126860/101-126860-0032.flac,252160,
1203,train-clean-360/159/135897/159-135897-0032.flac,252160,
1204,train-clean-360/1112/1043/1112-1043-0024.flac,252160,
1205,train-clean-360/1336/138113/1336-138113-0001.flac,252160,
1206,train-clean-360/1607/149245/1607-149245-0034.flac,252160,
1207,train-clean-360/1054/143005/1054-143005-0085.flac,252160,
1208,train-clean-360/1212/14653/1212-14653-0002.flac,252160,
1209,train-clean-360/1634/141571/1634-141571-0085.flac,252160,
1210,train-clean-360/1535/141644/1535-141644-0040.flac,252160,
1211,train-clean-360/1296/134434/1296-134434-0034.flac,252080,
1212,train-clean-360/1060/134451/1060-134451-0019.flac,252080,
1213,train-clean-360/1365/134804/1365-134804-0029.flac,252080,
1214,train-clean-360/1289/288044/1289-288044-0049.flac,252080,
1215,train-clean-360/157/121899/157-121899-0035.flac,252080,
1216,train-clean-360/1182/133396/1182-133396-0014.flac,252080,
1217,train-clean-360/157/126796/157-126796-0042.flac,252080,
1218,train-clean-360/1121/176698/1121-176698-0015.flac,252080,
1219,train-clean-360/1025/75365/1025-75365-0025.flac,252080,
1220,train-clean-360/1552/141135/1552-141135-0040.flac,252080,
1221,train-clean-360/1337/10674/1337-10674-0021.flac,252080,
1222,train-clean-360/1175/126220/1175-126220-0002.flac,252080,
1223,train-clean-360/1678/142279/1678-142279-0026.flac,252000,
1224,train-clean-360/101/126859/101-126859-0026.flac,252000,
1225,train-clean-360/1629/139710/1629-139710-0006.flac,252000,
1226,train-clean-360/1265/135635/1265-135635-0026.flac,252000,
1227,train-clean-360/1271/133279/1271-133279-0012.flac,252000,
1228,train-clean-360/1649/150127/1649-150127-0040.flac,252000,
1229,train-clean-360/1425/139291/1425-139291-0033.flac,252000,
1230,train-clean-360/1401/14358/1401-14358-0025.flac,252000,
1231,train-clean-360/1311/134170/1311-134170-0019.flac,252000,
1232,train-clean-360/1348/135826/1348-135826-0044.flac,252000,
1233,train-clean-360/1383/130489/1383-130489-0016.flac,252000,
1234,train-clean-360/1509/145742/1509-145742-0012.flac,252000,
1235,train-clean-360/1571/138486/1571-138486-0031.flac,252000,
1236,train-clean-360/1058/131113/1058-131113-0032.flac,252000,
1237,train-clean-360/100/121669/100-121669-0022.flac,252000,
1238,train-clean-360/1448/135894/1448-135894-0069.flac,252000,
1239,train-clean-360/1472/139797/1472-139797-0029.flac,252000,
1240,train-clean-360/1472/142848/1472-142848-0009.flac,251920,
1241,train-clean-360/112/123215/112-123215-0013.flac,251920,
1242,train-clean-360/1031/133220/1031-133220-0016.flac,251920,
1243,train-clean-360/1463/134463/1463-134463-0046.flac,251920,
1244,train-clean-360/1160/139717/1160-139717-0016.flac,251920,
1245,train-clean-360/1028/133393/1028-133393-0019.flac,251920,
1246,train-clean-360/1031/133220/1031-133220-0036.flac,251920,
1247,train-clean-360/1348/135826/1348-135826-0035.flac,251920,
1248,train-clean-360/1241/121103/1241-121103-0027.flac,251920,
1249,train-clean-360/1487/133273/1487-133273-0063.flac,251920,
1250,train-clean-360/1054/143005/1054-143005-0050.flac,251920,
1251,train-clean-360/1382/130492/1382-130492-0009.flac,251840,
1252,train-clean-360/1061/142358/1061-142358-0010.flac,251840,
1253,train-clean-360/119/129514/119-129514-0002.flac,251840,
1254,train-clean-360/1241/121106/1241-121106-0040.flac,251840,
1255,train-clean-360/1348/135826/1348-135826-0054.flac,251840,
1256,train-clean-360/1336/138115/1336-138115-0024.flac,251840,
1257,train-clean-360/1335/160602/1335-160602-0022.flac,251840,
1258,train-clean-360/1046/133225/1046-133225-0044.flac,251840,
1259,train-clean-360/1001/134708/1001-134708-0027.flac,251840,
1260,train-clean-360/1634/141571/1634-141571-0073.flac,251760,
1261,train-clean-360/1487/133273/1487-133273-0106.flac,251760,
1262,train-clean-360/1348/135832/1348-135832-0008.flac,251760,
1263,train-clean-360/1482/140071/1482-140071-0021.flac,251760,
1264,train-clean-360/1259/72927/1259-72927-0011.flac,251760,
1265,train-clean-360/1535/141644/1535-141644-0037.flac,251760,
1266,train-clean-360/1448/135894/1448-135894-0001.flac,251760,
1267,train-clean-360/1241/121106/1241-121106-0038.flac,251760,
1268,train-clean-360/1335/160602/1335-160602-0031.flac,251760,
1269,train-clean-360/1422/149735/1422-149735-0015.flac,251760,
1270,train-clean-360/1112/128136/1112-128136-0034.flac,251680,
1271,train-clean-360/1498/140040/1498-140040-0016.flac,251680,
1272,train-clean-360/1052/139307/1052-139307-0035.flac,251680,
1273,train-clean-360/1509/143477/1509-143477-0051.flac,251680,
1274,train-clean-360/1422/146111/1422-146111-0028.flac,251680,
1275,train-clean-360/1556/143307/1556-143307-0074.flac,251680,
1276,train-clean-360/1027/125147/1027-125147-0039.flac,251680,
1277,train-clean-360/1335/163935/1335-163935-0005.flac,251680,
1278,train-clean-360/1547/130184/1547-130184-0026.flac,251680,
1279,train-clean-360/1535/141644/1535-141644-0026.flac,251680,
1280,train-clean-360/1649/5776/1649-5776-0031.flac,251680,
1281,train-clean-360/1445/139387/1445-139387-0006.flac,251600,
1282,train-clean-360/1401/146770/1401-146770-0004.flac,251600,
1283,train-clean-360/1212/185485/1212-185485-0029.flac,251600,
1284,train-clean-360/1165/135220/1165-135220-0033.flac,251600,
1285,train-clean-360/1112/128136/1112-128136-0021.flac,251600,
1286,train-clean-360/1226/141268/1226-141268-0004.flac,251600,
1287,train-clean-360/1634/141571/1634-141571-0080.flac,251600,
1288,train-clean-360/1289/288044/1289-288044-0060.flac,251600,
1289,train-clean-360/1027/125147/1027-125147-0032.flac,251600,
1290,train-clean-360/154/124002/154-124002-0020.flac,251600,
1291,train-clean-360/1446/122614/1446-122614-0000.flac,251600,
1292,train-clean-360/1061/152224/1061-152224-0020.flac,251600,
1293,train-clean-360/1054/143005/1054-143005-0069.flac,251600,
1294,train-clean-360/119/129513/119-129513-0016.flac,251520,
1295,train-clean-360/1264/129805/1264-129805-0052.flac,251520,
1296,train-clean-360/1387/130989/1387-130989-0034.flac,251520,
1297,train-clean-360/1607/134636/1607-134636-0034.flac,251520,
1298,train-clean-360/1165/135216/1165-135216-0050.flac,251520,
1299,train-clean-360/1296/138074/1296-138074-0041.flac,251520,
1300,train-clean-360/119/121722/119-121722-0020.flac,251520,
1301,train-clean-360/1323/138548/1323-138548-0006.flac,251520,
1302,train-clean-360/1446/122614/1446-122614-0024.flac,251520,
1303,train-clean-360/1212/14653/1212-14653-0019.flac,251520,
1304,train-clean-360/1668/136271/1668-136271-0008.flac,251440,
1305,train-clean-360/101/126859/101-126859-0020.flac,251440,
1306,train-clean-360/1066/103481/1066-103481-0008.flac,251440,
1307,train-clean-360/1061/152224/1061-152224-0026.flac,251440,
1308,train-clean-360/1165/135220/1165-135220-0004.flac,251440,
1309,train-clean-360/1018/135221/1018-135221-0038.flac,251440,
1310,train-clean-360/1046/133224/1046-133224-0013.flac,251440,
1311,train-clean-360/1401/174511/1401-174511-0026.flac,251440,
1312,train-clean-360/1050/134119/1050-134119-0034.flac,251360,
1313,train-clean-360/1382/130516/1382-130516-0005.flac,251360,
1314,train-clean-360/1425/139291/1425-139291-0003.flac,251360,
1315,train-clean-360/1058/133263/1058-133263-0034.flac,251360,
1316,train-clean-360/1212/185485/1212-185485-0012.flac,251360,
1317,train-clean-360/1241/137614/1241-137614-0038.flac,251360,
1318,train-clean-360/1348/135826/1348-135826-0027.flac,251360,
1319,train-clean-360/1571/141320/1571-141320-0038.flac,251360,
1320,train-clean-360/1422/149735/1422-149735-0021.flac,251360,
1321,train-clean-360/1446/122614/1446-122614-0072.flac,251360,
1322,train-clean-360/1509/143477/1509-143477-0047.flac,251360,
1323,train-clean-360/1472/139797/1472-139797-0027.flac,251360,
1324,train-clean-360/1487/133273/1487-133273-0077.flac,251360,
1325,train-clean-360/1290/135762/1290-135762-0019.flac,251360,
1326,train-clean-360/1121/135824/1121-135824-0028.flac,251281,
1327,train-clean-360/119/129515/119-129515-0010.flac,251280,
1328,train-clean-360/126/125084/126-125084-0027.flac,251280,
1329,train-clean-360/1472/142848/1472-142848-0019.flac,251280,
1330,train-clean-360/1060/134451/1060-134451-0005.flac,251280,
1331,train-clean-360/1552/141135/1552-141135-0018.flac,251280,
1332,train-clean-360/1175/126221/1175-126221-0008.flac,251280,
1333,train-clean-360/1259/27120/1259-27120-0005.flac,251280,
1334,train-clean-360/1422/146111/1422-146111-0038.flac,251280,
1335,train-clean-360/1195/37134/1195-37134-0018.flac,251280,
1336,train-clean-360/1513/140222/1513-140222-0044.flac,251280,
1337,train-clean-360/154/123998/154-123998-0029.flac,251280,
1338,train-clean-360/114/129317/114-129317-0031.flac,251280,
1339,train-clean-360/1046/133225/1046-133225-0045.flac,251280,
1340,train-clean-360/1348/135832/1348-135832-0002.flac,251280,
1341,train-clean-360/1365/134804/1365-134804-0008.flac,251280,
1342,train-clean-360/1382/130516/1382-130516-0013.flac,251200,
1343,train-clean-360/1536/138488/1536-138488-0030.flac,251200,
1344,train-clean-360/1054/143005/1054-143005-0047.flac,251200,
1345,train-clean-360/1165/135220/1165-135220-0021.flac,251200,
1346,train-clean-360/1195/130164/1195-130164-0010.flac,251200,
1347,train-clean-360/1649/150127/1649-150127-0037.flac,251200,
1348,train-clean-360/1311/134176/1311-134176-0015.flac,251200,
1349,train-clean-360/1222/141174/1222-141174-0051.flac,251200,
1350,train-clean-360/1323/138548/1323-138548-0038.flac,251200,
1351,train-clean-360/1556/143307/1556-143307-0014.flac,251200,
1352,train-clean-360/1058/133263/1058-133263-0025.flac,251200,
1353,train-clean-360/1446/122614/1446-122614-0029.flac,251200,
1354,train-clean-360/1322/137588/1322-137588-0050.flac,251200,
1355,train-clean-360/1271/133279/1271-133279-0005.flac,251120,
1356,train-clean-360/1498/140040/1498-140040-0022.flac,251120,
1357,train-clean-360/126/122467/126-122467-0028.flac,251120,
1358,train-clean-360/1425/139290/1425-139290-0023.flac,251120,
1359,train-clean-360/1473/135657/1473-135657-0024.flac,251120,
1360,train-clean-360/1422/146123/1422-146123-0004.flac,251120,
1361,train-clean-360/122/121730/122-121730-0009.flac,251120,
1362,train-clean-360/1603/139324/1603-139324-0004.flac,251120,
1363,train-clean-360/1296/134434/1296-134434-0023.flac,251120,
1364,train-clean-360/1638/84447/1638-84447-0031.flac,251120,
1365,train-clean-360/1365/134804/1365-134804-0006.flac,251120,
1366,train-clean-360/1053/132821/1053-132821-0020.flac,251120,
1367,train-clean-360/1165/135220/1165-135220-0001.flac,251120,
1368,train-clean-360/1212/185485/1212-185485-0008.flac,251120,
1369,train-clean-360/1283/136983/1283-136983-0039.flac,251120,
1370,train-clean-360/1571/138486/1571-138486-0019.flac,251120,
1371,train-clean-360/1547/130184/1547-130184-0037.flac,251040,
1372,train-clean-360/1313/135020/1313-135020-0018.flac,251040,
1373,train-clean-360/1093/132891/1093-132891-0089.flac,251040,
1374,train-clean-360/1446/122614/1446-122614-0030.flac,251040,
1375,train-clean-360/1296/134434/1296-134434-0015.flac,251040,
1376,train-clean-360/119/121722/119-121722-0008.flac,251040,
1377,train-clean-360/1425/139290/1425-139290-0018.flac,251040,
1378,train-clean-360/1348/135832/1348-135832-0030.flac,251040,
1379,train-clean-360/1054/143005/1054-143005-0010.flac,251040,
1380,train-clean-360/122/121730/122-121730-0006.flac,251040,
1381,train-clean-360/1556/143307/1556-143307-0053.flac,251040,
1382,train-clean-360/1634/141571/1634-141571-0009.flac,251040,
1383,train-clean-360/1050/134121/1050-134121-0001.flac,251040,
1384,train-clean-360/1634/141571/1634-141571-0044.flac,251040,
1385,train-clean-360/1283/136983/1283-136983-0049.flac,251040,
1386,train-clean-360/1241/121106/1241-121106-0009.flac,251040,
1387,train-clean-360/1060/134451/1060-134451-0017.flac,251040,
1388,train-clean-360/1392/135659/1392-135659-0018.flac,251040,
1389,train-clean-360/1028/133393/1028-133393-0029.flac,251040,
1390,train-clean-360/1392/135659/1392-135659-0035.flac,250960,
1391,train-clean-360/1638/84447/1638-84447-0001.flac,250960,
1392,train-clean-360/100/121674/100-121674-0003.flac,250960,
1393,train-clean-360/1018/133447/1018-133447-0044.flac,250960,
1394,train-clean-360/1175/126220/1175-126220-0055.flac,250960,
1395,train-clean-360/1382/130492/1382-130492-0012.flac,250960,
1396,train-clean-360/1265/135635/1265-135635-0019.flac,250960,
1397,train-clean-360/1316/132782/1316-132782-0000.flac,250960,
1398,train-clean-360/1112/128136/1112-128136-0033.flac,250959,
1399,train-clean-360/1241/137614/1241-137614-0010.flac,250881,
1400,train-clean-360/1383/130489/1383-130489-0008.flac,250880,
1401,train-clean-360/1498/140041/1498-140041-0029.flac,250880,
1402,train-clean-360/1050/134119/1050-134119-0046.flac,250880,
1403,train-clean-360/114/129317/114-129317-0009.flac,250880,
1404,train-clean-360/1472/285314/1472-285314-0021.flac,250880,
1405,train-clean-360/1401/146770/1401-146770-0005.flac,250880,
1406,train-clean-360/114/129317/114-129317-0034.flac,250880,
1407,train-clean-360/14/208/14-208-0055.flac,250801,
1408,train-clean-360/1425/139297/1425-139297-0033.flac,250800,
1409,train-clean-360/1337/10673/1337-10673-0019.flac,250800,
1410,train-clean-360/1001/134707/1001-134707-0056.flac,250800,
1411,train-clean-360/1175/126220/1175-126220-0031.flac,250800,
1412,train-clean-360/1100/124547/1100-124547-0000.flac,250800,
1413,train-clean-360/1392/135659/1392-135659-0016.flac,250800,
1414,train-clean-360/1473/135657/1473-135657-0078.flac,250800,
1415,train-clean-360/1018/133447/1018-133447-0033.flac,250800,
1416,train-clean-360/1446/122614/1446-122614-0104.flac,250800,
1417,train-clean-360/1668/136280/1668-136280-0048.flac,250800,
1418,train-clean-360/1678/142279/1678-142279-0087.flac,250800,
1419,train-clean-360/1046/133224/1046-133224-0005.flac,250799,
1420,train-clean-360/1265/135635/1265-135635-0010.flac,250720,
1421,train-clean-360/1323/149236/1323-149236-0030.flac,250720,
1422,train-clean-360/119/129513/119-129513-0010.flac,250720,
1423,train-clean-360/1296/134434/1296-134434-0005.flac,250720,
1424,train-clean-360/1226/141270/1226-141270-0004.flac,250720,
1425,train-clean-360/1448/135894/1448-135894-0076.flac,250720,
1426,train-clean-360/1445/139397/1445-139397-0007.flac,250720,
1427,train-clean-360/1046/133225/1046-133225-0009.flac,250720,
1428,train-clean-360/1121/176698/1121-176698-0009.flac,250720,
1429,train-clean-360/1487/133273/1487-133273-0067.flac,250720,
1430,train-clean-360/1028/133393/1028-133393-0006.flac,250720,
1431,train-clean-360/1603/139325/1603-139325-0008.flac,250720,
1432,train-clean-360/1060/134451/1060-134451-0086.flac,250720,
1433,train-clean-360/1027/125140/1027-125140-0011.flac,250720,
1434,train-clean-360/1482/140072/1482-140072-0013.flac,250720,
1435,train-clean-360/1018/133447/1018-133447-0029.flac,250641,
1436,train-clean-360/1547/130184/1547-130184-0060.flac,250640,
1437,train-clean-360/119/129514/119-129514-0013.flac,250640,
1438,train-clean-360/1639/133290/1639-133290-0052.flac,250640,
1439,train-clean-360/1535/141644/1535-141644-0051.flac,250640,
1440,train-clean-360/100/121674/100-121674-0015.flac,250640,
1441,train-clean-360/1112/1043/1112-1043-0028.flac,250640,
1442,train-clean-360/1639/133290/1639-133290-0022.flac,250640,
1443,train-clean-360/1629/139707/1629-139707-0002.flac,250640,
1444,train-clean-360/1195/130164/1195-130164-0029.flac,250640,
1445,train-clean-360/1365/134804/1365-134804-0027.flac,250640,
1446,train-clean-360/114/129324/114-129324-0019.flac,250640,
1447,train-clean-360/1054/143005/1054-143005-0100.flac,250640,
1448,train-clean-360/1028/133395/1028-133395-0029.flac,250640,
1449,train-clean-360/119/129515/119-129515-0000.flac,250640,
1450,train-clean-360/1629/139707/1629-139707-0022.flac,250640,
1451,train-clean-360/1448/135894/1448-135894-0057.flac,250640,
1452,train-clean-360/1649/68762/1649-68762-0018.flac,250560,
1453,train-clean-360/1121/176698/1121-176698-0000.flac,250560,
1454,train-clean-360/1046/133224/1046-133224-0015.flac,250560,
1455,train-clean-360/1638/84448/1638-84448-0019.flac,250560,
1456,train-clean-360/1634/141571/1634-141571-0057.flac,250560,
1457,train-clean-360/16/122828/16-122828-0050.flac,250560,
1458,train-clean-360/1571/138486/1571-138486-0007.flac,250560,
1459,train-clean-360/1448/135894/1448-135894-0088.flac,250560,
1460,train-clean-360/1607/150715/1607-150715-0006.flac,250560,
1461,train-clean-360/1241/121103/1241-121103-0007.flac,250560,
1462,train-clean-360/1018/133447/1018-133447-0058.flac,250480,
1463,train-clean-360/1392/128226/1392-128226-0016.flac,250480,
1464,train-clean-360/1425/139291/1425-139291-0018.flac,250480,
1465,train-clean-360/1018/133447/1018-133447-0019.flac,250480,
1466,train-clean-360/1473/135657/1473-135657-0026.flac,250480,
1467,train-clean-360/154/124003/154-124003-0011.flac,250480,
1468,train-clean-360/1046/133225/1046-133225-0006.flac,250480,
1469,train-clean-360/1322/137589/1322-137589-0042.flac,250480,
1470,train-clean-360/1195/130164/1195-130164-0003.flac,250480,
1471,train-clean-360/1638/84448/1638-84448-0024.flac,250480,
1472,train-clean-360/1066/103481/1066-103481-0013.flac,250480,
1473,train-clean-360/1445/139387/1445-139387-0018.flac,250400,
1474,train-clean-360/1079/128632/1079-128632-0038.flac,250400,
1475,train-clean-360/1513/140222/1513-140222-0040.flac,250400,
1476,train-clean-360/1401/14358/1401-14358-0039.flac,250400,
1477,train-clean-360/1463/134463/1463-134463-0024.flac,250400,
1478,train-clean-360/1100/135264/1100-135264-0039.flac,250400,
1479,train-clean-360/1348/135826/1348-135826-0003.flac,250400,
1480,train-clean-360/1603/140931/1603-140931-0007.flac,250400,
1481,train-clean-360/1316/132782/1316-132782-0019.flac,250400,
1482,train-clean-360/1175/126221/1175-126221-0017.flac,250320,
1483,train-clean-360/1649/68762/1649-68762-0003.flac,250320,
1484,train-clean-360/1001/134707/1001-134707-0063.flac,250320,
1485,train-clean-360/1283/136983/1283-136983-0047.flac,250320,
1486,train-clean-360/1498/140040/1498-140040-0047.flac,250320,
1487,train-clean-360/1296/134434/1296-134434-0020.flac,250320,
1488,train-clean-360/1264/129805/1264-129805-0044.flac,250320,
1489,train-clean-360/17/362/17-362-0008.flac,250320,
1490,train-clean-360/1482/140071/1482-140071-0029.flac,250320,
1491,train-clean-360/1639/132848/1639-132848-0024.flac,250320,
1492,train-clean-360/157/121899/157-121899-0000.flac,250320,
1493,train-clean-360/1343/158796/1343-158796-0015.flac,250320,
1494,train-clean-360/14/212/14-212-0032.flac,250320,
1495,train-clean-360/1417/1539/1417-1539-0031.flac,250320,
1496,train-clean-360/1289/288043/1289-288043-0030.flac,250320,
1497,train-clean-360/1425/139290/1425-139290-0034.flac,250240,
1498,train-clean-360/1054/143005/1054-143005-0102.flac,250240,
1499,train-clean-360/1487/133273/1487-133273-0024.flac,250240,
1500,train-clean-360/1018/135221/1018-135221-0012.flac,250240,
1501,train-clean-360/1348/135832/1348-135832-0013.flac,250240,
1502,train-clean-360/1337/10674/1337-10674-0041.flac,250240,
1503,train-clean-360/1031/133220/1031-133220-0095.flac,250240,
1504,train-clean-360/1392/128226/1392-128226-0004.flac,250240,
1505,train-clean-360/1165/135216/1165-135216-0023.flac,250240,
1506,train-clean-360/1472/139797/1472-139797-0008.flac,250240,
1507,train-clean-360/1473/135657/1473-135657-0031.flac,250240,
1508,train-clean-360/1060/134451/1060-134451-0033.flac,250240,
1509,train-clean-360/1365/134830/1365-134830-0016.flac,250240,
1510,train-clean-360/1212/185485/1212-185485-0023.flac,250160,
1511,train-clean-360/1365/134830/1365-134830-0031.flac,250160,
1512,train-clean-360/1463/134465/1463-134465-0015.flac,250160,
1513,train-clean-360/1535/141642/1535-141642-0026.flac,250160,
1514,train-clean-360/1446/122614/1446-122614-0074.flac,250160,
1515,train-clean-360/1027/125140/1027-125140-0038.flac,250160,
1516,train-clean-360/1121/132777/1121-132777-0029.flac,250160,
1517,train-clean-360/1638/84448/1638-84448-0037.flac,250160,
1518,train-clean-360/1392/128240/1392-128240-0010.flac,250160,
1519,train-clean-360/1629/139707/1629-139707-0012.flac,250160,
1520,train-clean-360/1571/138486/1571-138486-0015.flac,250160,
1521,train-clean-360/1343/158781/1343-158781-0028.flac,250160,
1522,train-clean-360/1316/132782/1316-132782-0011.flac,250080,
1523,train-clean-360/1058/131113/1058-131113-0058.flac,250080,
1524,train-clean-360/1264/129805/1264-129805-0000.flac,250080,
1525,train-clean-360/1165/135216/1165-135216-0014.flac,250080,
1526,train-clean-360/1535/141644/1535-141644-0017.flac,250080,
1527,train-clean-360/112/123216/112-123216-0017.flac,250080,
1528,train-clean-360/1387/130989/1387-130989-0018.flac,250080,
1529,train-clean-360/1387/130989/1387-130989-0014.flac,250080,
1530,train-clean-360/1629/139710/1629-139710-0059.flac,250080,
1531,train-clean-360/1121/135824/1121-135824-0001.flac,250000,
1532,train-clean-360/1535/141644/1535-141644-0032.flac,250000,
1533,train-clean-360/1311/134170/1311-134170-0041.flac,250000,
1534,train-clean-360/1535/141642/1535-141642-0017.flac,250000,
1535,train-clean-360/1509/145742/1509-145742-0025.flac,250000,
1536,train-clean-360/1638/84447/1638-84447-0011.flac,250000,
1537,train-clean-360/1121/132777/1121-132777-0028.flac,250000,
1538,train-clean-360/1498/140040/1498-140040-0050.flac,250000,
1539,train-clean-360/1365/134804/1365-134804-0043.flac,249920,
1540,train-clean-360/1316/132782/1316-132782-0009.flac,249920,
1541,train-clean-360/1629/139707/1629-139707-0029.flac,249920,
1542,train-clean-360/1413/121799/1413-121799-0087.flac,249920,
1543,train-clean-360/1638/84448/1638-84448-0035.flac,249920,
1544,train-clean-360/1460/138289/1460-138289-0041.flac,249920,
1545,train-clean-360/1001/134707/1001-134707-0034.flac,249920,
1546,train-clean-360/1509/143477/1509-143477-0011.flac,249920,
1547,train-clean-360/1259/72927/1259-72927-0037.flac,249920,
1548,train-clean-360/1175/126220/1175-126220-0051.flac,249840,
1549,train-clean-360/122/121734/122-121734-0019.flac,249840,
1550,train-clean-360/1241/121103/1241-121103-0019.flac,249840,
1551,train-clean-360/1365/134825/1365-134825-0025.flac,249840,
1552,train-clean-360/1336/138113/1336-138113-0047.flac,249840,
1553,train-clean-360/1054/143005/1054-143005-0090.flac,249840,
1554,train-clean-360/100/122655/100-122655-0016.flac,249840,
1555,train-clean-360/1311/134170/1311-134170-0039.flac,249840,
1556,train-clean-360/1060/134451/1060-134451-0081.flac,249840,
1557,train-clean-360/166/352/166-352-0030.flac,249840,
1558,train-clean-360/1175/126221/1175-126221-0036.flac,249840,
1559,train-clean-360/1289/288043/1289-288043-0005.flac,249840,
1560,train-clean-360/154/123998/154-123998-0027.flac,249840,
1561,train-clean-360/1028/133393/1028-133393-0049.flac,249840,
1562,train-clean-360/1641/130503/1641-130503-0006.flac,249760,
1563,train-clean-360/1079/128636/1079-128636-0019.flac,249760,
1564,train-clean-360/1336/138113/1336-138113-0054.flac,249760,
1565,train-clean-360/1316/132782/1316-132782-0010.flac,249760,
1566,train-clean-360/1271/136861/1271-136861-0006.flac,249760,
1567,train-clean-360/1175/126220/1175-126220-0060.flac,249760,
1568,train-clean-360/1460/138289/1460-138289-0012.flac,249760,
1569,train-clean-360/1028/133393/1028-133393-0017.flac,249760,
1570,train-clean-360/1472/285314/1472-285314-0027.flac,249680,
1571,train-clean-360/159/135897/159-135897-0047.flac,249680,
1572,train-clean-360/1460/138289/1460-138289-0006.flac,249680,
1573,train-clean-360/1028/133395/1028-133395-0049.flac,249680,
1574,train-clean-360/1603/139325/1603-139325-0023.flac,249680,
1575,train-clean-360/1382/130492/1382-130492-0003.flac,249680,
1576,train-clean-360/1058/133263/1058-133263-0016.flac,249600,
1577,train-clean-360/101/126859/101-126859-0005.flac,249600,
1578,train-clean-360/1487/133273/1487-133273-0009.flac,249600,
1579,train-clean-360/1498/140041/1498-140041-0000.flac,249600,
1580,train-clean-360/1061/152224/1061-152224-0017.flac,249600,
1581,train-clean-360/1182/134981/1182-134981-0038.flac,249600,
1582,train-clean-360/1061/146197/1061-146197-0012.flac,249600,
1583,train-clean-360/1296/138074/1296-138074-0063.flac,249600,
1584,train-clean-360/1296/138074/1296-138074-0062.flac,249600,
1585,train-clean-360/1649/68762/1649-68762-0020.flac,249600,
1586,train-clean-360/1264/135033/1264-135033-0036.flac,249600,
1587,train-clean-360/1100/124547/1100-124547-0005.flac,249600,
1588,train-clean-360/1050/134119/1050-134119-0026.flac,249600,
1589,train-clean-360/154/124003/154-124003-0017.flac,249600,
1590,train-clean-360/1535/141644/1535-141644-0000.flac,249520,
1591,train-clean-360/101/126860/101-126860-0017.flac,249520,
1592,train-clean-360/1336/138115/1336-138115-0000.flac,249520,
1593,train-clean-360/166/126302/166-126302-0017.flac,249520,
1594,train-clean-360/1365/134830/1365-134830-0028.flac,249520,
1595,train-clean-360/1028/133393/1028-133393-0001.flac,249520,
1596,train-clean-360/1001/134707/1001-134707-0017.flac,249520,
1597,train-clean-360/1241/121106/1241-121106-0025.flac,249520,
1598,train-clean-360/1446/122614/1446-122614-0071.flac,249440,
1599,train-clean-360/1607/134636/1607-134636-0004.flac,249440,
1600,train-clean-360/1222/141174/1222-141174-0037.flac,249440,
1601,train-clean-360/1175/126220/1175-126220-0012.flac,249440,
1602,train-clean-360/1066/5330/1066-5330-0030.flac,249440,
1603,train-clean-360/1054/143005/1054-143005-0088.flac,249440,
1604,train-clean-360/119/129514/119-129514-0006.flac,249440,
1605,train-clean-360/1100/135264/1100-135264-0020.flac,249360,
1606,train-clean-360/1639/133290/1639-133290-0007.flac,249360,
1607,train-clean-360/166/352/166-352-0042.flac,249360,
1608,train-clean-360/126/122467/126-122467-0008.flac,249360,
1609,train-clean-360/1417/1532/1417-1532-0010.flac,249360,
1610,train-clean-360/114/129317/114-129317-0037.flac,249360,
1611,train-clean-360/1536/141791/1536-141791-0036.flac,249360,
1612,train-clean-360/1001/134708/1001-134708-0019.flac,249360,
1613,train-clean-360/119/129514/119-129514-0042.flac,249360,
1614,train-clean-360/1349/135891/1349-135891-0005.flac,249360,
1615,train-clean-360/1283/136983/1283-136983-0033.flac,249360,
1616,train-clean-360/1460/138289/1460-138289-0031.flac,249360,
1617,train-clean-360/1513/140222/1513-140222-0028.flac,249280,
1618,train-clean-360/1012/133424/1012-133424-0079.flac,249280,
1619,train-clean-360/1058/133263/1058-133263-0013.flac,249280,
1620,train-clean-360/1343/139681/1343-139681-0017.flac,249280,
1621,train-clean-360/1390/130493/1390-130493-0009.flac,249280,
1622,train-clean-360/16/122828/16-122828-0045.flac,249280,
1623,train-clean-360/1265/135635/1265-135635-0012.flac,249280,
1624,train-clean-360/1482/140067/1482-140067-0022.flac,249280,
1625,train-clean-360/1265/135635/1265-135635-0062.flac,249280,
1626,train-clean-360/1212/75242/1212-75242-0029.flac,249280,
1627,train-clean-360/1066/103481/1066-103481-0020.flac,249280,
1628,train-clean-360/1053/132821/1053-132821-0025.flac,249280,
1629,train-clean-360/1603/140931/1603-140931-0013.flac,249280,
1630,train-clean-360/1335/160602/1335-160602-0002.flac,249200,
1631,train-clean-360/1322/137589/1322-137589-0011.flac,249200,
1632,train-clean-360/1387/130993/1387-130993-0001.flac,249200,
1633,train-clean-360/14/212/14-212-0044.flac,249200,
1634,train-clean-360/1224/121064/1224-121064-0057.flac,249200,
1635,train-clean-360/14/212/14-212-0049.flac,249200,
1636,train-clean-360/1417/1539/1417-1539-0000.flac,249200,
1637,train-clean-360/1603/141713/1603-141713-0007.flac,249200,
1638,train-clean-360/159/135897/159-135897-0062.flac,249200,
1639,train-clean-360/1224/121064/1224-121064-0046.flac,249200,
1640,train-clean-360/1264/129805/1264-129805-0032.flac,249200,
1641,train-clean-360/1241/121106/1241-121106-0006.flac,249199,
1642,train-clean-360/1607/150715/1607-150715-0016.flac,249120,
1643,train-clean-360/166/126302/166-126302-0011.flac,249120,
1644,train-clean-360/1054/143005/1054-143005-0001.flac,249120,
1645,train-clean-360/1463/134463/1463-134463-0051.flac,249120,
1646,train-clean-360/1446/122614/1446-122614-0058.flac,249120,
1647,train-clean-360/1472/139797/1472-139797-0024.flac,249120,
1648,train-clean-360/1311/134176/1311-134176-0033.flac,249120,
1649,train-clean-360/1311/134176/1311-134176-0019.flac,249120,
1650,train-clean-360/1387/134991/1387-134991-0039.flac,249120,
1651,train-clean-360/1028/133393/1028-133393-0021.flac,249120,
1652,train-clean-360/1552/141135/1552-141135-0026.flac,249120,
1653,train-clean-360/1259/27120/1259-27120-0029.flac,249120,
1654,train-clean-360/1401/174511/1401-174511-0038.flac,249120,
1655,train-clean-360/1556/143307/1556-143307-0005.flac,249120,
1656,train-clean-360/157/126796/157-126796-0045.flac,249120,
1657,train-clean-360/1348/135826/1348-135826-0025.flac,249120,
1658,train-clean-360/122/121730/122-121730-0008.flac,249120,
1659,train-clean-360/1311/134176/1311-134176-0021.flac,249040,
1660,train-clean-360/100/122655/100-122655-0015.flac,249040,
1661,train-clean-360/114/129317/114-129317-0018.flac,249040,
1662,train-clean-360/1112/1043/1112-1043-0002.flac,249040,
1663,train-clean-360/14/212/14-212-0051.flac,249040,
1664,train-clean-360/1025/75365/1025-75365-0006.flac,249040,
1665,train-clean-360/1603/140931/1603-140931-0036.flac,249040,
1666,train-clean-360/1547/130184/1547-130184-0081.flac,249040,
1667,train-clean-360/1093/132891/1093-132891-0143.flac,249040,
1668,train-clean-360/1121/176698/1121-176698-0033.flac,249040,
1669,train-clean-360/101/126860/101-126860-0004.flac,249040,
1670,train-clean-360/1222/141174/1222-141174-0014.flac,249040,
1671,train-clean-360/119/129513/119-129513-0038.flac,248960,
1672,train-clean-360/1316/132782/1316-132782-0039.flac,248960,
1673,train-clean-360/1365/134830/1365-134830-0040.flac,248960,
1674,train-clean-360/1348/135826/1348-135826-0009.flac,248960,
1675,train-clean-360/1392/135659/1392-135659-0034.flac,248960,
1676,train-clean-360/1001/134708/1001-134708-0003.flac,248960,
1677,train-clean-360/14/212/14-212-0014.flac,248960,
1678,train-clean-360/1012/133424/1012-133424-0016.flac,248960,
1679,train-clean-360/157/121907/157-121907-0012.flac,248960,
1680,train-clean-360/1112/128138/1112-128138-0035.flac,248960,
1681,train-clean-360/1365/134804/1365-134804-0014.flac,248960,
1682,train-clean-360/1066/4479/1066-4479-0039.flac,248880,
1683,train-clean-360/1337/10674/1337-10674-0020.flac,248880,
1684,train-clean-360/1639/133290/1639-133290-0040.flac,248880,
1685,train-clean-360/1226/141279/1226-141279-0006.flac,248880,
1686,train-clean-360/1222/133834/1222-133834-0034.flac,248880,
1687,train-clean-360/1323/138617/1323-138617-0024.flac,248880,
1688,train-clean-360/1473/135657/1473-135657-0062.flac,248880,
1689,train-clean-360/1668/136280/1668-136280-0015.flac,248880,
1690,train-clean-360/1446/122614/1446-122614-0034.flac,248880,
1691,train-clean-360/1446/122614/1446-122614-0060.flac,248800,
1692,train-clean-360/1649/68762/1649-68762-0037.flac,248800,
1693,train-clean-360/1265/135636/1265-135636-0028.flac,248800,
1694,train-clean-360/1556/143307/1556-143307-0073.flac,248800,
1695,train-clean-360/1271/133279/1271-133279-0021.flac,248800,
1696,train-clean-360/1018/133447/1018-133447-0061.flac,248800,
1697,train-clean-360/1175/126220/1175-126220-0001.flac,248800,
1698,train-clean-360/1175/126220/1175-126220-0065.flac,248800,
1699,train-clean-360/1160/139717/1160-139717-0019.flac,248800,
1700,train-clean-360/1425/139290/1425-139290-0019.flac,248800,
1701,train-clean-360/1289/288043/1289-288043-0049.flac,248800,
1702,train-clean-360/1323/149236/1323-149236-0010.flac,248800,
1703,train-clean-360/114/129324/114-129324-0007.flac,248720,
1704,train-clean-360/1296/134434/1296-134434-0016.flac,248720,
1705,train-clean-360/1638/84448/1638-84448-0048.flac,248720,
1706,train-clean-360/1054/143005/1054-143005-0009.flac,248720,
1707,train-clean-360/1638/84447/1638-84447-0028.flac,248720,
1708,train-clean-360/1054/143005/1054-143005-0028.flac,248720,
1709,train-clean-360/1028/133393/1028-133393-0055.flac,248720,
1710,train-clean-360/154/293987/154-293987-0006.flac,248720,
1711,train-clean-360/1121/135824/1121-135824-0022.flac,248720,
1712,train-clean-360/1079/128636/1079-128636-0012.flac,248720,
1713,train-clean-360/115/122944/115-122944-0062.flac,248720,
1714,train-clean-360/1212/75242/1212-75242-0018.flac,248720,
1715,train-clean-360/1387/130989/1387-130989-0019.flac,248720,
1716,train-clean-360/1061/142358/1061-142358-0045.flac,248720,
1717,train-clean-360/1283/129808/1283-129808-0042.flac,248720,
1718,train-clean-360/14/212/14-212-0012.flac,248640,
1719,train-clean-360/1093/132891/1093-132891-0000.flac,248640,
1720,train-clean-360/1390/130494/1390-130494-0030.flac,248640,
1721,train-clean-360/1311/134170/1311-134170-0000.flac,248640,
1722,train-clean-360/1050/134121/1050-134121-0017.flac,248640,
1723,train-clean-360/1241/121106/1241-121106-0003.flac,248640,
1724,train-clean-360/1316/132800/1316-132800-0036.flac,248640,
1725,train-clean-360/1052/132776/1052-132776-0021.flac,248640,
1726,train-clean-360/166/122789/166-122789-0010.flac,248640,
1727,train-clean-360/1290/135762/1290-135762-0059.flac,248640,
1728,train-clean-360/1365/134804/1365-134804-0035.flac,248640,
1729,train-clean-360/166/352/166-352-0022.flac,248640,
1730,train-clean-360/1629/139710/1629-139710-0065.flac,248561,
1731,train-clean-360/1195/135814/1195-135814-0005.flac,248560,
1732,train-clean-360/159/121891/159-121891-0003.flac,248560,
1733,train-clean-360/1383/130489/1383-130489-0004.flac,248560,
1734,train-clean-360/1335/27593/1335-27593-0000.flac,248560,
1735,train-clean-360/1460/138290/1460-138290-0050.flac,248560,
1736,train-clean-360/1556/143307/1556-143307-0066.flac,248560,
1737,train-clean-360/1387/134991/1387-134991-0010.flac,248560,
1738,train-clean-360/1498/140041/1498-140041-0008.flac,248560,
1739,train-clean-360/1629/139710/1629-139710-0049.flac,248560,
1740,train-clean-360/1335/163935/1335-163935-0023.flac,248560,
1741,train-clean-360/1482/140067/1482-140067-0018.flac,248560,
1742,train-clean-360/1031/133220/1031-133220-0080.flac,248560,
1743,train-clean-360/1383/130533/1383-130533-0031.flac,248480,
1744,train-clean-360/154/124003/154-124003-0023.flac,248480,
1745,train-clean-360/1027/125140/1027-125140-0040.flac,248480,
1746,train-clean-360/1390/130494/1390-130494-0003.flac,248480,
1747,train-clean-360/1336/138115/1336-138115-0036.flac,248480,
1748,train-clean-360/1348/135832/1348-135832-0033.flac,248480,
1749,train-clean-360/1031/133220/1031-133220-0024.flac,248480,
1750,train-clean-360/1222/141174/1222-141174-0043.flac,248480,
1751,train-clean-360/1487/133273/1487-133273-0044.flac,248480,
1752,train-clean-360/1535/141644/1535-141644-0031.flac,248480,
1753,train-clean-360/1027/125140/1027-125140-0015.flac,248401,
1754,train-clean-360/1322/137589/1322-137589-0008.flac,248400,
1755,train-clean-360/1160/139336/1160-139336-0013.flac,248400,
1756,train-clean-360/1413/121799/1413-121799-0073.flac,248400,
1757,train-clean-360/1556/143307/1556-143307-0011.flac,248400,
1758,train-clean-360/1473/135657/1473-135657-0103.flac,248400,
1759,train-clean-360/1387/134991/1387-134991-0004.flac,248400,
1760,train-clean-360/1195/37134/1195-37134-0008.flac,248400,
1761,train-clean-360/1195/37134/1195-37134-0017.flac,248400,
1762,train-clean-360/1401/174511/1401-174511-0020.flac,248400,
1763,train-clean-360/1413/121799/1413-121799-0097.flac,248400,
1764,train-clean-360/1060/134451/1060-134451-0079.flac,248400,
1765,train-clean-360/1482/140067/1482-140067-0005.flac,248400,
1766,train-clean-360/1571/141320/1571-141320-0037.flac,248400,
1767,train-clean-360/1607/134636/1607-134636-0019.flac,248320,
1768,train-clean-360/1401/146770/1401-146770-0008.flac,248320,
1769,train-clean-360/1264/129805/1264-129805-0016.flac,248320,
1770,train-clean-360/1382/130516/1382-130516-0004.flac,248320,
1771,train-clean-360/1018/135221/1018-135221-0030.flac,248320,
1772,train-clean-360/1226/141268/1226-141268-0034.flac,248320,
1773,train-clean-360/14/208/14-208-0016.flac,248320,
1774,train-clean-360/1348/135832/1348-135832-0043.flac,248320,
1775,train-clean-360/1241/121103/1241-121103-0020.flac,248320,
1776,train-clean-360/114/129324/114-129324-0009.flac,248320,
1777,train-clean-360/1513/140222/1513-140222-0053.flac,248320,
1778,train-clean-360/1401/174511/1401-174511-0019.flac,248240,
1779,train-clean-360/1336/138113/1336-138113-0004.flac,248240,
1780,train-clean-360/1446/122614/1446-122614-0053.flac,248240,
1781,train-clean-360/1473/135657/1473-135657-0016.flac,248240,
1782,train-clean-360/1445/139404/1445-139404-0013.flac,248240,
1783,train-clean-360/1348/135826/1348-135826-0018.flac,248240,
1784,train-clean-360/1603/139325/1603-139325-0021.flac,248240,
1785,train-clean-360/1066/103481/1066-103481-0015.flac,248240,
1786,train-clean-360/1629/139707/1629-139707-0013.flac,248240,
1787,train-clean-360/119/129513/119-129513-0018.flac,248240,
1788,train-clean-360/1259/72927/1259-72927-0039.flac,248240,
1789,train-clean-360/1050/134121/1050-134121-0005.flac,248240,
1790,train-clean-360/157/121907/157-121907-0001.flac,248240,
1791,train-clean-360/1445/139404/1445-139404-0025.flac,248239,
1792,train-clean-360/1296/134434/1296-134434-0032.flac,248160,
1793,train-clean-360/1265/135635/1265-135635-0018.flac,248160,
1794,train-clean-360/1629/139710/1629-139710-0011.flac,248160,
1795,train-clean-360/1383/130533/1383-130533-0014.flac,248160,
1796,train-clean-360/1556/143307/1556-143307-0045.flac,248160,
1797,train-clean-360/1446/122614/1446-122614-0098.flac,248160,
1798,train-clean-360/1463/134463/1463-134463-0058.flac,248160,
1799,train-clean-360/1046/133225/1046-133225-0027.flac,248160,
1800,train-clean-360/1012/133424/1012-133424-0043.flac,248160,
1801,train-clean-360/100/121674/100-121674-0019.flac,248160,
1802,train-clean-360/1031/133220/1031-133220-0001.flac,248159,
1803,train-clean-360/1027/125140/1027-125140-0048.flac,248080,
1804,train-clean-360/1535/141644/1535-141644-0018.flac,248080,
1805,train-clean-360/1390/130494/1390-130494-0023.flac,248080,
1806,train-clean-360/1446/122614/1446-122614-0064.flac,248080,
1807,train-clean-360/16/122827/16-122827-0026.flac,248080,
1808,train-clean-360/1112/128138/1112-128138-0025.flac,248080,
1809,train-clean-360/1552/141135/1552-141135-0007.flac,248080,
1810,train-clean-360/1460/138290/1460-138290-0016.flac,248080,
1811,train-clean-360/1182/134981/1182-134981-0021.flac,248080,
1812,train-clean-360/1387/134991/1387-134991-0029.flac,248080,
1813,train-clean-360/1027/125140/1027-125140-0042.flac,248080,
1814,train-clean-360/1547/130184/1547-130184-0010.flac,248080,
1815,train-clean-360/154/124003/154-124003-0020.flac,248080,
1816,train-clean-360/1460/138289/1460-138289-0035.flac,248080,
1817,train-clean-360/1224/121064/1224-121064-0060.flac,248080,
1818,train-clean-360/1079/128633/1079-128633-0005.flac,248080,
1819,train-clean-360/1271/136861/1271-136861-0052.flac,248080,
1820,train-clean-360/101/126860/101-126860-0009.flac,248000,
1821,train-clean-360/1335/163935/1335-163935-0000.flac,248000,
1822,train-clean-360/1061/142358/1061-142358-0000.flac,248000,
1823,train-clean-360/1383/130489/1383-130489-0029.flac,248000,
1824,train-clean-360/1629/139710/1629-139710-0055.flac,248000,
1825,train-clean-360/1482/140071/1482-140071-0016.flac,248000,
1826,train-clean-360/1422/149735/1422-149735-0022.flac,248000,
1827,train-clean-360/154/293987/154-293987-0012.flac,248000,
1828,train-clean-360/1121/176698/1121-176698-0017.flac,248000,
1829,train-clean-360/1058/131113/1058-131113-0004.flac,248000,
1830,train-clean-360/1224/121064/1224-121064-0008.flac,248000,
1831,train-clean-360/1547/130184/1547-130184-0050.flac,248000,
1832,train-clean-360/1629/139710/1629-139710-0077.flac,248000,
1833,train-clean-360/1401/14358/1401-14358-0038.flac,248000,
1834,train-clean-360/112/123216/112-123216-0020.flac,248000,
1835,train-clean-360/1283/129808/1283-129808-0051.flac,248000,
1836,train-clean-360/16/122827/16-122827-0053.flac,247920,
1837,train-clean-360/1313/135020/1313-135020-0020.flac,247920,
1838,train-clean-360/1536/137608/1536-137608-0013.flac,247920,
1839,train-clean-360/1053/132821/1053-132821-0005.flac,247920,
1840,train-clean-360/1336/138113/1336-138113-0027.flac,247920,
1841,train-clean-360/1031/133220/1031-133220-0034.flac,247920,
1842,train-clean-360/1607/149245/1607-149245-0018.flac,247920,
1843,train-clean-360/1387/130993/1387-130993-0000.flac,247920,
1844,train-clean-360/1012/133424/1012-133424-0084.flac,247920,
1845,train-clean-360/1472/142848/1472-142848-0010.flac,247920,
1846,train-clean-360/1121/132777/1121-132777-0001.flac,247920,
1847,train-clean-360/1058/133263/1058-133263-0005.flac,247920,
1848,train-clean-360/1336/138115/1336-138115-0007.flac,247920,
1849,train-clean-360/1046/133225/1046-133225-0010.flac,247920,
1850,train-clean-360/112/123216/112-123216-0002.flac,247920,
1851,train-clean-360/1018/133447/1018-133447-0035.flac,247840,
1852,train-clean-360/1112/128136/1112-128136-0013.flac,247840,
1853,train-clean-360/101/126861/101-126861-0017.flac,247840,
1854,train-clean-360/1335/160602/1335-160602-0025.flac,247840,
1855,train-clean-360/1195/135814/1195-135814-0021.flac,247840,
1856,train-clean-360/1445/139387/1445-139387-0022.flac,247840,
1857,train-clean-360/1028/133393/1028-133393-0053.flac,247840,
1858,train-clean-360/159/121902/159-121902-0016.flac,247840,
1859,train-clean-360/1392/135659/1392-135659-0012.flac,247840,
1860,train-clean-360/1259/27120/1259-27120-0013.flac,247840,
1861,train-clean-360/1556/143307/1556-143307-0069.flac,247840,
1862,train-clean-360/1401/174511/1401-174511-0021.flac,247840,
1863,train-clean-360/1382/130516/1382-130516-0014.flac,247840,
1864,train-clean-360/1296/134434/1296-134434-0029.flac,247840,
1865,train-clean-360/1066/4479/1066-4479-0010.flac,247840,
1866,train-clean-360/1212/75242/1212-75242-0015.flac,247760,
1867,train-clean-360/1536/137608/1536-137608-0042.flac,247760,
1868,train-clean-360/1212/185485/1212-185485-0003.flac,247760,
1869,train-clean-360/16/122827/16-122827-0038.flac,247760,
1870,train-clean-360/1336/138113/1336-138113-0060.flac,247760,
1871,train-clean-360/1401/174511/1401-174511-0022.flac,247760,
1872,train-clean-360/1224/121064/1224-121064-0051.flac,247760,
1873,train-clean-360/1050/134121/1050-134121-0008.flac,247760,
1874,train-clean-360/1283/136983/1283-136983-0045.flac,247760,
1875,train-clean-360/1182/134981/1182-134981-0037.flac,247760,
1876,train-clean-360/1061/152224/1061-152224-0025.flac,247760,
1877,train-clean-360/1052/139307/1052-139307-0004.flac,247680,
1878,train-clean-360/1079/128632/1079-128632-0041.flac,247680,
1879,train-clean-360/1641/130505/1641-130505-0021.flac,247680,
1880,train-clean-360/1401/146770/1401-146770-0019.flac,247680,
1881,train-clean-360/1212/14653/1212-14653-0006.flac,247680,
1882,train-clean-360/1061/146197/1061-146197-0020.flac,247680,
1883,train-clean-360/1556/139350/1556-139350-0020.flac,247680,
1884,train-clean-360/119/129513/119-129513-0001.flac,247680,
1885,train-clean-360/1079/128631/1079-128631-0013.flac,247680,
1886,train-clean-360/1001/134708/1001-134708-0025.flac,247680,
1887,train-clean-360/1678/142279/1678-142279-0065.flac,247680,
1888,train-clean-360/1027/125140/1027-125140-0020.flac,247680,
1889,train-clean-360/1639/132848/1639-132848-0032.flac,247679,
1890,train-clean-360/1482/140071/1482-140071-0005.flac,247600,
1891,train-clean-360/1390/130494/1390-130494-0020.flac,247600,
1892,train-clean-360/1001/134707/1001-134707-0025.flac,247600,
1893,train-clean-360/166/352/166-352-0041.flac,247600,
1894,train-clean-360/1296/138074/1296-138074-0009.flac,247600,
1895,train-clean-360/1061/152224/1061-152224-0005.flac,247600,
1896,train-clean-360/114/129317/114-129317-0042.flac,247600,
1897,train-clean-360/1061/146197/1061-146197-0007.flac,247600,
1898,train-clean-360/1001/134707/1001-134707-0042.flac,247600,
1899,train-clean-360/122/121730/122-121730-0023.flac,247600,
1900,train-clean-360/1311/134176/1311-134176-0001.flac,247600,
1901,train-clean-360/1289/288044/1289-288044-0018.flac,247600,
1902,train-clean-360/1265/135635/1265-135635-0053.flac,247600,
1903,train-clean-360/1413/121799/1413-121799-0035.flac,247600,
1904,train-clean-360/1046/133224/1046-133224-0034.flac,247600,
1905,train-clean-360/1536/137608/1536-137608-0012.flac,247520,
1906,train-clean-360/1283/129808/1283-129808-0039.flac,247520,
1907,train-clean-360/1012/133424/1012-133424-0042.flac,247520,
1908,train-clean-360/1607/150715/1607-150715-0028.flac,247520,
1909,train-clean-360/1322/137588/1322-137588-0044.flac,247520,
1910,train-clean-360/1603/140931/1603-140931-0009.flac,247520,
1911,train-clean-360/1482/140072/1482-140072-0037.flac,247520,
1912,train-clean-360/1482/140072/1482-140072-0024.flac,247520,
1913,train-clean-360/1265/135635/1265-135635-0002.flac,247520,
1914,train-clean-360/101/126860/101-126860-0002.flac,247520,
1915,train-clean-360/1387/130989/1387-130989-0036.flac,247520,
1916,train-clean-360/112/121727/112-121727-0017.flac,247520,
1917,train-clean-360/1639/132848/1639-132848-0004.flac,247520,
1918,train-clean-360/1112/128138/1112-128138-0034.flac,247520,
1919,train-clean-360/157/121907/157-121907-0014.flac,247520,
1920,train-clean-360/1638/84447/1638-84447-0033.flac,247520,
1921,train-clean-360/1401/14358/1401-14358-0028.flac,247520,
1922,train-clean-360/157/121907/157-121907-0018.flac,247440,
1923,train-clean-360/1335/163935/1335-163935-0029.flac,247440,
1924,train-clean-360/1607/150715/1607-150715-0036.flac,247440,
1925,train-clean-360/112/123215/112-123215-0022.flac,247440,
1926,train-clean-360/1283/129808/1283-129808-0023.flac,247440,
1927,train-clean-360/1513/140221/1513-140221-0024.flac,247440,
1928,train-clean-360/1313/135020/1313-135020-0009.flac,247440,
1929,train-clean-360/1264/135033/1264-135033-0032.flac,247440,
1930,train-clean-360/1413/121799/1413-121799-0014.flac,247440,
1931,train-clean-360/1513/140222/1513-140222-0071.flac,247440,
1932,train-clean-360/1603/139324/1603-139324-0025.flac,247440,
1933,train-clean-360/1413/121799/1413-121799-0027.flac,247440,
1934,train-clean-360/1195/135814/1195-135814-0010.flac,247439,
1935,train-clean-360/1018/135221/1018-135221-0009.flac,247360,
1936,train-clean-360/1382/130549/1382-130549-0004.flac,247360,
1937,train-clean-360/1212/14653/1212-14653-0035.flac,247360,
1938,train-clean-360/1513/140222/1513-140222-0042.flac,247360,
1939,train-clean-360/1027/125140/1027-125140-0062.flac,247360,
1940,train-clean-360/1382/130549/1382-130549-0010.flac,247360,
1941,train-clean-360/1392/135659/1392-135659-0007.flac,247360,
1942,train-clean-360/1160/139336/1160-139336-0012.flac,247360,
1943,train-clean-360/1425/139290/1425-139290-0032.flac,247360,
1944,train-clean-360/1311/134176/1311-134176-0037.flac,247360,
1945,train-clean-360/1160/139336/1160-139336-0027.flac,247360,
1946,train-clean-360/1316/132782/1316-132782-0044.flac,247360,
1947,train-clean-360/1536/141791/1536-141791-0001.flac,247360,
1948,train-clean-360/1383/130489/1383-130489-0024.flac,247360,
1949,train-clean-360/1509/143477/1509-143477-0003.flac,247360,
1950,train-clean-360/1212/185485/1212-185485-0032.flac,247360,
1951,train-clean-360/1649/150127/1649-150127-0035.flac,247360,
1952,train-clean-360/1061/142358/1061-142358-0047.flac,247360,
1953,train-clean-360/1668/136280/1668-136280-0065.flac,247360,
1954,train-clean-360/1607/134636/1607-134636-0001.flac,247360,
1955,train-clean-360/126/125084/126-125084-0032.flac,247360,
1956,train-clean-360/1296/134434/1296-134434-0038.flac,247360,
1957,train-clean-360/112/123216/112-123216-0000.flac,247280,
1958,train-clean-360/1460/138290/1460-138290-0056.flac,247280,
1959,train-clean-360/1463/134463/1463-134463-0025.flac,247280,
1960,train-clean-360/1052/132776/1052-132776-0012.flac,247280,
1961,train-clean-360/1382/130548/1382-130548-0007.flac,247280,
1962,train-clean-360/112/123215/112-123215-0004.flac,247280,
1963,train-clean-360/1535/141644/1535-141644-0042.flac,247280,
1964,train-clean-360/1417/1536/1417-1536-0018.flac,247280,
1965,train-clean-360/1387/130989/1387-130989-0039.flac,247280,
1966,train-clean-360/1417/1536/1417-1536-0015.flac,247280,
1967,train-clean-360/1271/133279/1271-133279-0029.flac,247280,
1968,train-clean-360/1054/143005/1054-143005-0065.flac,247280,
1969,train-clean-360/112/123215/112-123215-0021.flac,247280,
1970,train-clean-360/1556/143307/1556-143307-0041.flac,247280,
1971,train-clean-360/1175/126221/1175-126221-0001.flac,247200,
1972,train-clean-360/1482/140071/1482-140071-0007.flac,247200,
1973,train-clean-360/1649/68762/1649-68762-0033.flac,247200,
1974,train-clean-360/115/121896/115-121896-0009.flac,247200,
1975,train-clean-360/1061/142358/1061-142358-0033.flac,247200,
1976,train-clean-360/1054/143005/1054-143005-0084.flac,247200,
1977,train-clean-360/1296/138074/1296-138074-0004.flac,247200,
1978,train-clean-360/1379/130529/1379-130529-0008.flac,247200,
1979,train-clean-360/1311/134176/1311-134176-0013.flac,247200,
1980,train-clean-360/114/129324/114-129324-0048.flac,247200,
1981,train-clean-360/1053/132821/1053-132821-0007.flac,247200,
1982,train-clean-360/1012/133424/1012-133424-0058.flac,247120,
1983,train-clean-360/122/121730/122-121730-0032.flac,247120,
1984,train-clean-360/1100/135264/1100-135264-0047.flac,247120,
1985,train-clean-360/1311/134170/1311-134170-0017.flac,247120,
1986,train-clean-360/1226/141279/1226-141279-0037.flac,247120,
1987,train-clean-360/1061/146197/1061-146197-0000.flac,247120,
1988,train-clean-360/1012/133424/1012-133424-0087.flac,247120,
1989,train-clean-360/1498/140040/1498-140040-0005.flac,247120,
1990,train-clean-360/1422/146123/1422-146123-0021.flac,247120,
1991,train-clean-360/1387/134991/1387-134991-0037.flac,247120,
1992,train-clean-360/1259/137770/1259-137770-0012.flac,247120,
1993,train-clean-360/1079/128632/1079-128632-0031.flac,247120,
1994,train-clean-360/126/125084/126-125084-0015.flac,247120,
1995,train-clean-360/1456/139733/1456-139733-0008.flac,247120,
1996,train-clean-360/1473/135657/1473-135657-0085.flac,247120,
1997,train-clean-360/1603/139324/1603-139324-0015.flac,247120,
1998,train-clean-360/1473/135657/1473-135657-0049.flac,247120,
1999,train-clean-360/1222/141174/1222-141174-0027.flac,247120,
2000,train-clean-360/16/122828/16-122828-0026.flac,247120,
2001,train-clean-360/1311/134176/1311-134176-0026.flac,247040,
2002,train-clean-360/1482/140072/1482-140072-0035.flac,247040,
2003,train-clean-360/1535/141642/1535-141642-0041.flac,247040,
2004,train-clean-360/1343/139681/1343-139681-0000.flac,247040,
2005,train-clean-360/100/121674/100-121674-0042.flac,247040,
2006,train-clean-360/1343/158796/1343-158796-0033.flac,247040,
2007,train-clean-360/1629/139710/1629-139710-0014.flac,247040,
2008,train-clean-360/1066/4479/1066-4479-0008.flac,247040,
2009,train-clean-360/1264/135033/1264-135033-0018.flac,247040,
2010,train-clean-360/1445/139387/1445-139387-0008.flac,247040,
2011,train-clean-360/1413/121799/1413-121799-0038.flac,247040,
2012,train-clean-360/1379/130530/1379-130530-0030.flac,247040,
2013,train-clean-360/1392/135654/1392-135654-0007.flac,247040,
2014,train-clean-360/100/121674/100-121674-0043.flac,247040,
2015,train-clean-360/1379/130530/1379-130530-0013.flac,247039,
2016,train-clean-360/1182/133396/1182-133396-0007.flac,246960,
2017,train-clean-360/1100/124547/1100-124547-0055.flac,246960,
2018,train-clean-360/1031/133220/1031-133220-0006.flac,246960,
2019,train-clean-360/157/121907/157-121907-0015.flac,246960,
2020,train-clean-360/1054/143005/1054-143005-0008.flac,246960,
2021,train-clean-360/1348/135826/1348-135826-0038.flac,246960,
2022,train-clean-360/1316/132800/1316-132800-0007.flac,246960,
2023,train-clean-360/1054/143005/1054-143005-0030.flac,246880,
2024,train-clean-360/1641/130504/1641-130504-0007.flac,246880,
2025,train-clean-360/1264/129805/1264-129805-0070.flac,246880,
2026,train-clean-360/166/352/166-352-0023.flac,246880,
2027,train-clean-360/1093/132891/1093-132891-0118.flac,246880,
2028,train-clean-360/154/123998/154-123998-0002.flac,246880,
2029,train-clean-360/154/124003/154-124003-0018.flac,246880,
2030,train-clean-360/1547/130184/1547-130184-0020.flac,246880,
2031,train-clean-360/1552/141135/1552-141135-0024.flac,246880,
2032,train-clean-360/115/122944/115-122944-0000.flac,246880,
2033,train-clean-360/1379/130530/1379-130530-0035.flac,246880,
2034,train-clean-360/1535/141642/1535-141642-0022.flac,246880,
2035,train-clean-360/1259/137770/1259-137770-0011.flac,246880,
2036,train-clean-360/159/135897/159-135897-0011.flac,246880,
2037,train-clean-360/1513/140222/1513-140222-0057.flac,246880,
2038,train-clean-360/1513/140222/1513-140222-0069.flac,246880,
2039,train-clean-360/1289/288044/1289-288044-0003.flac,246880,
2040,train-clean-360/1335/27593/1335-27593-0001.flac,246880,
2041,train-clean-360/1031/133220/1031-133220-0061.flac,246880,
2042,train-clean-360/1265/135635/1265-135635-0071.flac,246880,
2043,train-clean-360/1417/1539/1417-1539-0002.flac,246800,
2044,train-clean-360/1050/134121/1050-134121-0016.flac,246800,
2045,train-clean-360/1482/140071/1482-140071-0023.flac,246800,
2046,train-clean-360/1422/146111/1422-146111-0027.flac,246800,
2047,train-clean-360/1283/129808/1283-129808-0057.flac,246800,
2048,train-clean-360/1311/134170/1311-134170-0045.flac,246800,
2049,train-clean-360/1638/84447/1638-84447-0045.flac,246800,
2050,train-clean-360/1112/1043/1112-1043-0009.flac,246800,
2051,train-clean-360/14/212/14-212-0006.flac,246800,
2052,train-clean-360/1079/128632/1079-128632-0030.flac,246800,
2053,train-clean-360/159/121902/159-121902-0006.flac,246800,
2054,train-clean-360/1382/130516/1382-130516-0002.flac,246800,
2055,train-clean-360/1556/143307/1556-143307-0062.flac,246800,
2056,train-clean-360/1638/84448/1638-84448-0012.flac,246800,
2057,train-clean-360/1182/134316/1182-134316-0004.flac,246800,
2058,train-clean-360/1182/134981/1182-134981-0027.flac,246800,
2059,train-clean-360/119/129515/119-129515-0008.flac,246720,
2060,train-clean-360/1093/132891/1093-132891-0125.flac,246720,
2061,train-clean-360/1343/139681/1343-139681-0013.flac,246720,
2062,train-clean-360/112/121671/112-121671-0033.flac,246720,
2063,train-clean-360/1224/121064/1224-121064-0098.flac,246720,
2064,train-clean-360/100/121674/100-121674-0024.flac,246720,
2065,train-clean-360/1603/139324/1603-139324-0028.flac,246720,
2066,train-clean-360/1390/130495/1390-130495-0005.flac,246720,
2067,train-clean-360/1018/135221/1018-135221-0001.flac,246720,
2068,train-clean-360/1487/133273/1487-133273-0008.flac,246720,
2069,train-clean-360/1336/138113/1336-138113-0034.flac,246720,
2070,train-clean-360/1641/130503/1641-130503-0022.flac,246720,
2071,train-clean-360/1061/146197/1061-146197-0021.flac,246720,
2072,train-clean-360/159/135897/159-135897-0049.flac,246720,
2073,train-clean-360/1629/139710/1629-139710-0002.flac,246720,
2074,train-clean-360/1290/135762/1290-135762-0065.flac,246720,
2075,train-clean-360/1112/128138/1112-128138-0014.flac,246720,
2076,train-clean-360/1446/122614/1446-122614-0094.flac,246720,
2077,train-clean-360/119/129513/119-129513-0023.flac,246640,
2078,train-clean-360/1629/139710/1629-139710-0030.flac,246640,
2079,train-clean-360/1058/133263/1058-133263-0021.flac,246640,
2080,train-clean-360/100/122655/100-122655-0003.flac,246640,
2081,train-clean-360/1535/141642/1535-141642-0016.flac,246640,
2082,train-clean-360/1365/134804/1365-134804-0002.flac,246640,
2083,train-clean-360/1058/133263/1058-133263-0008.flac,246640,
2084,train-clean-360/1066/4479/1066-4479-0014.flac,246640,
2085,train-clean-360/1446/122614/1446-122614-0099.flac,246640,
2086,train-clean-360/1224/121064/1224-121064-0012.flac,246640,
2087,train-clean-360/1535/141642/1535-141642-0034.flac,246640,
2088,train-clean-360/1547/130184/1547-130184-0052.flac,246640,
2089,train-clean-360/1556/143307/1556-143307-0023.flac,246640,
2090,train-clean-360/1536/137608/1536-137608-0001.flac,246640,
2091,train-clean-360/1226/141268/1226-141268-0042.flac,246640,
2092,train-clean-360/1054/143005/1054-143005-0014.flac,246561,
2093,train-clean-360/1509/145742/1509-145742-0021.flac,246560,
2094,train-clean-360/1296/138074/1296-138074-0012.flac,246560,
2095,train-clean-360/1387/130993/1387-130993-0019.flac,246560,
2096,train-clean-360/101/126860/101-126860-0011.flac,246560,
2097,train-clean-360/1290/135762/1290-135762-0090.flac,246560,
2098,train-clean-360/1401/174511/1401-174511-0009.flac,246560,
2099,train-clean-360/1638/84447/1638-84447-0018.flac,246560,
2100,train-clean-360/1160/139336/1160-139336-0017.flac,246560,
2101,train-clean-360/1018/133447/1018-133447-0017.flac,246560,
2102,train-clean-360/1547/130184/1547-130184-0039.flac,246560,
2103,train-clean-360/159/135897/159-135897-0068.flac,246560,
2104,train-clean-360/100/122655/100-122655-0037.flac,246560,
2105,train-clean-360/1001/134707/1001-134707-0049.flac,246560,
2106,train-clean-360/1060/134451/1060-134451-0032.flac,246560,
2107,train-clean-360/1060/134451/1060-134451-0037.flac,246560,
2108,train-clean-360/1212/14653/1212-14653-0010.flac,246560,
2109,train-clean-360/1027/125147/1027-125147-0006.flac,246560,
2110,train-clean-360/1001/134708/1001-134708-0004.flac,246560,
2111,train-clean-360/1066/5330/1066-5330-0012.flac,246560,
2112,train-clean-360/1001/134707/1001-134707-0073.flac,246560,
2113,train-clean-360/1649/150127/1649-150127-0033.flac,246480,
2114,train-clean-360/101/126861/101-126861-0008.flac,246480,
2115,train-clean-360/1050/134119/1050-134119-0001.flac,246480,
2116,train-clean-360/1343/139681/1343-139681-0014.flac,246480,
2117,train-clean-360/1425/139297/1425-139297-0004.flac,246480,
2118,train-clean-360/166/126302/166-126302-0012.flac,246480,
2119,train-clean-360/1556/143307/1556-143307-0076.flac,246480,
2120,train-clean-360/101/126860/101-126860-0021.flac,246480,
2121,train-clean-360/1054/143005/1054-143005-0027.flac,246480,
2122,train-clean-360/1283/136983/1283-136983-0019.flac,246480,
2123,train-clean-360/1012/133424/1012-133424-0001.flac,246480,
2124,train-clean-360/1271/128145/1271-128145-0002.flac,246480,
2125,train-clean-360/1472/285314/1472-285314-0007.flac,246480,
2126,train-clean-360/1460/138290/1460-138290-0040.flac,246480,
2127,train-clean-360/1607/150715/1607-150715-0039.flac,246480,
2128,train-clean-360/1446/122614/1446-122614-0035.flac,246480,
2129,train-clean-360/1678/142279/1678-142279-0032.flac,246480,
2130,train-clean-360/1482/140072/1482-140072-0002.flac,246480,
2131,train-clean-360/1336/138115/1336-138115-0015.flac,246400,
2132,train-clean-360/1482/140072/1482-140072-0012.flac,246400,
2133,train-clean-360/1343/158781/1343-158781-0010.flac,246400,
2134,train-clean-360/119/129514/119-129514-0019.flac,246400,
2135,train-clean-360/1629/139710/1629-139710-0053.flac,246400,
2136,train-clean-360/1313/135020/1313-135020-0024.flac,246400,
2137,train-clean-360/1226/141279/1226-141279-0028.flac,246400,
2138,train-clean-360/1413/121799/1413-121799-0066.flac,246400,
2139,train-clean-360/1473/135657/1473-135657-0036.flac,246400,
2140,train-clean-360/1290/135762/1290-135762-0080.flac,246400,
2141,train-clean-360/14/208/14-208-0034.flac,246400,
2142,train-clean-360/1417/1532/1417-1532-0021.flac,246400,
2143,train-clean-360/159/135897/159-135897-0004.flac,246400,
2144,train-clean-360/1678/142279/1678-142279-0039.flac,246400,
2145,train-clean-360/1422/146111/1422-146111-0022.flac,246400,
2146,train-clean-360/1629/139710/1629-139710-0071.flac,246400,
2147,train-clean-360/101/126859/101-126859-0014.flac,246321,
2148,train-clean-360/1058/133263/1058-133263-0017.flac,246320,
2149,train-clean-360/1390/130494/1390-130494-0032.flac,246320,
2150,train-clean-360/1195/135814/1195-135814-0024.flac,246320,
2151,train-clean-360/100/122655/100-122655-0024.flac,246320,
2152,train-clean-360/1387/130989/1387-130989-0017.flac,246320,
2153,train-clean-360/1603/141713/1603-141713-0008.flac,246320,
2154,train-clean-360/1422/146111/1422-146111-0000.flac,246320,
2155,train-clean-360/1498/140040/1498-140040-0035.flac,246320,
2156,train-clean-360/1054/143005/1054-143005-0036.flac,246320,
2157,train-clean-360/1473/135657/1473-135657-0051.flac,246320,
2158,train-clean-360/1382/130549/1382-130549-0024.flac,246320,
2159,train-clean-360/1052/139307/1052-139307-0031.flac,246320,
2160,train-clean-360/1473/135657/1473-135657-0081.flac,246320,
2161,train-clean-360/122/129752/122-129752-0043.flac,246320,
2162,train-clean-360/1283/136983/1283-136983-0009.flac,246320,
2163,train-clean-360/1343/158781/1343-158781-0012.flac,246240,
2164,train-clean-360/1195/135814/1195-135814-0036.flac,246240,
2165,train-clean-360/1513/140222/1513-140222-0074.flac,246240,
2166,train-clean-360/1448/135894/1448-135894-0054.flac,246240,
2167,train-clean-360/1379/130530/1379-130530-0027.flac,246240,
2168,train-clean-360/1093/132891/1093-132891-0114.flac,246240,
2169,train-clean-360/1668/136280/1668-136280-0009.flac,246240,
2170,train-clean-360/1264/129805/1264-129805-0031.flac,246240,
2171,train-clean-360/1649/150127/1649-150127-0019.flac,246240,
2172,train-clean-360/1316/132782/1316-132782-0008.flac,246240,
2173,train-clean-360/1603/140931/1603-140931-0034.flac,246240,
2174,train-clean-360/1335/163935/1335-163935-0011.flac,246240,
2175,train-clean-360/1259/27120/1259-27120-0001.flac,246160,
2176,train-clean-360/1046/133225/1046-133225-0051.flac,246160,
2177,train-clean-360/1629/139710/1629-139710-0079.flac,246160,
2178,train-clean-360/1473/135657/1473-135657-0023.flac,246160,
2179,train-clean-360/1337/10673/1337-10673-0039.flac,246160,
2180,train-clean-360/1054/143005/1054-143005-0058.flac,246160,
2181,train-clean-360/1343/139681/1343-139681-0022.flac,246160,
2182,train-clean-360/1547/130184/1547-130184-0013.flac,246160,
2183,train-clean-360/1052/132776/1052-132776-0004.flac,246160,
2184,train-clean-360/1226/141270/1226-141270-0009.flac,246160,
2185,train-clean-360/14/208/14-208-0030.flac,246160,
2186,train-clean-360/1061/142358/1061-142358-0021.flac,246160,
2187,train-clean-360/1316/132800/1316-132800-0025.flac,246160,
2188,train-clean-360/1335/27593/1335-27593-0034.flac,246080,
2189,train-clean-360/1535/141644/1535-141644-0038.flac,246080,
2190,train-clean-360/1165/135220/1165-135220-0039.flac,246080,
2191,train-clean-360/1445/139397/1445-139397-0026.flac,246080,
2192,train-clean-360/1638/84447/1638-84447-0032.flac,246080,
2193,train-clean-360/1509/143477/1509-143477-0048.flac,246080,
2194,train-clean-360/1629/139707/1629-139707-0004.flac,246080,
2195,train-clean-360/1259/137770/1259-137770-0036.flac,246080,
2196,train-clean-360/1001/134708/1001-134708-0023.flac,246080,
2197,train-clean-360/119/129514/119-129514-0030.flac,246001,
2198,train-clean-360/1571/138486/1571-138486-0026.flac,246000,
2199,train-clean-360/1417/1539/1417-1539-0025.flac,246000,
2200,train-clean-360/1638/84448/1638-84448-0046.flac,246000,
2201,train-clean-360/1335/163935/1335-163935-0026.flac,246000,
2202,train-clean-360/1445/139397/1445-139397-0002.flac,246000,
2203,train-clean-360/1195/130164/1195-130164-0001.flac,246000,
2204,train-clean-360/1482/140067/1482-140067-0000.flac,246000,
2205,train-clean-360/1053/132821/1053-132821-0022.flac,246000,
2206,train-clean-360/1446/122614/1446-122614-0018.flac,246000,
2207,train-clean-360/1264/135033/1264-135033-0000.flac,246000,
2208,train-clean-360/1392/128240/1392-128240-0008.flac,246000,
2209,train-clean-360/1100/124547/1100-124547-0019.flac,246000,
2210,train-clean-360/1571/138486/1571-138486-0051.flac,245921,
2211,train-clean-360/1603/139325/1603-139325-0024.flac,245920,
2212,train-clean-360/1365/134830/1365-134830-0029.flac,245920,
2213,train-clean-360/1050/134120/1050-134120-0027.flac,245920,
2214,train-clean-360/1387/130989/1387-130989-0008.flac,245920,
2215,train-clean-360/1322/137588/1322-137588-0039.flac,245920,
2216,train-clean-360/1226/141268/1226-141268-0029.flac,245920,
2217,train-clean-360/1031/133220/1031-133220-0101.flac,245920,
2218,train-clean-360/1482/140071/1482-140071-0027.flac,245920,
2219,train-clean-360/1323/138617/1323-138617-0001.flac,245920,
2220,train-clean-360/1160/139727/1160-139727-0010.flac,245920,
2221,train-clean-360/1316/132800/1316-132800-0048.flac,245920,
2222,train-clean-360/100/122655/100-122655-0004.flac,245920,
2223,train-clean-360/1638/84447/1638-84447-0003.flac,245920,
2224,train-clean-360/1001/134707/1001-134707-0024.flac,245840,
2225,train-clean-360/1160/139717/1160-139717-0005.flac,245840,
2226,train-clean-360/1031/133220/1031-133220-0049.flac,245840,
2227,train-clean-360/1175/126220/1175-126220-0029.flac,245840,
2228,train-clean-360/114/129317/114-129317-0005.flac,245840,
2229,train-clean-360/1323/149236/1323-149236-0022.flac,245840,
2230,train-clean-360/1058/131113/1058-131113-0078.flac,245840,
2231,train-clean-360/1100/135264/1100-135264-0042.flac,245840,
2232,train-clean-360/115/122944/115-122944-0013.flac,245840,
2233,train-clean-360/1079/128631/1079-128631-0003.flac,245840,
2234,train-clean-360/1445/139404/1445-139404-0011.flac,245840,
2235,train-clean-360/1028/133395/1028-133395-0027.flac,245840,
2236,train-clean-360/1222/141174/1222-141174-0061.flac,245840,
2237,train-clean-360/1296/138074/1296-138074-0054.flac,245840,
2238,train-clean-360/1100/124547/1100-124547-0010.flac,245840,
2239,train-clean-360/1390/130493/1390-130493-0010.flac,245840,
2240,train-clean-360/1425/139297/1425-139297-0036.flac,245840,
2241,train-clean-360/101/126860/101-126860-0030.flac,245840,
2242,train-clean-360/1241/121103/1241-121103-0000.flac,245840,
2243,train-clean-360/1289/288044/1289-288044-0035.flac,245840,
2244,train-clean-360/1629/139707/1629-139707-0032.flac,245760,
2245,train-clean-360/1323/149236/1323-149236-0028.flac,245760,
2246,train-clean-360/1678/142279/1678-142279-0018.flac,245760,
2247,train-clean-360/17/362/17-362-0027.flac,245760,
2248,train-clean-360/1175/126220/1175-126220-0047.flac,245760,
2249,train-clean-360/1498/140040/1498-140040-0004.flac,245760,
2250,train-clean-360/1639/133290/1639-133290-0059.flac,245760,
2251,train-clean-360/1027/125147/1027-125147-0011.flac,245760,
2252,train-clean-360/1603/139324/1603-139324-0008.flac,245760,
2253,train-clean-360/1446/122614/1446-122614-0014.flac,245760,
2254,train-clean-360/1121/176698/1121-176698-0024.flac,245760,
2255,train-clean-360/1556/143307/1556-143307-0058.flac,245760,
2256,train-clean-360/1343/139681/1343-139681-0005.flac,245760,
2257,train-clean-360/1417/1532/1417-1532-0014.flac,245760,
2258,train-clean-360/1639/133290/1639-133290-0027.flac,245760,
2259,train-clean-360/1417/1536/1417-1536-0039.flac,245760,
2260,train-clean-360/1160/139727/1160-139727-0013.flac,245680,
2261,train-clean-360/1634/141571/1634-141571-0075.flac,245680,
2262,train-clean-360/1093/132891/1093-132891-0030.flac,245680,
2263,train-clean-360/1392/128240/1392-128240-0000.flac,245680,
2264,train-clean-360/1224/121064/1224-121064-0093.flac,245680,
2265,train-clean-360/1165/135216/1165-135216-0034.flac,245680,
2266,train-clean-360/1175/126220/1175-126220-0053.flac,245680,
2267,train-clean-360/1012/133424/1012-133424-0074.flac,245680,
2268,train-clean-360/1387/134991/1387-134991-0024.flac,245680,
2269,train-clean-360/14/208/14-208-0015.flac,245680,
2270,train-clean-360/1031/133220/1031-133220-0072.flac,245680,
2271,train-clean-360/115/122944/115-122944-0055.flac,245680,
2272,train-clean-360/16/122827/16-122827-0033.flac,245680,
2273,train-clean-360/1290/135762/1290-135762-0006.flac,245600,
2274,train-clean-360/1052/139307/1052-139307-0037.flac,245600,
2275,train-clean-360/112/121671/112-121671-0026.flac,245600,
2276,train-clean-360/1348/135832/1348-135832-0006.flac,245600,
2277,train-clean-360/1343/158781/1343-158781-0030.flac,245600,
2278,train-clean-360/126/125084/126-125084-0042.flac,245600,
2279,train-clean-360/1001/134707/1001-134707-0043.flac,245600,
2280,train-clean-360/1322/137589/1322-137589-0020.flac,245600,
2281,train-clean-360/1463/134465/1463-134465-0061.flac,245600,
2282,train-clean-360/112/121671/112-121671-0014.flac,245520,
2283,train-clean-360/115/121720/115-121720-0010.flac,245520,
2284,train-clean-360/166/352/166-352-0032.flac,245520,
2285,train-clean-360/1018/135221/1018-135221-0027.flac,245520,
2286,train-clean-360/1050/134121/1050-134121-0007.flac,245520,
2287,train-clean-360/1335/27593/1335-27593-0008.flac,245520,
2288,train-clean-360/1556/143307/1556-143307-0027.flac,245520,
2289,train-clean-360/14/208/14-208-0000.flac,245520,
2290,train-clean-360/1382/130549/1382-130549-0009.flac,245520,
2291,train-clean-360/1535/141644/1535-141644-0050.flac,245520,
2292,train-clean-360/1343/139681/1343-139681-0024.flac,245440,
2293,train-clean-360/1265/135635/1265-135635-0067.flac,245440,
2294,train-clean-360/1448/135894/1448-135894-0087.flac,245440,
2295,train-clean-360/1050/134119/1050-134119-0021.flac,245440,
2296,train-clean-360/1265/135635/1265-135635-0068.flac,245440,
2297,train-clean-360/1390/130494/1390-130494-0007.flac,245440,
2298,train-clean-360/1050/134121/1050-134121-0025.flac,245440,
2299,train-clean-360/1390/130493/1390-130493-0022.flac,245440,
2300,train-clean-360/101/126860/101-126860-0035.flac,245440,
2301,train-clean-360/1066/5330/1066-5330-0013.flac,245440,
2302,train-clean-360/1571/141320/1571-141320-0029.flac,245440,
2303,train-clean-360/114/129324/114-129324-0045.flac,245440,
2304,train-clean-360/1160/139727/1160-139727-0006.flac,245440,
2305,train-clean-360/1417/1539/1417-1539-0022.flac,245440,
2306,train-clean-360/1349/135891/1349-135891-0025.flac,245440,
2307,train-clean-360/1668/136280/1668-136280-0051.flac,245440,
2308,train-clean-360/112/123216/112-123216-0013.flac,245440,
2309,train-clean-360/1296/138074/1296-138074-0015.flac,245361,
2310,train-clean-360/1349/135891/1349-135891-0045.flac,245360,
2311,train-clean-360/115/121896/115-121896-0012.flac,245360,
2312,train-clean-360/1445/139404/1445-139404-0010.flac,245360,
2313,train-clean-360/1226/141279/1226-141279-0004.flac,245360,
2314,train-clean-360/1417/1532/1417-1532-0039.flac,245360,
2315,train-clean-360/159/135897/159-135897-0020.flac,245360,
2316,train-clean-360/1290/135762/1290-135762-0054.flac,245360,
2317,train-clean-360/101/126859/101-126859-0006.flac,245360,
2318,train-clean-360/1265/135635/1265-135635-0076.flac,245360,
2319,train-clean-360/1634/141571/1634-141571-0003.flac,245360,
2320,train-clean-360/1343/158796/1343-158796-0030.flac,245360,
2321,train-clean-360/1603/139324/1603-139324-0013.flac,245360,
2322,train-clean-360/1012/133424/1012-133424-0006.flac,245360,
2323,train-clean-360/159/135897/159-135897-0051.flac,245360,
2324,train-clean-360/122/121729/122-121729-0013.flac,245360,
2325,train-clean-360/1100/135264/1100-135264-0005.flac,245360,
2326,train-clean-360/1641/130504/1641-130504-0017.flac,245280,
2327,train-clean-360/1668/136271/1668-136271-0017.flac,245280,
2328,train-clean-360/1175/126220/1175-126220-0046.flac,245280,
2329,train-clean-360/1417/1532/1417-1532-0019.flac,245280,
2330,train-clean-360/114/129324/114-129324-0032.flac,245280,
2331,train-clean-360/1031/133220/1031-133220-0083.flac,245280,
2332,train-clean-360/1027/125147/1027-125147-0023.flac,245280,
2333,train-clean-360/1195/135814/1195-135814-0011.flac,245280,
2334,train-clean-360/1265/135635/1265-135635-0044.flac,245280,
2335,train-clean-360/1050/134119/1050-134119-0028.flac,245280,
2336,train-clean-360/1482/140071/1482-140071-0025.flac,245280,
2337,train-clean-360/1224/121064/1224-121064-0006.flac,245280,
2338,train-clean-360/14/212/14-212-0026.flac,245200,
2339,train-clean-360/1060/134451/1060-134451-0040.flac,245200,
2340,train-clean-360/1473/135657/1473-135657-0029.flac,245200,
2341,train-clean-360/1509/145699/1509-145699-0001.flac,245200,
2342,train-clean-360/1336/138113/1336-138113-0037.flac,245200,
2343,train-clean-360/1571/141320/1571-141320-0012.flac,245200,
2344,train-clean-360/1536/141791/1536-141791-0004.flac,245200,
2345,train-clean-360/1052/139307/1052-139307-0002.flac,245200,
2346,train-clean-360/1079/128631/1079-128631-0024.flac,245200,
2347,train-clean-360/1445/139404/1445-139404-0007.flac,245200,
2348,train-clean-360/119/129513/119-129513-0026.flac,245120,
2349,train-clean-360/1316/132782/1316-132782-0012.flac,245120,
2350,train-clean-360/1482/140067/1482-140067-0025.flac,245120,
2351,train-clean-360/101/126860/101-126860-0013.flac,245120,
2352,train-clean-360/1417/1539/1417-1539-0036.flac,245120,
2353,train-clean-360/1337/10674/1337-10674-0043.flac,245120,
2354,train-clean-360/1050/134121/1050-134121-0019.flac,245120,
2355,train-clean-360/1390/130493/1390-130493-0000.flac,245120,
2356,train-clean-360/1535/141642/1535-141642-0028.flac,245120,
2357,train-clean-360/1061/152224/1061-152224-0001.flac,245120,
2358,train-clean-360/1336/138113/1336-138113-0017.flac,245120,
2359,train-clean-360/1639/132848/1639-132848-0008.flac,245120,
2360,train-clean-360/1472/285314/1472-285314-0034.flac,245120,
2361,train-clean-360/1018/135221/1018-135221-0017.flac,245120,
2362,train-clean-360/1028/133393/1028-133393-0004.flac,245040,
2363,train-clean-360/1641/130504/1641-130504-0010.flac,245040,
2364,train-clean-360/1283/136983/1283-136983-0029.flac,245040,
2365,train-clean-360/1265/135635/1265-135635-0074.flac,245040,
2366,train-clean-360/1607/149245/1607-149245-0002.flac,245040,
2367,train-clean-360/101/126860/101-126860-0008.flac,245040,
2368,train-clean-360/1336/138113/1336-138113-0028.flac,245040,
2369,train-clean-360/1513/140222/1513-140222-0024.flac,245040,
2370,train-clean-360/1160/139717/1160-139717-0013.flac,245040,
2371,train-clean-360/1556/143307/1556-143307-0012.flac,245040,
2372,train-clean-360/1001/134707/1001-134707-0057.flac,245040,
2373,train-clean-360/1018/133447/1018-133447-0055.flac,245040,
2374,train-clean-360/1629/139710/1629-139710-0008.flac,244960,
2375,train-clean-360/1463/134465/1463-134465-0021.flac,244960,
2376,train-clean-360/1259/27120/1259-27120-0010.flac,244960,
2377,train-clean-360/1556/143307/1556-143307-0044.flac,244960,
2378,train-clean-360/1536/138488/1536-138488-0019.flac,244960,
2379,train-clean-360/1241/121103/1241-121103-0009.flac,244960,
2380,train-clean-360/1112/128138/1112-128138-0038.flac,244960,
2381,train-clean-360/1018/133447/1018-133447-0006.flac,244960,
2382,train-clean-360/1112/128138/1112-128138-0007.flac,244960,
2383,train-clean-360/154/293987/154-293987-0010.flac,244960,
2384,train-clean-360/1448/135894/1448-135894-0068.flac,244960,
2385,train-clean-360/1571/141320/1571-141320-0025.flac,244959,
2386,train-clean-360/1001/134707/1001-134707-0062.flac,244881,
2387,train-clean-360/1222/133834/1222-133834-0055.flac,244880,
2388,train-clean-360/1054/143005/1054-143005-0067.flac,244880,
2389,train-clean-360/1323/138617/1323-138617-0021.flac,244880,
2390,train-clean-360/1535/141644/1535-141644-0047.flac,244880,
2391,train-clean-360/1365/134830/1365-134830-0017.flac,244880,
2392,train-clean-360/1054/143005/1054-143005-0107.flac,244880,
2393,train-clean-360/1265/135635/1265-135635-0021.flac,244880,
2394,train-clean-360/1336/138115/1336-138115-0027.flac,244801,
2395,train-clean-360/1487/133273/1487-133273-0061.flac,244800,
2396,train-clean-360/1012/133424/1012-133424-0095.flac,244800,
2397,train-clean-360/1100/135264/1100-135264-0018.flac,244800,
2398,train-clean-360/1093/132891/1093-132891-0126.flac,244800,
2399,train-clean-360/1392/128226/1392-128226-0002.flac,244800,
2400,train-clean-360/1058/133263/1058-133263-0026.flac,244800,
2401,train-clean-360/1121/176698/1121-176698-0007.flac,244800,
2402,train-clean-360/1482/140067/1482-140067-0017.flac,244800,
2403,train-clean-360/1649/150127/1649-150127-0025.flac,244800,
2404,train-clean-360/1052/139307/1052-139307-0028.flac,244800,
2405,train-clean-360/1060/134451/1060-134451-0043.flac,244800,
2406,train-clean-360/1050/134119/1050-134119-0006.flac,244800,
2407,train-clean-360/1448/135894/1448-135894-0084.flac,244800,
2408,train-clean-360/114/129324/114-129324-0040.flac,244800,
2409,train-clean-360/1313/135020/1313-135020-0014.flac,244721,
2410,train-clean-360/1365/134830/1365-134830-0013.flac,244720,
2411,train-clean-360/159/121902/159-121902-0007.flac,244720,
2412,train-clean-360/1031/133220/1031-133220-0094.flac,244720,
2413,train-clean-360/1629/139707/1629-139707-0037.flac,244720,
2414,train-clean-360/159/135897/159-135897-0041.flac,244720,
2415,train-clean-360/112/123216/112-123216-0012.flac,244720,
2416,train-clean-360/159/121891/159-121891-0007.flac,244720,
2417,train-clean-360/1482/140067/1482-140067-0010.flac,244720,
2418,train-clean-360/1264/129805/1264-129805-0004.flac,244720,
2419,train-clean-360/122/129752/122-129752-0020.flac,244720,
2420,train-clean-360/1323/138617/1323-138617-0020.flac,244720,
2421,train-clean-360/1513/140222/1513-140222-0034.flac,244720,
2422,train-clean-360/1487/133273/1487-133273-0064.flac,244640,
2423,train-clean-360/1018/133447/1018-133447-0045.flac,244640,
2424,train-clean-360/114/129317/114-129317-0002.flac,244640,
2425,train-clean-360/1448/135894/1448-135894-0037.flac,244640,
2426,train-clean-360/1066/4479/1066-4479-0029.flac,244640,
2427,train-clean-360/1175/126220/1175-126220-0020.flac,244640,
2428,train-clean-360/1571/138486/1571-138486-0025.flac,244640,
2429,train-clean-360/1222/133834/1222-133834-0037.flac,244640,
2430,train-clean-360/1028/133393/1028-133393-0039.flac,244640,
2431,train-clean-360/159/121902/159-121902-0011.flac,244640,
2432,train-clean-360/1165/135220/1165-135220-0038.flac,244640,
2433,train-clean-360/1448/135894/1448-135894-0083.flac,244640,
2434,train-clean-360/115/121896/115-121896-0011.flac,244640,
2435,train-clean-360/1392/135654/1392-135654-0015.flac,244640,
2436,train-clean-360/100/121669/100-121669-0016.flac,244560,
2437,train-clean-360/159/121891/159-121891-0012.flac,244560,
2438,train-clean-360/1296/134434/1296-134434-0004.flac,244560,
2439,train-clean-360/1046/133225/1046-133225-0054.flac,244560,
2440,train-clean-360/1289/288043/1289-288043-0022.flac,244560,
2441,train-clean-360/1028/133395/1028-133395-0039.flac,244560,
2442,train-clean-360/122/121734/122-121734-0012.flac,244560,
2443,train-clean-360/100/121674/100-121674-0004.flac,244560,
2444,train-clean-360/1649/150127/1649-150127-0004.flac,244560,
2445,train-clean-360/1387/130993/1387-130993-0016.flac,244560,
2446,train-clean-360/1066/103481/1066-103481-0022.flac,244560,
2447,train-clean-360/126/122467/126-122467-0009.flac,244560,
2448,train-clean-360/1482/140071/1482-140071-0019.flac,244560,
2449,train-clean-360/1195/130164/1195-130164-0045.flac,244560,
2450,train-clean-360/1027/125140/1027-125140-0001.flac,244560,
2451,train-clean-360/112/123216/112-123216-0001.flac,244560,
2452,train-clean-360/114/129317/114-129317-0029.flac,244560,
2453,train-clean-360/1241/121103/1241-121103-0002.flac,244480,
2454,train-clean-360/154/124002/154-124002-0016.flac,244480,
2455,train-clean-360/1552/141135/1552-141135-0017.flac,244480,
2456,train-clean-360/1212/14653/1212-14653-0013.flac,244480,
2457,train-clean-360/126/125084/126-125084-0002.flac,244480,
2458,train-clean-360/1629/139710/1629-139710-0054.flac,244480,
2459,train-clean-360/1259/137770/1259-137770-0037.flac,244480,
2460,train-clean-360/122/121734/122-121734-0018.flac,244480,
2461,train-clean-360/1387/130993/1387-130993-0014.flac,244480,
2462,train-clean-360/16/122828/16-122828-0017.flac,244480,
2463,train-clean-360/1290/135762/1290-135762-0039.flac,244400,
2464,train-clean-360/159/135897/159-135897-0045.flac,244400,
2465,train-clean-360/1212/14653/1212-14653-0014.flac,244400,
2466,train-clean-360/1058/131113/1058-131113-0076.flac,244400,
2467,train-clean-360/1422/149735/1422-149735-0036.flac,244400,
2468,train-clean-360/1446/122614/1446-122614-0008.flac,244400,
2469,train-clean-360/1289/288043/1289-288043-0025.flac,244400,
2470,train-clean-360/1195/130164/1195-130164-0002.flac,244400,
2471,train-clean-360/1639/133290/1639-133290-0033.flac,244400,
2472,train-clean-360/166/352/166-352-0013.flac,244400,
2473,train-clean-360/1311/134176/1311-134176-0023.flac,244400,
2474,train-clean-360/1012/133424/1012-133424-0035.flac,244400,
2475,train-clean-360/1031/133220/1031-133220-0062.flac,244400,
2476,train-clean-360/1212/14653/1212-14653-0005.flac,244320,
2477,train-clean-360/1422/146111/1422-146111-0001.flac,244320,
2478,train-clean-360/1112/128136/1112-128136-0020.flac,244320,
2479,train-clean-360/166/122789/166-122789-0026.flac,244320,
2480,train-clean-360/16/122827/16-122827-0057.flac,244320,
2481,train-clean-360/1165/135220/1165-135220-0052.flac,244320,
2482,train-clean-360/1382/130549/1382-130549-0016.flac,244320,
2483,train-clean-360/14/208/14-208-0049.flac,244320,
2484,train-clean-360/1259/72927/1259-72927-0005.flac,244320,
2485,train-clean-360/1422/149735/1422-149735-0003.flac,244320,
2486,train-clean-360/1349/135891/1349-135891-0012.flac,244240,
2487,train-clean-360/1629/139710/1629-139710-0074.flac,244240,
2488,train-clean-360/1100/124547/1100-124547-0046.flac,244240,
2489,train-clean-360/1264/135033/1264-135033-0020.flac,244240,
2490,train-clean-360/1425/139297/1425-139297-0035.flac,244240,
2491,train-clean-360/1316/132782/1316-132782-0016.flac,244240,
2492,train-clean-360/1054/143005/1054-143005-0059.flac,244240,
2493,train-clean-360/1463/134465/1463-134465-0046.flac,244240,
2494,train-clean-360/1460/138289/1460-138289-0017.flac,244160,
2495,train-clean-360/101/126859/101-126859-0003.flac,244160,
2496,train-clean-360/1316/132782/1316-132782-0048.flac,244160,
2497,train-clean-360/1175/126220/1175-126220-0040.flac,244160,
2498,train-clean-360/1012/133424/1012-133424-0056.flac,244160,
2499,train-clean-360/1379/130529/1379-130529-0013.flac,244160,
2500,train-clean-360/1607/150715/1607-150715-0025.flac,244160,
2501,train-clean-360/159/121891/159-121891-0002.flac,244160,
2502,train-clean-360/1634/141571/1634-141571-0012.flac,244160,
2503,train-clean-360/1058/133263/1058-133263-0030.flac,244160,
2504,train-clean-360/1066/5330/1066-5330-0001.flac,244160,
2505,train-clean-360/1425/139291/1425-139291-0022.flac,244160,
2506,train-clean-360/1271/128145/1271-128145-0021.flac,244160,
2507,train-clean-360/1195/130164/1195-130164-0023.flac,244160,
2508,train-clean-360/1547/130184/1547-130184-0004.flac,244160,
2509,train-clean-360/154/123998/154-123998-0021.flac,244160,
2510,train-clean-360/1046/133224/1046-133224-0000.flac,244160,
2511,train-clean-360/1390/130494/1390-130494-0036.flac,244160,
2512,train-clean-360/1100/135264/1100-135264-0028.flac,244160,
2513,train-clean-360/1392/128226/1392-128226-0006.flac,244160,
2514,train-clean-360/1401/146770/1401-146770-0009.flac,244160,
2515,train-clean-360/1031/133220/1031-133220-0021.flac,244160,
2516,train-clean-360/119/129513/119-129513-0009.flac,244160,
2517,train-clean-360/1629/139710/1629-139710-0017.flac,244080,
2518,train-clean-360/1259/27120/1259-27120-0004.flac,244080,
2519,train-clean-360/1060/134451/1060-134451-0060.flac,244080,
2520,train-clean-360/1668/136280/1668-136280-0025.flac,244080,
2521,train-clean-360/1046/133225/1046-133225-0058.flac,244080,
2522,train-clean-360/1316/132800/1316-132800-0033.flac,244080,
2523,train-clean-360/1323/138548/1323-138548-0003.flac,244080,
2524,train-clean-360/1603/139324/1603-139324-0002.flac,244080,
2525,train-clean-360/1054/143005/1054-143005-0038.flac,244080,
2526,train-clean-360/114/129324/114-129324-0055.flac,244080,
2527,train-clean-360/1058/131113/1058-131113-0024.flac,244000,
2528,train-clean-360/1195/130164/1195-130164-0032.flac,244000,
2529,train-clean-360/1222/141174/1222-141174-0049.flac,244000,
2530,train-clean-360/157/121907/157-121907-0011.flac,244000,
2531,train-clean-360/1259/137770/1259-137770-0005.flac,244000,
2532,train-clean-360/1603/139324/1603-139324-0026.flac,244000,
2533,train-clean-360/1165/135216/1165-135216-0006.flac,244000,
2534,train-clean-360/1472/285314/1472-285314-0017.flac,244000,
2535,train-clean-360/1634/141571/1634-141571-0076.flac,244000,
2536,train-clean-360/1027/125147/1027-125147-0021.flac,244000,
2537,train-clean-360/1066/4479/1066-4479-0006.flac,244000,
2538,train-clean-360/1422/149735/1422-149735-0007.flac,244000,
2539,train-clean-360/1638/84447/1638-84447-0020.flac,243920,
2540,train-clean-360/1472/142848/1472-142848-0014.flac,243920,
2541,train-clean-360/1336/138115/1336-138115-0014.flac,243920,
2542,train-clean-360/1001/134707/1001-134707-0001.flac,243920,
2543,train-clean-360/1392/135654/1392-135654-0006.flac,243920,
2544,train-clean-360/1121/132777/1121-132777-0026.flac,243920,
2545,train-clean-360/1473/135657/1473-135657-0104.flac,243920,
2546,train-clean-360/1536/137608/1536-137608-0020.flac,243920,
2547,train-clean-360/1031/133220/1031-133220-0077.flac,243920,
2548,train-clean-360/1100/135264/1100-135264-0045.flac,243920,
2549,train-clean-360/1535/141642/1535-141642-0027.flac,243920,
2550,train-clean-360/159/135897/159-135897-0070.flac,243920,
2551,train-clean-360/119/129514/119-129514-0001.flac,243920,
2552,train-clean-360/1052/139307/1052-139307-0026.flac,243840,
2553,train-clean-360/1027/125140/1027-125140-0037.flac,243840,
2554,train-clean-360/16/122827/16-122827-0040.flac,243840,
2555,train-clean-360/1425/139290/1425-139290-0027.flac,243840,
2556,train-clean-360/100/122655/100-122655-0028.flac,243840,
2557,train-clean-360/1607/134636/1607-134636-0023.flac,243840,
2558,train-clean-360/1182/133396/1182-133396-0040.flac,243840,
2559,train-clean-360/1607/150715/1607-150715-0026.flac,243840,
2560,train-clean-360/1392/128240/1392-128240-0013.flac,243760,
2561,train-clean-360/112/123216/112-123216-0014.flac,243760,
2562,train-clean-360/1487/133273/1487-133273-0052.flac,243760,
2563,train-clean-360/166/352/166-352-0010.flac,243760,
2564,train-clean-360/1121/176698/1121-176698-0008.flac,243760,
2565,train-clean-360/1536/137608/1536-137608-0040.flac,243760,
2566,train-clean-360/1322/137589/1322-137589-0034.flac,243760,
2567,train-clean-360/14/208/14-208-0001.flac,243760,
2568,train-clean-360/1678/142279/1678-142279-0060.flac,243760,
2569,train-clean-360/1290/135762/1290-135762-0026.flac,243760,
2570,train-clean-360/1100/135264/1100-135264-0014.flac,243760,
2571,train-clean-360/112/123215/112-123215-0014.flac,243760,
2572,train-clean-360/1165/135220/1165-135220-0054.flac,243760,
2573,train-clean-360/112/121671/112-121671-0013.flac,243680,
2574,train-clean-360/159/135897/159-135897-0005.flac,243680,
2575,train-clean-360/122/129752/122-129752-0021.flac,243680,
2576,train-clean-360/16/122827/16-122827-0043.flac,243680,
2577,train-clean-360/1387/130993/1387-130993-0021.flac,243680,
2578,train-clean-360/1018/133447/1018-133447-0046.flac,243680,
2579,train-clean-360/1463/134465/1463-134465-0054.flac,243680,
2580,train-clean-360/1641/130505/1641-130505-0000.flac,243680,
2581,train-clean-360/1283/136983/1283-136983-0018.flac,243680,
2582,train-clean-360/1316/132800/1316-132800-0006.flac,243680,
2583,train-clean-360/1224/121064/1224-121064-0105.flac,243679,
2584,train-clean-360/1316/132782/1316-132782-0025.flac,243679,
2585,train-clean-360/1392/128226/1392-128226-0010.flac,243600,
2586,train-clean-360/1535/141644/1535-141644-0021.flac,243600,
2587,train-clean-360/154/293987/154-293987-0008.flac,243600,
2588,train-clean-360/1638/84448/1638-84448-0040.flac,243600,
2589,train-clean-360/1463/134465/1463-134465-0020.flac,243600,
2590,train-clean-360/1121/135824/1121-135824-0008.flac,243600,
2591,train-clean-360/1337/10674/1337-10674-0024.flac,243600,
2592,train-clean-360/1271/128145/1271-128145-0014.flac,243600,
2593,train-clean-360/122/121729/122-121729-0021.flac,243600,
2594,train-clean-360/1348/135832/1348-135832-0001.flac,243600,
2595,train-clean-360/1337/10673/1337-10673-0008.flac,243521,
2596,train-clean-360/1195/135814/1195-135814-0014.flac,243520,
2597,train-clean-360/1335/163935/1335-163935-0038.flac,243520,
2598,train-clean-360/1638/84448/1638-84448-0044.flac,243520,
2599,train-clean-360/1639/133290/1639-133290-0065.flac,243520,
2600,train-clean-360/1335/160602/1335-160602-0030.flac,243520,
2601,train-clean-360/1175/126220/1175-126220-0061.flac,243520,
2602,train-clean-360/1175/126220/1175-126220-0049.flac,243520,
2603,train-clean-360/1445/139404/1445-139404-0023.flac,243520,
2604,train-clean-360/1160/139336/1160-139336-0029.flac,243520,
2605,train-clean-360/159/135897/159-135897-0002.flac,243520,
2606,train-clean-360/1379/130529/1379-130529-0019.flac,243520,
2607,train-clean-360/1322/137588/1322-137588-0019.flac,243520,
2608,train-clean-360/1289/288044/1289-288044-0036.flac,243520,
2609,train-clean-360/1401/14358/1401-14358-0037.flac,243520,
2610,train-clean-360/1365/134804/1365-134804-0042.flac,243520,
2611,train-clean-360/1417/1532/1417-1532-0034.flac,243520,
2612,train-clean-360/1379/130486/1379-130486-0008.flac,243520,
2613,train-clean-360/1482/140071/1482-140071-0032.flac,243520,
2614,train-clean-360/1259/137770/1259-137770-0039.flac,243520,
2615,train-clean-360/1422/146111/1422-146111-0037.flac,243520,
2616,train-clean-360/100/121674/100-121674-0007.flac,243520,
2617,train-clean-360/1100/124547/1100-124547-0023.flac,243520,
2618,train-clean-360/1018/135221/1018-135221-0035.flac,243520,
2619,train-clean-360/1509/143477/1509-143477-0031.flac,243520,
2620,train-clean-360/1289/288044/1289-288044-0024.flac,243520,
2621,train-clean-360/1401/14358/1401-14358-0012.flac,243441,
2622,train-clean-360/1473/135657/1473-135657-0086.flac,243440,
2623,train-clean-360/1046/133225/1046-133225-0023.flac,243440,
2624,train-clean-360/1054/143005/1054-143005-0035.flac,243440,
2625,train-clean-360/1382/130516/1382-130516-0022.flac,243440,
2626,train-clean-360/1182/133396/1182-133396-0037.flac,243440,
2627,train-clean-360/1241/121106/1241-121106-0036.flac,243440,
2628,train-clean-360/1296/134434/1296-134434-0022.flac,243440,
2629,train-clean-360/1401/14358/1401-14358-0005.flac,243440,
2630,train-clean-360/1271/133279/1271-133279-0022.flac,243440,
2631,train-clean-360/1513/140222/1513-140222-0065.flac,243440,
2632,train-clean-360/1100/124547/1100-124547-0052.flac,243440,
2633,train-clean-360/1343/139681/1343-139681-0010.flac,243440,
2634,train-clean-360/1316/132782/1316-132782-0004.flac,243440,
2635,train-clean-360/1487/133273/1487-133273-0076.flac,243440,
2636,train-clean-360/126/122467/126-122467-0036.flac,243360,
2637,train-clean-360/1448/135894/1448-135894-0105.flac,243360,
2638,train-clean-360/1058/131113/1058-131113-0022.flac,243360,
2639,train-clean-360/1028/133393/1028-133393-0048.flac,243360,
2640,train-clean-360/1046/133225/1046-133225-0036.flac,243360,
2641,train-clean-360/1058/131113/1058-131113-0083.flac,243360,
2642,train-clean-360/1379/130530/1379-130530-0015.flac,243360,
2643,train-clean-360/16/122828/16-122828-0034.flac,243360,
2644,train-clean-360/1571/141320/1571-141320-0007.flac,243360,
2645,train-clean-360/1392/135654/1392-135654-0004.flac,243360,
2646,train-clean-360/1571/141320/1571-141320-0034.flac,243360,
2647,train-clean-360/1054/143005/1054-143005-0033.flac,243360,
2648,train-clean-360/1271/133279/1271-133279-0000.flac,243360,
2649,train-clean-360/1224/121064/1224-121064-0094.flac,243360,
2650,train-clean-360/1061/146197/1061-146197-0010.flac,243360,
2651,train-clean-360/159/121891/159-121891-0014.flac,243360,
2652,train-clean-360/1175/126220/1175-126220-0017.flac,243360,
2653,train-clean-360/1482/140072/1482-140072-0003.flac,243360,
2654,train-clean-360/1535/141642/1535-141642-0031.flac,243360,
2655,train-clean-360/1365/134804/1365-134804-0032.flac,243360,
2656,train-clean-360/1417/1532/1417-1532-0023.flac,243360,
2657,train-clean-360/1012/133424/1012-133424-0065.flac,243360,
2658,train-clean-360/1061/152224/1061-152224-0009.flac,243360,
2659,train-clean-360/1535/141642/1535-141642-0043.flac,243280,
2660,train-clean-360/1121/132777/1121-132777-0005.flac,243280,
2661,train-clean-360/1365/134830/1365-134830-0002.flac,243280,
2662,train-clean-360/1498/140040/1498-140040-0011.flac,243280,
2663,train-clean-360/1271/128145/1271-128145-0010.flac,243280,
2664,train-clean-360/126/122467/126-122467-0062.flac,243280,
2665,train-clean-360/1241/121103/1241-121103-0028.flac,243280,
2666,train-clean-360/1100/124547/1100-124547-0035.flac,243280,
2667,train-clean-360/1425/139291/1425-139291-0020.flac,243280,
2668,train-clean-360/1638/84448/1638-84448-0043.flac,243280,
2669,train-clean-360/1446/122614/1446-122614-0093.flac,243280,
2670,train-clean-360/1060/134451/1060-134451-0035.flac,243200,
2671,train-clean-360/1121/132777/1121-132777-0009.flac,243200,
2672,train-clean-360/1100/135264/1100-135264-0006.flac,243200,
2673,train-clean-360/1456/130545/1456-130545-0004.flac,243200,
2674,train-clean-360/1054/143005/1054-143005-0086.flac,243200,
2675,train-clean-360/1050/134120/1050-134120-0029.flac,243200,
2676,train-clean-360/1018/135221/1018-135221-0025.flac,243200,
2677,train-clean-360/1456/136846/1456-136846-0016.flac,243200,
2678,train-clean-360/101/126861/101-126861-0009.flac,243200,
2679,train-clean-360/1348/135826/1348-135826-0013.flac,243200,
2680,train-clean-360/1487/133273/1487-133273-0039.flac,243200,
2681,train-clean-360/114/129324/114-129324-0034.flac,243200,
2682,train-clean-360/1222/141174/1222-141174-0018.flac,243200,
2683,train-clean-360/101/126861/101-126861-0012.flac,243120,
2684,train-clean-360/1535/141644/1535-141644-0025.flac,243120,
2685,train-clean-360/1571/141320/1571-141320-0016.flac,243120,
2686,train-clean-360/1323/138548/1323-138548-0009.flac,243120,
2687,train-clean-360/1417/1539/1417-1539-0045.flac,243120,
2688,train-clean-360/1445/139387/1445-139387-0007.flac,243120,
2689,train-clean-360/1100/135264/1100-135264-0034.flac,243120,
2690,train-clean-360/1607/134636/1607-134636-0018.flac,243120,
2691,train-clean-360/1289/288043/1289-288043-0004.flac,243120,
2692,train-clean-360/114/129317/114-129317-0028.flac,243120,
2693,train-clean-360/1018/135221/1018-135221-0036.flac,243120,
2694,train-clean-360/1387/130989/1387-130989-0024.flac,243120,
2695,train-clean-360/1649/68762/1649-68762-0006.flac,243120,
2696,train-clean-360/1482/140071/1482-140071-0010.flac,243041,
2697,train-clean-360/1513/140222/1513-140222-0017.flac,243040,
2698,train-clean-360/1343/139681/1343-139681-0031.flac,243040,
2699,train-clean-360/1509/145699/1509-145699-0006.flac,243040,
2700,train-clean-360/1392/140654/1392-140654-0019.flac,243040,
2701,train-clean-360/115/122944/115-122944-0016.flac,243040,
2702,train-clean-360/1571/138486/1571-138486-0014.flac,243040,
2703,train-clean-360/1678/142279/1678-142279-0003.flac,243040,
2704,train-clean-360/1053/132821/1053-132821-0019.flac,243040,
2705,train-clean-360/1571/138486/1571-138486-0038.flac,243040,
2706,train-clean-360/1472/139797/1472-139797-0040.flac,243040,
2707,train-clean-360/157/126796/157-126796-0041.flac,242960,
2708,train-clean-360/119/121722/119-121722-0009.flac,242960,
2709,train-clean-360/1050/134120/1050-134120-0034.flac,242960,
2710,train-clean-360/1061/142358/1061-142358-0044.flac,242960,
2711,train-clean-360/1335/27593/1335-27593-0027.flac,242960,
2712,train-clean-360/1634/141571/1634-141571-0014.flac,242960,
2713,train-clean-360/1607/149245/1607-149245-0001.flac,242960,
2714,train-clean-360/1289/288044/1289-288044-0007.flac,242960,
2715,train-clean-360/1337/10674/1337-10674-0008.flac,242960,
2716,train-clean-360/1401/146770/1401-146770-0020.flac,242960,
2717,train-clean-360/1472/139797/1472-139797-0020.flac,242960,
2718,train-clean-360/1046/133224/1046-133224-0050.flac,242960,
2719,train-clean-360/100/121674/100-121674-0034.flac,242960,
2720,train-clean-360/1343/158781/1343-158781-0002.flac,242960,
2721,train-clean-360/1241/121103/1241-121103-0032.flac,242880,
2722,train-clean-360/1547/130184/1547-130184-0040.flac,242880,
2723,train-clean-360/1226/141268/1226-141268-0044.flac,242880,
2724,train-clean-360/1264/129805/1264-129805-0029.flac,242880,
2725,train-clean-360/1383/130489/1383-130489-0022.flac,242880,
2726,train-clean-360/166/122789/166-122789-0036.flac,242880,
2727,train-clean-360/17/362/17-362-0019.flac,242880,
2728,train-clean-360/1060/134451/1060-134451-0083.flac,242880,
2729,train-clean-360/112/121671/112-121671-0012.flac,242880,
2730,train-clean-360/1018/135221/1018-135221-0034.flac,242880,
2731,train-clean-360/1638/84447/1638-84447-0006.flac,242880,
2732,train-clean-360/112/123216/112-123216-0026.flac,242880,
2733,train-clean-360/112/123215/112-123215-0008.flac,242880,
2734,train-clean-360/1487/133273/1487-133273-0005.flac,242880,
2735,train-clean-360/1226/141268/1226-141268-0040.flac,242880,
2736,train-clean-360/1668/136280/1668-136280-0046.flac,242880,
2737,train-clean-360/1290/135762/1290-135762-0000.flac,242880,
2738,train-clean-360/1422/146123/1422-146123-0012.flac,242880,
2739,train-clean-360/1460/138289/1460-138289-0021.flac,242800,
2740,train-clean-360/1060/134451/1060-134451-0025.flac,242800,
2741,train-clean-360/1121/176698/1121-176698-0010.flac,242800,
2742,train-clean-360/1112/128138/1112-128138-0004.flac,242800,
2743,train-clean-360/126/122467/126-122467-0013.flac,242800,
2744,train-clean-360/1556/139350/1556-139350-0027.flac,242800,
2745,train-clean-360/1482/140067/1482-140067-0021.flac,242800,
2746,train-clean-360/119/129513/119-129513-0034.flac,242800,
2747,train-clean-360/1322/137588/1322-137588-0014.flac,242800,
2748,train-clean-360/114/129317/114-129317-0025.flac,242800,
2749,train-clean-360/1422/149735/1422-149735-0020.flac,242800,
2750,train-clean-360/1112/1043/1112-1043-0008.flac,242721,
2751,train-clean-360/1639/132848/1639-132848-0053.flac,242720,
2752,train-clean-360/1335/160602/1335-160602-0036.flac,242720,
2753,train-clean-360/1638/84447/1638-84447-0007.flac,242720,
2754,train-clean-360/1413/121799/1413-121799-0096.flac,242720,
2755,train-clean-360/1100/135264/1100-135264-0013.flac,242720,
2756,train-clean-360/1425/139290/1425-139290-0006.flac,242720,
2757,train-clean-360/1390/130493/1390-130493-0018.flac,242720,
2758,train-clean-360/1392/135654/1392-135654-0013.flac,242720,
2759,train-clean-360/1061/142358/1061-142358-0026.flac,242720,
2760,train-clean-360/126/122467/126-122467-0018.flac,242720,
2761,train-clean-360/1498/140041/1498-140041-0017.flac,242720,
2762,train-clean-360/112/123216/112-123216-0009.flac,242720,
2763,train-clean-360/1473/135657/1473-135657-0000.flac,242720,
2764,train-clean-360/1222/133834/1222-133834-0038.flac,242720,
2765,train-clean-360/1382/130549/1382-130549-0000.flac,242720,
2766,train-clean-360/1641/130504/1641-130504-0015.flac,242720,
2767,train-clean-360/1058/131113/1058-131113-0027.flac,242640,
2768,train-clean-360/1607/150715/1607-150715-0030.flac,242640,
2769,train-clean-360/1259/137770/1259-137770-0019.flac,242640,
2770,train-clean-360/1571/138486/1571-138486-0010.flac,242640,
2771,train-clean-360/1348/135832/1348-135832-0007.flac,242640,
2772,train-clean-360/1463/134463/1463-134463-0044.flac,242640,
2773,train-clean-360/1392/135659/1392-135659-0011.flac,242561,
2774,train-clean-360/1571/138486/1571-138486-0012.flac,242561,
2775,train-clean-360/166/122789/166-122789-0008.flac,242560,
2776,train-clean-360/1365/134830/1365-134830-0035.flac,242560,
2777,train-clean-360/1472/142848/1472-142848-0031.flac,242560,
2778,train-clean-360/1182/134981/1182-134981-0002.flac,242560,
2779,train-clean-360/1463/134463/1463-134463-0004.flac,242560,
2780,train-clean-360/1100/135264/1100-135264-0030.flac,242560,
2781,train-clean-360/1638/84447/1638-84447-0000.flac,242560,
2782,train-clean-360/1473/135657/1473-135657-0020.flac,242560,
2783,train-clean-360/1027/125140/1027-125140-0043.flac,242560,
2784,train-clean-360/1031/133220/1031-133220-0053.flac,242560,
2785,train-clean-360/1046/133225/1046-133225-0028.flac,242560,
2786,train-clean-360/1060/134451/1060-134451-0089.flac,242560,
2787,train-clean-360/1264/135033/1264-135033-0029.flac,242560,
2788,train-clean-360/1668/136280/1668-136280-0049.flac,242560,
2789,train-clean-360/1413/121799/1413-121799-0089.flac,242560,
2790,train-clean-360/1066/5330/1066-5330-0032.flac,242480,
2791,train-clean-360/126/122467/126-122467-0026.flac,242480,
2792,train-clean-360/1259/27120/1259-27120-0018.flac,242480,
2793,train-clean-360/1343/139681/1343-139681-0012.flac,242480,
2794,train-clean-360/1513/140222/1513-140222-0058.flac,242480,
2795,train-clean-360/1413/121799/1413-121799-0051.flac,242480,
2796,train-clean-360/1445/139397/1445-139397-0001.flac,242480,
2797,train-clean-360/1160/139717/1160-139717-0021.flac,242480,
2798,train-clean-360/1638/84447/1638-84447-0004.flac,242480,
2799,train-clean-360/1556/139350/1556-139350-0010.flac,242480,
2800,train-clean-360/1175/126221/1175-126221-0002.flac,242400,
2801,train-clean-360/1001/134707/1001-134707-0060.flac,242400,
2802,train-clean-360/1337/156963/1337-156963-0021.flac,242400,
2803,train-clean-360/1012/133424/1012-133424-0078.flac,242400,
2804,train-clean-360/1641/130504/1641-130504-0014.flac,242400,
2805,train-clean-360/1283/136983/1283-136983-0008.flac,242400,
2806,train-clean-360/1054/143005/1054-143005-0049.flac,242400,
2807,train-clean-360/1535/141644/1535-141644-0007.flac,242400,
2808,train-clean-360/1316/132800/1316-132800-0037.flac,242400,
2809,train-clean-360/1093/132891/1093-132891-0103.flac,242400,
2810,train-clean-360/1264/129805/1264-129805-0049.flac,242400,
2811,train-clean-360/1417/1536/1417-1536-0003.flac,242400,
2812,train-clean-360/1629/139707/1629-139707-0011.flac,242400,
2813,train-clean-360/1001/134708/1001-134708-0034.flac,242400,
2814,train-clean-360/1160/134674/1160-134674-0015.flac,242320,
2815,train-clean-360/1460/138289/1460-138289-0026.flac,242320,
2816,train-clean-360/1513/140222/1513-140222-0062.flac,242320,
2817,train-clean-360/166/122789/166-122789-0019.flac,242320,
2818,train-clean-360/126/122467/126-122467-0012.flac,242320,
2819,train-clean-360/1482/140067/1482-140067-0029.flac,242320,
2820,train-clean-360/1259/27120/1259-27120-0003.flac,242320,
2821,train-clean-360/1552/140651/1552-140651-0030.flac,242320,
2822,train-clean-360/1365/134825/1365-134825-0019.flac,242320,
2823,train-clean-360/1264/129805/1264-129805-0048.flac,242320,
2824,train-clean-360/1509/143477/1509-143477-0030.flac,242320,
2825,train-clean-360/1226/141268/1226-141268-0012.flac,242240,
2826,train-clean-360/1509/143477/1509-143477-0056.flac,242240,
2827,train-clean-360/1448/135894/1448-135894-0024.flac,242240,
2828,train-clean-360/122/129752/122-129752-0024.flac,242240,
2829,train-clean-360/1552/141135/1552-141135-0010.flac,242240,
2830,train-clean-360/1649/5776/1649-5776-0012.flac,242240,
2831,train-clean-360/1222/133834/1222-133834-0026.flac,242240,
2832,train-clean-360/1100/124547/1100-124547-0011.flac,242240,
2833,train-clean-360/1175/126220/1175-126220-0042.flac,242240,
2834,train-clean-360/1634/141571/1634-141571-0083.flac,242240,
2835,train-clean-360/1100/135264/1100-135264-0008.flac,242240,
2836,train-clean-360/1058/131113/1058-131113-0048.flac,242240,
2837,train-clean-360/1264/135033/1264-135033-0025.flac,242161,
2838,train-clean-360/1387/130993/1387-130993-0029.flac,242160,
2839,train-clean-360/1401/174511/1401-174511-0023.flac,242160,
2840,train-clean-360/1382/130548/1382-130548-0003.flac,242160,
2841,train-clean-360/1649/68762/1649-68762-0002.flac,242160,
2842,train-clean-360/1607/149245/1607-149245-0020.flac,242160,
2843,train-clean-360/1634/141571/1634-141571-0002.flac,242160,
2844,train-clean-360/1316/132800/1316-132800-0020.flac,242160,
2845,train-clean-360/115/122944/115-122944-0069.flac,242160,
2846,train-clean-360/1472/285314/1472-285314-0026.flac,242160,
2847,train-clean-360/1472/285314/1472-285314-0028.flac,242160,
2848,train-clean-360/1547/130184/1547-130184-0002.flac,242160,
2849,train-clean-360/1175/126221/1175-126221-0023.flac,242160,
2850,train-clean-360/101/126859/101-126859-0002.flac,242080,
2851,train-clean-360/1316/132782/1316-132782-0040.flac,242080,
2852,train-clean-360/1296/138074/1296-138074-0058.flac,242080,
2853,train-clean-360/100/121669/100-121669-0004.flac,242080,
2854,train-clean-360/1046/133224/1046-133224-0026.flac,242080,
2855,train-clean-360/1456/136846/1456-136846-0023.flac,242080,
2856,train-clean-360/1265/135636/1265-135636-0012.flac,242080,
2857,train-clean-360/1195/130164/1195-130164-0022.flac,242080,
2858,train-clean-360/157/126796/157-126796-0060.flac,242080,
2859,train-clean-360/1460/138290/1460-138290-0041.flac,242080,
2860,train-clean-360/1012/133424/1012-133424-0062.flac,242080,
2861,train-clean-360/100/121674/100-121674-0025.flac,242080,
2862,train-clean-360/1382/130549/1382-130549-0021.flac,242080,
2863,train-clean-360/112/123216/112-123216-0018.flac,242080,
2864,train-clean-360/1322/137588/1322-137588-0009.flac,242080,
2865,train-clean-360/1001/134707/1001-134707-0032.flac,242000,
2866,train-clean-360/1052/139307/1052-139307-0042.flac,242000,
2867,train-clean-360/16/122827/16-122827-0039.flac,242000,
2868,train-clean-360/1182/134981/1182-134981-0032.flac,242000,
2869,train-clean-360/1160/139336/1160-139336-0025.flac,242000,
2870,train-clean-360/1536/137608/1536-137608-0019.flac,242000,
2871,train-clean-360/1445/139387/1445-139387-0031.flac,242000,
2872,train-clean-360/1336/138113/1336-138113-0045.flac,242000,
2873,train-clean-360/1463/134463/1463-134463-0054.flac,242000,
2874,train-clean-360/112/121727/112-121727-0005.flac,242000,
2875,train-clean-360/1513/140221/1513-140221-0020.flac,242000,
2876,train-clean-360/1571/138486/1571-138486-0034.flac,242000,
2877,train-clean-360/159/135897/159-135897-0075.flac,242000,
2878,train-clean-360/100/121674/100-121674-0031.flac,242000,
2879,train-clean-360/1265/135636/1265-135636-0023.flac,241920,
2880,train-clean-360/1264/135033/1264-135033-0022.flac,241920,
2881,train-clean-360/1160/139336/1160-139336-0033.flac,241920,
2882,train-clean-360/114/129324/114-129324-0024.flac,241920,
2883,train-clean-360/1448/135894/1448-135894-0044.flac,241920,
2884,train-clean-360/122/129752/122-129752-0032.flac,241920,
2885,train-clean-360/101/126859/101-126859-0021.flac,241920,
2886,train-clean-360/1390/130493/1390-130493-0008.flac,241920,
2887,train-clean-360/101/126859/101-126859-0016.flac,241920,
2888,train-clean-360/1513/140221/1513-140221-0013.flac,241920,
2889,train-clean-360/1413/121799/1413-121799-0106.flac,241920,
2890,train-clean-360/1121/176698/1121-176698-0036.flac,241920,
2891,train-clean-360/1028/133393/1028-133393-0012.flac,241920,
2892,train-clean-360/1031/133220/1031-133220-0057.flac,241920,
2893,train-clean-360/1316/132782/1316-132782-0017.flac,241920,
2894,train-clean-360/1571/141320/1571-141320-0022.flac,241920,
2895,train-clean-360/1012/133424/1012-133424-0040.flac,241920,
2896,train-clean-360/14/212/14-212-0017.flac,241920,
2897,train-clean-360/1641/130505/1641-130505-0003.flac,241920,
2898,train-clean-360/114/129324/114-129324-0011.flac,241920,
2899,train-clean-360/1054/143005/1054-143005-0006.flac,241920,
2900,train-clean-360/1100/124547/1100-124547-0059.flac,241920,
2901,train-clean-360/1222/141174/1222-141174-0031.flac,241920,
2902,train-clean-360/1012/133424/1012-133424-0068.flac,241920,
2903,train-clean-360/1222/133834/1222-133834-0049.flac,241840,
2904,train-clean-360/1556/139350/1556-139350-0023.flac,241840,
2905,train-clean-360/1313/135020/1313-135020-0011.flac,241840,
2906,train-clean-360/1413/121799/1413-121799-0103.flac,241840,
2907,train-clean-360/126/125084/126-125084-0005.flac,241840,
2908,train-clean-360/1112/128138/1112-128138-0029.flac,241840,
2909,train-clean-360/1392/135654/1392-135654-0008.flac,241840,
2910,train-clean-360/112/123216/112-123216-0015.flac,241840,
2911,train-clean-360/1387/134991/1387-134991-0011.flac,241840,
2912,train-clean-360/1175/126220/1175-126220-0045.flac,241840,
2913,train-clean-360/1121/132777/1121-132777-0007.flac,241840,
2914,train-clean-360/114/129324/114-129324-0012.flac,241760,
2915,train-clean-360/1335/163935/1335-163935-0007.flac,241760,
2916,train-clean-360/1296/138074/1296-138074-0051.flac,241760,
2917,train-clean-360/1061/142358/1061-142358-0014.flac,241760,
2918,train-clean-360/1322/137589/1322-137589-0031.flac,241760,
2919,train-clean-360/157/126796/157-126796-0015.flac,241760,
2920,train-clean-360/1513/140222/1513-140222-0019.flac,241760,
2921,train-clean-360/1195/135814/1195-135814-0008.flac,241760,
2922,train-clean-360/166/122789/166-122789-0038.flac,241760,
2923,train-clean-360/1264/129805/1264-129805-0015.flac,241760,
2924,train-clean-360/1224/121064/1224-121064-0047.flac,241760,
2925,train-clean-360/1323/138617/1323-138617-0016.flac,241760,
2926,train-clean-360/1182/134316/1182-134316-0027.flac,241680,
2927,train-clean-360/1456/130545/1456-130545-0010.flac,241680,
2928,train-clean-360/1678/142279/1678-142279-0079.flac,241680,
2929,train-clean-360/16/122828/16-122828-0024.flac,241680,
2930,train-clean-360/1311/134170/1311-134170-0052.flac,241680,
2931,train-clean-360/1195/130164/1195-130164-0009.flac,241680,
2932,train-clean-360/1283/129808/1283-129808-0028.flac,241680,
2933,train-clean-360/1296/134434/1296-134434-0011.flac,241680,
2934,train-clean-360/1259/72927/1259-72927-0034.flac,241680,
2935,train-clean-360/1343/158796/1343-158796-0009.flac,241680,
2936,train-clean-360/157/121907/157-121907-0000.flac,241680,
2937,train-clean-360/1212/185485/1212-185485-0007.flac,241680,
2938,train-clean-360/119/129513/119-129513-0021.flac,241680,
2939,train-clean-360/1509/143477/1509-143477-0010.flac,241600,
2940,train-clean-360/1641/130503/1641-130503-0020.flac,241600,
2941,train-clean-360/1100/135264/1100-135264-0002.flac,241600,
2942,train-clean-360/100/121674/100-121674-0020.flac,241600,
2943,train-clean-360/1425/139290/1425-139290-0002.flac,241600,
2944,train-clean-360/1337/10673/1337-10673-0029.flac,241600,
2945,train-clean-360/1121/132777/1121-132777-0017.flac,241600,
2946,train-clean-360/1425/139297/1425-139297-0009.flac,241600,
2947,train-clean-360/1425/139291/1425-139291-0011.flac,241600,
2948,train-clean-360/1383/130489/1383-130489-0000.flac,241600,
2949,train-clean-360/1472/139797/1472-139797-0032.flac,241600,
2950,train-clean-360/1289/288043/1289-288043-0043.flac,241600,
2951,train-clean-360/1121/176698/1121-176698-0037.flac,241600,
2952,train-clean-360/1182/134316/1182-134316-0000.flac,241600,
2953,train-clean-360/1322/137589/1322-137589-0004.flac,241600,
2954,train-clean-360/1513/140221/1513-140221-0021.flac,241600,
2955,train-clean-360/159/135897/159-135897-0027.flac,241600,
2956,train-clean-360/1060/134451/1060-134451-0004.flac,241600,
2957,train-clean-360/1053/132821/1053-132821-0039.flac,241520,
2958,train-clean-360/1638/84448/1638-84448-0033.flac,241520,
2959,train-clean-360/1175/126220/1175-126220-0037.flac,241520,
2960,train-clean-360/157/126796/157-126796-0004.flac,241520,
2961,train-clean-360/1264/135033/1264-135033-0026.flac,241520,
2962,train-clean-360/1058/133263/1058-133263-0022.flac,241520,
2963,train-clean-360/122/121734/122-121734-0013.flac,241520,
2964,train-clean-360/1259/72927/1259-72927-0006.flac,241520,
2965,train-clean-360/115/122944/115-122944-0023.flac,241520,
2966,train-clean-360/1121/132777/1121-132777-0023.flac,241520,
2967,train-clean-360/1323/149236/1323-149236-0012.flac,241520,
2968,train-clean-360/166/122789/166-122789-0000.flac,241520,
2969,train-clean-360/1365/134830/1365-134830-0036.flac,241440,
2970,train-clean-360/1053/132821/1053-132821-0009.flac,241440,
2971,train-clean-360/1422/149735/1422-149735-0018.flac,241440,
2972,train-clean-360/1413/121799/1413-121799-0043.flac,241440,
2973,train-clean-360/1323/138617/1323-138617-0028.flac,241440,
2974,train-clean-360/1390/130495/1390-130495-0000.flac,241440,
2975,train-clean-360/157/126796/157-126796-0017.flac,241440,
2976,train-clean-360/1425/139290/1425-139290-0025.flac,241440,
2977,train-clean-360/1535/141642/1535-141642-0024.flac,241440,
2978,train-clean-360/101/126861/101-126861-0006.flac,241440,
2979,train-clean-360/1365/134825/1365-134825-0003.flac,241440,
2980,train-clean-360/1222/133834/1222-133834-0025.flac,241360,
2981,train-clean-360/1337/10674/1337-10674-0038.flac,241360,
2982,train-clean-360/1079/128632/1079-128632-0010.flac,241360,
2983,train-clean-360/1046/133224/1046-133224-0032.flac,241360,
2984,train-clean-360/115/122944/115-122944-0002.flac,241360,
2985,train-clean-360/1027/125147/1027-125147-0004.flac,241360,
2986,train-clean-360/1289/288044/1289-288044-0006.flac,241360,
2987,train-clean-360/119/129514/119-129514-0009.flac,241360,
2988,train-clean-360/14/208/14-208-0014.flac,241280,
2989,train-clean-360/14/208/14-208-0023.flac,241280,
2990,train-clean-360/157/126796/157-126796-0008.flac,241280,
2991,train-clean-360/1222/141174/1222-141174-0024.flac,241280,
2992,train-clean-360/1487/133273/1487-133273-0049.flac,241280,
2993,train-clean-360/1387/130989/1387-130989-0009.flac,241280,
2994,train-clean-360/1058/133263/1058-133263-0004.flac,241280,
2995,train-clean-360/1121/135824/1121-135824-0039.flac,241280,
2996,train-clean-360/1001/134708/1001-134708-0030.flac,241280,
2997,train-clean-360/1445/139404/1445-139404-0015.flac,241280,
2998,train-clean-360/1445/139387/1445-139387-0000.flac,241280,
2999,train-clean-360/1226/141268/1226-141268-0013.flac,241280,
3000,train-clean-360/1316/132782/1316-132782-0045.flac,241280,
3001,train-clean-360/1079/128631/1079-128631-0021.flac,241200,
3002,train-clean-360/1112/128136/1112-128136-0025.flac,241200,
3003,train-clean-360/1678/142279/1678-142279-0064.flac,241200,
3004,train-clean-360/1629/139710/1629-139710-0039.flac,241200,
3005,train-clean-360/1212/14653/1212-14653-0023.flac,241200,
3006,train-clean-360/1456/136846/1456-136846-0032.flac,241200,
3007,train-clean-360/1392/128240/1392-128240-0007.flac,241200,
3008,train-clean-360/1335/160602/1335-160602-0037.flac,241200,
3009,train-clean-360/1050/134120/1050-134120-0008.flac,241200,
3010,train-clean-360/1473/135657/1473-135657-0045.flac,241200,
3011,train-clean-360/1322/137588/1322-137588-0021.flac,241200,
3012,train-clean-360/1422/146111/1422-146111-0009.flac,241200,
3013,train-clean-360/1212/14653/1212-14653-0007.flac,241120,
3014,train-clean-360/1556/143307/1556-143307-0059.flac,241120,
3015,train-clean-360/1012/133424/1012-133424-0015.flac,241120,
3016,train-clean-360/1456/130545/1456-130545-0016.flac,241120,
3017,train-clean-360/1379/130529/1379-130529-0020.flac,241120,
3018,train-clean-360/1335/160602/1335-160602-0001.flac,241120,
3019,train-clean-360/1634/141571/1634-141571-0036.flac,241120,
3020,train-clean-360/1678/142279/1678-142279-0093.flac,241120,
3021,train-clean-360/1290/135762/1290-135762-0007.flac,241120,
3022,train-clean-360/1535/141642/1535-141642-0002.flac,241120,
3023,train-clean-360/1649/68762/1649-68762-0008.flac,241120,
3024,train-clean-360/1018/135221/1018-135221-0015.flac,241120,
3025,train-clean-360/1536/141791/1536-141791-0031.flac,241120,
3026,train-clean-360/1028/133395/1028-133395-0017.flac,241120,
3027,train-clean-360/1283/129808/1283-129808-0002.flac,241120,
3028,train-clean-360/1509/143477/1509-143477-0028.flac,241120,
3029,train-clean-360/1271/133279/1271-133279-0001.flac,241120,
3030,train-clean-360/166/352/166-352-0014.flac,241120,
3031,train-clean-360/1401/146770/1401-146770-0018.flac,241120,
3032,train-clean-360/1283/136983/1283-136983-0012.flac,241120,
3033,train-clean-360/1392/128240/1392-128240-0019.flac,241040,
3034,train-clean-360/1365/134804/1365-134804-0020.flac,241040,
3035,train-clean-360/1296/134434/1296-134434-0031.flac,241040,
3036,train-clean-360/1425/139290/1425-139290-0029.flac,241040,
3037,train-clean-360/1343/158781/1343-158781-0018.flac,241040,
3038,train-clean-360/1175/126220/1175-126220-0030.flac,241040,
3039,train-clean-360/1639/133290/1639-133290-0037.flac,241040,
3040,train-clean-360/14/212/14-212-0008.flac,241040,
3041,train-clean-360/126/125084/126-125084-0022.flac,241040,
3042,train-clean-360/1337/10674/1337-10674-0000.flac,241040,
3043,train-clean-360/1093/132891/1093-132891-0074.flac,241040,
3044,train-clean-360/166/352/166-352-0028.flac,241040,
3045,train-clean-360/1195/37134/1195-37134-0001.flac,240960,
3046,train-clean-360/1226/141268/1226-141268-0035.flac,240960,
3047,train-clean-360/1571/138486/1571-138486-0039.flac,240960,
3048,train-clean-360/1448/135894/1448-135894-0030.flac,240960,
3049,train-clean-360/119/129514/119-129514-0023.flac,240960,
3050,train-clean-360/1445/139387/1445-139387-0041.flac,240960,
3051,train-clean-360/1417/1536/1417-1536-0006.flac,240960,
3052,train-clean-360/1175/126220/1175-126220-0003.flac,240960,
3053,train-clean-360/1175/126220/1175-126220-0013.flac,240960,
3054,train-clean-360/126/122467/126-122467-0002.flac,240960,
3055,train-clean-360/1093/132891/1093-132891-0128.flac,240960,
3056,train-clean-360/1061/142358/1061-142358-0011.flac,240960,
3057,train-clean-360/100/122655/100-122655-0010.flac,240960,
3058,train-clean-360/1054/143005/1054-143005-0087.flac,240960,
3059,train-clean-360/1365/134825/1365-134825-0027.flac,240960,
3060,train-clean-360/1448/135894/1448-135894-0009.flac,240960,
3061,train-clean-360/1265/135635/1265-135635-0065.flac,240880,
3062,train-clean-360/1607/134636/1607-134636-0038.flac,240880,
3063,train-clean-360/122/121734/122-121734-0009.flac,240880,
3064,train-clean-360/1349/135891/1349-135891-0032.flac,240880,
3065,train-clean-360/1066/5330/1066-5330-0010.flac,240880,
3066,train-clean-360/1487/133273/1487-133273-0056.flac,240880,
3067,train-clean-360/1509/143477/1509-143477-0014.flac,240880,
3068,train-clean-360/1337/10673/1337-10673-0000.flac,240880,
3069,train-clean-360/101/126860/101-126860-0034.flac,240880,
3070,train-clean-360/1058/131113/1058-131113-0003.flac,240880,
3071,train-clean-360/1487/133273/1487-133273-0112.flac,240880,
3072,train-clean-360/1547/130184/1547-130184-0005.flac,240880,
3073,train-clean-360/1222/133834/1222-133834-0017.flac,240880,
3074,train-clean-360/1271/128145/1271-128145-0013.flac,240800,
3075,train-clean-360/1289/288043/1289-288043-0052.flac,240800,
3076,train-clean-360/1536/137608/1536-137608-0008.flac,240800,
3077,train-clean-360/1224/121064/1224-121064-0007.flac,240800,
3078,train-clean-360/1513/140222/1513-140222-0001.flac,240800,
3079,train-clean-360/114/129324/114-129324-0013.flac,240800,
3080,train-clean-360/1445/139387/1445-139387-0011.flac,240800,
3081,train-clean-360/1226/141270/1226-141270-0012.flac,240800,
3082,train-clean-360/159/135897/159-135897-0073.flac,240800,
3083,train-clean-360/1547/130184/1547-130184-0019.flac,240800,
3084,train-clean-360/1182/134981/1182-134981-0010.flac,240800,
3085,train-clean-360/1383/130489/1383-130489-0010.flac,240800,
3086,train-clean-360/1445/139387/1445-139387-0026.flac,240800,
3087,train-clean-360/1290/135762/1290-135762-0022.flac,240800,
3088,train-clean-360/101/126860/101-126860-0046.flac,240800,
3089,train-clean-360/1634/141571/1634-141571-0054.flac,240800,
3090,train-clean-360/101/126860/101-126860-0048.flac,240800,
3091,train-clean-360/1390/130493/1390-130493-0014.flac,240800,
3092,train-clean-360/1348/135826/1348-135826-0023.flac,240800,
3093,train-clean-360/1335/160602/1335-160602-0034.flac,240800,
3094,train-clean-360/1463/134465/1463-134465-0010.flac,240800,
3095,train-clean-360/1460/138290/1460-138290-0047.flac,240800,
3096,train-clean-360/1012/133424/1012-133424-0021.flac,240800,
3097,train-clean-360/119/129515/119-129515-0007.flac,240800,
3098,train-clean-360/1634/141571/1634-141571-0077.flac,240800,
3099,train-clean-360/1259/72927/1259-72927-0028.flac,240800,
3100,train-clean-360/1473/135657/1473-135657-0017.flac,240800,
3101,train-clean-360/1535/141642/1535-141642-0018.flac,240720,
3102,train-clean-360/1195/135814/1195-135814-0029.flac,240720,
3103,train-clean-360/1556/139350/1556-139350-0014.flac,240720,
3104,train-clean-360/1392/135654/1392-135654-0012.flac,240720,
3105,train-clean-360/1289/288043/1289-288043-0031.flac,240720,
3106,train-clean-360/1100/124547/1100-124547-0063.flac,240720,
3107,train-clean-360/1031/133220/1031-133220-0032.flac,240720,
3108,train-clean-360/1061/142358/1061-142358-0008.flac,240720,
3109,train-clean-360/1058/133263/1058-133263-0010.flac,240720,
3110,train-clean-360/1649/5776/1649-5776-0021.flac,240720,
3111,train-clean-360/100/122655/100-122655-0027.flac,240640,
3112,train-clean-360/1473/135657/1473-135657-0110.flac,240640,
3113,train-clean-360/119/129513/119-129513-0006.flac,240640,
3114,train-clean-360/1335/27593/1335-27593-0018.flac,240640,
3115,train-clean-360/1552/141135/1552-141135-0019.flac,240640,
3116,train-clean-360/1241/121103/1241-121103-0021.flac,240640,
3117,train-clean-360/1603/141713/1603-141713-0002.flac,240640,
3118,train-clean-360/1668/136271/1668-136271-0012.flac,240640,
3119,train-clean-360/1222/141174/1222-141174-0048.flac,240640,
3120,train-clean-360/1509/143477/1509-143477-0006.flac,240640,
3121,train-clean-360/1392/128226/1392-128226-0021.flac,240640,
3122,train-clean-360/154/293987/154-293987-0030.flac,240640,
3123,train-clean-360/1289/288044/1289-288044-0037.flac,240640,
3124,train-clean-360/1446/122614/1446-122614-0009.flac,240640,
3125,train-clean-360/1112/128138/1112-128138-0001.flac,240639,
3126,train-clean-360/1343/158781/1343-158781-0025.flac,240560,
3127,train-clean-360/1535/141642/1535-141642-0004.flac,240560,
3128,train-clean-360/1018/135221/1018-135221-0010.flac,240560,
3129,train-clean-360/1175/126221/1175-126221-0010.flac,240560,
3130,train-clean-360/1448/135894/1448-135894-0107.flac,240560,
3131,train-clean-360/1160/139717/1160-139717-0012.flac,240560,
3132,train-clean-360/1052/132776/1052-132776-0003.flac,240560,
3133,train-clean-360/1058/131113/1058-131113-0039.flac,240560,
3134,train-clean-360/1323/138548/1323-138548-0007.flac,240560,
3135,train-clean-360/1061/152224/1061-152224-0018.flac,240560,
3136,train-clean-360/112/121671/112-121671-0007.flac,240560,
3137,train-clean-360/1668/136280/1668-136280-0033.flac,240560,
3138,train-clean-360/1634/141571/1634-141571-0052.flac,240560,
3139,train-clean-360/1571/138486/1571-138486-0050.flac,240559,
3140,train-clean-360/1379/130529/1379-130529-0027.flac,240480,
3141,train-clean-360/1222/141174/1222-141174-0045.flac,240480,
3142,train-clean-360/1456/130544/1456-130544-0017.flac,240480,
3143,train-clean-360/1001/134707/1001-134707-0027.flac,240480,
3144,train-clean-360/112/121727/112-121727-0016.flac,240480,
3145,train-clean-360/1018/133447/1018-133447-0036.flac,240480,
3146,train-clean-360/1649/68762/1649-68762-0024.flac,240480,
3147,train-clean-360/1639/132848/1639-132848-0045.flac,240480,
3148,train-clean-360/1283/136983/1283-136983-0001.flac,240480,
3149,train-clean-360/115/121720/115-121720-0016.flac,240480,
3150,train-clean-360/14/208/14-208-0032.flac,240480,
3151,train-clean-360/1061/142358/1061-142358-0007.flac,240480,
3152,train-clean-360/1509/143477/1509-143477-0040.flac,240480,
3153,train-clean-360/1121/132777/1121-132777-0032.flac,240480,
3154,train-clean-360/126/122467/126-122467-0044.flac,240480,
3155,train-clean-360/1379/130517/1379-130517-0006.flac,240480,
3156,train-clean-360/1509/143477/1509-143477-0002.flac,240480,
3157,train-clean-360/1296/138074/1296-138074-0007.flac,240480,
3158,train-clean-360/157/126796/157-126796-0019.flac,240480,
3159,train-clean-360/1027/125140/1027-125140-0025.flac,240480,
3160,train-clean-360/1383/130533/1383-130533-0008.flac,240480,
3161,train-clean-360/1387/130989/1387-130989-0010.flac,240480,
3162,train-clean-360/115/122944/115-122944-0009.flac,240480,
3163,train-clean-360/159/135897/159-135897-0001.flac,240480,
3164,train-clean-360/1001/134707/1001-134707-0031.flac,240400,
3165,train-clean-360/1536/137608/1536-137608-0026.flac,240400,
3166,train-clean-360/1222/141174/1222-141174-0050.flac,240400,
3167,train-clean-360/1027/125140/1027-125140-0059.flac,240400,
3168,train-clean-360/115/121896/115-121896-0002.flac,240400,
3169,train-clean-360/1603/141713/1603-141713-0010.flac,240400,
3170,train-clean-360/1182/134316/1182-134316-0020.flac,240400,
3171,train-clean-360/1053/132821/1053-132821-0046.flac,240400,
3172,train-clean-360/1264/129805/1264-129805-0009.flac,240400,
3173,train-clean-360/1603/140931/1603-140931-0045.flac,240400,
3174,train-clean-360/1556/139350/1556-139350-0026.flac,240400,
3175,train-clean-360/101/126860/101-126860-0033.flac,240400,
3176,train-clean-360/1509/145742/1509-145742-0018.flac,240400,
3177,train-clean-360/1509/145742/1509-145742-0022.flac,240400,
3178,train-clean-360/122/121734/122-121734-0011.flac,240320,
3179,train-clean-360/1182/134981/1182-134981-0024.flac,240320,
3180,train-clean-360/1463/134463/1463-134463-0007.flac,240320,
3181,train-clean-360/1382/130548/1382-130548-0002.flac,240320,
3182,train-clean-360/1060/134451/1060-134451-0058.flac,240320,
3183,train-clean-360/1028/133393/1028-133393-0025.flac,240320,
3184,train-clean-360/1571/141320/1571-141320-0020.flac,240320,
3185,train-clean-360/1175/126221/1175-126221-0045.flac,240320,
3186,train-clean-360/1535/141644/1535-141644-0012.flac,240320,
3187,train-clean-360/1509/145742/1509-145742-0015.flac,240320,
3188,train-clean-360/114/129324/114-129324-0044.flac,240320,
3189,train-clean-360/126/122467/126-122467-0005.flac,240320,
3190,train-clean-360/1487/133273/1487-133273-0083.flac,240320,
3191,train-clean-360/1241/121106/1241-121106-0018.flac,240320,
3192,train-clean-360/1337/156963/1337-156963-0014.flac,240320,
3193,train-clean-360/1322/137589/1322-137589-0019.flac,240320,
3194,train-clean-360/1165/135220/1165-135220-0019.flac,240320,
3195,train-clean-360/1165/135220/1165-135220-0012.flac,240320,
3196,train-clean-360/1226/141279/1226-141279-0002.flac,240240,
3197,train-clean-360/1552/141135/1552-141135-0033.flac,240240,
3198,train-clean-360/1552/141135/1552-141135-0034.flac,240240,
3199,train-clean-360/1066/103481/1066-103481-0010.flac,240240,
3200,train-clean-360/1336/138113/1336-138113-0035.flac,240240,
3201,train-clean-360/1556/143307/1556-143307-0032.flac,240240,
3202,train-clean-360/1053/132821/1053-132821-0021.flac,240240,
3203,train-clean-360/1241/121106/1241-121106-0034.flac,240240,
3204,train-clean-360/1603/139324/1603-139324-0024.flac,240240,
3205,train-clean-360/1001/134707/1001-134707-0021.flac,240240,
3206,train-clean-360/1050/134120/1050-134120-0011.flac,240240,
3207,train-clean-360/1335/27593/1335-27593-0014.flac,240240,
3208,train-clean-360/1536/138488/1536-138488-0013.flac,240240,
3209,train-clean-360/1323/149236/1323-149236-0004.flac,240240,
3210,train-clean-360/1212/75242/1212-75242-0037.flac,240160,
3211,train-clean-360/1001/134707/1001-134707-0044.flac,240160,
3212,train-clean-360/1335/27593/1335-27593-0022.flac,240160,
3213,train-clean-360/1046/133225/1046-133225-0022.flac,240160,
3214,train-clean-360/1668/136280/1668-136280-0028.flac,240160,
3215,train-clean-360/1638/84448/1638-84448-0061.flac,240160,
3216,train-clean-360/1460/138290/1460-138290-0031.flac,240160,
3217,train-clean-360/16/122828/16-122828-0000.flac,240160,
3218,train-clean-360/1182/134981/1182-134981-0017.flac,240160,
3219,train-clean-360/1054/143005/1054-143005-0051.flac,240160,
3220,train-clean-360/1337/10674/1337-10674-0013.flac,240160,
3221,train-clean-360/1571/141320/1571-141320-0053.flac,240160,
3222,train-clean-360/1046/133224/1046-133224-0022.flac,240160,
3223,train-clean-360/1463/134463/1463-134463-0021.flac,240160,
3224,train-clean-360/1343/158796/1343-158796-0004.flac,240160,
3225,train-clean-360/159/135897/159-135897-0029.flac,240160,
3226,train-clean-360/100/122655/100-122655-0006.flac,240081,
3227,train-clean-360/1390/130493/1390-130493-0003.flac,240080,
3228,train-clean-360/1066/5330/1066-5330-0007.flac,240080,
3229,train-clean-360/1365/134825/1365-134825-0010.flac,240080,
3230,train-clean-360/1283/129808/1283-129808-0036.flac,240080,
3231,train-clean-360/1093/132891/1093-132891-0115.flac,240080,
3232,train-clean-360/1336/138113/1336-138113-0009.flac,240080,
3233,train-clean-360/1093/132891/1093-132891-0104.flac,240080,
3234,train-clean-360/1322/137588/1322-137588-0038.flac,240080,
3235,train-clean-360/1001/134708/1001-134708-0010.flac,240080,
3236,train-clean-360/1547/130184/1547-130184-0080.flac,240080,
3237,train-clean-360/1349/135891/1349-135891-0033.flac,240080,
3238,train-clean-360/112/123216/112-123216-0010.flac,240080,
3239,train-clean-360/1425/139297/1425-139297-0011.flac,240080,
3240,train-clean-360/1018/133447/1018-133447-0053.flac,240080,
3241,train-clean-360/1556/139350/1556-139350-0006.flac,240080,
3242,train-clean-360/1335/160602/1335-160602-0006.flac,240080,
3243,train-clean-360/1018/133447/1018-133447-0028.flac,240079,
3244,train-clean-360/16/122828/16-122828-0053.flac,240000,
3245,train-clean-360/159/121902/159-121902-0004.flac,240000,
3246,train-clean-360/1460/138289/1460-138289-0028.flac,240000,
3247,train-clean-360/1460/138290/1460-138290-0004.flac,240000,
3248,train-clean-360/1018/133447/1018-133447-0060.flac,240000,
3249,train-clean-360/1195/37134/1195-37134-0005.flac,240000,
3250,train-clean-360/1046/133224/1046-133224-0051.flac,240000,
3251,train-clean-360/1649/5776/1649-5776-0023.flac,240000,
3252,train-clean-360/1498/140040/1498-140040-0007.flac,240000,
3253,train-clean-360/1058/133263/1058-133263-0019.flac,240000,
3254,train-clean-360/1348/135826/1348-135826-0022.flac,240000,
3255,train-clean-360/1634/141571/1634-141571-0053.flac,239920,
3256,train-clean-360/100/122655/100-122655-0018.flac,239920,
3257,train-clean-360/1212/185485/1212-185485-0000.flac,239920,
3258,train-clean-360/1212/75242/1212-75242-0031.flac,239920,
3259,train-clean-360/115/121896/115-121896-0007.flac,239920,
3260,train-clean-360/1472/285314/1472-285314-0041.flac,239920,
3261,train-clean-360/1463/134463/1463-134463-0052.flac,239920,
3262,train-clean-360/1283/129808/1283-129808-0048.flac,239920,
3263,train-clean-360/1028/133395/1028-133395-0040.flac,239920,
3264,train-clean-360/1463/134465/1463-134465-0007.flac,239920,
3265,train-clean-360/1343/158781/1343-158781-0007.flac,239920,
3266,train-clean-360/1222/133834/1222-133834-0021.flac,239920,
3267,train-clean-360/1603/139325/1603-139325-0001.flac,239919,
3268,train-clean-360/1093/132891/1093-132891-0069.flac,239840,
3269,train-clean-360/1348/135832/1348-135832-0005.flac,239840,
3270,train-clean-360/100/121669/100-121669-0012.flac,239840,
3271,train-clean-360/1060/134451/1060-134451-0011.flac,239840,
3272,train-clean-360/1165/135220/1165-135220-0047.flac,239840,
3273,train-clean-360/1422/149735/1422-149735-0006.flac,239840,
3274,train-clean-360/1509/145742/1509-145742-0001.flac,239840,
3275,train-clean-360/1052/132776/1052-132776-0009.flac,239840,
3276,train-clean-360/1473/135657/1473-135657-0035.flac,239840,
3277,train-clean-360/159/121902/159-121902-0003.flac,239840,
3278,train-clean-360/1018/133447/1018-133447-0047.flac,239840,
3279,train-clean-360/1552/141135/1552-141135-0029.flac,239840,
3280,train-clean-360/157/126796/157-126796-0057.flac,239840,
3281,train-clean-360/1401/174511/1401-174511-0039.flac,239840,
3282,train-clean-360/1322/137588/1322-137588-0020.flac,239840,
3283,train-clean-360/112/123215/112-123215-0029.flac,239760,
3284,train-clean-360/1401/14358/1401-14358-0035.flac,239760,
3285,train-clean-360/1093/132891/1093-132891-0098.flac,239760,
3286,train-clean-360/1607/149245/1607-149245-0025.flac,239760,
3287,train-clean-360/1629/139710/1629-139710-0032.flac,239760,
3288,train-clean-360/122/129752/122-129752-0003.flac,239760,
3289,train-clean-360/1460/138289/1460-138289-0020.flac,239760,
3290,train-clean-360/1027/125147/1027-125147-0005.flac,239760,
3291,train-clean-360/1323/149236/1323-149236-0001.flac,239760,
3292,train-clean-360/14/208/14-208-0029.flac,239760,
3293,train-clean-360/1535/141642/1535-141642-0044.flac,239760,
3294,train-clean-360/1509/145699/1509-145699-0009.flac,239760,
3295,train-clean-360/1316/132800/1316-132800-0024.flac,239760,
3296,train-clean-360/1446/122614/1446-122614-0081.flac,239760,
3297,train-clean-360/1445/139397/1445-139397-0014.flac,239760,
3298,train-clean-360/166/122789/166-122789-0022.flac,239760,
3299,train-clean-360/1212/75242/1212-75242-0013.flac,239760,
3300,train-clean-360/1413/121799/1413-121799-0102.flac,239760,
3301,train-clean-360/1031/133220/1031-133220-0046.flac,239760,
3302,train-clean-360/119/129514/119-129514-0004.flac,239680,
3303,train-clean-360/1100/135264/1100-135264-0019.flac,239680,
3304,train-clean-360/1460/138289/1460-138289-0007.flac,239680,
3305,train-clean-360/154/293987/154-293987-0018.flac,239680,
3306,train-clean-360/1482/140071/1482-140071-0022.flac,239680,
3307,train-clean-360/1322/137588/1322-137588-0053.flac,239680,
3308,train-clean-360/1296/138074/1296-138074-0057.flac,239680,
3309,train-clean-360/1296/138074/1296-138074-0031.flac,239680,
3310,train-clean-360/1100/135264/1100-135264-0035.flac,239680,
3311,train-clean-360/1160/139336/1160-139336-0018.flac,239680,
3312,train-clean-360/1638/84447/1638-84447-0024.flac,239680,
3313,train-clean-360/1365/134804/1365-134804-0039.flac,239680,
3314,train-clean-360/159/135897/159-135897-0021.flac,239680,
3315,train-clean-360/1422/146123/1422-146123-0017.flac,239680,
3316,train-clean-360/1066/4479/1066-4479-0030.flac,239680,
3317,train-clean-360/1001/134708/1001-134708-0038.flac,239680,
3318,train-clean-360/1425/139291/1425-139291-0023.flac,239680,
3319,train-clean-360/1265/135636/1265-135636-0017.flac,239600,
3320,train-clean-360/1265/135636/1265-135636-0009.flac,239600,
3321,train-clean-360/1323/149236/1323-149236-0014.flac,239600,
3322,train-clean-360/1336/138113/1336-138113-0058.flac,239600,
3323,train-clean-360/1463/134465/1463-134465-0059.flac,239600,
3324,train-clean-360/1401/14358/1401-14358-0010.flac,239600,
3325,train-clean-360/1018/135221/1018-135221-0032.flac,239600,
3326,train-clean-360/1472/139797/1472-139797-0003.flac,239600,
3327,train-clean-360/1100/124547/1100-124547-0040.flac,239600,
3328,train-clean-360/1322/137588/1322-137588-0045.flac,239600,
3329,train-clean-360/1289/288043/1289-288043-0048.flac,239600,
3330,train-clean-360/122/121730/122-121730-0030.flac,239600,
3331,train-clean-360/1445/139404/1445-139404-0016.flac,239520,
3332,train-clean-360/1392/128240/1392-128240-0009.flac,239520,
3333,train-clean-360/1058/133263/1058-133263-0027.flac,239520,
3334,train-clean-360/1046/133225/1046-133225-0039.flac,239520,
3335,train-clean-360/1678/142279/1678-142279-0089.flac,239520,
3336,train-clean-360/1271/136861/1271-136861-0013.flac,239520,
3337,train-clean-360/1639/132848/1639-132848-0015.flac,239520,
3338,train-clean-360/1112/128136/1112-128136-0027.flac,239520,
3339,train-clean-360/1603/139325/1603-139325-0012.flac,239520,
3340,train-clean-360/166/352/166-352-0038.flac,239520,
3341,train-clean-360/1446/122614/1446-122614-0007.flac,239520,
3342,train-clean-360/1001/134707/1001-134707-0035.flac,239520,
3343,train-clean-360/1629/139707/1629-139707-0026.flac,239520,
3344,train-clean-360/1316/132800/1316-132800-0046.flac,239520,
3345,train-clean-360/1634/141571/1634-141571-0084.flac,239520,
3346,train-clean-360/1264/129805/1264-129805-0042.flac,239440,
3347,train-clean-360/1058/131113/1058-131113-0034.flac,239440,
3348,train-clean-360/1046/133224/1046-133224-0036.flac,239440,
3349,train-clean-360/1066/4479/1066-4479-0022.flac,239440,
3350,train-clean-360/115/121720/115-121720-0007.flac,239440,
3351,train-clean-360/1066/4479/1066-4479-0034.flac,239440,
3352,train-clean-360/1349/135891/1349-135891-0040.flac,239440,
3353,train-clean-360/112/123215/112-123215-0032.flac,239440,
3354,train-clean-360/1535/141642/1535-141642-0039.flac,239440,
3355,train-clean-360/1050/134121/1050-134121-0013.flac,239440,
3356,train-clean-360/1446/122614/1446-122614-0105.flac,239440,
3357,train-clean-360/1265/135636/1265-135636-0016.flac,239440,
3358,train-clean-360/1678/142279/1678-142279-0007.flac,239440,
3359,train-clean-360/1046/133225/1046-133225-0018.flac,239440,
3360,train-clean-360/1160/139336/1160-139336-0004.flac,239440,
3361,train-clean-360/1121/176698/1121-176698-0031.flac,239440,
3362,train-clean-360/114/129324/114-129324-0046.flac,239360,
3363,train-clean-360/119/129513/119-129513-0017.flac,239360,
3364,train-clean-360/1472/285314/1472-285314-0035.flac,239360,
3365,train-clean-360/157/121899/157-121899-0021.flac,239360,
3366,train-clean-360/1456/136846/1456-136846-0006.flac,239360,
3367,train-clean-360/1259/72927/1259-72927-0032.flac,239360,
3368,train-clean-360/1607/150715/1607-150715-0001.flac,239360,
3369,train-clean-360/1678/142279/1678-142279-0000.flac,239360,
3370,train-clean-360/1283/136983/1283-136983-0046.flac,239360,
3371,train-clean-360/1165/135220/1165-135220-0011.flac,239360,
3372,train-clean-360/1607/150715/1607-150715-0008.flac,239360,
3373,train-clean-360/1365/134804/1365-134804-0003.flac,239280,
3374,train-clean-360/1535/141644/1535-141644-0002.flac,239280,
3375,train-clean-360/1463/134465/1463-134465-0003.flac,239280,
3376,train-clean-360/1028/133395/1028-133395-0030.flac,239280,
3377,train-clean-360/1482/140071/1482-140071-0013.flac,239280,
3378,train-clean-360/1112/128138/1112-128138-0019.flac,239280,
3379,train-clean-360/1392/128240/1392-128240-0003.flac,239280,
3380,train-clean-360/1224/121064/1224-121064-0005.flac,239280,
3381,train-clean-360/1028/133393/1028-133393-0022.flac,239280,
3382,train-clean-360/1336/138115/1336-138115-0009.flac,239280,
3383,train-clean-360/1379/130530/1379-130530-0007.flac,239201,
3384,train-clean-360/1392/128226/1392-128226-0008.flac,239200,
3385,train-clean-360/1028/133395/1028-133395-0035.flac,239200,
3386,train-clean-360/1379/130517/1379-130517-0012.flac,239200,
3387,train-clean-360/1383/130533/1383-130533-0036.flac,239200,
3388,train-clean-360/14/212/14-212-0010.flac,239200,
3389,train-clean-360/1343/158796/1343-158796-0020.flac,239200,
3390,train-clean-360/1121/135824/1121-135824-0038.flac,239200,
3391,train-clean-360/1175/126220/1175-126220-0058.flac,239200,
3392,train-clean-360/1066/4479/1066-4479-0033.flac,239200,
3393,train-clean-360/1335/27593/1335-27593-0028.flac,239120,
3394,train-clean-360/1060/134451/1060-134451-0006.flac,239120,
3395,train-clean-360/101/126861/101-126861-0015.flac,239120,
3396,train-clean-360/1053/132821/1053-132821-0036.flac,239120,
3397,train-clean-360/1289/288044/1289-288044-0010.flac,239120,
3398,train-clean-360/1283/136983/1283-136983-0034.flac,239120,
3399,train-clean-360/1053/132821/1053-132821-0034.flac,239120,
3400,train-clean-360/1182/133396/1182-133396-0003.flac,239120,
3401,train-clean-360/100/121669/100-121669-0021.flac,239120,
3402,train-clean-360/1463/134465/1463-134465-0049.flac,239120,
3403,train-clean-360/1448/135894/1448-135894-0011.flac,239120,
3404,train-clean-360/1093/132891/1093-132891-0055.flac,239120,
3405,train-clean-360/1448/135894/1448-135894-0023.flac,239120,
3406,train-clean-360/1607/134636/1607-134636-0003.flac,239120,
3407,train-clean-360/1463/134463/1463-134463-0000.flac,239120,
3408,train-clean-360/1413/121799/1413-121799-0037.flac,239120,
3409,train-clean-360/1061/152224/1061-152224-0014.flac,239041,
3410,train-clean-360/1536/138488/1536-138488-0014.flac,239040,
3411,train-clean-360/1379/130529/1379-130529-0024.flac,239040,
3412,train-clean-360/1639/132848/1639-132848-0060.flac,239040,
3413,train-clean-360/1028/133395/1028-133395-0008.flac,239040,
3414,train-clean-360/1535/141644/1535-141644-0016.flac,239040,
3415,train-clean-360/1337/156963/1337-156963-0008.flac,239040,
3416,train-clean-360/1079/128632/1079-128632-0021.flac,239040,
3417,train-clean-360/1629/139707/1629-139707-0006.flac,239040,
3418,train-clean-360/1335/27593/1335-27593-0003.flac,239040,
3419,train-clean-360/1348/135832/1348-135832-0044.flac,239040,
3420,train-clean-360/1066/103481/1066-103481-0005.flac,239040,
3421,train-clean-360/1160/134674/1160-134674-0012.flac,239040,
3422,train-clean-360/119/129514/119-129514-0039.flac,239040,
3423,train-clean-360/1641/130505/1641-130505-0020.flac,239040,
3424,train-clean-360/1668/136271/1668-136271-0018.flac,239040,
3425,train-clean-360/1271/128145/1271-128145-0003.flac,239040,
3426,train-clean-360/17/362/17-362-0012.flac,239040,
3427,train-clean-360/1390/130494/1390-130494-0011.flac,239040,
3428,train-clean-360/1547/130184/1547-130184-0024.flac,239040,
3429,train-clean-360/1121/132777/1121-132777-0018.flac,239040,
3430,train-clean-360/114/129324/114-129324-0017.flac,239040,
3431,train-clean-360/1629/139710/1629-139710-0045.flac,239040,
3432,train-clean-360/1634/141571/1634-141571-0074.flac,238960,
3433,train-clean-360/1448/135894/1448-135894-0067.flac,238960,
3434,train-clean-360/1571/141320/1571-141320-0019.flac,238960,
3435,train-clean-360/1058/131113/1058-131113-0014.flac,238960,
3436,train-clean-360/1422/146111/1422-146111-0035.flac,238960,
3437,train-clean-360/1031/133220/1031-133220-0099.flac,238960,
3438,train-clean-360/1226/141270/1226-141270-0028.flac,238960,
3439,train-clean-360/1649/68762/1649-68762-0016.flac,238960,
3440,train-clean-360/1259/27120/1259-27120-0015.flac,238960,
3441,train-clean-360/1165/135216/1165-135216-0041.flac,238960,
3442,train-clean-360/1271/136861/1271-136861-0022.flac,238960,
3443,train-clean-360/1417/1536/1417-1536-0033.flac,238960,
3444,train-clean-360/1018/133447/1018-133447-0012.flac,238959,
3445,train-clean-360/1271/133279/1271-133279-0014.flac,238880,
3446,train-clean-360/1027/125147/1027-125147-0001.flac,238880,
3447,train-clean-360/112/121671/112-121671-0028.flac,238880,
3448,train-clean-360/1422/146111/1422-146111-0032.flac,238880,
3449,train-clean-360/1417/1532/1417-1532-0038.flac,238880,
3450,train-clean-360/1445/139387/1445-139387-0005.flac,238880,
3451,train-clean-360/1335/160602/1335-160602-0033.flac,238880,
3452,train-clean-360/1571/141320/1571-141320-0021.flac,238880,
3453,train-clean-360/1323/138548/1323-138548-0021.flac,238880,
3454,train-clean-360/1634/141571/1634-141571-0069.flac,238880,
3455,train-clean-360/1422/146123/1422-146123-0028.flac,238880,
3456,train-clean-360/1296/138074/1296-138074-0052.flac,238880,
3457,train-clean-360/1182/134316/1182-134316-0009.flac,238880,
3458,train-clean-360/1460/138290/1460-138290-0054.flac,238880,
3459,train-clean-360/1343/158796/1343-158796-0012.flac,238880,
3460,train-clean-360/1121/132777/1121-132777-0022.flac,238800,
3461,train-clean-360/1031/133220/1031-133220-0090.flac,238800,
3462,train-clean-360/101/126859/101-126859-0007.flac,238800,
3463,train-clean-360/1463/134463/1463-134463-0017.flac,238800,
3464,train-clean-360/1413/121799/1413-121799-0017.flac,238800,
3465,train-clean-360/1649/5776/1649-5776-0017.flac,238800,
3466,train-clean-360/1460/138290/1460-138290-0000.flac,238800,
3467,train-clean-360/1264/135033/1264-135033-0016.flac,238800,
3468,train-clean-360/1058/131113/1058-131113-0018.flac,238800,
3469,train-clean-360/1060/134451/1060-134451-0020.flac,238800,
3470,train-clean-360/1337/10674/1337-10674-0036.flac,238800,
3471,train-clean-360/1638/84447/1638-84447-0021.flac,238800,
3472,train-clean-360/1195/135814/1195-135814-0034.flac,238800,
3473,train-clean-360/1448/135894/1448-135894-0015.flac,238800,
3474,train-clean-360/1182/134981/1182-134981-0011.flac,238720,
3475,train-clean-360/1460/138289/1460-138289-0022.flac,238720,
3476,train-clean-360/1335/27593/1335-27593-0031.flac,238720,
3477,train-clean-360/114/129324/114-129324-0031.flac,238720,
3478,train-clean-360/1387/130989/1387-130989-0011.flac,238720,
3479,train-clean-360/1473/135657/1473-135657-0008.flac,238720,
3480,train-clean-360/1383/130489/1383-130489-0021.flac,238720,
3481,train-clean-360/1348/135832/1348-135832-0040.flac,238720,
3482,train-clean-360/1365/134830/1365-134830-0033.flac,238720,
3483,train-clean-360/114/129324/114-129324-0001.flac,238720,
3484,train-clean-360/1012/133424/1012-133424-0032.flac,238720,
3485,train-clean-360/1322/137589/1322-137589-0015.flac,238720,
3486,train-clean-360/1337/10674/1337-10674-0040.flac,238720,
3487,train-clean-360/1349/135891/1349-135891-0009.flac,238720,
3488,train-clean-360/1382/130549/1382-130549-0003.flac,238720,
3489,train-clean-360/1379/130530/1379-130530-0020.flac,238720,
3490,train-clean-360/1182/134981/1182-134981-0041.flac,238720,
3491,train-clean-360/1316/132800/1316-132800-0004.flac,238640,
3492,train-clean-360/1629/139710/1629-139710-0072.flac,238640,
3493,train-clean-360/1226/141279/1226-141279-0032.flac,238640,
3494,train-clean-360/119/129514/119-129514-0028.flac,238640,
3495,train-clean-360/1638/84447/1638-84447-0044.flac,238640,
3496,train-clean-360/1271/128145/1271-128145-0007.flac,238640,
3497,train-clean-360/1311/134170/1311-134170-0051.flac,238640,
3498,train-clean-360/1313/135020/1313-135020-0035.flac,238640,
3499,train-clean-360/1316/132800/1316-132800-0026.flac,238640,
3500,train-clean-360/1028/133393/1028-133393-0041.flac,238640,
3501,train-clean-360/1046/133224/1046-133224-0025.flac,238640,
3502,train-clean-360/1678/142279/1678-142279-0080.flac,238640,
3503,train-clean-360/1058/131113/1058-131113-0052.flac,238640,
3504,train-clean-360/1226/141268/1226-141268-0005.flac,238640,
3505,train-clean-360/1121/135824/1121-135824-0018.flac,238640,
3506,train-clean-360/1323/138548/1323-138548-0025.flac,238640,
3507,train-clean-360/1547/130184/1547-130184-0061.flac,238560,
3508,train-clean-360/1012/133424/1012-133424-0033.flac,238560,
3509,train-clean-360/1365/134830/1365-134830-0039.flac,238560,
3510,train-clean-360/1264/135033/1264-135033-0002.flac,238560,
3511,train-clean-360/1392/128226/1392-128226-0015.flac,238560,
3512,train-clean-360/1212/75242/1212-75242-0038.flac,238560,
3513,train-clean-360/1365/134830/1365-134830-0009.flac,238560,
3514,train-clean-360/1100/135264/1100-135264-0043.flac,238560,
3515,train-clean-360/1487/133273/1487-133273-0110.flac,238560,
3516,train-clean-360/1160/134674/1160-134674-0003.flac,238560,
3517,train-clean-360/1349/135891/1349-135891-0003.flac,238560,
3518,train-clean-360/1165/135216/1165-135216-0008.flac,238560,
3519,train-clean-360/1265/135635/1265-135635-0005.flac,238559,
3520,train-clean-360/1337/10673/1337-10673-0041.flac,238480,
3521,train-clean-360/166/352/166-352-0007.flac,238480,
3522,train-clean-360/1224/121064/1224-121064-0019.flac,238480,
3523,train-clean-360/166/126302/166-126302-0013.flac,238480,
3524,train-clean-360/1556/143307/1556-143307-0019.flac,238480,
3525,train-clean-360/1343/139681/1343-139681-0030.flac,238480,
3526,train-clean-360/1463/134463/1463-134463-0055.flac,238480,
3527,train-clean-360/115/122944/115-122944-0028.flac,238480,
3528,train-clean-360/1031/133220/1031-133220-0010.flac,238480,
3529,train-clean-360/1649/68762/1649-68762-0007.flac,238480,
3530,train-clean-360/1607/149245/1607-149245-0035.flac,238480,
3531,train-clean-360/1160/139717/1160-139717-0020.flac,238480,
3532,train-clean-360/1556/143307/1556-143307-0026.flac,238400,
3533,train-clean-360/1323/138617/1323-138617-0027.flac,238400,
3534,train-clean-360/1463/134463/1463-134463-0031.flac,238400,
3535,train-clean-360/1382/130548/1382-130548-0018.flac,238400,
3536,train-clean-360/1212/75242/1212-75242-0012.flac,238400,
3537,train-clean-360/1509/145742/1509-145742-0027.flac,238400,
3538,train-clean-360/1448/135894/1448-135894-0026.flac,238400,
3539,train-clean-360/1259/137770/1259-137770-0018.flac,238400,
3540,train-clean-360/1509/145742/1509-145742-0016.flac,238400,
3541,train-clean-360/1678/142279/1678-142279-0068.flac,238400,
3542,train-clean-360/1195/135814/1195-135814-0002.flac,238400,
3543,train-clean-360/1343/158796/1343-158796-0007.flac,238400,
3544,train-clean-360/1316/132782/1316-132782-0035.flac,238400,
3545,train-clean-360/1182/133396/1182-133396-0016.flac,238400,
3546,train-clean-360/159/135897/159-135897-0012.flac,238400,
3547,train-clean-360/1175/126220/1175-126220-0019.flac,238400,
3548,train-clean-360/1283/129808/1283-129808-0035.flac,238320,
3549,train-clean-360/1054/143005/1054-143005-0099.flac,238320,
3550,train-clean-360/1335/160602/1335-160602-0017.flac,238320,
3551,train-clean-360/1556/143307/1556-143307-0080.flac,238320,
3552,train-clean-360/1448/135894/1448-135894-0090.flac,238320,
3553,train-clean-360/115/121720/115-121720-0009.flac,238320,
3554,train-clean-360/1027/125140/1027-125140-0016.flac,238320,
3555,train-clean-360/101/126859/101-126859-0011.flac,238320,
3556,train-clean-360/1012/133424/1012-133424-0047.flac,238320,
3557,train-clean-360/1348/135826/1348-135826-0008.flac,238320,
3558,train-clean-360/1556/139350/1556-139350-0025.flac,238320,
3559,train-clean-360/1224/121064/1224-121064-0036.flac,238320,
3560,train-clean-360/1296/134434/1296-134434-0013.flac,238320,
3561,train-clean-360/1323/149236/1323-149236-0006.flac,238320,
3562,train-clean-360/159/121891/159-121891-0006.flac,238240,
3563,train-clean-360/166/122789/166-122789-0025.flac,238240,
3564,train-clean-360/1678/142279/1678-142279-0027.flac,238240,
3565,train-clean-360/1212/14653/1212-14653-0025.flac,238240,
3566,train-clean-360/1456/130544/1456-130544-0025.flac,238240,
3567,train-clean-360/1535/141644/1535-141644-0035.flac,238240,
3568,train-clean-360/1323/138548/1323-138548-0018.flac,238240,
3569,train-clean-360/1392/128240/1392-128240-0005.flac,238240,
3570,train-clean-360/1463/134463/1463-134463-0059.flac,238240,
3571,train-clean-360/112/121671/112-121671-0015.flac,238240,
3572,train-clean-360/1050/134121/1050-134121-0012.flac,238240,
3573,train-clean-360/1337/10673/1337-10673-0030.flac,238240,
3574,train-clean-360/1283/136983/1283-136983-0014.flac,238240,
3575,train-clean-360/1336/138113/1336-138113-0036.flac,238160,
3576,train-clean-360/1678/142279/1678-142279-0023.flac,238160,
3577,train-clean-360/14/208/14-208-0036.flac,238160,
3578,train-clean-360/1460/138290/1460-138290-0023.flac,238160,
3579,train-clean-360/1487/133273/1487-133273-0086.flac,238160,
3580,train-clean-360/1195/130164/1195-130164-0031.flac,238160,
3581,train-clean-360/1337/156963/1337-156963-0017.flac,238160,
3582,train-clean-360/1226/141270/1226-141270-0008.flac,238160,
3583,train-clean-360/1335/160602/1335-160602-0012.flac,238160,
3584,train-clean-360/1100/135264/1100-135264-0012.flac,238160,
3585,train-clean-360/1027/125147/1027-125147-0015.flac,238160,
3586,train-clean-360/1195/130164/1195-130164-0020.flac,238160,
3587,train-clean-360/100/122655/100-122655-0008.flac,238160,
3588,train-clean-360/1638/84448/1638-84448-0025.flac,238160,
3589,train-clean-360/1222/141174/1222-141174-0060.flac,238080,
3590,train-clean-360/166/122789/166-122789-0017.flac,238080,
3591,train-clean-360/1212/14653/1212-14653-0026.flac,238080,
3592,train-clean-360/1556/143307/1556-143307-0034.flac,238080,
3593,train-clean-360/100/121674/100-121674-0009.flac,238080,
3594,train-clean-360/1456/139733/1456-139733-0009.flac,238080,
3595,train-clean-360/1001/134708/1001-134708-0020.flac,238080,
3596,train-clean-360/1482/140067/1482-140067-0013.flac,238080,
3597,train-clean-360/1195/37134/1195-37134-0009.flac,238080,
3598,train-clean-360/14/208/14-208-0022.flac,238080,
3599,train-clean-360/1678/142279/1678-142279-0075.flac,238000,
3600,train-clean-360/1271/136861/1271-136861-0009.flac,238000,
3601,train-clean-360/126/122467/126-122467-0080.flac,238000,
3602,train-clean-360/157/121899/157-121899-0003.flac,238000,
3603,train-clean-360/1422/146123/1422-146123-0010.flac,238000,
3604,train-clean-360/1634/141571/1634-141571-0037.flac,238000,
3605,train-clean-360/1311/134170/1311-134170-0013.flac,238000,
3606,train-clean-360/1335/27593/1335-27593-0004.flac,238000,
3607,train-clean-360/1031/133220/1031-133220-0041.flac,238000,
3608,train-clean-360/1112/128136/1112-128136-0023.flac,238000,
3609,train-clean-360/1165/135220/1165-135220-0035.flac,237920,
3610,train-clean-360/1509/143477/1509-143477-0053.flac,237920,
3611,train-clean-360/1316/132782/1316-132782-0023.flac,237920,
3612,train-clean-360/1422/146111/1422-146111-0017.flac,237920,
3613,train-clean-360/1028/133393/1028-133393-0034.flac,237920,
3614,train-clean-360/1264/129805/1264-129805-0013.flac,237920,
3615,train-clean-360/1241/121106/1241-121106-0037.flac,237920,
3616,train-clean-360/1335/160602/1335-160602-0028.flac,237920,
3617,train-clean-360/1050/134119/1050-134119-0018.flac,237920,
3618,train-clean-360/1182/134316/1182-134316-0015.flac,237920,
3619,train-clean-360/1335/27593/1335-27593-0007.flac,237920,
3620,train-clean-360/1336/138113/1336-138113-0026.flac,237920,
3621,train-clean-360/1050/134120/1050-134120-0039.flac,237920,
3622,train-clean-360/1165/135216/1165-135216-0053.flac,237920,
3623,train-clean-360/1289/288044/1289-288044-0043.flac,237920,
3624,train-clean-360/1536/138488/1536-138488-0007.flac,237840,
3625,train-clean-360/1316/132800/1316-132800-0009.flac,237840,
3626,train-clean-360/154/293987/154-293987-0025.flac,237840,
3627,train-clean-360/100/121674/100-121674-0038.flac,237840,
3628,train-clean-360/1100/135264/1100-135264-0021.flac,237840,
3629,train-clean-360/1482/140072/1482-140072-0017.flac,237840,
3630,train-clean-360/1446/122614/1446-122614-0015.flac,237840,
3631,train-clean-360/1448/135894/1448-135894-0111.flac,237840,
3632,train-clean-360/1079/128632/1079-128632-0035.flac,237840,
3633,train-clean-360/1323/138617/1323-138617-0036.flac,237840,
3634,train-clean-360/14/208/14-208-0004.flac,237760,
3635,train-clean-360/1392/135659/1392-135659-0023.flac,237760,
3636,train-clean-360/1456/136846/1456-136846-0013.flac,237760,
3637,train-clean-360/1165/135216/1165-135216-0032.flac,237760,
3638,train-clean-360/1053/132821/1053-132821-0003.flac,237760,
3639,train-clean-360/112/121727/112-121727-0009.flac,237760,
3640,train-clean-360/1265/135635/1265-135635-0064.flac,237760,
3641,train-clean-360/1241/137614/1241-137614-0016.flac,237760,
3642,train-clean-360/1463/134465/1463-134465-0052.flac,237760,
3643,train-clean-360/1160/139730/1160-139730-0007.flac,237760,
3644,train-clean-360/1349/135891/1349-135891-0039.flac,237760,
3645,train-clean-360/1224/121064/1224-121064-0103.flac,237760,
3646,train-clean-360/1425/139297/1425-139297-0005.flac,237760,
3647,train-clean-360/1289/288043/1289-288043-0023.flac,237760,
3648,train-clean-360/1379/130529/1379-130529-0022.flac,237760,
3649,train-clean-360/112/123215/112-123215-0026.flac,237760,
3650,train-clean-360/1182/134316/1182-134316-0001.flac,237760,
3651,train-clean-360/1066/5330/1066-5330-0036.flac,237760,
3652,train-clean-360/114/129317/114-129317-0030.flac,237760,
3653,train-clean-360/1264/129805/1264-129805-0050.flac,237680,
3654,train-clean-360/1265/135635/1265-135635-0025.flac,237680,
3655,train-clean-360/1678/142279/1678-142279-0081.flac,237680,
3656,train-clean-360/1259/137770/1259-137770-0021.flac,237680,
3657,train-clean-360/1226/141268/1226-141268-0032.flac,237680,
3658,train-clean-360/1629/139710/1629-139710-0020.flac,237680,
3659,train-clean-360/1066/5330/1066-5330-0024.flac,237680,
3660,train-clean-360/1322/137588/1322-137588-0027.flac,237680,
3661,train-clean-360/1422/149735/1422-149735-0030.flac,237680,
3662,train-clean-360/114/129324/114-129324-0008.flac,237680,
3663,train-clean-360/1639/132848/1639-132848-0057.flac,237680,
3664,train-clean-360/157/126796/157-126796-0010.flac,237680,
3665,train-clean-360/1226/141270/1226-141270-0002.flac,237601,
3666,train-clean-360/1649/68762/1649-68762-0015.flac,237600,
3667,train-clean-360/1336/138115/1336-138115-0044.flac,237600,
3668,train-clean-360/14/208/14-208-0048.flac,237600,
3669,train-clean-360/1241/121103/1241-121103-0003.flac,237600,
3670,train-clean-360/1638/84448/1638-84448-0059.flac,237600,
3671,train-clean-360/1460/138289/1460-138289-0029.flac,237600,
3672,train-clean-360/1264/135033/1264-135033-0004.flac,237600,
3673,train-clean-360/1027/125140/1027-125140-0010.flac,237600,
3674,train-clean-360/114/129324/114-129324-0018.flac,237600,
3675,train-clean-360/1498/140041/1498-140041-0049.flac,237600,
3676,train-clean-360/1058/133263/1058-133263-0011.flac,237600,
3677,train-clean-360/1175/126221/1175-126221-0000.flac,237600,
3678,train-clean-360/1417/1536/1417-1536-0022.flac,237600,
3679,train-clean-360/1050/134120/1050-134120-0036.flac,237520,
3680,train-clean-360/1482/140072/1482-140072-0020.flac,237520,
3681,train-clean-360/114/129324/114-129324-0047.flac,237520,
3682,train-clean-360/1638/84448/1638-84448-0034.flac,237520,
3683,train-clean-360/122/121730/122-121730-0012.flac,237520,
3684,train-clean-360/1052/132776/1052-132776-0010.flac,237520,
3685,train-clean-360/100/121674/100-121674-0000.flac,237520,
3686,train-clean-360/1392/135654/1392-135654-0011.flac,237520,
3687,train-clean-360/1222/133834/1222-133834-0002.flac,237440,
3688,train-clean-360/1336/138115/1336-138115-0032.flac,237440,
3689,train-clean-360/1463/134465/1463-134465-0064.flac,237440,
3690,train-clean-360/122/121729/122-121729-0014.flac,237440,
3691,train-clean-360/112/123215/112-123215-0019.flac,237440,
3692,train-clean-360/1629/139710/1629-139710-0060.flac,237440,
3693,train-clean-360/1296/138074/1296-138074-0053.flac,237440,
3694,train-clean-360/115/122944/115-122944-0005.flac,237440,
3695,train-clean-360/1222/141174/1222-141174-0008.flac,237440,
3696,train-clean-360/1649/68762/1649-68762-0035.flac,237440,
3697,train-clean-360/1487/133273/1487-133273-0007.flac,237440,
3698,train-clean-360/1448/135894/1448-135894-0000.flac,237440,
3699,train-clean-360/1046/133225/1046-133225-0056.flac,237440,
3700,train-clean-360/1379/130530/1379-130530-0002.flac,237440,
3701,train-clean-360/1678/142279/1678-142279-0043.flac,237440,
3702,train-clean-360/1513/140222/1513-140222-0030.flac,237440,
3703,train-clean-360/1401/174511/1401-174511-0029.flac,237439,
3704,train-clean-360/1264/129805/1264-129805-0005.flac,237360,
3705,train-clean-360/17/362/17-362-0020.flac,237360,
3706,train-clean-360/1448/135894/1448-135894-0112.flac,237360,
3707,train-clean-360/1425/139291/1425-139291-0028.flac,237360,
3708,train-clean-360/1678/142279/1678-142279-0033.flac,237360,
3709,train-clean-360/1050/134120/1050-134120-0026.flac,237360,
3710,train-clean-360/1031/133220/1031-133220-0069.flac,237360,
3711,train-clean-360/1311/134176/1311-134176-0009.flac,237360,
3712,train-clean-360/1271/133279/1271-133279-0038.flac,237360,
3713,train-clean-360/1448/135894/1448-135894-0035.flac,237360,
3714,train-clean-360/1226/141279/1226-141279-0031.flac,237360,
3715,train-clean-360/1001/134707/1001-134707-0069.flac,237360,
3716,train-clean-360/119/121722/119-121722-0010.flac,237360,
3717,train-clean-360/1603/139324/1603-139324-0017.flac,237360,
3718,train-clean-360/1112/1043/1112-1043-0003.flac,237360,
3719,train-clean-360/1387/134991/1387-134991-0001.flac,237360,
3720,train-clean-360/1160/139336/1160-139336-0031.flac,237360,
3721,train-clean-360/1649/150127/1649-150127-0007.flac,237359,
3722,train-clean-360/1445/139387/1445-139387-0030.flac,237281,
3723,train-clean-360/1001/134708/1001-134708-0033.flac,237281,
3724,train-clean-360/1383/130533/1383-130533-0023.flac,237280,
3725,train-clean-360/157/121899/157-121899-0029.flac,237280,
3726,train-clean-360/1058/133263/1058-133263-0009.flac,237280,
3727,train-clean-360/1641/130503/1641-130503-0008.flac,237280,
3728,train-clean-360/1639/133290/1639-133290-0009.flac,237280,
3729,train-clean-360/1383/130489/1383-130489-0005.flac,237280,
3730,train-clean-360/1472/139797/1472-139797-0007.flac,237280,
3731,train-clean-360/1422/149735/1422-149735-0023.flac,237280,
3732,train-clean-360/1001/134707/1001-134707-0012.flac,237280,
3733,train-clean-360/1536/138488/1536-138488-0004.flac,237280,
3734,train-clean-360/1224/121064/1224-121064-0037.flac,237280,
3735,train-clean-360/1487/133273/1487-133273-0072.flac,237280,
3736,train-clean-360/1311/134176/1311-134176-0014.flac,237200,
3737,train-clean-360/1348/135826/1348-135826-0049.flac,237200,
3738,train-clean-360/1498/140041/1498-140041-0007.flac,237200,
3739,train-clean-360/1634/141571/1634-141571-0068.flac,237200,
3740,train-clean-360/126/122467/126-122467-0069.flac,237200,
3741,train-clean-360/1289/288044/1289-288044-0019.flac,237200,
3742,train-clean-360/1571/141320/1571-141320-0044.flac,237200,
3743,train-clean-360/1316/132782/1316-132782-0043.flac,237200,
3744,train-clean-360/1571/141320/1571-141320-0030.flac,237200,
3745,train-clean-360/1060/134451/1060-134451-0044.flac,237200,
3746,train-clean-360/1283/136983/1283-136983-0032.flac,237200,
3747,train-clean-360/1050/134119/1050-134119-0047.flac,237200,
3748,train-clean-360/1446/122614/1446-122614-0085.flac,237200,
3749,train-clean-360/1027/125140/1027-125140-0008.flac,237200,
3750,train-clean-360/1392/135654/1392-135654-0001.flac,237200,
3751,train-clean-360/159/135897/159-135897-0028.flac,237200,
3752,train-clean-360/1379/130530/1379-130530-0016.flac,237120,
3753,train-clean-360/114/129317/114-129317-0047.flac,237120,
3754,train-clean-360/1175/126220/1175-126220-0057.flac,237120,
3755,train-clean-360/1463/134463/1463-134463-0011.flac,237120,
3756,train-clean-360/1182/134316/1182-134316-0002.flac,237120,
3757,train-clean-360/1456/130544/1456-130544-0026.flac,237120,
3758,train-clean-360/1054/143005/1054-143005-0057.flac,237120,
3759,train-clean-360/1311/134170/1311-134170-0033.flac,237120,
3760,train-clean-360/159/135897/159-135897-0006.flac,237120,
3761,train-clean-360/1050/134121/1050-134121-0003.flac,237120,
3762,train-clean-360/1649/150127/1649-150127-0009.flac,237120,
3763,train-clean-360/1283/136983/1283-136983-0003.flac,237120,
3764,train-clean-360/1058/131113/1058-131113-0071.flac,237120,
3765,train-clean-360/1456/139733/1456-139733-0003.flac,237040,
3766,train-clean-360/126/125084/126-125084-0030.flac,237040,
3767,train-clean-360/1417/1536/1417-1536-0037.flac,237040,
3768,train-clean-360/1001/134707/1001-134707-0052.flac,237040,
3769,train-clean-360/1264/129805/1264-129805-0047.flac,237040,
3770,train-clean-360/1547/130184/1547-130184-0079.flac,237040,
3771,train-clean-360/1060/134451/1060-134451-0001.flac,237040,
3772,train-clean-360/1316/132782/1316-132782-0021.flac,237040,
3773,train-clean-360/1241/121103/1241-121103-0008.flac,237040,
3774,train-clean-360/1336/138113/1336-138113-0018.flac,237040,
3775,train-clean-360/1265/135636/1265-135636-0002.flac,237040,
3776,train-clean-360/1316/132800/1316-132800-0003.flac,237040,
3777,train-clean-360/1018/133447/1018-133447-0013.flac,236961,
3778,train-clean-360/1121/176698/1121-176698-0012.flac,236960,
3779,train-clean-360/1337/10674/1337-10674-0048.flac,236960,
3780,train-clean-360/1093/132891/1093-132891-0014.flac,236960,
3781,train-clean-360/1031/133220/1031-133220-0007.flac,236960,
3782,train-clean-360/1052/132776/1052-132776-0019.flac,236960,
3783,train-clean-360/1513/140222/1513-140222-0075.flac,236960,
3784,train-clean-360/1289/288044/1289-288044-0011.flac,236960,
3785,train-clean-360/1536/141791/1536-141791-0032.flac,236960,
3786,train-clean-360/1165/135220/1165-135220-0034.flac,236960,
3787,train-clean-360/1100/124547/1100-124547-0038.flac,236960,
3788,train-clean-360/1446/122614/1446-122614-0038.flac,236960,
3789,train-clean-360/1472/139797/1472-139797-0005.flac,236960,
3790,train-clean-360/1028/133395/1028-133395-0012.flac,236880,
3791,train-clean-360/1422/146123/1422-146123-0014.flac,236880,
3792,train-clean-360/1121/132777/1121-132777-0030.flac,236880,
3793,train-clean-360/114/129324/114-129324-0039.flac,236880,
3794,train-clean-360/1012/133424/1012-133424-0077.flac,236880,
3795,train-clean-360/1556/143307/1556-143307-0077.flac,236880,
3796,train-clean-360/1401/14358/1401-14358-0034.flac,236880,
3797,train-clean-360/1054/143005/1054-143005-0024.flac,236880,
3798,train-clean-360/1296/138074/1296-138074-0044.flac,236880,
3799,train-clean-360/1336/138113/1336-138113-0039.flac,236880,
3800,train-clean-360/1482/140067/1482-140067-0023.flac,236880,
3801,train-clean-360/1054/143005/1054-143005-0101.flac,236880,
3802,train-clean-360/1473/135657/1473-135657-0069.flac,236800,
3803,train-clean-360/1392/128240/1392-128240-0020.flac,236800,
3804,train-clean-360/1264/129805/1264-129805-0045.flac,236800,
3805,train-clean-360/1379/130530/1379-130530-0004.flac,236800,
3806,train-clean-360/112/123216/112-123216-0007.flac,236800,
3807,train-clean-360/119/129515/119-129515-0011.flac,236800,
3808,train-clean-360/1387/130989/1387-130989-0025.flac,236800,
3809,train-clean-360/1603/139325/1603-139325-0017.flac,236800,
3810,train-clean-360/166/122789/166-122789-0030.flac,236800,
3811,train-clean-360/1649/150127/1649-150127-0023.flac,236800,
3812,train-clean-360/1641/130505/1641-130505-0013.flac,236800,
3813,train-clean-360/1422/149735/1422-149735-0004.flac,236800,
3814,train-clean-360/1027/125140/1027-125140-0060.flac,236720,
3815,train-clean-360/1348/135826/1348-135826-0030.flac,236720,
3816,train-clean-360/112/123216/112-123216-0008.flac,236720,
3817,train-clean-360/1556/143307/1556-143307-0001.flac,236720,
3818,train-clean-360/1241/121106/1241-121106-0024.flac,236720,
3819,train-clean-360/1348/135832/1348-135832-0010.flac,236720,
3820,train-clean-360/1265/135635/1265-135635-0058.flac,236720,
3821,train-clean-360/1335/163935/1335-163935-0016.flac,236720,
3822,train-clean-360/1446/122614/1446-122614-0004.flac,236720,
3823,train-clean-360/1054/143005/1054-143005-0029.flac,236720,
3824,train-clean-360/1446/122614/1446-122614-0041.flac,236719,
3825,train-clean-360/1401/174511/1401-174511-0032.flac,236640,
3826,train-clean-360/16/122828/16-122828-0012.flac,236640,
3827,train-clean-360/1271/128145/1271-128145-0006.flac,236640,
3828,train-clean-360/1349/135891/1349-135891-0027.flac,236640,
3829,train-clean-360/1027/125147/1027-125147-0024.flac,236640,
3830,train-clean-360/1463/134463/1463-134463-0034.flac,236640,
3831,train-clean-360/1224/121064/1224-121064-0092.flac,236640,
3832,train-clean-360/1241/137614/1241-137614-0008.flac,236640,
3833,train-clean-360/1061/142358/1061-142358-0022.flac,236640,
3834,train-clean-360/114/129317/114-129317-0045.flac,236640,
3835,train-clean-360/1678/142279/1678-142279-0078.flac,236640,
3836,train-clean-360/1265/135636/1265-135636-0032.flac,236640,
3837,train-clean-360/1629/139710/1629-139710-0078.flac,236640,
3838,train-clean-360/1027/125140/1027-125140-0002.flac,236640,
3839,train-clean-360/1053/132821/1053-132821-0024.flac,236560,
3840,train-clean-360/1241/121103/1241-121103-0014.flac,236560,
3841,train-clean-360/1482/140067/1482-140067-0014.flac,236560,
3842,train-clean-360/1513/140222/1513-140222-0032.flac,236560,
3843,train-clean-360/1271/136861/1271-136861-0024.flac,236560,
3844,train-clean-360/1513/140222/1513-140222-0006.flac,236560,
3845,train-clean-360/1289/288043/1289-288043-0003.flac,236560,
3846,train-clean-360/1012/133424/1012-133424-0020.flac,236560,
3847,train-clean-360/1100/124547/1100-124547-0021.flac,236560,
3848,train-clean-360/119/129514/119-129514-0035.flac,236560,
3849,train-clean-360/112/121671/112-121671-0030.flac,236560,
3850,train-clean-360/1343/158796/1343-158796-0002.flac,236560,
3851,train-clean-360/1226/141268/1226-141268-0030.flac,236560,
3852,train-clean-360/159/121902/159-121902-0019.flac,236560,
3853,train-clean-360/1365/134804/1365-134804-0015.flac,236560,
3854,train-clean-360/1066/4479/1066-4479-0026.flac,236560,
3855,train-clean-360/1031/133220/1031-133220-0081.flac,236560,
3856,train-clean-360/1603/139325/1603-139325-0020.flac,236560,
3857,train-clean-360/1473/135657/1473-135657-0006.flac,236560,
3858,train-clean-360/1289/288043/1289-288043-0021.flac,236560,
3859,train-clean-360/1417/1536/1417-1536-0005.flac,236480,
3860,train-clean-360/1337/156963/1337-156963-0011.flac,236480,
3861,train-clean-360/112/123215/112-123215-0001.flac,236480,
3862,train-clean-360/1061/152224/1061-152224-0030.flac,236480,
3863,train-clean-360/1027/125140/1027-125140-0030.flac,236480,
3864,train-clean-360/1001/134707/1001-134707-0016.flac,236480,
3865,train-clean-360/1121/132777/1121-132777-0025.flac,236480,
3866,train-clean-360/1050/134119/1050-134119-0036.flac,236480,
3867,train-clean-360/1018/133447/1018-133447-0041.flac,236480,
3868,train-clean-360/1121/135824/1121-135824-0020.flac,236480,
3869,train-clean-360/1289/288043/1289-288043-0047.flac,236480,
3870,train-clean-360/1053/132821/1053-132821-0013.flac,236480,
3871,train-clean-360/166/126302/166-126302-0003.flac,236400,
3872,train-clean-360/1265/135636/1265-135636-0037.flac,236400,
3873,train-clean-360/1323/138617/1323-138617-0010.flac,236400,
3874,train-clean-360/1060/134451/1060-134451-0028.flac,236400,
3875,train-clean-360/1463/134463/1463-134463-0022.flac,236400,
3876,train-clean-360/1050/134121/1050-134121-0004.flac,236400,
3877,train-clean-360/100/122655/100-122655-0038.flac,236400,
3878,train-clean-360/1448/135894/1448-135894-0043.flac,236400,
3879,train-clean-360/1313/135020/1313-135020-0046.flac,236400,
3880,train-clean-360/1259/27120/1259-27120-0017.flac,236400,
3881,train-clean-360/1392/128240/1392-128240-0001.flac,236400,
3882,train-clean-360/1349/135891/1349-135891-0020.flac,236400,
3883,train-clean-360/1552/141135/1552-141135-0009.flac,236320,
3884,train-clean-360/100/121674/100-121674-0023.flac,236320,
3885,train-clean-360/1535/141642/1535-141642-0037.flac,236320,
3886,train-clean-360/1392/135659/1392-135659-0033.flac,236320,
3887,train-clean-360/1379/130486/1379-130486-0006.flac,236320,
3888,train-clean-360/1050/134119/1050-134119-0007.flac,236320,
3889,train-clean-360/126/125084/126-125084-0004.flac,236320,
3890,train-clean-360/154/124002/154-124002-0012.flac,236320,
3891,train-clean-360/1271/133279/1271-133279-0019.flac,236320,
3892,train-clean-360/1283/129808/1283-129808-0026.flac,236320,
3893,train-clean-360/1052/139307/1052-139307-0032.flac,236320,
3894,train-clean-360/1322/137589/1322-137589-0058.flac,236320,
3895,train-clean-360/122/129752/122-129752-0036.flac,236320,
3896,train-clean-360/1473/135657/1473-135657-0061.flac,236320,
3897,train-clean-360/1264/135033/1264-135033-0024.flac,236319,
3898,train-clean-360/1401/174511/1401-174511-0040.flac,236240,
3899,train-clean-360/1382/130549/1382-130549-0013.flac,236240,
3900,train-clean-360/1060/134451/1060-134451-0027.flac,236240,
3901,train-clean-360/1289/288044/1289-288044-0004.flac,236240,
3902,train-clean-360/1212/185485/1212-185485-0022.flac,236240,
3903,train-clean-360/1498/140041/1498-140041-0023.flac,236240,
3904,train-clean-360/1536/137608/1536-137608-0030.flac,236240,
3905,train-clean-360/1365/134825/1365-134825-0023.flac,236240,
3906,train-clean-360/1571/141320/1571-141320-0010.flac,236240,
3907,train-clean-360/1259/137770/1259-137770-0017.flac,236240,
3908,train-clean-360/1513/140222/1513-140222-0029.flac,236240,
3909,train-clean-360/1556/139350/1556-139350-0003.flac,236240,
3910,train-clean-360/1018/133447/1018-133447-0057.flac,236240,
3911,train-clean-360/1028/133395/1028-133395-0042.flac,236240,
3912,train-clean-360/1509/143477/1509-143477-0054.flac,236240,
3913,train-clean-360/1422/149735/1422-149735-0014.flac,236161,
3914,train-clean-360/1392/135659/1392-135659-0002.flac,236161,
3915,train-clean-360/1343/158796/1343-158796-0013.flac,236160,
3916,train-clean-360/1165/135220/1165-135220-0049.flac,236160,
3917,train-clean-360/1487/133273/1487-133273-0016.flac,236160,
3918,train-clean-360/1678/142279/1678-142279-0006.flac,236160,
3919,train-clean-360/1296/138074/1296-138074-0005.flac,236160,
3920,train-clean-360/1456/130544/1456-130544-0019.flac,236160,
3921,train-clean-360/1392/135654/1392-135654-0005.flac,236160,
3922,train-clean-360/1482/140067/1482-140067-0032.flac,236160,
3923,train-clean-360/1050/134119/1050-134119-0004.flac,236080,
3924,train-clean-360/1028/133393/1028-133393-0036.flac,236080,
3925,train-clean-360/1513/140222/1513-140222-0013.flac,236080,
3926,train-clean-360/1473/135657/1473-135657-0059.flac,236080,
3927,train-clean-360/1335/163935/1335-163935-0002.flac,236080,
3928,train-clean-360/16/122827/16-122827-0059.flac,236080,
3929,train-clean-360/1012/133424/1012-133424-0090.flac,236080,
3930,train-clean-360/1460/138290/1460-138290-0008.flac,236080,
3931,train-clean-360/1031/133220/1031-133220-0037.flac,236080,
3932,train-clean-360/101/126860/101-126860-0047.flac,236080,
3933,train-clean-360/1603/140931/1603-140931-0032.flac,236080,
3934,train-clean-360/1335/27593/1335-27593-0002.flac,236080,
3935,train-clean-360/1445/139404/1445-139404-0004.flac,236000,
3936,train-clean-360/1050/134120/1050-134120-0003.flac,236000,
3937,train-clean-360/1425/139297/1425-139297-0038.flac,236000,
3938,train-clean-360/1445/139387/1445-139387-0034.flac,236000,
3939,train-clean-360/1271/133279/1271-133279-0002.flac,236000,
3940,train-clean-360/1603/140931/1603-140931-0012.flac,236000,
3941,train-clean-360/1241/121103/1241-121103-0018.flac,236000,
3942,train-clean-360/1012/133424/1012-133424-0076.flac,236000,
3943,train-clean-360/1383/130533/1383-130533-0012.flac,236000,
3944,train-clean-360/1472/139797/1472-139797-0019.flac,236000,
3945,train-clean-360/1226/141268/1226-141268-0007.flac,236000,
3946,train-clean-360/101/126861/101-126861-0001.flac,236000,
3947,train-clean-360/1379/130530/1379-130530-0028.flac,236000,
3948,train-clean-360/1487/133273/1487-133273-0088.flac,235920,
3949,train-clean-360/101/126859/101-126859-0029.flac,235920,
3950,train-clean-360/154/123998/154-123998-0018.flac,235920,
3951,train-clean-360/1290/135762/1290-135762-0025.flac,235920,
3952,train-clean-360/1226/141270/1226-141270-0025.flac,235920,
3953,train-clean-360/101/126860/101-126860-0023.flac,235920,
3954,train-clean-360/166/352/166-352-0005.flac,235920,
3955,train-clean-360/1112/128136/1112-128136-0010.flac,235920,
3956,train-clean-360/14/212/14-212-0033.flac,235920,
3957,train-clean-360/1629/139710/1629-139710-0058.flac,235920,
3958,train-clean-360/1027/125147/1027-125147-0029.flac,235920,
3959,train-clean-360/1289/288043/1289-288043-0045.flac,235920,
3960,train-clean-360/1322/137589/1322-137589-0052.flac,235920,
3961,train-clean-360/1195/37134/1195-37134-0019.flac,235920,
3962,train-clean-360/1343/158796/1343-158796-0018.flac,235920,
3963,train-clean-360/1322/137588/1322-137588-0037.flac,235920,
3964,train-clean-360/1473/135657/1473-135657-0038.flac,235920,
3965,train-clean-360/1446/122614/1446-122614-0005.flac,235920,
3966,train-clean-360/1027/125140/1027-125140-0014.flac,235919,
3967,train-clean-360/1390/130495/1390-130495-0014.flac,235840,
3968,train-clean-360/157/126796/157-126796-0038.flac,235840,
3969,train-clean-360/1446/122614/1446-122614-0022.flac,235840,
3970,train-clean-360/1265/135636/1265-135636-0008.flac,235840,
3971,train-clean-360/1031/133220/1031-133220-0030.flac,235840,
3972,train-clean-360/1472/285314/1472-285314-0025.flac,235840,
3973,train-clean-360/1012/133424/1012-133424-0092.flac,235840,
3974,train-clean-360/1379/130517/1379-130517-0011.flac,235840,
3975,train-clean-360/1335/163935/1335-163935-0012.flac,235840,
3976,train-clean-360/159/121902/159-121902-0002.flac,235840,
3977,train-clean-360/1296/138074/1296-138074-0016.flac,235840,
3978,train-clean-360/1417/1532/1417-1532-0029.flac,235840,
3979,train-clean-360/1417/1539/1417-1539-0029.flac,235840,
3980,train-clean-360/1678/142279/1678-142279-0020.flac,235840,
3981,train-clean-360/1343/139681/1343-139681-0015.flac,235760,
3982,train-clean-360/1224/121064/1224-121064-0048.flac,235760,
3983,train-clean-360/1603/140931/1603-140931-0039.flac,235760,
3984,train-clean-360/1445/139387/1445-139387-0044.flac,235760,
3985,train-clean-360/1027/125140/1027-125140-0056.flac,235760,
3986,train-clean-360/126/125084/126-125084-0034.flac,235760,
3987,train-clean-360/1316/132800/1316-132800-0002.flac,235760,
3988,train-clean-360/1012/133424/1012-133424-0060.flac,235760,
3989,train-clean-360/1058/133263/1058-133263-0018.flac,235760,
3990,train-clean-360/1463/134465/1463-134465-0023.flac,235760,
3991,train-clean-360/1046/133224/1046-133224-0047.flac,235760,
3992,train-clean-360/1182/134316/1182-134316-0013.flac,235760,
3993,train-clean-360/1311/134170/1311-134170-0053.flac,235760,
3994,train-clean-360/1365/134825/1365-134825-0018.flac,235680,
3995,train-clean-360/1473/135657/1473-135657-0094.flac,235680,
3996,train-clean-360/1365/134825/1365-134825-0026.flac,235680,
3997,train-clean-360/1634/141571/1634-141571-0062.flac,235680,
3998,train-clean-360/101/126859/101-126859-0017.flac,235680,
3999,train-clean-360/100/122655/100-122655-0020.flac,235680,
4000,train-clean-360/1018/133447/1018-133447-0016.flac,235680,
4001,train-clean-360/1639/132848/1639-132848-0018.flac,235680,
4002,train-clean-360/1093/132891/1093-132891-0108.flac,235680,
4003,train-clean-360/1607/149245/1607-149245-0037.flac,235680,
4004,train-clean-360/1224/121064/1224-121064-0020.flac,235600,
4005,train-clean-360/1175/126220/1175-126220-0024.flac,235600,
4006,train-clean-360/1175/126220/1175-126220-0044.flac,235600,
4007,train-clean-360/1222/133834/1222-133834-0016.flac,235600,
4008,train-clean-360/1365/134804/1365-134804-0026.flac,235600,
4009,train-clean-360/1383/130533/1383-130533-0032.flac,235520,
4010,train-clean-360/1446/122614/1446-122614-0084.flac,235520,
4011,train-clean-360/1316/132782/1316-132782-0024.flac,235520,
4012,train-clean-360/1668/136271/1668-136271-0011.flac,235520,
4013,train-clean-360/1121/176698/1121-176698-0039.flac,235520,
4014,train-clean-360/1365/134830/1365-134830-0030.flac,235520,
4015,train-clean-360/1012/133424/1012-133424-0066.flac,235520,
4016,train-clean-360/1634/141571/1634-141571-0016.flac,235520,
4017,train-clean-360/1322/137588/1322-137588-0011.flac,235520,
4018,train-clean-360/1382/130516/1382-130516-0001.flac,235520,
4019,train-clean-360/1473/135657/1473-135657-0030.flac,235520,
4020,train-clean-360/1638/84448/1638-84448-0042.flac,235520,
4021,train-clean-360/1473/135657/1473-135657-0091.flac,235520,
4022,train-clean-360/1425/139291/1425-139291-0008.flac,235520,
4023,train-clean-360/1456/130545/1456-130545-0017.flac,235520,
4024,train-clean-360/1571/138486/1571-138486-0037.flac,235520,
4025,train-clean-360/1513/140221/1513-140221-0009.flac,235520,
4026,train-clean-360/14/212/14-212-0036.flac,235520,
4027,train-clean-360/14/208/14-208-0042.flac,235520,
4028,train-clean-360/1446/122614/1446-122614-0069.flac,235440,
4029,train-clean-360/1012/133424/1012-133424-0000.flac,235440,
4030,train-clean-360/154/123998/154-123998-0028.flac,235440,
4031,train-clean-360/1212/75242/1212-75242-0001.flac,235440,
4032,train-clean-360/1607/150715/1607-150715-0024.flac,235440,
4033,train-clean-360/1446/122614/1446-122614-0082.flac,235440,
4034,train-clean-360/1473/135657/1473-135657-0032.flac,235440,
4035,train-clean-360/1417/1532/1417-1532-0004.flac,235440,
4036,train-clean-360/1259/72927/1259-72927-0007.flac,235440,
4037,train-clean-360/1165/135216/1165-135216-0020.flac,235440,
4038,train-clean-360/1413/121799/1413-121799-0063.flac,235440,
4039,train-clean-360/1482/140067/1482-140067-0009.flac,235440,
4040,train-clean-360/126/122467/126-122467-0052.flac,235360,
4041,train-clean-360/1607/149245/1607-149245-0004.flac,235360,
4042,train-clean-360/154/124003/154-124003-0007.flac,235360,
4043,train-clean-360/1392/135659/1392-135659-0006.flac,235360,
4044,train-clean-360/1311/134170/1311-134170-0018.flac,235360,
4045,train-clean-360/1387/134991/1387-134991-0021.flac,235360,
4046,train-clean-360/1603/139325/1603-139325-0007.flac,235360,
4047,train-clean-360/1050/134120/1050-134120-0030.flac,235360,
4048,train-clean-360/1473/135657/1473-135657-0057.flac,235360,
4049,train-clean-360/1379/130530/1379-130530-0029.flac,235360,
4050,train-clean-360/166/122789/166-122789-0005.flac,235360,
4051,train-clean-360/1336/138113/1336-138113-0033.flac,235360,
4052,train-clean-360/1212/75242/1212-75242-0025.flac,235360,
4053,train-clean-360/1112/128136/1112-128136-0017.flac,235360,
4054,train-clean-360/1028/133393/1028-133393-0014.flac,235360,
4055,train-clean-360/1473/135657/1473-135657-0002.flac,235360,
4056,train-clean-360/1052/139307/1052-139307-0030.flac,235360,
4057,train-clean-360/1027/125140/1027-125140-0026.flac,235360,
4058,train-clean-360/1335/27593/1335-27593-0032.flac,235360,
4059,train-clean-360/1513/140221/1513-140221-0003.flac,235360,
4060,train-clean-360/1027/125147/1027-125147-0020.flac,235360,
4061,train-clean-360/1264/129805/1264-129805-0024.flac,235280,
4062,train-clean-360/1425/139290/1425-139290-0015.flac,235280,
4063,train-clean-360/1265/135636/1265-135636-0007.flac,235280,
4064,train-clean-360/1641/130503/1641-130503-0012.flac,235280,
4065,train-clean-360/1195/135814/1195-135814-0035.flac,235280,
4066,train-clean-360/122/129752/122-129752-0017.flac,235280,
4067,train-clean-360/1448/135894/1448-135894-0017.flac,235280,
4068,train-clean-360/1226/141268/1226-141268-0023.flac,235280,
4069,train-clean-360/1264/135033/1264-135033-0003.flac,235280,
4070,train-clean-360/154/123998/154-123998-0008.flac,235280,
4071,train-clean-360/1226/141279/1226-141279-0013.flac,235280,
4072,train-clean-360/1343/158781/1343-158781-0005.flac,235280,
4073,train-clean-360/1463/134463/1463-134463-0045.flac,235280,
4074,train-clean-360/1012/133424/1012-133424-0027.flac,235280,
4075,train-clean-360/16/122827/16-122827-0020.flac,235200,
4076,train-clean-360/1025/75365/1025-75365-0000.flac,235200,
4077,train-clean-360/1382/130548/1382-130548-0015.flac,235200,
4078,train-clean-360/16/122828/16-122828-0033.flac,235200,
4079,train-clean-360/1054/143005/1054-143005-0097.flac,235200,
4080,train-clean-360/1446/122614/1446-122614-0056.flac,235200,
4081,train-clean-360/1160/139727/1160-139727-0003.flac,235200,
4082,train-clean-360/1322/137589/1322-137589-0030.flac,235200,
4083,train-clean-360/1112/128136/1112-128136-0035.flac,235200,
4084,train-clean-360/1629/139710/1629-139710-0044.flac,235200,
4085,train-clean-360/1112/1043/1112-1043-0029.flac,235200,
4086,train-clean-360/1222/133834/1222-133834-0035.flac,235120,
4087,train-clean-360/1639/133290/1639-133290-0010.flac,235120,
4088,train-clean-360/1054/143005/1054-143005-0098.flac,235120,
4089,train-clean-360/1556/143307/1556-143307-0057.flac,235120,
4090,train-clean-360/1060/134451/1060-134451-0047.flac,235120,
4091,train-clean-360/1472/139797/1472-139797-0038.flac,235120,
4092,train-clean-360/1498/140041/1498-140041-0043.flac,235120,
4093,train-clean-360/1195/130164/1195-130164-0019.flac,235120,
4094,train-clean-360/1448/135894/1448-135894-0007.flac,235120,
4095,train-clean-360/1448/135894/1448-135894-0075.flac,235120,
4096,train-clean-360/1296/134434/1296-134434-0033.flac,235120,
4097,train-clean-360/1093/132891/1093-132891-0044.flac,235120,
4098,train-clean-360/1290/135762/1290-135762-0063.flac,235040,
4099,train-clean-360/159/135897/159-135897-0030.flac,235040,
4100,train-clean-360/1311/134170/1311-134170-0030.flac,235040,
4101,train-clean-360/1054/143005/1054-143005-0055.flac,235040,
4102,train-clean-360/1316/132782/1316-132782-0020.flac,235040,
4103,train-clean-360/1283/136983/1283-136983-0026.flac,235040,
4104,train-clean-360/1046/133225/1046-133225-0021.flac,235040,
4105,train-clean-360/1028/133395/1028-133395-0001.flac,235040,
4106,train-clean-360/1226/141268/1226-141268-0019.flac,235040,
4107,train-clean-360/1323/138548/1323-138548-0017.flac,235040,
4108,train-clean-360/112/121727/112-121727-0012.flac,235040,
4109,train-clean-360/1001/134707/1001-134707-0023.flac,235040,
4110,train-clean-360/159/135897/159-135897-0069.flac,234960,
4111,train-clean-360/100/121669/100-121669-0027.flac,234960,
4112,train-clean-360/1513/140222/1513-140222-0060.flac,234960,
4113,train-clean-360/1100/135264/1100-135264-0003.flac,234960,
4114,train-clean-360/1571/141320/1571-141320-0009.flac,234960,
4115,train-clean-360/1446/122614/1446-122614-0054.flac,234960,
4116,train-clean-360/1058/131113/1058-131113-0020.flac,234960,
4117,train-clean-360/1509/143477/1509-143477-0055.flac,234960,
4118,train-clean-360/1012/133424/1012-133424-0004.flac,234960,
4119,train-clean-360/1322/137588/1322-137588-0034.flac,234960,
4120,train-clean-360/1296/134434/1296-134434-0040.flac,234960,
4121,train-clean-360/1112/128138/1112-128138-0009.flac,234960,
4122,train-clean-360/126/122467/126-122467-0073.flac,234960,
4123,train-clean-360/1100/124547/1100-124547-0015.flac,234960,
4124,train-clean-360/1054/143005/1054-143005-0041.flac,234960,
4125,train-clean-360/17/362/17-362-0014.flac,234960,
4126,train-clean-360/1001/134707/1001-134707-0041.flac,234880,
4127,train-clean-360/1365/134825/1365-134825-0009.flac,234880,
4128,train-clean-360/16/122827/16-122827-0015.flac,234880,
4129,train-clean-360/1027/125140/1027-125140-0029.flac,234880,
4130,train-clean-360/1547/130184/1547-130184-0028.flac,234880,
4131,train-clean-360/1241/121106/1241-121106-0041.flac,234880,
4132,train-clean-360/1383/130533/1383-130533-0033.flac,234880,
4133,train-clean-360/1012/133424/1012-133424-0055.flac,234880,
4134,train-clean-360/1323/138617/1323-138617-0015.flac,234880,
4135,train-clean-360/1629/139707/1629-139707-0020.flac,234880,
4136,train-clean-360/1448/135894/1448-135894-0018.flac,234880,
4137,train-clean-360/1456/130545/1456-130545-0009.flac,234800,
4138,train-clean-360/101/126859/101-126859-0008.flac,234800,
4139,train-clean-360/1093/132891/1093-132891-0102.flac,234800,
4140,train-clean-360/14/208/14-208-0040.flac,234800,
4141,train-clean-360/1271/136861/1271-136861-0027.flac,234800,
4142,train-clean-360/1316/132800/1316-132800-0045.flac,234800,
4143,train-clean-360/1641/130503/1641-130503-0023.flac,234800,
4144,train-clean-360/1536/137608/1536-137608-0015.flac,234800,
4145,train-clean-360/1336/138115/1336-138115-0005.flac,234800,
4146,train-clean-360/1638/84448/1638-84448-0022.flac,234800,
4147,train-clean-360/126/125084/126-125084-0011.flac,234800,
4148,train-clean-360/1054/143005/1054-143005-0000.flac,234800,
4149,train-clean-360/1349/135891/1349-135891-0008.flac,234800,
4150,train-clean-360/1195/135814/1195-135814-0025.flac,234800,
4151,train-clean-360/1259/137770/1259-137770-0008.flac,234720,
4152,train-clean-360/1226/141268/1226-141268-0001.flac,234720,
4153,train-clean-360/1422/146111/1422-146111-0016.flac,234720,
4154,train-clean-360/119/129514/119-129514-0024.flac,234720,
4155,train-clean-360/1259/72927/1259-72927-0015.flac,234720,
4156,train-clean-360/1018/133447/1018-133447-0000.flac,234720,
4157,train-clean-360/1226/141268/1226-141268-0020.flac,234720,
4158,train-clean-360/1463/134463/1463-134463-0040.flac,234720,
4159,train-clean-360/1054/143005/1054-143005-0003.flac,234640,
4160,train-clean-360/1222/141174/1222-141174-0013.flac,234640,
4161,train-clean-360/1513/140222/1513-140222-0055.flac,234640,
4162,train-clean-360/1382/130549/1382-130549-0001.flac,234640,
4163,train-clean-360/1100/124547/1100-124547-0058.flac,234640,
4164,train-clean-360/112/121727/112-121727-0010.flac,234640,
4165,train-clean-360/1182/133396/1182-133396-0028.flac,234640,
4166,train-clean-360/1473/135657/1473-135657-0072.flac,234640,
4167,train-clean-360/100/122655/100-122655-0031.flac,234640,
4168,train-clean-360/1182/134316/1182-134316-0019.flac,234640,
4169,train-clean-360/17/362/17-362-0003.flac,234640,
4170,train-clean-360/1066/4479/1066-4479-0028.flac,234561,
4171,train-clean-360/1311/134176/1311-134176-0012.flac,234560,
4172,train-clean-360/1165/135216/1165-135216-0022.flac,234560,
4173,train-clean-360/1027/125147/1027-125147-0034.flac,234560,
4174,train-clean-360/1289/288043/1289-288043-0013.flac,234560,
4175,train-clean-360/1552/141135/1552-141135-0003.flac,234560,
4176,train-clean-360/1422/146111/1422-146111-0010.flac,234560,
4177,train-clean-360/1054/143005/1054-143005-0066.flac,234560,
4178,train-clean-360/1460/138289/1460-138289-0010.flac,234560,
4179,train-clean-360/1222/133834/1222-133834-0000.flac,234560,
4180,train-clean-360/1175/126221/1175-126221-0029.flac,234560,
4181,train-clean-360/1425/139290/1425-139290-0010.flac,234560,
4182,train-clean-360/1509/143477/1509-143477-0035.flac,234560,
4183,train-clean-360/1001/134708/1001-134708-0015.flac,234559,
4184,train-clean-360/154/293987/154-293987-0015.flac,234480,
4185,train-clean-360/100/121669/100-121669-0005.flac,234480,
4186,train-clean-360/1387/134991/1387-134991-0030.flac,234480,
4187,train-clean-360/1487/133273/1487-133273-0015.flac,234480,
4188,train-clean-360/14/208/14-208-0013.flac,234480,
4189,train-clean-360/1046/133224/1046-133224-0007.flac,234480,
4190,train-clean-360/157/126796/157-126796-0000.flac,234480,
4191,train-clean-360/1535/141644/1535-141644-0053.flac,234480,
4192,train-clean-360/157/126796/157-126796-0059.flac,234480,
4193,train-clean-360/1311/134176/1311-134176-0022.flac,234480,
4194,train-clean-360/1100/124547/1100-124547-0043.flac,234400,
4195,train-clean-360/1018/135221/1018-135221-0033.flac,234400,
4196,train-clean-360/1160/134674/1160-134674-0006.flac,234400,
4197,train-clean-360/154/123998/154-123998-0030.flac,234400,
4198,train-clean-360/1182/134316/1182-134316-0035.flac,234400,
4199,train-clean-360/1160/139336/1160-139336-0001.flac,234400,
4200,train-clean-360/1571/141320/1571-141320-0027.flac,234400,
4201,train-clean-360/1012/133424/1012-133424-0059.flac,234400,
4202,train-clean-360/1264/135033/1264-135033-0014.flac,234400,
4203,train-clean-360/1289/288044/1289-288044-0002.flac,234400,
4204,train-clean-360/1224/121064/1224-121064-0088.flac,234400,
4205,train-clean-360/1046/133225/1046-133225-0029.flac,234400,
4206,train-clean-360/112/121727/112-121727-0008.flac,234400,
4207,train-clean-360/1050/134120/1050-134120-0037.flac,234400,
4208,train-clean-360/1322/137588/1322-137588-0035.flac,234400,
4209,train-clean-360/1513/140221/1513-140221-0028.flac,234400,
4210,train-clean-360/1323/149236/1323-149236-0026.flac,234400,
4211,train-clean-360/1343/158796/1343-158796-0024.flac,234320,
4212,train-clean-360/1316/132782/1316-132782-0046.flac,234320,
4213,train-clean-360/1296/138074/1296-138074-0043.flac,234320,
4214,train-clean-360/1509/145742/1509-145742-0006.flac,234320,
4215,train-clean-360/1316/132782/1316-132782-0006.flac,234320,
4216,train-clean-360/1448/135894/1448-135894-0071.flac,234320,
4217,train-clean-360/1460/138290/1460-138290-0062.flac,234320,
4218,train-clean-360/100/121674/100-121674-0036.flac,234320,
4219,train-clean-360/1271/136861/1271-136861-0049.flac,234320,
4220,train-clean-360/1392/128240/1392-128240-0011.flac,234320,
4221,train-clean-360/1054/143005/1054-143005-0105.flac,234320,
4222,train-clean-360/157/121907/157-121907-0017.flac,234320,
4223,train-clean-360/1322/137588/1322-137588-0025.flac,234240,
4224,train-clean-360/1160/139727/1160-139727-0015.flac,234240,
4225,train-clean-360/14/208/14-208-0033.flac,234240,
4226,train-clean-360/1365/134804/1365-134804-0038.flac,234240,
4227,train-clean-360/1322/137588/1322-137588-0031.flac,234240,
4228,train-clean-360/1336/138115/1336-138115-0028.flac,234240,
4229,train-clean-360/114/129324/114-129324-0010.flac,234240,
4230,train-clean-360/1425/139290/1425-139290-0031.flac,234240,
4231,train-clean-360/1112/1043/1112-1043-0025.flac,234240,
4232,train-clean-360/1509/145742/1509-145742-0028.flac,234240,
4233,train-clean-360/166/126302/166-126302-0004.flac,234160,
4234,train-clean-360/16/122828/16-122828-0008.flac,234160,
4235,train-clean-360/1422/149735/1422-149735-0011.flac,234160,
4236,train-clean-360/1012/133424/1012-133424-0025.flac,234160,
4237,train-clean-360/157/121899/157-121899-0001.flac,234160,
4238,train-clean-360/1460/138290/1460-138290-0036.flac,234160,
4239,train-clean-360/1571/141320/1571-141320-0052.flac,234160,
4240,train-clean-360/1027/125140/1027-125140-0019.flac,234160,
4241,train-clean-360/1182/134316/1182-134316-0003.flac,234160,
4242,train-clean-360/1046/133225/1046-133225-0020.flac,234160,
4243,train-clean-360/1165/135220/1165-135220-0005.flac,234160,
4244,train-clean-360/1509/143477/1509-143477-0008.flac,234160,
4245,train-clean-360/1018/135221/1018-135221-0039.flac,234080,
4246,train-clean-360/1445/139387/1445-139387-0016.flac,234080,
4247,train-clean-360/166/352/166-352-0001.flac,234080,
4248,train-clean-360/1046/133225/1046-133225-0053.flac,234080,
4249,train-clean-360/1556/139350/1556-139350-0012.flac,234080,
4250,train-clean-360/1046/133225/1046-133225-0015.flac,234080,
4251,train-clean-360/1222/133834/1222-133834-0042.flac,234080,
4252,train-clean-360/1296/134434/1296-134434-0030.flac,234080,
4253,train-clean-360/1509/145742/1509-145742-0020.flac,234080,
4254,train-clean-360/1054/143005/1054-143005-0046.flac,234080,
4255,train-clean-360/1271/128145/1271-128145-0009.flac,234000,
4256,train-clean-360/1018/133447/1018-133447-0002.flac,234000,
4257,train-clean-360/1482/140071/1482-140071-0008.flac,234000,
4258,train-clean-360/1175/126221/1175-126221-0030.flac,234000,
4259,train-clean-360/1365/134825/1365-134825-0014.flac,234000,
4260,train-clean-360/1472/285314/1472-285314-0018.flac,234000,
4261,train-clean-360/1607/149245/1607-149245-0040.flac,234000,
4262,train-clean-360/1195/130164/1195-130164-0037.flac,234000,
4263,train-clean-360/1448/135894/1448-135894-0066.flac,234000,
4264,train-clean-360/1639/132848/1639-132848-0033.flac,234000,
4265,train-clean-360/126/122467/126-122467-0066.flac,234000,
4266,train-clean-360/1343/139681/1343-139681-0009.flac,234000,
4267,train-clean-360/1195/135814/1195-135814-0009.flac,234000,
4268,train-clean-360/1472/142848/1472-142848-0020.flac,233920,
4269,train-clean-360/1422/146123/1422-146123-0007.flac,233920,
4270,train-clean-360/1463/134463/1463-134463-0008.flac,233920,
4271,train-clean-360/1463/134463/1463-134463-0006.flac,233920,
4272,train-clean-360/166/352/166-352-0003.flac,233920,
4273,train-clean-360/166/352/166-352-0025.flac,233920,
4274,train-clean-360/1379/130530/1379-130530-0018.flac,233920,
4275,train-clean-360/1061/142358/1061-142358-0006.flac,233920,
4276,train-clean-360/1634/141571/1634-141571-0042.flac,233920,
4277,train-clean-360/1379/130530/1379-130530-0017.flac,233920,
4278,train-clean-360/1365/134830/1365-134830-0032.flac,233920,
4279,train-clean-360/1283/136983/1283-136983-0037.flac,233920,
4280,train-clean-360/157/121899/157-121899-0015.flac,233920,
4281,train-clean-360/1509/145742/1509-145742-0003.flac,233840,
4282,train-clean-360/1390/130494/1390-130494-0002.flac,233840,
4283,train-clean-360/114/129324/114-129324-0003.flac,233840,
4284,train-clean-360/1289/288043/1289-288043-0016.flac,233840,
4285,train-clean-360/1571/141320/1571-141320-0031.flac,233840,
4286,train-clean-360/1390/130494/1390-130494-0014.flac,233840,
4287,train-clean-360/1509/143477/1509-143477-0045.flac,233840,
4288,train-clean-360/1482/140071/1482-140071-0000.flac,233840,
4289,train-clean-360/1445/139397/1445-139397-0011.flac,233840,
4290,train-clean-360/159/121902/159-121902-0010.flac,233840,
4291,train-clean-360/1343/158796/1343-158796-0026.flac,233840,
4292,train-clean-360/1289/288044/1289-288044-0009.flac,233840,
4293,train-clean-360/1195/135814/1195-135814-0022.flac,233840,
4294,train-clean-360/1536/141791/1536-141791-0015.flac,233760,
4295,train-clean-360/1283/136983/1283-136983-0024.flac,233760,
4296,train-clean-360/1031/133220/1031-133220-0038.flac,233760,
4297,train-clean-360/1536/141791/1536-141791-0014.flac,233760,
4298,train-clean-360/159/121902/159-121902-0017.flac,233760,
4299,train-clean-360/1629/139707/1629-139707-0025.flac,233760,
4300,train-clean-360/1343/158796/1343-158796-0034.flac,233760,
4301,train-clean-360/1165/135220/1165-135220-0027.flac,233760,
4302,train-clean-360/1283/136983/1283-136983-0028.flac,233760,
4303,train-clean-360/1649/150127/1649-150127-0016.flac,233760,
4304,train-clean-360/1365/134830/1365-134830-0034.flac,233760,
4305,train-clean-360/1536/138488/1536-138488-0037.flac,233760,
4306,train-clean-360/1241/121106/1241-121106-0019.flac,233760,
4307,train-clean-360/154/293987/154-293987-0031.flac,233760,
4308,train-clean-360/1349/135891/1349-135891-0002.flac,233760,
4309,train-clean-360/154/293987/154-293987-0003.flac,233760,
4310,train-clean-360/1634/141571/1634-141571-0045.flac,233760,
4311,train-clean-360/1121/132777/1121-132777-0004.flac,233760,
4312,train-clean-360/1343/139681/1343-139681-0021.flac,233760,
4313,train-clean-360/1392/128226/1392-128226-0009.flac,233760,
4314,train-clean-360/1290/135762/1290-135762-0046.flac,233680,
4315,train-clean-360/1060/134451/1060-134451-0039.flac,233680,
4316,train-clean-360/1028/133393/1028-133393-0054.flac,233680,
4317,train-clean-360/1445/139387/1445-139387-0019.flac,233680,
4318,train-clean-360/1222/141174/1222-141174-0057.flac,233680,
4319,train-clean-360/1509/143477/1509-143477-0059.flac,233680,
4320,train-clean-360/1536/138488/1536-138488-0040.flac,233680,
4321,train-clean-360/1289/288043/1289-288043-0011.flac,233600,
4322,train-clean-360/101/126860/101-126860-0022.flac,233600,
4323,train-clean-360/112/121671/112-121671-0021.flac,233600,
4324,train-clean-360/101/126860/101-126860-0049.flac,233600,
4325,train-clean-360/1639/133290/1639-133290-0035.flac,233600,
4326,train-clean-360/1028/133395/1028-133395-0004.flac,233600,
4327,train-clean-360/1028/133395/1028-133395-0023.flac,233600,
4328,train-clean-360/1383/130533/1383-130533-0040.flac,233600,
4329,train-clean-360/1054/143005/1054-143005-0062.flac,233600,
4330,train-clean-360/1296/138074/1296-138074-0040.flac,233600,
4331,train-clean-360/1547/130184/1547-130184-0076.flac,233600,
4332,train-clean-360/1649/5776/1649-5776-0020.flac,233600,
4333,train-clean-360/101/126859/101-126859-0001.flac,233600,
4334,train-clean-360/1311/134176/1311-134176-0006.flac,233600,
4335,train-clean-360/1046/133225/1046-133225-0059.flac,233600,
4336,train-clean-360/16/122827/16-122827-0017.flac,233600,
4337,train-clean-360/16/122828/16-122828-0018.flac,233600,
4338,train-clean-360/1058/131113/1058-131113-0033.flac,233520,
4339,train-clean-360/1556/143307/1556-143307-0015.flac,233520,
4340,train-clean-360/119/129515/119-129515-0009.flac,233520,
4341,train-clean-360/1678/142279/1678-142279-0090.flac,233520,
4342,train-clean-360/1349/135891/1349-135891-0015.flac,233520,
4343,train-clean-360/1343/158796/1343-158796-0017.flac,233520,
4344,train-clean-360/1012/133424/1012-133424-0044.flac,233520,
4345,train-clean-360/1603/139325/1603-139325-0010.flac,233520,
4346,train-clean-360/1509/143477/1509-143477-0027.flac,233520,
4347,train-clean-360/157/126796/157-126796-0054.flac,233520,
4348,train-clean-360/1641/130504/1641-130504-0011.flac,233520,
4349,train-clean-360/1446/122614/1446-122614-0023.flac,233440,
4350,train-clean-360/1336/138115/1336-138115-0018.flac,233440,
4351,train-clean-360/1641/130503/1641-130503-0007.flac,233440,
4352,train-clean-360/1422/146123/1422-146123-0006.flac,233440,
4353,train-clean-360/16/122827/16-122827-0046.flac,233440,
4354,train-clean-360/1401/174511/1401-174511-0036.flac,233440,
4355,train-clean-360/1259/72927/1259-72927-0026.flac,233440,
4356,train-clean-360/1547/130184/1547-130184-0049.flac,233440,
4357,train-clean-360/1639/133290/1639-133290-0064.flac,233440,
4358,train-clean-360/1649/5776/1649-5776-0013.flac,233440,
4359,train-clean-360/1060/134451/1060-134451-0000.flac,233440,
4360,train-clean-360/1463/134465/1463-134465-0048.flac,233440,
4361,train-clean-360/1547/130184/1547-130184-0065.flac,233440,
4362,train-clean-360/126/122467/126-122467-0061.flac,233360,
4363,train-clean-360/1226/141270/1226-141270-0026.flac,233360,
4364,train-clean-360/1061/142358/1061-142358-0040.flac,233360,
4365,train-clean-360/1061/142358/1061-142358-0030.flac,233360,
4366,train-clean-360/1052/139307/1052-139307-0021.flac,233360,
4367,train-clean-360/1463/134465/1463-134465-0004.flac,233360,
4368,train-clean-360/14/212/14-212-0029.flac,233360,
4369,train-clean-360/1448/135894/1448-135894-0045.flac,233359,
4370,train-clean-360/1422/149735/1422-149735-0027.flac,233280,
4371,train-clean-360/1316/132800/1316-132800-0000.flac,233280,
4372,train-clean-360/1379/130529/1379-130529-0023.flac,233280,
4373,train-clean-360/1556/143307/1556-143307-0038.flac,233280,
4374,train-clean-360/1271/133279/1271-133279-0009.flac,233280,
4375,train-clean-360/1050/134120/1050-134120-0022.flac,233280,
4376,train-clean-360/1641/130504/1641-130504-0013.flac,233280,
4377,train-clean-360/1649/68762/1649-68762-0032.flac,233280,
4378,train-clean-360/1012/133424/1012-133424-0005.flac,233280,
4379,train-clean-360/1222/141174/1222-141174-0035.flac,233200,
4380,train-clean-360/1390/130494/1390-130494-0012.flac,233200,
4381,train-clean-360/1265/135635/1265-135635-0059.flac,233200,
4382,train-clean-360/1448/135894/1448-135894-0031.flac,233200,
4383,train-clean-360/1031/133220/1031-133220-0076.flac,233200,
4384,train-clean-360/1058/131113/1058-131113-0025.flac,233200,
4385,train-clean-360/1093/132891/1093-132891-0124.flac,233200,
4386,train-clean-360/122/129752/122-129752-0037.flac,233200,
4387,train-clean-360/1046/133225/1046-133225-0030.flac,233200,
4388,train-clean-360/1212/185485/1212-185485-0006.flac,233200,
4389,train-clean-360/1093/132891/1093-132891-0111.flac,233200,
4390,train-clean-360/16/122827/16-122827-0056.flac,233200,
4391,train-clean-360/1052/139307/1052-139307-0045.flac,233200,
4392,train-clean-360/101/126861/101-126861-0020.flac,233200,
4393,train-clean-360/1425/139290/1425-139290-0000.flac,233200,
4394,train-clean-360/1025/75365/1025-75365-0003.flac,233120,
4395,train-clean-360/1472/285314/1472-285314-0001.flac,233120,
4396,train-clean-360/114/129324/114-129324-0051.flac,233120,
4397,train-clean-360/114/129324/114-129324-0014.flac,233120,
4398,train-clean-360/16/122827/16-122827-0009.flac,233120,
4399,train-clean-360/1473/135657/1473-135657-0019.flac,233120,
4400,train-clean-360/1336/138115/1336-138115-0023.flac,233120,
4401,train-clean-360/159/121902/159-121902-0022.flac,233120,
4402,train-clean-360/1379/130530/1379-130530-0037.flac,233120,
4403,train-clean-360/1603/140931/1603-140931-0038.flac,233120,
4404,train-clean-360/1313/135020/1313-135020-0045.flac,233040,
4405,train-clean-360/1413/121799/1413-121799-0041.flac,233040,
4406,train-clean-360/1182/133396/1182-133396-0030.flac,233040,
4407,train-clean-360/1028/133393/1028-133393-0031.flac,233040,
4408,train-clean-360/1343/158796/1343-158796-0031.flac,233040,
4409,train-clean-360/115/122944/115-122944-0025.flac,233040,
4410,train-clean-360/1289/288044/1289-288044-0008.flac,233040,
4411,train-clean-360/1382/130492/1382-130492-0021.flac,233040,
4412,train-clean-360/115/122944/115-122944-0001.flac,233040,
4413,train-clean-360/1383/130489/1383-130489-0018.flac,233040,
4414,train-clean-360/1018/135221/1018-135221-0041.flac,233040,
4415,train-clean-360/154/293987/154-293987-0000.flac,233040,
4416,train-clean-360/1448/135894/1448-135894-0063.flac,233040,
4417,train-clean-360/16/122827/16-122827-0007.flac,233040,
4418,train-clean-360/1678/142279/1678-142279-0074.flac,233039,
4419,train-clean-360/119/129515/119-129515-0019.flac,232960,
4420,train-clean-360/1337/156963/1337-156963-0023.flac,232960,
4421,train-clean-360/166/352/166-352-0008.flac,232960,
4422,train-clean-360/1001/134707/1001-134707-0009.flac,232960,
4423,train-clean-360/1571/141320/1571-141320-0048.flac,232960,
4424,train-clean-360/1343/158781/1343-158781-0009.flac,232960,
4425,train-clean-360/1224/121064/1224-121064-0033.flac,232960,
4426,train-clean-360/1456/130545/1456-130545-0006.flac,232960,
4427,train-clean-360/114/129317/114-129317-0012.flac,232960,
4428,train-clean-360/126/122467/126-122467-0020.flac,232960,
4429,train-clean-360/114/129317/114-129317-0033.flac,232960,
4430,train-clean-360/1054/143005/1054-143005-0081.flac,232881,
4431,train-clean-360/1678/142279/1678-142279-0028.flac,232880,
4432,train-clean-360/1112/1043/1112-1043-0031.flac,232880,
4433,train-clean-360/1629/139710/1629-139710-0003.flac,232880,
4434,train-clean-360/16/122827/16-122827-0042.flac,232880,
4435,train-clean-360/166/126302/166-126302-0016.flac,232880,
4436,train-clean-360/1365/134825/1365-134825-0012.flac,232880,
4437,train-clean-360/1079/128632/1079-128632-0022.flac,232880,
4438,train-clean-360/1264/129805/1264-129805-0012.flac,232880,
4439,train-clean-360/1323/138617/1323-138617-0011.flac,232880,
4440,train-clean-360/159/135897/159-135897-0050.flac,232880,
4441,train-clean-360/1264/129805/1264-129805-0064.flac,232801,
4442,train-clean-360/1066/4479/1066-4479-0023.flac,232800,
4443,train-clean-360/1322/137589/1322-137589-0025.flac,232800,
4444,train-clean-360/1271/133279/1271-133279-0020.flac,232800,
4445,train-clean-360/1638/84447/1638-84447-0017.flac,232800,
4446,train-clean-360/1401/146770/1401-146770-0023.flac,232800,
4447,train-clean-360/16/122828/16-122828-0011.flac,232800,
4448,train-clean-360/1379/130517/1379-130517-0018.flac,232800,
4449,train-clean-360/1121/135824/1121-135824-0013.flac,232800,
4450,train-clean-360/1093/132891/1093-132891-0139.flac,232800,
4451,train-clean-360/1313/135020/1313-135020-0038.flac,232800,
4452,train-clean-360/1195/37134/1195-37134-0020.flac,232800,
4453,train-clean-360/1379/130530/1379-130530-0006.flac,232800,
4454,train-clean-360/1445/139404/1445-139404-0003.flac,232800,
4455,train-clean-360/16/122827/16-122827-0047.flac,232800,
4456,train-clean-360/14/212/14-212-0052.flac,232720,
4457,train-clean-360/1513/140221/1513-140221-0023.flac,232720,
4458,train-clean-360/1456/136846/1456-136846-0010.flac,232720,
4459,train-clean-360/1212/185485/1212-185485-0017.flac,232720,
4460,train-clean-360/1160/139336/1160-139336-0005.flac,232720,
4461,train-clean-360/1182/133396/1182-133396-0011.flac,232720,
4462,train-clean-360/1487/133273/1487-133273-0045.flac,232720,
4463,train-clean-360/1226/141270/1226-141270-0019.flac,232720,
4464,train-clean-360/101/126859/101-126859-0009.flac,232720,
4465,train-clean-360/1603/139325/1603-139325-0003.flac,232720,
4466,train-clean-360/1509/145699/1509-145699-0000.flac,232720,
4467,train-clean-360/1425/139297/1425-139297-0014.flac,232640,
4468,train-clean-360/1472/139797/1472-139797-0013.flac,232640,
4469,train-clean-360/1296/134434/1296-134434-0019.flac,232640,
4470,train-clean-360/1487/133273/1487-133273-0073.flac,232640,
4471,train-clean-360/1313/135020/1313-135020-0008.flac,232640,
4472,train-clean-360/1112/128136/1112-128136-0009.flac,232640,
4473,train-clean-360/1456/136846/1456-136846-0022.flac,232640,
4474,train-clean-360/1556/143307/1556-143307-0030.flac,232640,
4475,train-clean-360/1365/134804/1365-134804-0022.flac,232640,
4476,train-clean-360/1336/138113/1336-138113-0041.flac,232640,
4477,train-clean-360/1335/163935/1335-163935-0034.flac,232640,
4478,train-clean-360/1607/149245/1607-149245-0014.flac,232560,
4479,train-clean-360/1195/135814/1195-135814-0013.flac,232560,
4480,train-clean-360/1100/124547/1100-124547-0016.flac,232560,
4481,train-clean-360/1343/158781/1343-158781-0013.flac,232560,
4482,train-clean-360/1417/1536/1417-1536-0017.flac,232560,
4483,train-clean-360/1060/134451/1060-134451-0023.flac,232560,
4484,train-clean-360/1603/140931/1603-140931-0003.flac,232560,
4485,train-clean-360/1061/142358/1061-142358-0036.flac,232560,
4486,train-clean-360/1018/133447/1018-133447-0007.flac,232560,
4487,train-clean-360/1222/133834/1222-133834-0006.flac,232560,
4488,train-clean-360/1337/10673/1337-10673-0007.flac,232559,
4489,train-clean-360/1323/138617/1323-138617-0008.flac,232480,
4490,train-clean-360/1058/133263/1058-133263-0029.flac,232480,
4491,train-clean-360/1473/135657/1473-135657-0040.flac,232480,
4492,train-clean-360/1050/134119/1050-134119-0030.flac,232480,
4493,train-clean-360/1018/135221/1018-135221-0005.flac,232480,
4494,train-clean-360/1264/129805/1264-129805-0017.flac,232480,
4495,train-clean-360/1093/132891/1093-132891-0022.flac,232480,
4496,train-clean-360/1212/14653/1212-14653-0027.flac,232480,
4497,train-clean-360/1641/130504/1641-130504-0009.flac,232480,
4498,train-clean-360/14/208/14-208-0026.flac,232480,
4499,train-clean-360/1535/141642/1535-141642-0007.flac,232480,
4500,train-clean-360/1031/133220/1031-133220-0028.flac,232480,
4501,train-clean-360/1343/158796/1343-158796-0022.flac,232480,
4502,train-clean-360/1472/139797/1472-139797-0034.flac,232480,
4503,train-clean-360/1175/126220/1175-126220-0008.flac,232480,
4504,train-clean-360/14/208/14-208-0024.flac,232480,
4505,train-clean-360/1283/136983/1283-136983-0002.flac,232480,
4506,train-clean-360/1061/142358/1061-142358-0051.flac,232400,
4507,train-clean-360/1552/140651/1552-140651-0054.flac,232400,
4508,train-clean-360/1556/143307/1556-143307-0020.flac,232400,
4509,train-clean-360/1349/135891/1349-135891-0044.flac,232400,
4510,train-clean-360/1265/135635/1265-135635-0051.flac,232400,
4511,train-clean-360/1195/37134/1195-37134-0016.flac,232400,
4512,train-clean-360/1556/139350/1556-139350-0028.flac,232400,
4513,train-clean-360/1335/27593/1335-27593-0037.flac,232400,
4514,train-clean-360/1336/138115/1336-138115-0041.flac,232400,
4515,train-clean-360/114/129324/114-129324-0005.flac,232400,
4516,train-clean-360/1121/176698/1121-176698-0025.flac,232400,
4517,train-clean-360/1311/134176/1311-134176-0030.flac,232400,
4518,train-clean-360/1027/125147/1027-125147-0033.flac,232320,
4519,train-clean-360/1316/132782/1316-132782-0031.flac,232320,
4520,train-clean-360/1264/135033/1264-135033-0013.flac,232320,
4521,train-clean-360/1027/125140/1027-125140-0013.flac,232320,
4522,train-clean-360/119/129514/119-129514-0025.flac,232320,
4523,train-clean-360/1012/133424/1012-133424-0017.flac,232320,
4524,train-clean-360/1337/156963/1337-156963-0025.flac,232320,
4525,train-clean-360/16/122827/16-122827-0037.flac,232320,
4526,train-clean-360/1413/121799/1413-121799-0044.flac,232320,
4527,train-clean-360/1271/128145/1271-128145-0017.flac,232320,
4528,train-clean-360/1079/128632/1079-128632-0033.flac,232320,
4529,train-clean-360/1482/140071/1482-140071-0017.flac,232320,
4530,train-clean-360/14/212/14-212-0019.flac,232320,
4531,train-clean-360/1100/124547/1100-124547-0032.flac,232320,
4532,train-clean-360/1422/146111/1422-146111-0031.flac,232320,
4533,train-clean-360/159/135897/159-135897-0064.flac,232320,
4534,train-clean-360/1472/285314/1472-285314-0033.flac,232320,
4535,train-clean-360/159/121891/159-121891-0010.flac,232320,
4536,train-clean-360/14/208/14-208-0035.flac,232320,
4537,train-clean-360/1552/141135/1552-141135-0001.flac,232320,
4538,train-clean-360/1121/135824/1121-135824-0004.flac,232240,
4539,train-clean-360/1387/130989/1387-130989-0004.flac,232240,
4540,train-clean-360/1348/135832/1348-135832-0022.flac,232240,
4541,train-clean-360/1160/139730/1160-139730-0012.flac,232240,
4542,train-clean-360/1160/139336/1160-139336-0032.flac,232240,
4543,train-clean-360/1265/135636/1265-135636-0003.flac,232240,
4544,train-clean-360/1417/1532/1417-1532-0008.flac,232240,
4545,train-clean-360/1289/288044/1289-288044-0046.flac,232240,
4546,train-clean-360/1289/288044/1289-288044-0014.flac,232240,
4547,train-clean-360/1018/135221/1018-135221-0019.flac,232160,
4548,train-clean-360/1100/124547/1100-124547-0006.flac,232160,
4549,train-clean-360/1638/84447/1638-84447-0039.flac,232160,
4550,train-clean-360/1456/130544/1456-130544-0021.flac,232160,
4551,train-clean-360/1603/140931/1603-140931-0033.flac,232160,
4552,train-clean-360/1112/128138/1112-128138-0023.flac,232160,
4553,train-clean-360/1383/130489/1383-130489-0028.flac,232160,
4554,train-clean-360/115/121720/115-121720-0002.flac,232160,
4555,train-clean-360/154/124003/154-124003-0012.flac,232160,
4556,train-clean-360/1473/135657/1473-135657-0106.flac,232160,
4557,train-clean-360/1446/122614/1446-122614-0027.flac,232160,
4558,train-clean-360/1296/134434/1296-134434-0018.flac,232160,
4559,train-clean-360/1066/103481/1066-103481-0007.flac,232160,
4560,train-clean-360/119/129515/119-129515-0017.flac,232160,
4561,train-clean-360/1639/132848/1639-132848-0011.flac,232080,
4562,train-clean-360/100/121674/100-121674-0018.flac,232080,
4563,train-clean-360/1093/132891/1093-132891-0084.flac,232080,
4564,train-clean-360/115/121896/115-121896-0014.flac,232080,
4565,train-clean-360/1053/132821/1053-132821-0032.flac,232080,
4566,train-clean-360/1165/135220/1165-135220-0042.flac,232080,
4567,train-clean-360/1018/133447/1018-133447-0021.flac,232080,
4568,train-clean-360/1061/152224/1061-152224-0015.flac,232080,
4569,train-clean-360/115/121720/115-121720-0006.flac,232080,
4570,train-clean-360/101/126860/101-126860-0018.flac,232080,
4571,train-clean-360/1417/1532/1417-1532-0011.flac,232080,
4572,train-clean-360/1061/142358/1061-142358-0024.flac,232080,
4573,train-clean-360/1678/142279/1678-142279-0016.flac,232080,
4574,train-clean-360/1445/139387/1445-139387-0014.flac,232001,
4575,train-clean-360/1222/133834/1222-133834-0022.flac,232000,
4576,train-clean-360/1052/132776/1052-132776-0015.flac,232000,
4577,train-clean-360/1641/130504/1641-130504-0004.flac,232000,
4578,train-clean-360/1448/135894/1448-135894-0012.flac,232000,
4579,train-clean-360/1058/131113/1058-131113-0049.flac,232000,
4580,train-clean-360/1121/135824/1121-135824-0016.flac,232000,
4581,train-clean-360/1379/130530/1379-130530-0009.flac,232000,
4582,train-clean-360/1195/130164/1195-130164-0017.flac,232000,
4583,train-clean-360/1445/139397/1445-139397-0004.flac,231920,
4584,train-clean-360/1058/133263/1058-133263-0032.flac,231920,
4585,train-clean-360/1365/134830/1365-134830-0020.flac,231920,
4586,train-clean-360/1112/128136/1112-128136-0005.flac,231920,
4587,train-clean-360/1535/141642/1535-141642-0038.flac,231920,
4588,train-clean-360/1392/135654/1392-135654-0014.flac,231920,
4589,train-clean-360/1313/135020/1313-135020-0030.flac,231920,
4590,train-clean-360/1607/134636/1607-134636-0039.flac,231920,
4591,train-clean-360/1487/133273/1487-133273-0092.flac,231920,
4592,train-clean-360/1365/134830/1365-134830-0003.flac,231920,
4593,train-clean-360/1018/135221/1018-135221-0021.flac,231920,
4594,train-clean-360/1264/135033/1264-135033-0023.flac,231920,
4595,train-clean-360/1012/133424/1012-133424-0013.flac,231920,
4596,train-clean-360/1536/137608/1536-137608-0017.flac,231920,
4597,train-clean-360/1463/134463/1463-134463-0057.flac,231920,
4598,train-clean-360/1027/125140/1027-125140-0035.flac,231920,
4599,train-clean-360/1165/135216/1165-135216-0035.flac,231920,
4600,train-clean-360/1175/126221/1175-126221-0033.flac,231840,
4601,train-clean-360/1472/142848/1472-142848-0017.flac,231840,
4602,train-clean-360/1336/138113/1336-138113-0049.flac,231840,
4603,train-clean-360/1066/5330/1066-5330-0011.flac,231840,
4604,train-clean-360/1337/10674/1337-10674-0004.flac,231840,
4605,train-clean-360/1603/141713/1603-141713-0014.flac,231840,
4606,train-clean-360/1001/134707/1001-134707-0070.flac,231840,
4607,train-clean-360/1052/132776/1052-132776-0008.flac,231760,
4608,train-clean-360/1460/138290/1460-138290-0060.flac,231760,
4609,train-clean-360/1634/141571/1634-141571-0033.flac,231760,
4610,train-clean-360/1061/152224/1061-152224-0023.flac,231760,
4611,train-clean-360/1513/140222/1513-140222-0068.flac,231760,
4612,train-clean-360/1382/130549/1382-130549-0012.flac,231760,
4613,train-clean-360/1212/185485/1212-185485-0010.flac,231760,
4614,train-clean-360/1226/141279/1226-141279-0025.flac,231760,
4615,train-clean-360/1413/121799/1413-121799-0059.flac,231760,
4616,train-clean-360/1018/135221/1018-135221-0004.flac,231760,
4617,train-clean-360/1571/138486/1571-138486-0048.flac,231760,
4618,train-clean-360/1417/1539/1417-1539-0005.flac,231760,
4619,train-clean-360/1018/133447/1018-133447-0043.flac,231680,
4620,train-clean-360/166/122789/166-122789-0031.flac,231680,
4621,train-clean-360/1271/133279/1271-133279-0007.flac,231680,
4622,train-clean-360/1337/10674/1337-10674-0031.flac,231680,
4623,train-clean-360/1401/146770/1401-146770-0013.flac,231680,
4624,train-clean-360/1535/141642/1535-141642-0033.flac,231680,
4625,train-clean-360/166/352/166-352-0036.flac,231680,
4626,train-clean-360/1638/84447/1638-84447-0009.flac,231680,
4627,train-clean-360/1413/121799/1413-121799-0126.flac,231680,
4628,train-clean-360/1050/134121/1050-134121-0010.flac,231680,
4629,train-clean-360/1226/141279/1226-141279-0005.flac,231680,
4630,train-clean-360/1446/122614/1446-122614-0019.flac,231680,
4631,train-clean-360/1165/135216/1165-135216-0038.flac,231680,
4632,train-clean-360/1678/142279/1678-142279-0076.flac,231680,
4633,train-clean-360/1060/134451/1060-134451-0053.flac,231680,
4634,train-clean-360/1335/163935/1335-163935-0021.flac,231680,
4635,train-clean-360/1222/133834/1222-133834-0027.flac,231680,
4636,train-clean-360/1335/163935/1335-163935-0009.flac,231680,
4637,train-clean-360/1027/125140/1027-125140-0066.flac,231680,
4638,train-clean-360/1498/140040/1498-140040-0013.flac,231680,
4639,train-clean-360/1289/288044/1289-288044-0026.flac,231679,
4640,train-clean-360/1571/138486/1571-138486-0052.flac,231600,
4641,train-clean-360/1571/141320/1571-141320-0014.flac,231600,
4642,train-clean-360/1456/139733/1456-139733-0012.flac,231600,
4643,train-clean-360/1387/130989/1387-130989-0005.flac,231600,
4644,train-clean-360/1401/174511/1401-174511-0031.flac,231600,
4645,train-clean-360/101/126859/101-126859-0034.flac,231520,
4646,train-clean-360/1052/132776/1052-132776-0013.flac,231520,
4647,train-clean-360/1383/130489/1383-130489-0013.flac,231520,
4648,train-clean-360/157/126796/157-126796-0035.flac,231520,
4649,train-clean-360/1641/130503/1641-130503-0019.flac,231520,
4650,train-clean-360/1337/10674/1337-10674-0026.flac,231520,
4651,train-clean-360/1348/135826/1348-135826-0029.flac,231520,
4652,train-clean-360/1379/130486/1379-130486-0005.flac,231520,
4653,train-clean-360/1061/146197/1061-146197-0016.flac,231520,
4654,train-clean-360/1629/139710/1629-139710-0036.flac,231520,
4655,train-clean-360/1456/130545/1456-130545-0002.flac,231520,
4656,train-clean-360/1473/135657/1473-135657-0013.flac,231520,
4657,train-clean-360/1641/130504/1641-130504-0018.flac,231520,
4658,train-clean-360/1472/285314/1472-285314-0038.flac,231520,
4659,train-clean-360/1066/5330/1066-5330-0008.flac,231520,
4660,train-clean-360/14/212/14-212-0009.flac,231440,
4661,train-clean-360/14/212/14-212-0005.flac,231440,
4662,train-clean-360/1121/135824/1121-135824-0007.flac,231440,
4663,train-clean-360/1343/158781/1343-158781-0020.flac,231440,
4664,train-clean-360/1061/142358/1061-142358-0027.flac,231440,
4665,train-clean-360/122/121730/122-121730-0024.flac,231440,
4666,train-clean-360/1100/124547/1100-124547-0057.flac,231440,
4667,train-clean-360/1027/125140/1027-125140-0006.flac,231440,
4668,train-clean-360/1482/140067/1482-140067-0004.flac,231440,
4669,train-clean-360/1323/149236/1323-149236-0003.flac,231440,
4670,train-clean-360/1212/185485/1212-185485-0024.flac,231440,
4671,train-clean-360/1638/84448/1638-84448-0038.flac,231440,
4672,train-clean-360/1445/139404/1445-139404-0008.flac,231440,
4673,train-clean-360/1445/139404/1445-139404-0000.flac,231440,
4674,train-clean-360/1031/133220/1031-133220-0002.flac,231361,
4675,train-clean-360/1482/140067/1482-140067-0003.flac,231360,
4676,train-clean-360/1482/140067/1482-140067-0030.flac,231360,
4677,train-clean-360/1271/136861/1271-136861-0030.flac,231360,
4678,train-clean-360/1509/145742/1509-145742-0005.flac,231360,
4679,train-clean-360/112/123216/112-123216-0025.flac,231360,
4680,train-clean-360/1460/138290/1460-138290-0001.flac,231360,
4681,train-clean-360/1012/133424/1012-133424-0046.flac,231360,
4682,train-clean-360/157/126796/157-126796-0016.flac,231360,
4683,train-clean-360/1641/130505/1641-130505-0015.flac,231360,
4684,train-clean-360/1265/135635/1265-135635-0037.flac,231360,
4685,train-clean-360/1498/140040/1498-140040-0014.flac,231280,
4686,train-clean-360/1175/126220/1175-126220-0063.flac,231280,
4687,train-clean-360/1271/133279/1271-133279-0026.flac,231280,
4688,train-clean-360/1460/138290/1460-138290-0059.flac,231280,
4689,train-clean-360/1448/135894/1448-135894-0049.flac,231280,
4690,train-clean-360/1335/27593/1335-27593-0005.flac,231280,
4691,train-clean-360/1392/128240/1392-128240-0004.flac,231280,
4692,train-clean-360/1031/133220/1031-133220-0073.flac,231280,
4693,train-clean-360/126/125084/126-125084-0038.flac,231280,
4694,train-clean-360/1050/134119/1050-134119-0024.flac,231280,
4695,train-clean-360/1448/135894/1448-135894-0093.flac,231280,
4696,train-clean-360/1060/134451/1060-134451-0071.flac,231280,
4697,train-clean-360/1296/138074/1296-138074-0017.flac,231200,
4698,train-clean-360/1473/135657/1473-135657-0068.flac,231200,
4699,train-clean-360/1053/132821/1053-132821-0000.flac,231200,
4700,train-clean-360/1668/136271/1668-136271-0039.flac,231200,
4701,train-clean-360/166/352/166-352-0002.flac,231200,
4702,train-clean-360/1093/132891/1093-132891-0015.flac,231200,
4703,train-clean-360/1446/122614/1446-122614-0021.flac,231200,
4704,train-clean-360/114/129317/114-129317-0016.flac,231120,
4705,train-clean-360/1121/176698/1121-176698-0020.flac,231120,
4706,train-clean-360/16/122827/16-122827-0008.flac,231120,
4707,train-clean-360/1335/160602/1335-160602-0004.flac,231120,
4708,train-clean-360/126/122467/126-122467-0034.flac,231120,
4709,train-clean-360/1222/133834/1222-133834-0056.flac,231120,
4710,train-clean-360/1058/131113/1058-131113-0085.flac,231120,
4711,train-clean-360/1487/133273/1487-133273-0041.flac,231120,
4712,train-clean-360/1112/1043/1112-1043-0026.flac,231120,
4713,train-clean-360/16/122828/16-122828-0042.flac,231120,
4714,train-clean-360/1028/133395/1028-133395-0031.flac,231120,
4715,train-clean-360/1296/138074/1296-138074-0046.flac,231120,
4716,train-clean-360/1392/135659/1392-135659-0010.flac,231120,
4717,train-clean-360/1322/137588/1322-137588-0028.flac,231120,
4718,train-clean-360/1323/138548/1323-138548-0002.flac,231120,
4719,train-clean-360/1556/139350/1556-139350-0015.flac,231120,
4720,train-clean-360/1472/139797/1472-139797-0037.flac,231120,
4721,train-clean-360/1668/136280/1668-136280-0010.flac,231120,
4722,train-clean-360/1343/139681/1343-139681-0020.flac,231040,
4723,train-clean-360/1322/137588/1322-137588-0005.flac,231040,
4724,train-clean-360/1289/288043/1289-288043-0002.flac,231040,
4725,train-clean-360/1509/143477/1509-143477-0009.flac,231040,
4726,train-clean-360/1226/141270/1226-141270-0022.flac,231040,
4727,train-clean-360/1446/122614/1446-122614-0011.flac,231040,
4728,train-clean-360/1413/121799/1413-121799-0007.flac,231040,
4729,train-clean-360/159/135897/159-135897-0034.flac,231040,
4730,train-clean-360/1446/122614/1446-122614-0043.flac,231040,
4731,train-clean-360/1473/135657/1473-135657-0012.flac,231040,
4732,train-clean-360/1060/134451/1060-134451-0057.flac,231040,
4733,train-clean-360/1392/135659/1392-135659-0015.flac,231040,
4734,train-clean-360/1322/137589/1322-137589-0022.flac,231040,
4735,train-clean-360/1472/139797/1472-139797-0006.flac,231040,
4736,train-clean-360/1535/141642/1535-141642-0015.flac,231040,
4737,train-clean-360/1446/122614/1446-122614-0057.flac,231040,
4738,train-clean-360/1012/133424/1012-133424-0030.flac,230960,
4739,train-clean-360/1639/132848/1639-132848-0059.flac,230960,
4740,train-clean-360/1025/75365/1025-75365-0010.flac,230960,
4741,train-clean-360/1417/1532/1417-1532-0022.flac,230960,
4742,train-clean-360/17/362/17-362-0024.flac,230960,
4743,train-clean-360/1547/130184/1547-130184-0015.flac,230960,
4744,train-clean-360/1100/124547/1100-124547-0003.flac,230960,
4745,train-clean-360/1445/139387/1445-139387-0040.flac,230960,
4746,train-clean-360/1348/135826/1348-135826-0039.flac,230960,
4747,train-clean-360/1100/124547/1100-124547-0012.flac,230960,
4748,train-clean-360/1195/130164/1195-130164-0035.flac,230960,
4749,train-clean-360/1112/1043/1112-1043-0027.flac,230960,
4750,train-clean-360/1224/121064/1224-121064-0058.flac,230960,
4751,train-clean-360/1322/137588/1322-137588-0004.flac,230960,
4752,train-clean-360/1165/135220/1165-135220-0031.flac,230881,
4753,train-clean-360/1031/133220/1031-133220-0054.flac,230880,
4754,train-clean-360/1448/135894/1448-135894-0108.flac,230880,
4755,train-clean-360/1556/143307/1556-143307-0055.flac,230880,
4756,train-clean-360/1382/130492/1382-130492-0000.flac,230880,
4757,train-clean-360/1061/152224/1061-152224-0007.flac,230880,
4758,train-clean-360/1259/72927/1259-72927-0021.flac,230880,
4759,train-clean-360/1383/130532/1383-130532-0018.flac,230880,
4760,train-clean-360/1383/130533/1383-130533-0034.flac,230880,
4761,train-clean-360/1336/138115/1336-138115-0017.flac,230880,
4762,train-clean-360/122/121730/122-121730-0002.flac,230800,
4763,train-clean-360/122/121729/122-121729-0002.flac,230800,
4764,train-clean-360/1413/121799/1413-121799-0104.flac,230800,
4765,train-clean-360/1160/139336/1160-139336-0003.flac,230800,
4766,train-clean-360/119/129513/119-129513-0015.flac,230800,
4767,train-clean-360/154/123998/154-123998-0031.flac,230800,
4768,train-clean-360/1054/143005/1054-143005-0040.flac,230800,
4769,train-clean-360/1311/134170/1311-134170-0014.flac,230800,
4770,train-clean-360/1050/134120/1050-134120-0010.flac,230800,
4771,train-clean-360/112/123215/112-123215-0012.flac,230800,
4772,train-clean-360/1050/134121/1050-134121-0018.flac,230800,
4773,train-clean-360/1383/130489/1383-130489-0023.flac,230800,
4774,train-clean-360/122/121730/122-121730-0007.flac,230720,
4775,train-clean-360/1241/121106/1241-121106-0023.flac,230720,
4776,train-clean-360/1001/134707/1001-134707-0022.flac,230720,
4777,train-clean-360/1061/142358/1061-142358-0009.flac,230720,
4778,train-clean-360/1460/138289/1460-138289-0045.flac,230720,
4779,train-clean-360/1271/133279/1271-133279-0008.flac,230720,
4780,train-clean-360/1365/134825/1365-134825-0005.flac,230720,
4781,train-clean-360/1463/134465/1463-134465-0019.flac,230720,
4782,train-clean-360/1271/136861/1271-136861-0023.flac,230720,
4783,train-clean-360/112/123216/112-123216-0021.flac,230720,
4784,train-clean-360/1607/149245/1607-149245-0021.flac,230720,
4785,train-clean-360/1349/135891/1349-135891-0034.flac,230720,
4786,train-clean-360/1535/141644/1535-141644-0014.flac,230720,
4787,train-clean-360/1061/142358/1061-142358-0017.flac,230720,
4788,train-clean-360/16/122828/16-122828-0038.flac,230720,
4789,train-clean-360/1028/133395/1028-133395-0010.flac,230720,
4790,train-clean-360/1018/135221/1018-135221-0023.flac,230720,
4791,train-clean-360/1061/152224/1061-152224-0021.flac,230640,
4792,train-clean-360/1536/137608/1536-137608-0025.flac,230640,
4793,train-clean-360/1079/128631/1079-128631-0018.flac,230640,
4794,train-clean-360/1571/138486/1571-138486-0032.flac,230640,
4795,train-clean-360/1463/134465/1463-134465-0011.flac,230640,
4796,train-clean-360/1001/134707/1001-134707-0068.flac,230640,
4797,train-clean-360/1290/135762/1290-135762-0052.flac,230560,
4798,train-clean-360/1290/135762/1290-135762-0011.flac,230560,
4799,train-clean-360/1175/126221/1175-126221-0025.flac,230560,
4800,train-clean-360/1046/133224/1046-133224-0009.flac,230560,
4801,train-clean-360/1046/133224/1046-133224-0018.flac,230560,
4802,train-clean-360/1425/139291/1425-139291-0016.flac,230560,
4803,train-clean-360/1271/128145/1271-128145-0023.flac,230560,
4804,train-clean-360/1392/135659/1392-135659-0003.flac,230560,
4805,train-clean-360/1182/134981/1182-134981-0023.flac,230560,
4806,train-clean-360/1093/132891/1093-132891-0041.flac,230560,
4807,train-clean-360/1552/141135/1552-141135-0030.flac,230560,
4808,train-clean-360/1535/141644/1535-141644-0043.flac,230560,
4809,train-clean-360/1259/72927/1259-72927-0025.flac,230560,
4810,train-clean-360/1509/143477/1509-143477-0007.flac,230480,
4811,train-clean-360/159/135897/159-135897-0017.flac,230480,
4812,train-clean-360/1165/135216/1165-135216-0055.flac,230480,
4813,train-clean-360/1448/135894/1448-135894-0008.flac,230480,
4814,train-clean-360/1031/133220/1031-133220-0042.flac,230480,
4815,train-clean-360/1668/136271/1668-136271-0001.flac,230480,
4816,train-clean-360/1121/132777/1121-132777-0033.flac,230480,
4817,train-clean-360/1061/142358/1061-142358-0037.flac,230480,
4818,train-clean-360/1046/133224/1046-133224-0001.flac,230480,
4819,train-clean-360/1160/139717/1160-139717-0015.flac,230480,
4820,train-clean-360/1571/138486/1571-138486-0042.flac,230400,
4821,train-clean-360/1061/152224/1061-152224-0011.flac,230400,
4822,train-clean-360/1638/84447/1638-84447-0038.flac,230400,
4823,train-clean-360/1379/130530/1379-130530-0003.flac,230400,
4824,train-clean-360/1445/139387/1445-139387-0038.flac,230400,
4825,train-clean-360/1387/130989/1387-130989-0026.flac,230400,
4826,train-clean-360/1460/138290/1460-138290-0027.flac,230400,
4827,train-clean-360/1379/130529/1379-130529-0002.flac,230400,
4828,train-clean-360/119/129515/119-129515-0013.flac,230400,
4829,train-clean-360/1482/140071/1482-140071-0018.flac,230400,
4830,train-clean-360/1058/131113/1058-131113-0069.flac,230400,
4831,train-clean-360/1296/134434/1296-134434-0036.flac,230400,
4832,train-clean-360/1535/141644/1535-141644-0023.flac,230320,
4833,train-clean-360/1066/103481/1066-103481-0011.flac,230320,
4834,train-clean-360/1413/121799/1413-121799-0002.flac,230320,
4835,train-clean-360/1387/130993/1387-130993-0011.flac,230320,
4836,train-clean-360/1463/134465/1463-134465-0053.flac,230320,
4837,train-clean-360/1634/141571/1634-141571-0059.flac,230320,
4838,train-clean-360/1061/152224/1061-152224-0016.flac,230320,
4839,train-clean-360/1634/141571/1634-141571-0055.flac,230320,
4840,train-clean-360/1027/125147/1027-125147-0002.flac,230320,
4841,train-clean-360/1050/134120/1050-134120-0013.flac,230320,
4842,train-clean-360/101/126860/101-126860-0036.flac,230320,
4843,train-clean-360/1212/75242/1212-75242-0005.flac,230240,
4844,train-clean-360/122/129752/122-129752-0041.flac,230240,
4845,train-clean-360/1066/103481/1066-103481-0017.flac,230240,
4846,train-clean-360/1259/137770/1259-137770-0020.flac,230240,
4847,train-clean-360/1264/135033/1264-135033-0035.flac,230240,
4848,train-clean-360/122/121734/122-121734-0007.flac,230240,
4849,train-clean-360/1001/134708/1001-134708-0039.flac,230240,
4850,train-clean-360/1638/84448/1638-84448-0020.flac,230240,
4851,train-clean-360/1668/136280/1668-136280-0052.flac,230240,
4852,train-clean-360/14/212/14-212-0042.flac,230240,
4853,train-clean-360/1001/134707/1001-134707-0061.flac,230239,
4854,train-clean-360/1264/135033/1264-135033-0027.flac,230160,
4855,train-clean-360/1054/143005/1054-143005-0061.flac,230160,
4856,train-clean-360/1259/137770/1259-137770-0010.flac,230160,
4857,train-clean-360/1556/139350/1556-139350-0018.flac,230160,
4858,train-clean-360/1571/141320/1571-141320-0050.flac,230160,
4859,train-clean-360/1093/132891/1093-132891-0141.flac,230160,
4860,train-clean-360/1513/140222/1513-140222-0050.flac,230160,
4861,train-clean-360/1054/143005/1054-143005-0016.flac,230160,
4862,train-clean-360/1271/136861/1271-136861-0055.flac,230160,
4863,train-clean-360/1336/138115/1336-138115-0039.flac,230080,
4864,train-clean-360/1336/138113/1336-138113-0048.flac,230080,
4865,train-clean-360/1445/139404/1445-139404-0022.flac,230080,
4866,train-clean-360/1379/130486/1379-130486-0014.flac,230080,
4867,train-clean-360/1487/133273/1487-133273-0050.flac,230080,
4868,train-clean-360/1482/140072/1482-140072-0025.flac,230080,
4869,train-clean-360/166/126302/166-126302-0001.flac,230080,
4870,train-clean-360/1379/130530/1379-130530-0025.flac,230080,
4871,train-clean-360/1365/134804/1365-134804-0028.flac,230080,
4872,train-clean-360/1290/135762/1290-135762-0017.flac,230080,
4873,train-clean-360/1050/134120/1050-134120-0000.flac,230000,
4874,train-clean-360/1222/141174/1222-141174-0015.flac,230000,
4875,train-clean-360/1079/128631/1079-128631-0011.flac,230000,
4876,train-clean-360/1025/75365/1025-75365-0011.flac,230000,
4877,train-clean-360/1509/145699/1509-145699-0004.flac,230000,
4878,train-clean-360/1195/135814/1195-135814-0018.flac,230000,
4879,train-clean-360/1552/141135/1552-141135-0039.flac,230000,
4880,train-clean-360/1224/121064/1224-121064-0013.flac,230000,
4881,train-clean-360/1212/75242/1212-75242-0008.flac,230000,
4882,train-clean-360/1012/133424/1012-133424-0052.flac,230000,
4883,train-clean-360/17/362/17-362-0031.flac,230000,
4884,train-clean-360/1638/84448/1638-84448-0001.flac,229920,
4885,train-clean-360/1322/137588/1322-137588-0022.flac,229920,
4886,train-clean-360/1289/288043/1289-288043-0015.flac,229920,
4887,train-clean-360/1348/135826/1348-135826-0046.flac,229920,
4888,train-clean-360/1383/130532/1383-130532-0028.flac,229920,
4889,train-clean-360/1649/5776/1649-5776-0028.flac,229920,
4890,train-clean-360/1472/142848/1472-142848-0036.flac,229920,
4891,train-clean-360/1031/133220/1031-133220-0014.flac,229920,
4892,train-clean-360/1060/134451/1060-134451-0074.flac,229920,
4893,train-clean-360/1463/134465/1463-134465-0058.flac,229920,
4894,train-clean-360/100/121674/100-121674-0006.flac,229920,
4895,train-clean-360/1165/135216/1165-135216-0005.flac,229920,
4896,train-clean-360/1018/133447/1018-133447-0054.flac,229920,
4897,train-clean-360/1422/146123/1422-146123-0009.flac,229920,
4898,train-clean-360/154/123998/154-123998-0019.flac,229920,
4899,train-clean-360/1296/134434/1296-134434-0035.flac,229920,
4900,train-clean-360/1264/135033/1264-135033-0038.flac,229920,
4901,train-clean-360/1031/133220/1031-133220-0003.flac,229920,
4902,train-clean-360/1343/158796/1343-158796-0008.flac,229920,
4903,train-clean-360/1336/138115/1336-138115-0033.flac,229840,
4904,train-clean-360/1571/141320/1571-141320-0032.flac,229840,
4905,train-clean-360/1054/143005/1054-143005-0077.flac,229840,
4906,train-clean-360/1296/138074/1296-138074-0000.flac,229840,
4907,train-clean-360/1337/10674/1337-10674-0018.flac,229840,
4908,train-clean-360/1425/139297/1425-139297-0000.flac,229840,
4909,train-clean-360/157/126796/157-126796-0028.flac,229840,
4910,train-clean-360/1271/128145/1271-128145-0015.flac,229840,
4911,train-clean-360/1165/135216/1165-135216-0012.flac,229840,
4912,train-clean-360/1311/134170/1311-134170-0046.flac,229840,
4913,train-clean-360/1058/131113/1058-131113-0030.flac,229840,
4914,train-clean-360/1028/133395/1028-133395-0006.flac,229840,
4915,train-clean-360/1053/132821/1053-132821-0017.flac,229840,
4916,train-clean-360/1018/135221/1018-135221-0029.flac,229840,
4917,train-clean-360/166/352/166-352-0019.flac,229840,
4918,train-clean-360/112/123215/112-123215-0011.flac,229840,
4919,train-clean-360/1289/288043/1289-288043-0008.flac,229840,
4920,train-clean-360/1383/130489/1383-130489-0019.flac,229760,
4921,train-clean-360/1425/139291/1425-139291-0009.flac,229760,
4922,train-clean-360/16/122828/16-122828-0048.flac,229760,
4923,train-clean-360/1603/139324/1603-139324-0020.flac,229760,
4924,train-clean-360/1379/130530/1379-130530-0033.flac,229760,
4925,train-clean-360/1678/142279/1678-142279-0053.flac,229760,
4926,train-clean-360/1066/5330/1066-5330-0019.flac,229760,
4927,train-clean-360/1460/138290/1460-138290-0032.flac,229760,
4928,train-clean-360/1641/130504/1641-130504-0024.flac,229760,
4929,train-clean-360/1639/132848/1639-132848-0021.flac,229760,
4930,train-clean-360/115/122944/115-122944-0021.flac,229760,
4931,train-clean-360/1535/141644/1535-141644-0024.flac,229760,
4932,train-clean-360/1456/130544/1456-130544-0005.flac,229760,
4933,train-clean-360/1160/139336/1160-139336-0026.flac,229680,
4934,train-clean-360/1058/133263/1058-133263-0006.flac,229680,
4935,train-clean-360/1498/140041/1498-140041-0037.flac,229680,
4936,train-clean-360/1425/139297/1425-139297-0039.flac,229680,
4937,train-clean-360/114/129324/114-129324-0054.flac,229680,
4938,train-clean-360/1296/138074/1296-138074-0048.flac,229680,
4939,train-clean-360/1343/158796/1343-158796-0021.flac,229680,
4940,train-clean-360/1112/128138/1112-128138-0002.flac,229680,
4941,train-clean-360/1482/140072/1482-140072-0031.flac,229680,
4942,train-clean-360/1365/134825/1365-134825-0028.flac,229600,
4943,train-clean-360/1641/130504/1641-130504-0022.flac,229600,
4944,train-clean-360/1265/135636/1265-135636-0031.flac,229600,
4945,train-clean-360/101/126861/101-126861-0010.flac,229600,
4946,train-clean-360/1634/141571/1634-141571-0047.flac,229600,
4947,train-clean-360/1513/140221/1513-140221-0026.flac,229600,
4948,train-clean-360/1417/1536/1417-1536-0038.flac,229600,
4949,train-clean-360/159/121891/159-121891-0011.flac,229600,
4950,train-clean-360/1335/27593/1335-27593-0017.flac,229600,
4951,train-clean-360/166/352/166-352-0000.flac,229600,
4952,train-clean-360/1224/121064/1224-121064-0002.flac,229600,
4953,train-clean-360/1224/121064/1224-121064-0110.flac,229600,
4954,train-clean-360/1382/130516/1382-130516-0008.flac,229600,
4955,train-clean-360/1195/135814/1195-135814-0001.flac,229520,
4956,train-clean-360/1316/132782/1316-132782-0030.flac,229520,
4957,train-clean-360/1165/135216/1165-135216-0028.flac,229520,
4958,train-clean-360/1425/139291/1425-139291-0001.flac,229520,
4959,train-clean-360/1649/68762/1649-68762-0005.flac,229520,
4960,train-clean-360/154/124002/154-124002-0018.flac,229440,
4961,train-clean-360/1053/132821/1053-132821-0015.flac,229440,
4962,train-clean-360/1536/137608/1536-137608-0039.flac,229440,
4963,train-clean-360/1349/135891/1349-135891-0007.flac,229440,
4964,train-clean-360/1025/75365/1025-75365-0020.flac,229440,
4965,train-clean-360/14/212/14-212-0021.flac,229440,
4966,train-clean-360/1025/75365/1025-75365-0022.flac,229440,
4967,train-clean-360/1241/137614/1241-137614-0013.flac,229440,
4968,train-clean-360/1448/135894/1448-135894-0042.flac,229440,
4969,train-clean-360/1649/150127/1649-150127-0030.flac,229440,
4970,train-clean-360/1343/139681/1343-139681-0006.flac,229360,
4971,train-clean-360/1668/136280/1668-136280-0017.flac,229360,
4972,train-clean-360/1401/174511/1401-174511-0007.flac,229360,
4973,train-clean-360/1387/130989/1387-130989-0022.flac,229360,
4974,train-clean-360/1343/139681/1343-139681-0001.flac,229360,
4975,train-clean-360/16/122828/16-122828-0022.flac,229360,
4976,train-clean-360/1046/133224/1046-133224-0020.flac,229360,
4977,train-clean-360/1283/136983/1283-136983-0042.flac,229360,
4978,train-clean-360/1607/149245/1607-149245-0043.flac,229360,
4979,train-clean-360/101/126860/101-126860-0015.flac,229360,
4980,train-clean-360/1061/152224/1061-152224-0003.flac,229360,
4981,train-clean-360/122/121729/122-121729-0015.flac,229360,
4982,train-clean-360/1336/138115/1336-138115-0037.flac,229360,
4983,train-clean-360/1390/130495/1390-130495-0007.flac,229360,
4984,train-clean-360/1473/135657/1473-135657-0092.flac,229360,
4985,train-clean-360/1445/139397/1445-139397-0009.flac,229280,
4986,train-clean-360/1165/135216/1165-135216-0016.flac,229280,
4987,train-clean-360/119/129515/119-129515-0018.flac,229280,
4988,train-clean-360/1535/141644/1535-141644-0022.flac,229280,
4989,train-clean-360/1446/122614/1446-122614-0090.flac,229280,
4990,train-clean-360/1241/121106/1241-121106-0042.flac,229280,
4991,train-clean-360/1498/140041/1498-140041-0009.flac,229280,
4992,train-clean-360/1054/143005/1054-143005-0096.flac,229200,
4993,train-clean-360/1446/122614/1446-122614-0095.flac,229200,
4994,train-clean-360/1337/156963/1337-156963-0006.flac,229200,
4995,train-clean-360/1417/1536/1417-1536-0034.flac,229200,
4996,train-clean-360/1335/160602/1335-160602-0026.flac,229200,
4997,train-clean-360/1482/140072/1482-140072-0009.flac,229200,
4998,train-clean-360/1046/133225/1046-133225-0004.flac,229200,
4999,train-clean-360/1165/135220/1165-135220-0056.flac,229200,
5000,train-clean-360/1001/134707/1001-134707-0003.flac,229200,
5001,train-clean-360/1323/149236/1323-149236-0020.flac,229200,
5002,train-clean-360/1387/130993/1387-130993-0023.flac,229200,
5003,train-clean-360/1112/128136/1112-128136-0003.flac,229200,
5004,train-clean-360/1112/1043/1112-1043-0030.flac,229200,
5005,train-clean-360/1448/135894/1448-135894-0032.flac,229200,
5006,train-clean-360/1678/142279/1678-142279-0084.flac,229200,
5007,train-clean-360/1027/125147/1027-125147-0016.flac,229120,
5008,train-clean-360/1175/126220/1175-126220-0056.flac,229120,
5009,train-clean-360/122/121730/122-121730-0025.flac,229120,
5010,train-clean-360/166/122789/166-122789-0020.flac,229120,
5011,train-clean-360/1668/136271/1668-136271-0038.flac,229120,
5012,train-clean-360/1259/137770/1259-137770-0027.flac,229120,
5013,train-clean-360/16/122827/16-122827-0022.flac,229120,
5014,train-clean-360/119/129513/119-129513-0039.flac,229120,
5015,train-clean-360/1343/139681/1343-139681-0028.flac,229120,
5016,train-clean-360/1482/140071/1482-140071-0031.flac,229120,
5017,train-clean-360/1509/143477/1509-143477-0046.flac,229120,
5018,train-clean-360/1027/125140/1027-125140-0004.flac,229120,
5019,train-clean-360/112/121727/112-121727-0004.flac,229120,
5020,train-clean-360/1603/139324/1603-139324-0027.flac,229120,
5021,train-clean-360/157/121907/157-121907-0010.flac,229040,
5022,train-clean-360/1323/138548/1323-138548-0041.flac,229040,
5023,train-clean-360/1413/121799/1413-121799-0084.flac,229040,
5024,train-clean-360/1629/139710/1629-139710-0046.flac,229040,
5025,train-clean-360/1629/139710/1629-139710-0025.flac,229040,
5026,train-clean-360/1536/138488/1536-138488-0034.flac,229040,
5027,train-clean-360/1028/133395/1028-133395-0043.flac,229040,
5028,train-clean-360/1445/139387/1445-139387-0027.flac,229040,
5029,train-clean-360/17/362/17-362-0010.flac,229040,
5030,train-clean-360/1607/149245/1607-149245-0000.flac,228961,
5031,train-clean-360/1311/134170/1311-134170-0042.flac,228960,
5032,train-clean-360/1382/130548/1382-130548-0005.flac,228960,
5033,train-clean-360/1027/125140/1027-125140-0027.flac,228960,
5034,train-clean-360/1322/137588/1322-137588-0018.flac,228960,
5035,train-clean-360/1028/133395/1028-133395-0026.flac,228960,
5036,train-clean-360/1343/158796/1343-158796-0029.flac,228960,
5037,train-clean-360/1079/128632/1079-128632-0024.flac,228960,
5038,train-clean-360/1226/141270/1226-141270-0003.flac,228960,
5039,train-clean-360/1311/134170/1311-134170-0032.flac,228960,
5040,train-clean-360/1195/135814/1195-135814-0019.flac,228960,
5041,train-clean-360/1264/135033/1264-135033-0010.flac,228960,
5042,train-clean-360/1460/138289/1460-138289-0000.flac,228960,
5043,train-clean-360/1498/140040/1498-140040-0003.flac,228960,
5044,train-clean-360/1322/137589/1322-137589-0007.flac,228960,
5045,train-clean-360/1093/132891/1093-132891-0002.flac,228960,
5046,train-clean-360/1556/143307/1556-143307-0081.flac,228960,
5047,train-clean-360/1165/135220/1165-135220-0053.flac,228880,
5048,train-clean-360/1383/130489/1383-130489-0001.flac,228880,
5049,train-clean-360/1289/288043/1289-288043-0000.flac,228880,
5050,train-clean-360/1027/125140/1027-125140-0022.flac,228880,
5051,train-clean-360/1259/137770/1259-137770-0022.flac,228880,
5052,train-clean-360/1335/27593/1335-27593-0010.flac,228880,
5053,train-clean-360/1639/133290/1639-133290-0019.flac,228800,
5054,train-clean-360/1100/135264/1100-135264-0025.flac,228800,
5055,train-clean-360/1473/135657/1473-135657-0003.flac,228800,
5056,train-clean-360/122/129752/122-129752-0030.flac,228800,
5057,train-clean-360/1422/146111/1422-146111-0003.flac,228800,
5058,train-clean-360/1028/133395/1028-133395-0020.flac,228800,
5059,train-clean-360/114/129324/114-129324-0037.flac,228800,
5060,train-clean-360/1028/133393/1028-133393-0030.flac,228800,
5061,train-clean-360/1473/135657/1473-135657-0050.flac,228800,
5062,train-clean-360/1603/141713/1603-141713-0003.flac,228800,
5063,train-clean-360/1195/37134/1195-37134-0011.flac,228800,
5064,train-clean-360/1079/128636/1079-128636-0001.flac,228800,
5065,train-clean-360/1482/140071/1482-140071-0009.flac,228799,
5066,train-clean-360/1121/176698/1121-176698-0002.flac,228720,
5067,train-clean-360/1012/133424/1012-133424-0019.flac,228720,
5068,train-clean-360/1607/150715/1607-150715-0038.flac,228720,
5069,train-clean-360/1649/68762/1649-68762-0017.flac,228720,
5070,train-clean-360/166/126302/166-126302-0010.flac,228720,
5071,train-clean-360/1638/84447/1638-84447-0014.flac,228720,
5072,train-clean-360/1283/136983/1283-136983-0015.flac,228720,
5073,train-clean-360/1058/133263/1058-133263-0036.flac,228720,
5074,train-clean-360/1053/132821/1053-132821-0001.flac,228720,
5075,train-clean-360/1160/134674/1160-134674-0016.flac,228719,
5076,train-clean-360/1031/133220/1031-133220-0019.flac,228640,
5077,train-clean-360/1547/130184/1547-130184-0022.flac,228640,
5078,train-clean-360/1629/139710/1629-139710-0024.flac,228640,
5079,train-clean-360/17/362/17-362-0032.flac,228640,
5080,train-clean-360/1456/130544/1456-130544-0015.flac,228640,
5081,train-clean-360/17/362/17-362-0023.flac,228640,
5082,train-clean-360/1100/124547/1100-124547-0030.flac,228560,
5083,train-clean-360/1027/125140/1027-125140-0023.flac,228560,
5084,train-clean-360/1556/143307/1556-143307-0063.flac,228560,
5085,train-clean-360/1460/138289/1460-138289-0002.flac,228560,
5086,train-clean-360/1031/133220/1031-133220-0084.flac,228560,
5087,train-clean-360/1212/75242/1212-75242-0023.flac,228560,
5088,train-clean-360/126/122467/126-122467-0029.flac,228560,
5089,train-clean-360/1607/149245/1607-149245-0006.flac,228560,
5090,train-clean-360/1079/128632/1079-128632-0027.flac,228560,
5091,train-clean-360/1337/10674/1337-10674-0017.flac,228560,
5092,train-clean-360/1259/137770/1259-137770-0016.flac,228481,
5093,train-clean-360/119/129513/119-129513-0029.flac,228480,
5094,train-clean-360/1012/133424/1012-133424-0036.flac,228480,
5095,train-clean-360/1390/130493/1390-130493-0017.flac,228480,
5096,train-clean-360/112/121671/112-121671-0018.flac,228480,
5097,train-clean-360/1337/156963/1337-156963-0005.flac,228480,
5098,train-clean-360/1066/4479/1066-4479-0001.flac,228480,
5099,train-clean-360/1265/135636/1265-135636-0029.flac,228480,
5100,train-clean-360/1012/133424/1012-133424-0038.flac,228480,
5101,train-clean-360/1058/131113/1058-131113-0006.flac,228480,
5102,train-clean-360/1603/139324/1603-139324-0021.flac,228480,
5103,train-clean-360/1422/146123/1422-146123-0025.flac,228480,
5104,train-clean-360/115/121896/115-121896-0005.flac,228400,
5105,train-clean-360/1311/134170/1311-134170-0023.flac,228400,
5106,train-clean-360/1335/160602/1335-160602-0016.flac,228400,
5107,train-clean-360/1382/130492/1382-130492-0017.flac,228400,
5108,train-clean-360/1343/158781/1343-158781-0003.flac,228400,
5109,train-clean-360/1265/135635/1265-135635-0070.flac,228400,
5110,train-clean-360/1390/130494/1390-130494-0022.flac,228400,
5111,train-clean-360/1603/141713/1603-141713-0001.flac,228400,
5112,train-clean-360/1061/152224/1061-152224-0012.flac,228400,
5113,train-clean-360/1383/130489/1383-130489-0020.flac,228400,
5114,train-clean-360/100/121674/100-121674-0028.flac,228320,
5115,train-clean-360/1448/135894/1448-135894-0077.flac,228320,
5116,train-clean-360/1001/134707/1001-134707-0002.flac,228320,
5117,train-clean-360/1265/135635/1265-135635-0061.flac,228320,
5118,train-clean-360/1079/128631/1079-128631-0019.flac,228320,
5119,train-clean-360/1335/160602/1335-160602-0024.flac,228320,
5120,train-clean-360/1343/139681/1343-139681-0023.flac,228320,
5121,train-clean-360/1060/134451/1060-134451-0034.flac,228320,
5122,train-clean-360/1638/84447/1638-84447-0026.flac,228320,
5123,train-clean-360/1337/10674/1337-10674-0046.flac,228320,
5124,train-clean-360/1382/130516/1382-130516-0007.flac,228320,
5125,train-clean-360/1271/128145/1271-128145-0026.flac,228320,
5126,train-clean-360/112/121727/112-121727-0006.flac,228320,
5127,train-clean-360/159/135897/159-135897-0016.flac,228320,
5128,train-clean-360/1160/139717/1160-139717-0022.flac,228320,
5129,train-clean-360/1121/135824/1121-135824-0011.flac,228320,
5130,train-clean-360/1259/72927/1259-72927-0027.flac,228320,
5131,train-clean-360/14/212/14-212-0020.flac,228320,
5132,train-clean-360/14/212/14-212-0015.flac,228320,
5133,train-clean-360/1629/139710/1629-139710-0047.flac,228240,
5134,train-clean-360/1241/121103/1241-121103-0017.flac,228240,
5135,train-clean-360/1195/130164/1195-130164-0043.flac,228240,
5136,train-clean-360/1027/125147/1027-125147-0043.flac,228240,
5137,train-clean-360/1195/130164/1195-130164-0006.flac,228240,
5138,train-clean-360/1289/288043/1289-288043-0038.flac,228240,
5139,train-clean-360/1571/141320/1571-141320-0028.flac,228240,
5140,train-clean-360/1066/103481/1066-103481-0014.flac,228240,
5141,train-clean-360/1446/122614/1446-122614-0048.flac,228240,
5142,train-clean-360/1046/133224/1046-133224-0030.flac,228160,
5143,train-clean-360/1413/121799/1413-121799-0054.flac,228160,
5144,train-clean-360/1165/135220/1165-135220-0010.flac,228160,
5145,train-clean-360/1054/143005/1054-143005-0022.flac,228160,
5146,train-clean-360/1316/132782/1316-132782-0034.flac,228160,
5147,train-clean-360/1513/140222/1513-140222-0021.flac,228160,
5148,train-clean-360/1046/133225/1046-133225-0007.flac,228160,
5149,train-clean-360/1018/135221/1018-135221-0022.flac,228160,
5150,train-clean-360/1668/136280/1668-136280-0035.flac,228160,
5151,train-clean-360/1343/158781/1343-158781-0024.flac,228160,
5152,train-clean-360/1050/134121/1050-134121-0020.flac,228160,
5153,train-clean-360/1265/135635/1265-135635-0009.flac,228160,
5154,train-clean-360/1446/122614/1446-122614-0033.flac,228160,
5155,train-clean-360/1425/139297/1425-139297-0020.flac,228080,
5156,train-clean-360/1448/135894/1448-135894-0003.flac,228080,
5157,train-clean-360/1460/138290/1460-138290-0049.flac,228080,
5158,train-clean-360/1195/130164/1195-130164-0013.flac,228080,
5159,train-clean-360/1222/133834/1222-133834-0040.flac,228080,
5160,train-clean-360/1401/14358/1401-14358-0032.flac,228080,
5161,train-clean-360/1001/134708/1001-134708-0006.flac,228080,
5162,train-clean-360/1054/143005/1054-143005-0012.flac,228080,
5163,train-clean-360/1061/146197/1061-146197-0022.flac,228080,
5164,train-clean-360/1678/142279/1678-142279-0011.flac,228000,
5165,train-clean-360/16/122827/16-122827-0021.flac,228000,
5166,train-clean-360/16/122828/16-122828-0040.flac,228000,
5167,train-clean-360/1212/14653/1212-14653-0031.flac,228000,
5168,train-clean-360/1482/140072/1482-140072-0004.flac,228000,
5169,train-clean-360/1445/139404/1445-139404-0018.flac,227920,
5170,train-clean-360/1224/121064/1224-121064-0055.flac,227920,
5171,train-clean-360/1387/130989/1387-130989-0006.flac,227920,
5172,train-clean-360/1456/136846/1456-136846-0036.flac,227920,
5173,train-clean-360/1513/140221/1513-140221-0008.flac,227920,
5174,train-clean-360/1160/139727/1160-139727-0009.flac,227920,
5175,train-clean-360/119/129513/119-129513-0035.flac,227920,
5176,train-clean-360/1316/132800/1316-132800-0053.flac,227840,
5177,train-clean-360/1513/140222/1513-140222-0026.flac,227840,
5178,train-clean-360/1445/139404/1445-139404-0030.flac,227840,
5179,train-clean-360/154/123998/154-123998-0012.flac,227840,
5180,train-clean-360/1473/135657/1473-135657-0056.flac,227840,
5181,train-clean-360/1182/134981/1182-134981-0003.flac,227840,
5182,train-clean-360/1482/140071/1482-140071-0028.flac,227840,
5183,train-clean-360/1323/138548/1323-138548-0010.flac,227840,
5184,train-clean-360/1027/125147/1027-125147-0031.flac,227840,
5185,train-clean-360/1401/146770/1401-146770-0007.flac,227840,
5186,train-clean-360/119/129514/119-129514-0032.flac,227840,
5187,train-clean-360/1456/130544/1456-130544-0013.flac,227840,
5188,train-clean-360/1463/134465/1463-134465-0031.flac,227761,
5189,train-clean-360/1323/138617/1323-138617-0018.flac,227760,
5190,train-clean-360/1487/133273/1487-133273-0035.flac,227760,
5191,train-clean-360/16/122827/16-122827-0003.flac,227760,
5192,train-clean-360/1066/4479/1066-4479-0025.flac,227760,
5193,train-clean-360/1401/146770/1401-146770-0001.flac,227760,
5194,train-clean-360/101/126860/101-126860-0019.flac,227760,
5195,train-clean-360/1482/140067/1482-140067-0016.flac,227760,
5196,train-clean-360/1212/185485/1212-185485-0033.flac,227760,
5197,train-clean-360/1634/141571/1634-141571-0000.flac,227760,
5198,train-clean-360/1509/143477/1509-143477-0018.flac,227680,
5199,train-clean-360/1425/139291/1425-139291-0012.flac,227680,
5200,train-clean-360/14/208/14-208-0047.flac,227680,
5201,train-clean-360/1259/72927/1259-72927-0029.flac,227680,
5202,train-clean-360/1446/122614/1446-122614-0078.flac,227680,
5203,train-clean-360/1336/138115/1336-138115-0016.flac,227680,
5204,train-clean-360/1100/124547/1100-124547-0053.flac,227680,
5205,train-clean-360/1417/1532/1417-1532-0016.flac,227600,
5206,train-clean-360/154/123998/154-123998-0014.flac,227600,
5207,train-clean-360/119/129514/119-129514-0038.flac,227600,
5208,train-clean-360/1571/141320/1571-141320-0039.flac,227600,
5209,train-clean-360/112/123216/112-123216-0019.flac,227600,
5210,train-clean-360/157/121899/157-121899-0019.flac,227600,
5211,train-clean-360/1498/140041/1498-140041-0011.flac,227600,
5212,train-clean-360/1241/121106/1241-121106-0005.flac,227600,
5213,train-clean-360/1182/134981/1182-134981-0007.flac,227600,
5214,train-clean-360/16/122827/16-122827-0012.flac,227600,
5215,train-clean-360/1513/140221/1513-140221-0004.flac,227600,
5216,train-clean-360/1054/143005/1054-143005-0002.flac,227600,
5217,train-clean-360/112/121671/112-121671-0009.flac,227520,
5218,train-clean-360/1448/135894/1448-135894-0059.flac,227520,
5219,train-clean-360/1343/158781/1343-158781-0004.flac,227520,
5220,train-clean-360/1224/121064/1224-121064-0052.flac,227520,
5221,train-clean-360/1422/146123/1422-146123-0005.flac,227520,
5222,train-clean-360/1343/158796/1343-158796-0001.flac,227520,
5223,train-clean-360/1629/139710/1629-139710-0035.flac,227520,
5224,train-clean-360/1456/136846/1456-136846-0008.flac,227520,
5225,train-clean-360/1387/130989/1387-130989-0021.flac,227520,
5226,train-clean-360/1265/135635/1265-135635-0048.flac,227520,
5227,train-clean-360/1222/141174/1222-141174-0006.flac,227440,
5228,train-clean-360/1392/135659/1392-135659-0017.flac,227440,
5229,train-clean-360/1638/84448/1638-84448-0039.flac,227440,
5230,train-clean-360/1535/141644/1535-141644-0001.flac,227440,
5231,train-clean-360/126/125084/126-125084-0018.flac,227440,
5232,train-clean-360/14/212/14-212-0002.flac,227440,
5233,train-clean-360/1323/149236/1323-149236-0002.flac,227440,
5234,train-clean-360/1322/137588/1322-137588-0049.flac,227440,
5235,train-clean-360/1638/84447/1638-84447-0002.flac,227440,
5236,train-clean-360/1639/132848/1639-132848-0014.flac,227440,
5237,train-clean-360/1425/139291/1425-139291-0032.flac,227440,
5238,train-clean-360/1401/174511/1401-174511-0034.flac,227440,
5239,train-clean-360/1446/122614/1446-122614-0102.flac,227440,
5240,train-clean-360/122/121730/122-121730-0029.flac,227440,
5241,train-clean-360/1456/130545/1456-130545-0011.flac,227440,
5242,train-clean-360/1425/139290/1425-139290-0037.flac,227440,
5243,train-clean-360/1271/136861/1271-136861-0050.flac,227440,
5244,train-clean-360/1641/130505/1641-130505-0023.flac,227440,
5245,train-clean-360/159/135897/159-135897-0066.flac,227440,
5246,train-clean-360/1195/37134/1195-37134-0006.flac,227360,
5247,train-clean-360/122/129752/122-129752-0016.flac,227360,
5248,train-clean-360/114/129317/114-129317-0039.flac,227360,
5249,train-clean-360/1473/135657/1473-135657-0083.flac,227360,
5250,train-clean-360/1265/135636/1265-135636-0019.flac,227360,
5251,train-clean-360/1422/149735/1422-149735-0005.flac,227360,
5252,train-clean-360/1121/135824/1121-135824-0030.flac,227360,
5253,train-clean-360/1445/139387/1445-139387-0024.flac,227360,
5254,train-clean-360/1513/140222/1513-140222-0048.flac,227360,
5255,train-clean-360/1222/133834/1222-133834-0019.flac,227360,
5256,train-clean-360/1311/134170/1311-134170-0007.flac,227360,
5257,train-clean-360/1448/135894/1448-135894-0103.flac,227280,
5258,train-clean-360/1012/133424/1012-133424-0091.flac,227280,
5259,train-clean-360/1050/134119/1050-134119-0019.flac,227280,
5260,train-clean-360/1265/135635/1265-135635-0007.flac,227280,
5261,train-clean-360/1264/135033/1264-135033-0005.flac,227280,
5262,train-clean-360/1472/139797/1472-139797-0009.flac,227280,
5263,train-clean-360/1283/136983/1283-136983-0053.flac,227280,
5264,train-clean-360/1382/130492/1382-130492-0016.flac,227280,
5265,train-clean-360/1513/140221/1513-140221-0022.flac,227280,
5266,train-clean-360/1322/137589/1322-137589-0051.flac,227280,
5267,train-clean-360/1460/138290/1460-138290-0028.flac,227280,
5268,train-clean-360/1535/141642/1535-141642-0006.flac,227280,
5269,train-clean-360/1112/128136/1112-128136-0024.flac,227200,
5270,train-clean-360/1634/141571/1634-141571-0021.flac,227200,
5271,train-clean-360/1053/132821/1053-132821-0014.flac,227200,
5272,train-clean-360/1313/135020/1313-135020-0000.flac,227200,
5273,train-clean-360/1058/131113/1058-131113-0019.flac,227200,
5274,train-clean-360/114/129317/114-129317-0036.flac,227200,
5275,train-clean-360/1446/122614/1446-122614-0091.flac,227200,
5276,train-clean-360/1387/130993/1387-130993-0038.flac,227200,
5277,train-clean-360/1336/138115/1336-138115-0001.flac,227199,
5278,train-clean-360/1259/27120/1259-27120-0002.flac,227120,
5279,train-clean-360/1536/138488/1536-138488-0028.flac,227120,
5280,train-clean-360/1054/143005/1054-143005-0021.flac,227120,
5281,train-clean-360/1413/121799/1413-121799-0065.flac,227120,
5282,train-clean-360/114/129317/114-129317-0040.flac,227120,
5283,train-clean-360/1536/138488/1536-138488-0011.flac,227120,
5284,train-clean-360/1603/140931/1603-140931-0006.flac,227120,
5285,train-clean-360/1054/143005/1054-143005-0063.flac,227120,
5286,train-clean-360/1463/134463/1463-134463-0028.flac,227120,
5287,train-clean-360/1259/137770/1259-137770-0032.flac,227120,
5288,train-clean-360/1160/139727/1160-139727-0004.flac,227120,
5289,train-clean-360/1027/125140/1027-125140-0007.flac,227120,
5290,train-clean-360/1482/140072/1482-140072-0005.flac,227120,
5291,train-clean-360/1313/135020/1313-135020-0021.flac,227040,
5292,train-clean-360/1195/37134/1195-37134-0014.flac,227040,
5293,train-clean-360/1456/130553/1456-130553-0010.flac,227040,
5294,train-clean-360/1001/134708/1001-134708-0014.flac,227040,
5295,train-clean-360/1401/146770/1401-146770-0025.flac,227040,
5296,train-clean-360/1212/185485/1212-185485-0016.flac,227040,
5297,train-clean-360/1603/139324/1603-139324-0031.flac,227040,
5298,train-clean-360/1509/145742/1509-145742-0024.flac,227040,
5299,train-clean-360/1121/132777/1121-132777-0016.flac,227040,
5300,train-clean-360/1121/132777/1121-132777-0015.flac,227040,
5301,train-clean-360/1175/126221/1175-126221-0006.flac,227040,
5302,train-clean-360/1603/140931/1603-140931-0030.flac,227040,
5303,train-clean-360/100/121674/100-121674-0008.flac,227040,
5304,train-clean-360/1121/135824/1121-135824-0036.flac,227040,
5305,train-clean-360/1336/138113/1336-138113-0024.flac,227040,
5306,train-clean-360/1066/103481/1066-103481-0025.flac,226960,
5307,train-clean-360/1061/142358/1061-142358-0003.flac,226960,
5308,train-clean-360/14/212/14-212-0004.flac,226960,
5309,train-clean-360/1422/146123/1422-146123-0000.flac,226960,
5310,train-clean-360/1513/140222/1513-140222-0018.flac,226960,
5311,train-clean-360/1018/135221/1018-135221-0020.flac,226960,
5312,train-clean-360/1401/146770/1401-146770-0028.flac,226960,
5313,train-clean-360/1224/121064/1224-121064-0104.flac,226960,
5314,train-clean-360/1509/143477/1509-143477-0005.flac,226960,
5315,train-clean-360/1259/72927/1259-72927-0014.flac,226960,
5316,train-clean-360/1379/130529/1379-130529-0014.flac,226880,
5317,train-clean-360/1422/146123/1422-146123-0026.flac,226880,
5318,train-clean-360/1046/133224/1046-133224-0010.flac,226880,
5319,train-clean-360/1668/136280/1668-136280-0012.flac,226880,
5320,train-clean-360/1513/140222/1513-140222-0031.flac,226880,
5321,train-clean-360/1001/134708/1001-134708-0000.flac,226880,
5322,train-clean-360/1639/132848/1639-132848-0020.flac,226880,
5323,train-clean-360/126/125084/126-125084-0017.flac,226880,
5324,train-clean-360/1053/132821/1053-132821-0038.flac,226880,
5325,train-clean-360/157/121899/157-121899-0026.flac,226800,
5326,train-clean-360/1224/121064/1224-121064-0003.flac,226800,
5327,train-clean-360/1337/10674/1337-10674-0023.flac,226800,
5328,train-clean-360/1265/135635/1265-135635-0014.flac,226800,
5329,train-clean-360/1079/128632/1079-128632-0020.flac,226800,
5330,train-clean-360/1448/135894/1448-135894-0034.flac,226800,
5331,train-clean-360/1473/135657/1473-135657-0021.flac,226800,
5332,train-clean-360/1472/139797/1472-139797-0026.flac,226800,
5333,train-clean-360/157/126796/157-126796-0007.flac,226800,
5334,train-clean-360/1195/130164/1195-130164-0018.flac,226800,
5335,train-clean-360/1195/37134/1195-37134-0004.flac,226800,
5336,train-clean-360/1060/134451/1060-134451-0051.flac,226720,
5337,train-clean-360/1054/143005/1054-143005-0091.flac,226720,
5338,train-clean-360/1638/84447/1638-84447-0041.flac,226720,
5339,train-clean-360/1678/142279/1678-142279-0071.flac,226720,
5340,train-clean-360/1641/130505/1641-130505-0014.flac,226720,
5341,train-clean-360/1536/141791/1536-141791-0013.flac,226720,
5342,train-clean-360/159/135897/159-135897-0048.flac,226720,
5343,train-clean-360/1337/10674/1337-10674-0009.flac,226720,
5344,train-clean-360/1050/134120/1050-134120-0032.flac,226720,
5345,train-clean-360/1296/138074/1296-138074-0050.flac,226640,
5346,train-clean-360/1498/140040/1498-140040-0025.flac,226640,
5347,train-clean-360/1313/135020/1313-135020-0036.flac,226640,
5348,train-clean-360/1058/131113/1058-131113-0065.flac,226640,
5349,train-clean-360/114/129317/114-129317-0026.flac,226640,
5350,train-clean-360/1028/133395/1028-133395-0024.flac,226640,
5351,train-clean-360/159/121902/159-121902-0012.flac,226640,
5352,train-clean-360/1018/133447/1018-133447-0049.flac,226640,
5353,train-clean-360/1629/139710/1629-139710-0012.flac,226560,
5354,train-clean-360/1121/132777/1121-132777-0027.flac,226560,
5355,train-clean-360/1382/130549/1382-130549-0002.flac,226560,
5356,train-clean-360/1316/132782/1316-132782-0032.flac,226560,
5357,train-clean-360/1472/285314/1472-285314-0036.flac,226560,
5358,train-clean-360/1058/131113/1058-131113-0080.flac,226560,
5359,train-clean-360/1316/132800/1316-132800-0047.flac,226560,
5360,train-clean-360/1382/130516/1382-130516-0015.flac,226560,
5361,train-clean-360/1629/139707/1629-139707-0028.flac,226560,
5362,train-clean-360/1028/133393/1028-133393-0058.flac,226560,
5363,train-clean-360/1271/128145/1271-128145-0022.flac,226560,
5364,train-clean-360/1289/288044/1289-288044-0001.flac,226560,
5365,train-clean-360/1482/140067/1482-140067-0019.flac,226560,
5366,train-clean-360/1313/135020/1313-135020-0043.flac,226560,
5367,train-clean-360/1093/132891/1093-132891-0095.flac,226560,
5368,train-clean-360/1513/140222/1513-140222-0064.flac,226560,
5369,train-clean-360/1066/5330/1066-5330-0028.flac,226560,
5370,train-clean-360/1241/121103/1241-121103-0029.flac,226480,
5371,train-clean-360/159/135897/159-135897-0057.flac,226480,
5372,train-clean-360/1348/135826/1348-135826-0024.flac,226480,
5373,train-clean-360/1053/132821/1053-132821-0040.flac,226480,
5374,train-clean-360/1413/121799/1413-121799-0131.flac,226480,
5375,train-clean-360/1093/132891/1093-132891-0023.flac,226480,
5376,train-clean-360/17/362/17-362-0028.flac,226480,
5377,train-clean-360/1290/135762/1290-135762-0049.flac,226480,
5378,train-clean-360/1054/143005/1054-143005-0071.flac,226480,
5379,train-clean-360/112/121671/112-121671-0006.flac,226480,
5380,train-clean-360/1417/1532/1417-1532-0036.flac,226480,
5381,train-clean-360/1028/133393/1028-133393-0016.flac,226480,
5382,train-clean-360/112/121671/112-121671-0005.flac,226480,
5383,train-clean-360/1031/133220/1031-133220-0097.flac,226480,
5384,train-clean-360/1316/132800/1316-132800-0011.flac,226400,
5385,train-clean-360/1547/130184/1547-130184-0012.flac,226400,
5386,train-clean-360/1066/4479/1066-4479-0003.flac,226400,
5387,train-clean-360/1343/139681/1343-139681-0004.flac,226400,
5388,train-clean-360/1446/122614/1446-122614-0086.flac,226400,
5389,train-clean-360/157/121899/157-121899-0004.flac,226400,
5390,train-clean-360/1050/134121/1050-134121-0021.flac,226400,
5391,train-clean-360/1456/130545/1456-130545-0014.flac,226400,
5392,train-clean-360/1460/138290/1460-138290-0009.flac,226400,
5393,train-clean-360/1413/121799/1413-121799-0022.flac,226400,
5394,train-clean-360/1535/141644/1535-141644-0020.flac,226400,
5395,train-clean-360/1271/128145/1271-128145-0016.flac,226400,
5396,train-clean-360/1222/141174/1222-141174-0002.flac,226400,
5397,train-clean-360/1383/130533/1383-130533-0038.flac,226400,
5398,train-clean-360/1322/137589/1322-137589-0016.flac,226400,
5399,train-clean-360/114/129317/114-129317-0049.flac,226400,
5400,train-clean-360/1316/132782/1316-132782-0015.flac,226320,
5401,train-clean-360/1348/135832/1348-135832-0037.flac,226320,
5402,train-clean-360/1463/134465/1463-134465-0006.flac,226320,
5403,train-clean-360/119/129514/119-129514-0003.flac,226320,
5404,train-clean-360/1264/135033/1264-135033-0009.flac,226320,
5405,train-clean-360/1401/174511/1401-174511-0014.flac,226240,
5406,train-clean-360/1028/133395/1028-133395-0047.flac,226240,
5407,train-clean-360/1175/126221/1175-126221-0032.flac,226240,
5408,train-clean-360/112/123215/112-123215-0010.flac,226240,
5409,train-clean-360/1212/14653/1212-14653-0012.flac,226240,
5410,train-clean-360/1259/72927/1259-72927-0023.flac,226240,
5411,train-clean-360/1001/134707/1001-134707-0065.flac,226240,
5412,train-clean-360/1093/132891/1093-132891-0135.flac,226240,
5413,train-clean-360/1264/135033/1264-135033-0040.flac,226240,
5414,train-clean-360/1018/133447/1018-133447-0009.flac,226240,
5415,train-clean-360/1283/136983/1283-136983-0036.flac,226160,
5416,train-clean-360/1379/130530/1379-130530-0024.flac,226160,
5417,train-clean-360/1413/121799/1413-121799-0034.flac,226160,
5418,train-clean-360/1224/121064/1224-121064-0041.flac,226160,
5419,train-clean-360/154/124003/154-124003-0008.flac,226160,
5420,train-clean-360/1226/141268/1226-141268-0016.flac,226160,
5421,train-clean-360/1031/133220/1031-133220-0078.flac,226160,
5422,train-clean-360/1460/138289/1460-138289-0032.flac,226160,
5423,train-clean-360/1401/14358/1401-14358-0014.flac,226160,
5424,train-clean-360/14/208/14-208-0054.flac,226159,
5425,train-clean-360/1383/130489/1383-130489-0007.flac,226080,
5426,train-clean-360/1265/135635/1265-135635-0073.flac,226080,
5427,train-clean-360/1241/121106/1241-121106-0013.flac,226080,
5428,train-clean-360/1607/149245/1607-149245-0010.flac,226080,
5429,train-clean-360/1513/140222/1513-140222-0067.flac,226080,
5430,train-clean-360/1100/124547/1100-124547-0044.flac,226080,
5431,train-clean-360/1463/134463/1463-134463-0010.flac,226000,
5432,train-clean-360/1417/1539/1417-1539-0017.flac,226000,
5433,train-clean-360/101/126860/101-126860-0020.flac,226000,
5434,train-clean-360/1050/134120/1050-134120-0035.flac,226000,
5435,train-clean-360/115/122944/115-122944-0014.flac,226000,
5436,train-clean-360/1031/133220/1031-133220-0011.flac,226000,
5437,train-clean-360/101/126861/101-126861-0004.flac,226000,
5438,train-clean-360/1571/141320/1571-141320-0041.flac,226000,
5439,train-clean-360/1472/139797/1472-139797-0014.flac,226000,
5440,train-clean-360/1649/5776/1649-5776-0006.flac,226000,
5441,train-clean-360/1638/84448/1638-84448-0049.flac,226000,
5442,train-clean-360/1058/131113/1058-131113-0068.flac,226000,
5443,train-clean-360/1383/130532/1383-130532-0027.flac,225920,
5444,train-clean-360/1322/137589/1322-137589-0057.flac,225920,
5445,train-clean-360/1336/138115/1336-138115-0008.flac,225920,
5446,train-clean-360/101/126859/101-126859-0000.flac,225920,
5447,train-clean-360/1607/134636/1607-134636-0028.flac,225920,
5448,train-clean-360/1487/133273/1487-133273-0000.flac,225920,
5449,train-clean-360/1473/135657/1473-135657-0034.flac,225920,
5450,train-clean-360/1296/138074/1296-138074-0013.flac,225920,
5451,train-clean-360/1195/37134/1195-37134-0010.flac,225920,
5452,train-clean-360/1379/130486/1379-130486-0013.flac,225920,
5453,train-clean-360/1401/174511/1401-174511-0013.flac,225840,
5454,train-clean-360/16/122828/16-122828-0046.flac,225840,
5455,train-clean-360/1027/125147/1027-125147-0041.flac,225840,
5456,train-clean-360/154/124003/154-124003-0001.flac,225840,
5457,train-clean-360/1265/135635/1265-135635-0020.flac,225840,
5458,train-clean-360/16/122828/16-122828-0009.flac,225840,
5459,train-clean-360/17/362/17-362-0030.flac,225840,
5460,train-clean-360/1535/141642/1535-141642-0011.flac,225840,
5461,train-clean-360/1571/138486/1571-138486-0018.flac,225840,
5462,train-clean-360/1547/130184/1547-130184-0036.flac,225760,
5463,train-clean-360/157/126796/157-126796-0001.flac,225760,
5464,train-clean-360/1271/133279/1271-133279-0016.flac,225760,
5465,train-clean-360/1322/137588/1322-137588-0054.flac,225760,
5466,train-clean-360/1066/5330/1066-5330-0021.flac,225760,
5467,train-clean-360/1259/72927/1259-72927-0022.flac,225760,
5468,train-clean-360/1322/137589/1322-137589-0055.flac,225760,
5469,train-clean-360/1323/138617/1323-138617-0025.flac,225760,
5470,train-clean-360/1487/133273/1487-133273-0030.flac,225760,
5471,train-clean-360/1031/133220/1031-133220-0102.flac,225760,
5472,train-clean-360/101/126860/101-126860-0039.flac,225760,
5473,train-clean-360/1365/134804/1365-134804-0033.flac,225680,
5474,train-clean-360/166/122789/166-122789-0015.flac,225680,
5475,train-clean-360/1271/136861/1271-136861-0017.flac,225680,
5476,train-clean-360/1668/136271/1668-136271-0021.flac,225680,
5477,train-clean-360/1348/135832/1348-135832-0031.flac,225680,
5478,train-clean-360/122/129752/122-129752-0038.flac,225680,
5479,train-clean-360/1387/130993/1387-130993-0022.flac,225680,
5480,train-clean-360/1509/143477/1509-143477-0013.flac,225680,
5481,train-clean-360/1629/139707/1629-139707-0003.flac,225680,
5482,train-clean-360/1638/84448/1638-84448-0045.flac,225680,
5483,train-clean-360/1323/138548/1323-138548-0023.flac,225680,
5484,train-clean-360/1259/137770/1259-137770-0003.flac,225600,
5485,train-clean-360/1556/143307/1556-143307-0050.flac,225600,
5486,train-clean-360/1289/288043/1289-288043-0039.flac,225600,
5487,train-clean-360/1012/133424/1012-133424-0089.flac,225600,
5488,train-clean-360/1456/130544/1456-130544-0009.flac,225600,
5489,train-clean-360/1079/128633/1079-128633-0018.flac,225600,
5490,train-clean-360/1212/75242/1212-75242-0033.flac,225600,
5491,train-clean-360/1509/145699/1509-145699-0005.flac,225520,
5492,train-clean-360/1365/134830/1365-134830-0043.flac,225520,
5493,train-clean-360/1473/135657/1473-135657-0001.flac,225520,
5494,train-clean-360/1348/135832/1348-135832-0039.flac,225520,
5495,train-clean-360/1639/132848/1639-132848-0061.flac,225520,
5496,train-clean-360/1027/125140/1027-125140-0033.flac,225520,
5497,train-clean-360/1316/132782/1316-132782-0027.flac,225520,
5498,train-clean-360/1296/134434/1296-134434-0026.flac,225520,
5499,train-clean-360/1316/132782/1316-132782-0028.flac,225520,
5500,train-clean-360/1050/134119/1050-134119-0032.flac,225440,
5501,train-clean-360/1224/121064/1224-121064-0115.flac,225440,
5502,train-clean-360/1296/138074/1296-138074-0036.flac,225440,
5503,train-clean-360/1316/132800/1316-132800-0028.flac,225440,
5504,train-clean-360/1271/136861/1271-136861-0032.flac,225440,
5505,train-clean-360/1401/14358/1401-14358-0027.flac,225440,
5506,train-clean-360/1382/130549/1382-130549-0006.flac,225440,
5507,train-clean-360/119/129513/119-129513-0040.flac,225440,
5508,train-clean-360/1182/134316/1182-134316-0018.flac,225440,
5509,train-clean-360/1383/130532/1383-130532-0032.flac,225440,
5510,train-clean-360/119/129514/119-129514-0036.flac,225440,
5511,train-clean-360/1079/128636/1079-128636-0022.flac,225440,
5512,train-clean-360/1678/142279/1678-142279-0048.flac,225439,
5513,train-clean-360/1343/139681/1343-139681-0002.flac,225360,
5514,train-clean-360/1195/135814/1195-135814-0012.flac,225360,
5515,train-clean-360/1054/143005/1054-143005-0083.flac,225360,
5516,train-clean-360/166/126302/166-126302-0008.flac,225360,
5517,train-clean-360/1289/288044/1289-288044-0027.flac,225360,
5518,train-clean-360/1311/134170/1311-134170-0022.flac,225360,
5519,train-clean-360/16/122827/16-122827-0006.flac,225360,
5520,train-clean-360/1482/140067/1482-140067-0031.flac,225360,
5521,train-clean-360/1259/72927/1259-72927-0018.flac,225360,
5522,train-clean-360/1382/130492/1382-130492-0015.flac,225360,
5523,train-clean-360/1348/135826/1348-135826-0036.flac,225280,
5524,train-clean-360/159/135897/159-135897-0071.flac,225280,
5525,train-clean-360/157/126796/157-126796-0026.flac,225280,
5526,train-clean-360/1638/84447/1638-84447-0034.flac,225280,
5527,train-clean-360/1392/128226/1392-128226-0005.flac,225280,
5528,train-clean-360/1289/288044/1289-288044-0054.flac,225280,
5529,train-clean-360/14/208/14-208-0003.flac,225280,
5530,train-clean-360/1323/149236/1323-149236-0011.flac,225280,
5531,train-clean-360/1547/130184/1547-130184-0085.flac,225280,
5532,train-clean-360/1383/130532/1383-130532-0017.flac,225280,
5533,train-clean-360/1365/134804/1365-134804-0021.flac,225200,
5534,train-clean-360/1259/72927/1259-72927-0013.flac,225200,
5535,train-clean-360/1058/131113/1058-131113-0042.flac,225200,
5536,train-clean-360/1212/14653/1212-14653-0009.flac,225200,
5537,train-clean-360/154/124002/154-124002-0007.flac,225200,
5538,train-clean-360/1535/141642/1535-141642-0042.flac,225120,
5539,train-clean-360/1018/133447/1018-133447-0011.flac,225120,
5540,train-clean-360/1513/140222/1513-140222-0035.flac,225120,
5541,train-clean-360/1337/156963/1337-156963-0020.flac,225120,
5542,train-clean-360/100/122655/100-122655-0005.flac,225120,
5543,train-clean-360/1323/138548/1323-138548-0004.flac,225120,
5544,train-clean-360/1028/133393/1028-133393-0007.flac,225120,
5545,train-clean-360/1335/163935/1335-163935-0019.flac,225120,
5546,train-clean-360/1264/129805/1264-129805-0041.flac,225120,
5547,train-clean-360/1482/140071/1482-140071-0006.flac,225120,
5548,train-clean-360/1487/133273/1487-133273-0022.flac,225120,
5549,train-clean-360/1460/138289/1460-138289-0024.flac,225120,
5550,train-clean-360/1060/134451/1060-134451-0056.flac,225120,
5551,train-clean-360/1322/137589/1322-137589-0013.flac,225040,
5552,train-clean-360/1259/137770/1259-137770-0026.flac,225040,
5553,train-clean-360/1401/146770/1401-146770-0031.flac,225040,
5554,train-clean-360/1422/149735/1422-149735-0008.flac,225040,
5555,train-clean-360/1322/137588/1322-137588-0010.flac,225040,
5556,train-clean-360/1509/143477/1509-143477-0004.flac,225040,
5557,train-clean-360/1472/285314/1472-285314-0002.flac,225040,
5558,train-clean-360/1066/5330/1066-5330-0000.flac,225040,
5559,train-clean-360/1195/130164/1195-130164-0012.flac,225040,
5560,train-clean-360/100/121669/100-121669-0003.flac,224960,
5561,train-clean-360/1224/121064/1224-121064-0001.flac,224960,
5562,train-clean-360/1046/133224/1046-133224-0039.flac,224960,
5563,train-clean-360/1195/130164/1195-130164-0025.flac,224960,
5564,train-clean-360/1313/135020/1313-135020-0017.flac,224960,
5565,train-clean-360/1323/138617/1323-138617-0039.flac,224960,
5566,train-clean-360/1446/122614/1446-122614-0032.flac,224960,
5567,train-clean-360/1165/135220/1165-135220-0046.flac,224960,
5568,train-clean-360/1422/146111/1422-146111-0008.flac,224960,
5569,train-clean-360/1343/158781/1343-158781-0017.flac,224960,
5570,train-clean-360/1401/174511/1401-174511-0030.flac,224881,
5571,train-clean-360/1425/139290/1425-139290-0020.flac,224880,
5572,train-clean-360/1482/140072/1482-140072-0018.flac,224880,
5573,train-clean-360/1390/130494/1390-130494-0025.flac,224880,
5574,train-clean-360/1422/149735/1422-149735-0001.flac,224880,
5575,train-clean-360/1316/132782/1316-132782-0029.flac,224880,
5576,train-clean-360/1649/5776/1649-5776-0011.flac,224880,
5577,train-clean-360/1547/130184/1547-130184-0030.flac,224880,
5578,train-clean-360/1448/135894/1448-135894-0092.flac,224880,
5579,train-clean-360/1417/1536/1417-1536-0010.flac,224800,
5580,train-clean-360/154/123998/154-123998-0023.flac,224800,
5581,train-clean-360/1448/135894/1448-135894-0073.flac,224800,
5582,train-clean-360/1001/134707/1001-134707-0026.flac,224800,
5583,train-clean-360/1571/138486/1571-138486-0004.flac,224800,
5584,train-clean-360/1383/130533/1383-130533-0002.flac,224800,
5585,train-clean-360/1271/133279/1271-133279-0034.flac,224800,
5586,train-clean-360/14/212/14-212-0011.flac,224800,
5587,train-clean-360/1226/141279/1226-141279-0009.flac,224800,
5588,train-clean-360/1463/134465/1463-134465-0060.flac,224800,
5589,train-clean-360/1536/138488/1536-138488-0020.flac,224800,
5590,train-clean-360/1112/128138/1112-128138-0022.flac,224800,
5591,train-clean-360/154/124002/154-124002-0002.flac,224800,
5592,train-clean-360/1343/139681/1343-139681-0027.flac,224800,
5593,train-clean-360/1296/134434/1296-134434-0009.flac,224720,
5594,train-clean-360/119/129515/119-129515-0016.flac,224720,
5595,train-clean-360/1165/135216/1165-135216-0042.flac,224720,
5596,train-clean-360/1226/141279/1226-141279-0017.flac,224720,
5597,train-clean-360/1629/139710/1629-139710-0042.flac,224720,
5598,train-clean-360/1513/140222/1513-140222-0039.flac,224720,
5599,train-clean-360/1422/146123/1422-146123-0015.flac,224720,
5600,train-clean-360/1066/4479/1066-4479-0032.flac,224720,
5601,train-clean-360/1387/134991/1387-134991-0008.flac,224720,
5602,train-clean-360/1629/139707/1629-139707-0010.flac,224720,
5603,train-clean-360/1052/139307/1052-139307-0017.flac,224720,
5604,train-clean-360/1556/143307/1556-143307-0067.flac,224720,
5605,train-clean-360/1535/141642/1535-141642-0029.flac,224640,
5606,train-clean-360/1487/133273/1487-133273-0095.flac,224640,
5607,train-clean-360/1387/130989/1387-130989-0035.flac,224640,
5608,train-clean-360/14/212/14-212-0030.flac,224640,
5609,train-clean-360/100/121669/100-121669-0010.flac,224640,
5610,train-clean-360/1446/122614/1446-122614-0106.flac,224640,
5611,train-clean-360/1100/124547/1100-124547-0025.flac,224640,
5612,train-clean-360/1160/139336/1160-139336-0028.flac,224640,
5613,train-clean-360/1445/139404/1445-139404-0027.flac,224640,
5614,train-clean-360/1001/134707/1001-134707-0050.flac,224640,
5615,train-clean-360/166/352/166-352-0016.flac,224640,
5616,train-clean-360/1121/135824/1121-135824-0017.flac,224640,
5617,train-clean-360/1446/122614/1446-122614-0077.flac,224560,
5618,train-clean-360/157/126796/157-126796-0031.flac,224560,
5619,train-clean-360/115/121720/115-121720-0020.flac,224560,
5620,train-clean-360/1638/84447/1638-84447-0025.flac,224560,
5621,train-clean-360/154/124003/154-124003-0003.flac,224560,
5622,train-clean-360/1337/10674/1337-10674-0032.flac,224560,
5623,train-clean-360/154/124002/154-124002-0005.flac,224560,
5624,train-clean-360/1061/142358/1061-142358-0023.flac,224560,
5625,train-clean-360/1365/134830/1365-134830-0023.flac,224560,
5626,train-clean-360/1390/130493/1390-130493-0007.flac,224560,
5627,train-clean-360/1100/135264/1100-135264-0044.flac,224560,
5628,train-clean-360/1417/1539/1417-1539-0018.flac,224480,
5629,train-clean-360/1271/136861/1271-136861-0012.flac,224480,
5630,train-clean-360/1052/132776/1052-132776-0005.flac,224480,
5631,train-clean-360/1160/139717/1160-139717-0010.flac,224480,
5632,train-clean-360/154/124003/154-124003-0000.flac,224480,
5633,train-clean-360/1175/126220/1175-126220-0011.flac,224480,
5634,train-clean-360/1649/68762/1649-68762-0028.flac,224480,
5635,train-clean-360/1031/133220/1031-133220-0051.flac,224480,
5636,train-clean-360/1498/140040/1498-140040-0038.flac,224480,
5637,train-clean-360/1061/152224/1061-152224-0027.flac,224480,
5638,train-clean-360/1487/133273/1487-133273-0070.flac,224480,
5639,train-clean-360/1296/138074/1296-138074-0010.flac,224480,
5640,train-clean-360/14/208/14-208-0052.flac,224480,
5641,train-clean-360/1678/142279/1678-142279-0002.flac,224480,
5642,train-clean-360/154/293987/154-293987-0024.flac,224480,
5643,train-clean-360/1547/130184/1547-130184-0056.flac,224400,
5644,train-clean-360/1195/37134/1195-37134-0021.flac,224400,
5645,train-clean-360/1264/135033/1264-135033-0030.flac,224400,
5646,train-clean-360/1265/135635/1265-135635-0031.flac,224400,
5647,train-clean-360/1571/138486/1571-138486-0013.flac,224400,
5648,train-clean-360/1445/139387/1445-139387-0032.flac,224320,
5649,train-clean-360/1160/139336/1160-139336-0034.flac,224320,
5650,train-clean-360/1387/134991/1387-134991-0028.flac,224320,
5651,train-clean-360/1165/135216/1165-135216-0029.flac,224320,
5652,train-clean-360/1422/146111/1422-146111-0036.flac,224320,
5653,train-clean-360/1387/134991/1387-134991-0014.flac,224320,
5654,train-clean-360/1290/135762/1290-135762-0062.flac,224320,
5655,train-clean-360/1641/130503/1641-130503-0010.flac,224320,
5656,train-clean-360/1445/139387/1445-139387-0025.flac,224320,
5657,train-clean-360/1383/130532/1383-130532-0021.flac,224320,
5658,train-clean-360/1456/136846/1456-136846-0001.flac,224240,
5659,train-clean-360/1224/121064/1224-121064-0108.flac,224240,
5660,train-clean-360/119/129515/119-129515-0006.flac,224240,
5661,train-clean-360/1031/133220/1031-133220-0004.flac,224240,
5662,train-clean-360/1322/137588/1322-137588-0042.flac,224240,
5663,train-clean-360/1678/142279/1678-142279-0066.flac,224240,
5664,train-clean-360/1390/130493/1390-130493-0019.flac,224240,
5665,train-clean-360/1365/134804/1365-134804-0041.flac,224240,
5666,train-clean-360/1629/139707/1629-139707-0036.flac,224240,
5667,train-clean-360/159/135897/159-135897-0042.flac,224240,
5668,train-clean-360/1222/141174/1222-141174-0025.flac,224240,
5669,train-clean-360/1425/139297/1425-139297-0034.flac,224240,
5670,train-clean-360/157/121899/157-121899-0018.flac,224160,
5671,train-clean-360/16/122828/16-122828-0004.flac,224160,
5672,train-clean-360/1027/125147/1027-125147-0012.flac,224160,
5673,train-clean-360/1445/139387/1445-139387-0010.flac,224160,
5674,train-clean-360/1487/133273/1487-133273-0089.flac,224160,
5675,train-clean-360/1649/150127/1649-150127-0011.flac,224160,
5676,train-clean-360/1348/135832/1348-135832-0009.flac,224160,
5677,train-clean-360/1379/130530/1379-130530-0011.flac,224160,
5678,train-clean-360/166/126302/166-126302-0005.flac,224080,
5679,train-clean-360/1536/138488/1536-138488-0029.flac,224080,
5680,train-clean-360/1311/134170/1311-134170-0029.flac,224080,
5681,train-clean-360/1226/141279/1226-141279-0014.flac,224080,
5682,train-clean-360/1425/139297/1425-139297-0037.flac,224080,
5683,train-clean-360/1241/137614/1241-137614-0011.flac,224080,
5684,train-clean-360/1390/130493/1390-130493-0013.flac,224080,
5685,train-clean-360/1556/143307/1556-143307-0042.flac,224080,
5686,train-clean-360/101/126860/101-126860-0025.flac,224080,
5687,train-clean-360/1472/285314/1472-285314-0023.flac,224080,
5688,train-clean-360/14/208/14-208-0038.flac,224080,
5689,train-clean-360/1027/125147/1027-125147-0026.flac,224000,
5690,train-clean-360/1182/133396/1182-133396-0033.flac,224000,
5691,train-clean-360/1311/134170/1311-134170-0001.flac,224000,
5692,train-clean-360/1061/146197/1061-146197-0003.flac,224000,
5693,train-clean-360/157/126796/157-126796-0051.flac,224000,
5694,train-clean-360/1165/135220/1165-135220-0023.flac,224000,
5695,train-clean-360/1028/133395/1028-133395-0045.flac,224000,
5696,train-clean-360/1222/133834/1222-133834-0057.flac,224000,
5697,train-clean-360/1571/138486/1571-138486-0043.flac,224000,
5698,train-clean-360/1387/134991/1387-134991-0031.flac,224000,
5699,train-clean-360/1182/134316/1182-134316-0005.flac,224000,
5700,train-clean-360/1259/72927/1259-72927-0036.flac,224000,
5701,train-clean-360/1556/143307/1556-143307-0033.flac,224000,
5702,train-clean-360/1556/143307/1556-143307-0010.flac,224000,
5703,train-clean-360/1322/137588/1322-137588-0001.flac,224000,
5704,train-clean-360/1509/143477/1509-143477-0052.flac,224000,
5705,train-clean-360/1054/143005/1054-143005-0053.flac,223920,
5706,train-clean-360/1382/130548/1382-130548-0008.flac,223920,
5707,train-clean-360/1060/134451/1060-134451-0010.flac,223920,
5708,train-clean-360/1649/150127/1649-150127-0005.flac,223920,
5709,train-clean-360/1422/146123/1422-146123-0024.flac,223920,
5710,train-clean-360/1160/139717/1160-139717-0024.flac,223920,
5711,train-clean-360/1448/135894/1448-135894-0106.flac,223920,
5712,train-clean-360/1463/134465/1463-134465-0000.flac,223920,
5713,train-clean-360/101/126859/101-126859-0031.flac,223841,
5714,train-clean-360/1112/128136/1112-128136-0018.flac,223840,
5715,train-clean-360/1283/129808/1283-129808-0009.flac,223840,
5716,train-clean-360/1413/121799/1413-121799-0039.flac,223840,
5717,train-clean-360/1165/135216/1165-135216-0046.flac,223840,
5718,train-clean-360/16/122827/16-122827-0055.flac,223840,
5719,train-clean-360/1259/27120/1259-27120-0014.flac,223840,
5720,train-clean-360/1401/146770/1401-146770-0032.flac,223840,
5721,train-clean-360/1456/130545/1456-130545-0008.flac,223840,
5722,train-clean-360/1093/132891/1093-132891-0007.flac,223840,
5723,train-clean-360/1343/158796/1343-158796-0016.flac,223840,
5724,train-clean-360/1668/136280/1668-136280-0008.flac,223840,
5725,train-clean-360/154/293987/154-293987-0009.flac,223840,
5726,train-clean-360/1335/160602/1335-160602-0015.flac,223760,
5727,train-clean-360/1053/132821/1053-132821-0047.flac,223760,
5728,train-clean-360/1046/133225/1046-133225-0011.flac,223760,
5729,train-clean-360/1160/139336/1160-139336-0010.flac,223760,
5730,train-clean-360/1050/134119/1050-134119-0017.flac,223760,
5731,train-clean-360/1603/139324/1603-139324-0030.flac,223760,
5732,train-clean-360/1552/141135/1552-141135-0038.flac,223760,
5733,train-clean-360/1226/141270/1226-141270-0024.flac,223760,
5734,train-clean-360/154/123998/154-123998-0013.flac,223680,
5735,train-clean-360/1054/143005/1054-143005-0072.flac,223680,
5736,train-clean-360/1296/138074/1296-138074-0002.flac,223680,
5737,train-clean-360/100/121674/100-121674-0012.flac,223680,
5738,train-clean-360/1160/134674/1160-134674-0000.flac,223680,
5739,train-clean-360/1456/130544/1456-130544-0020.flac,223680,
5740,train-clean-360/1066/4479/1066-4479-0002.flac,223680,
5741,train-clean-360/1060/134451/1060-134451-0021.flac,223680,
5742,train-clean-360/1182/134981/1182-134981-0012.flac,223600,
5743,train-clean-360/1446/122614/1446-122614-0070.flac,223600,
5744,train-clean-360/1283/129808/1283-129808-0047.flac,223600,
5745,train-clean-360/1222/141174/1222-141174-0003.flac,223600,
5746,train-clean-360/1028/133393/1028-133393-0009.flac,223600,
5747,train-clean-360/1425/139297/1425-139297-0023.flac,223520,
5748,train-clean-360/1336/138115/1336-138115-0003.flac,223520,
5749,train-clean-360/1061/152224/1061-152224-0010.flac,223520,
5750,train-clean-360/1401/14358/1401-14358-0009.flac,223520,
5751,train-clean-360/1456/139733/1456-139733-0000.flac,223520,
5752,train-clean-360/1448/135894/1448-135894-0047.flac,223520,
5753,train-clean-360/1571/138486/1571-138486-0040.flac,223520,
5754,train-clean-360/1182/134981/1182-134981-0029.flac,223520,
5755,train-clean-360/1027/125140/1027-125140-0009.flac,223520,
5756,train-clean-360/14/212/14-212-0037.flac,223520,
5757,train-clean-360/1634/141571/1634-141571-0061.flac,223520,
5758,train-clean-360/1311/134176/1311-134176-0029.flac,223520,
5759,train-clean-360/1322/137589/1322-137589-0027.flac,223441,
5760,train-clean-360/1390/130493/1390-130493-0023.flac,223440,
5761,train-clean-360/126/122467/126-122467-0039.flac,223440,
5762,train-clean-360/1112/128136/1112-128136-0038.flac,223440,
5763,train-clean-360/1392/135659/1392-135659-0000.flac,223440,
5764,train-clean-360/122/129752/122-129752-0018.flac,223440,
5765,train-clean-360/1638/84447/1638-84447-0005.flac,223440,
5766,train-clean-360/1535/141644/1535-141644-0046.flac,223440,
5767,train-clean-360/1046/133224/1046-133224-0028.flac,223440,
5768,train-clean-360/1322/137589/1322-137589-0024.flac,223440,
5769,train-clean-360/1445/139397/1445-139397-0030.flac,223440,
5770,train-clean-360/1222/141174/1222-141174-0062.flac,223440,
5771,train-clean-360/1629/139710/1629-139710-0057.flac,223440,
5772,train-clean-360/1222/141174/1222-141174-0034.flac,223440,
5773,train-clean-360/1265/135635/1265-135635-0057.flac,223361,
5774,train-clean-360/1634/141571/1634-141571-0027.flac,223360,
5775,train-clean-360/114/129324/114-129324-0049.flac,223360,
5776,train-clean-360/1322/137588/1322-137588-0033.flac,223360,
5777,train-clean-360/157/121899/157-121899-0002.flac,223360,
5778,train-clean-360/1382/130492/1382-130492-0004.flac,223360,
5779,train-clean-360/1422/146111/1422-146111-0024.flac,223360,
5780,train-clean-360/1638/84448/1638-84448-0052.flac,223360,
5781,train-clean-360/122/129752/122-129752-0013.flac,223360,
5782,train-clean-360/17/362/17-362-0002.flac,223360,
5783,train-clean-360/1425/139290/1425-139290-0004.flac,223360,
5784,train-clean-360/1335/27593/1335-27593-0016.flac,223360,
5785,train-clean-360/1383/130533/1383-130533-0000.flac,223360,
5786,train-clean-360/1482/140067/1482-140067-0006.flac,223360,
5787,train-clean-360/1472/142848/1472-142848-0026.flac,223360,
5788,train-clean-360/1226/141268/1226-141268-0017.flac,223360,
5789,train-clean-360/1212/75242/1212-75242-0014.flac,223360,
5790,train-clean-360/1472/285314/1472-285314-0003.flac,223360,
5791,train-clean-360/1212/75242/1212-75242-0030.flac,223360,
5792,train-clean-360/1638/84448/1638-84448-0028.flac,223360,
5793,train-clean-360/1348/135832/1348-135832-0046.flac,223360,
5794,train-clean-360/1365/134830/1365-134830-0038.flac,223280,
5795,train-clean-360/1241/137614/1241-137614-0029.flac,223280,
5796,train-clean-360/1335/160602/1335-160602-0020.flac,223280,
5797,train-clean-360/1322/137588/1322-137588-0026.flac,223280,
5798,train-clean-360/1028/133393/1028-133393-0051.flac,223280,
5799,train-clean-360/1513/140221/1513-140221-0033.flac,223280,
5800,train-clean-360/1678/142279/1678-142279-0022.flac,223280,
5801,train-clean-360/1054/143005/1054-143005-0023.flac,223280,
5802,train-clean-360/1222/133834/1222-133834-0031.flac,223280,
5803,train-clean-360/1052/139307/1052-139307-0041.flac,223280,
5804,train-clean-360/1212/14653/1212-14653-0016.flac,223200,
5805,train-clean-360/1463/134463/1463-134463-0027.flac,223200,
5806,train-clean-360/1264/129805/1264-129805-0040.flac,223200,
5807,train-clean-360/1382/130516/1382-130516-0019.flac,223200,
5808,train-clean-360/1456/139733/1456-139733-0005.flac,223200,
5809,train-clean-360/1335/160602/1335-160602-0027.flac,223200,
5810,train-clean-360/1448/135894/1448-135894-0033.flac,223200,
5811,train-clean-360/100/121674/100-121674-0013.flac,223200,
5812,train-clean-360/1337/10673/1337-10673-0031.flac,223200,
5813,train-clean-360/1509/143477/1509-143477-0041.flac,223120,
5814,train-clean-360/1392/135659/1392-135659-0032.flac,223120,
5815,train-clean-360/1638/84447/1638-84447-0023.flac,223120,
5816,train-clean-360/1323/138548/1323-138548-0015.flac,223120,
5817,train-clean-360/1365/134825/1365-134825-0024.flac,223120,
5818,train-clean-360/14/212/14-212-0054.flac,223120,
5819,train-clean-360/1212/185485/1212-185485-0005.flac,223120,
5820,train-clean-360/1425/139290/1425-139290-0035.flac,223120,
5821,train-clean-360/1487/133273/1487-133273-0002.flac,223120,
5822,train-clean-360/1224/121064/1224-121064-0038.flac,223120,
5823,train-clean-360/1422/149735/1422-149735-0034.flac,223120,
5824,train-clean-360/1283/129808/1283-129808-0012.flac,223120,
5825,train-clean-360/1322/137589/1322-137589-0037.flac,223040,
5826,train-clean-360/1513/140222/1513-140222-0063.flac,223040,
5827,train-clean-360/1259/137770/1259-137770-0002.flac,223040,
5828,train-clean-360/1195/37134/1195-37134-0012.flac,223040,
5829,train-clean-360/1226/141279/1226-141279-0030.flac,223040,
5830,train-clean-360/1387/130993/1387-130993-0025.flac,223040,
5831,train-clean-360/166/126302/166-126302-0015.flac,222960,
5832,train-clean-360/1322/137589/1322-137589-0033.flac,222960,
5833,train-clean-360/114/129324/114-129324-0041.flac,222960,
5834,train-clean-360/100/121674/100-121674-0005.flac,222960,
5835,train-clean-360/1571/141320/1571-141320-0043.flac,222960,
5836,train-clean-360/1379/130529/1379-130529-0000.flac,222960,
5837,train-clean-360/126/122467/126-122467-0057.flac,222960,
5838,train-clean-360/1052/139307/1052-139307-0024.flac,222960,
5839,train-clean-360/1046/133224/1046-133224-0002.flac,222880,
5840,train-clean-360/1027/125140/1027-125140-0028.flac,222880,
5841,train-clean-360/1498/140040/1498-140040-0031.flac,222880,
5842,train-clean-360/154/123998/154-123998-0005.flac,222880,
5843,train-clean-360/1383/130489/1383-130489-0032.flac,222880,
5844,train-clean-360/1379/130530/1379-130530-0034.flac,222880,
5845,train-clean-360/1335/160602/1335-160602-0023.flac,222880,
5846,train-clean-360/1607/149245/1607-149245-0013.flac,222880,
5847,train-clean-360/1460/138290/1460-138290-0034.flac,222880,
5848,train-clean-360/126/125084/126-125084-0026.flac,222880,
5849,train-clean-360/1446/122614/1446-122614-0059.flac,222880,
5850,train-clean-360/126/125084/126-125084-0025.flac,222880,
5851,train-clean-360/1283/129808/1283-129808-0003.flac,222800,
5852,train-clean-360/1224/121064/1224-121064-0063.flac,222800,
5853,train-clean-360/159/135897/159-135897-0040.flac,222800,
5854,train-clean-360/1079/128633/1079-128633-0009.flac,222800,
5855,train-clean-360/1482/140071/1482-140071-0002.flac,222800,
5856,train-clean-360/1335/27593/1335-27593-0024.flac,222800,
5857,train-clean-360/1046/133225/1046-133225-0052.flac,222800,
5858,train-clean-360/100/122655/100-122655-0035.flac,222800,
5859,train-clean-360/1336/138113/1336-138113-0056.flac,222800,
5860,train-clean-360/1160/134674/1160-134674-0011.flac,222800,
5861,train-clean-360/1482/140072/1482-140072-0011.flac,222800,
5862,train-clean-360/1401/174511/1401-174511-0018.flac,222720,
5863,train-clean-360/16/122827/16-122827-0014.flac,222720,
5864,train-clean-360/1547/130184/1547-130184-0007.flac,222720,
5865,train-clean-360/1031/133220/1031-133220-0000.flac,222720,
5866,train-clean-360/1472/139797/1472-139797-0011.flac,222720,
5867,train-clean-360/1296/134434/1296-134434-0039.flac,222720,
5868,train-clean-360/1392/135659/1392-135659-0024.flac,222720,
5869,train-clean-360/157/126796/157-126796-0048.flac,222720,
5870,train-clean-360/1379/130529/1379-130529-0010.flac,222720,
5871,train-clean-360/1265/135636/1265-135636-0010.flac,222720,
5872,train-clean-360/166/352/166-352-0034.flac,222720,
5873,train-clean-360/1028/133395/1028-133395-0046.flac,222720,
5874,train-clean-360/1603/139325/1603-139325-0022.flac,222640,
5875,train-clean-360/154/123998/154-123998-0004.flac,222640,
5876,train-clean-360/1283/129808/1283-129808-0000.flac,222640,
5877,train-clean-360/1472/142848/1472-142848-0001.flac,222640,
5878,train-clean-360/1460/138290/1460-138290-0024.flac,222640,
5879,train-clean-360/1401/174511/1401-174511-0035.flac,222640,
5880,train-clean-360/1241/137614/1241-137614-0026.flac,222640,
5881,train-clean-360/1336/138113/1336-138113-0030.flac,222640,
5882,train-clean-360/119/129513/119-129513-0033.flac,222640,
5883,train-clean-360/1456/130553/1456-130553-0004.flac,222560,
5884,train-clean-360/1448/135894/1448-135894-0100.flac,222560,
5885,train-clean-360/1463/134463/1463-134463-0047.flac,222560,
5886,train-clean-360/101/126859/101-126859-0036.flac,222560,
5887,train-clean-360/1066/4479/1066-4479-0019.flac,222560,
5888,train-clean-360/1678/142279/1678-142279-0086.flac,222560,
5889,train-clean-360/1271/133279/1271-133279-0036.flac,222560,
5890,train-clean-360/157/121899/157-121899-0028.flac,222560,
5891,train-clean-360/114/129324/114-129324-0050.flac,222560,
5892,train-clean-360/166/122789/166-122789-0033.flac,222480,
5893,train-clean-360/1487/133273/1487-133273-0032.flac,222480,
5894,train-clean-360/1401/14358/1401-14358-0008.flac,222480,
5895,train-clean-360/16/122828/16-122828-0035.flac,222480,
5896,train-clean-360/1054/143005/1054-143005-0042.flac,222480,
5897,train-clean-360/1335/160602/1335-160602-0014.flac,222480,
5898,train-clean-360/1121/176698/1121-176698-0019.flac,222480,
5899,train-clean-360/1382/130492/1382-130492-0014.flac,222480,
5900,train-clean-360/1224/121064/1224-121064-0025.flac,222480,
5901,train-clean-360/1195/130164/1195-130164-0042.flac,222480,
5902,train-clean-360/1603/139324/1603-139324-0022.flac,222480,
5903,train-clean-360/1311/134170/1311-134170-0055.flac,222480,
5904,train-clean-360/1175/126220/1175-126220-0023.flac,222480,
5905,train-clean-360/1001/134707/1001-134707-0014.flac,222480,
5906,train-clean-360/1446/122614/1446-122614-0006.flac,222400,
5907,train-clean-360/1456/130544/1456-130544-0018.flac,222400,
5908,train-clean-360/1060/134451/1060-134451-0015.flac,222400,
5909,train-clean-360/1212/75242/1212-75242-0021.flac,222400,
5910,train-clean-360/112/123215/112-123215-0018.flac,222400,
5911,train-clean-360/1392/128226/1392-128226-0013.flac,222400,
5912,train-clean-360/1445/139387/1445-139387-0021.flac,222400,
5913,train-clean-360/1649/150127/1649-150127-0038.flac,222320,
5914,train-clean-360/1112/128138/1112-128138-0011.flac,222320,
5915,train-clean-360/1417/1532/1417-1532-0001.flac,222320,
5916,train-clean-360/1031/133220/1031-133220-0020.flac,222320,
5917,train-clean-360/1066/5330/1066-5330-0016.flac,222320,
5918,train-clean-360/1649/150127/1649-150127-0013.flac,222320,
5919,train-clean-360/14/212/14-212-0038.flac,222320,
5920,train-clean-360/1296/138074/1296-138074-0060.flac,222320,
5921,train-clean-360/1382/130492/1382-130492-0001.flac,222320,
5922,train-clean-360/122/129752/122-129752-0040.flac,222320,
5923,train-clean-360/16/122827/16-122827-0024.flac,222320,
5924,train-clean-360/1649/68762/1649-68762-0023.flac,222320,
5925,train-clean-360/1456/136846/1456-136846-0037.flac,222320,
5926,train-clean-360/1634/141571/1634-141571-0008.flac,222320,
5927,train-clean-360/1535/141642/1535-141642-0009.flac,222240,
5928,train-clean-360/1311/134176/1311-134176-0020.flac,222240,
5929,train-clean-360/1571/138486/1571-138486-0029.flac,222240,
5930,train-clean-360/1018/133447/1018-133447-0030.flac,222240,
5931,train-clean-360/1382/130492/1382-130492-0006.flac,222240,
5932,train-clean-360/1649/5776/1649-5776-0009.flac,222240,
5933,train-clean-360/1066/5330/1066-5330-0037.flac,222240,
5934,train-clean-360/1031/133220/1031-133220-0091.flac,222240,
5935,train-clean-360/1323/138548/1323-138548-0022.flac,222240,
5936,train-clean-360/1311/134176/1311-134176-0028.flac,222160,
5937,train-clean-360/1445/139387/1445-139387-0042.flac,222160,
5938,train-clean-360/1259/72927/1259-72927-0035.flac,222160,
5939,train-clean-360/1387/130993/1387-130993-0002.flac,222160,
5940,train-clean-360/1182/133396/1182-133396-0029.flac,222160,
5941,train-clean-360/1323/149236/1323-149236-0017.flac,222160,
5942,train-clean-360/1392/128240/1392-128240-0006.flac,222160,
5943,train-clean-360/1093/132891/1093-132891-0101.flac,222160,
5944,train-clean-360/114/129317/114-129317-0001.flac,222160,
5945,train-clean-360/1028/133393/1028-133393-0044.flac,222080,
5946,train-clean-360/1313/135020/1313-135020-0026.flac,222080,
5947,train-clean-360/1382/130516/1382-130516-0009.flac,222080,
5948,train-clean-360/1046/133225/1046-133225-0002.flac,222080,
5949,train-clean-360/1283/129808/1283-129808-0017.flac,222080,
5950,train-clean-360/1348/135832/1348-135832-0027.flac,222080,
5951,train-clean-360/1182/134316/1182-134316-0010.flac,222080,
5952,train-clean-360/1634/141571/1634-141571-0011.flac,222000,
5953,train-clean-360/1289/288044/1289-288044-0021.flac,222000,
5954,train-clean-360/1012/133424/1012-133424-0039.flac,222000,
5955,train-clean-360/1323/138617/1323-138617-0003.flac,222000,
5956,train-clean-360/115/121896/115-121896-0001.flac,222000,
5957,train-clean-360/1060/134451/1060-134451-0024.flac,222000,
5958,train-clean-360/1365/134830/1365-134830-0014.flac,222000,
5959,train-clean-360/1607/150715/1607-150715-0021.flac,221920,
5960,train-clean-360/1387/130993/1387-130993-0035.flac,221920,
5961,train-clean-360/1379/130530/1379-130530-0021.flac,221920,
5962,train-clean-360/1463/134463/1463-134463-0030.flac,221920,
5963,train-clean-360/1054/143005/1054-143005-0093.flac,221920,
5964,train-clean-360/101/126859/101-126859-0018.flac,221920,
5965,train-clean-360/1165/135216/1165-135216-0019.flac,221920,
5966,train-clean-360/1390/130494/1390-130494-0021.flac,221920,
5967,train-clean-360/1638/84448/1638-84448-0002.flac,221920,
5968,train-clean-360/1639/133290/1639-133290-0047.flac,221920,
5969,train-clean-360/1311/134176/1311-134176-0035.flac,221920,
5970,train-clean-360/1336/138113/1336-138113-0061.flac,221920,
5971,train-clean-360/1535/141642/1535-141642-0035.flac,221920,
5972,train-clean-360/1547/130184/1547-130184-0029.flac,221920,
5973,train-clean-360/1100/135264/1100-135264-0033.flac,221840,
5974,train-clean-360/1649/68762/1649-68762-0009.flac,221840,
5975,train-clean-360/1050/134120/1050-134120-0006.flac,221840,
5976,train-clean-360/1265/135635/1265-135635-0060.flac,221840,
5977,train-clean-360/1337/10673/1337-10673-0006.flac,221840,
5978,train-clean-360/1224/121064/1224-121064-0081.flac,221840,
5979,train-clean-360/1053/132821/1053-132821-0026.flac,221840,
5980,train-clean-360/1066/5330/1066-5330-0033.flac,221840,
5981,train-clean-360/1290/135762/1290-135762-0003.flac,221840,
5982,train-clean-360/1348/135826/1348-135826-0014.flac,221840,
5983,train-clean-360/1417/1532/1417-1532-0024.flac,221840,
5984,train-clean-360/1018/135221/1018-135221-0018.flac,221840,
5985,train-clean-360/1028/133393/1028-133393-0043.flac,221840,
5986,train-clean-360/1382/130492/1382-130492-0020.flac,221760,
5987,train-clean-360/1387/130993/1387-130993-0003.flac,221760,
5988,train-clean-360/1456/130544/1456-130544-0012.flac,221760,
5989,train-clean-360/1112/128136/1112-128136-0011.flac,221760,
5990,train-clean-360/1413/121799/1413-121799-0127.flac,221760,
5991,train-clean-360/1001/134708/1001-134708-0028.flac,221760,
5992,train-clean-360/1060/134451/1060-134451-0026.flac,221760,
5993,train-clean-360/1323/149236/1323-149236-0015.flac,221760,
5994,train-clean-360/122/121730/122-121730-0021.flac,221760,
5995,train-clean-360/1060/134451/1060-134451-0061.flac,221760,
5996,train-clean-360/1112/128138/1112-128138-0005.flac,221680,
5997,train-clean-360/1629/139707/1629-139707-0000.flac,221680,
5998,train-clean-360/1121/176698/1121-176698-0022.flac,221680,
5999,train-clean-360/1060/134451/1060-134451-0072.flac,221680,
6000,train-clean-360/1289/288044/1289-288044-0039.flac,221680,
6001,train-clean-360/1382/130492/1382-130492-0011.flac,221680,
6002,train-clean-360/1607/150715/1607-150715-0035.flac,221600,
6003,train-clean-360/1641/130504/1641-130504-0019.flac,221600,
6004,train-clean-360/114/129324/114-129324-0043.flac,221600,
6005,train-clean-360/1311/134176/1311-134176-0002.flac,221600,
6006,train-clean-360/112/121727/112-121727-0002.flac,221600,
6007,train-clean-360/1513/140222/1513-140222-0007.flac,221600,
6008,train-clean-360/1379/130529/1379-130529-0021.flac,221600,
6009,train-clean-360/1365/134804/1365-134804-0016.flac,221600,
6010,train-clean-360/1634/141571/1634-141571-0064.flac,221600,
6011,train-clean-360/1265/135635/1265-135635-0000.flac,221600,
6012,train-clean-360/1027/125147/1027-125147-0035.flac,221600,
6013,train-clean-360/1027/125147/1027-125147-0010.flac,221520,
6014,train-clean-360/1271/133279/1271-133279-0035.flac,221520,
6015,train-clean-360/1259/72927/1259-72927-0017.flac,221520,
6016,train-clean-360/1046/133224/1046-133224-0052.flac,221520,
6017,train-clean-360/1629/139710/1629-139710-0001.flac,221520,
6018,train-clean-360/1290/135762/1290-135762-0068.flac,221520,
6019,train-clean-360/1463/134465/1463-134465-0022.flac,221440,
6020,train-clean-360/1556/143307/1556-143307-0049.flac,221440,
6021,train-clean-360/1473/135657/1473-135657-0047.flac,221440,
6022,train-clean-360/1265/135636/1265-135636-0000.flac,221440,
6023,train-clean-360/1121/135824/1121-135824-0026.flac,221440,
6024,train-clean-360/114/129317/114-129317-0004.flac,221440,
6025,train-clean-360/100/121674/100-121674-0011.flac,221440,
6026,train-clean-360/1046/133225/1046-133225-0050.flac,221440,
6027,train-clean-360/1028/133395/1028-133395-0037.flac,221440,
6028,train-clean-360/1498/140040/1498-140040-0036.flac,221439,
6029,train-clean-360/1482/140072/1482-140072-0027.flac,221360,
6030,train-clean-360/1241/121103/1241-121103-0005.flac,221360,
6031,train-clean-360/1387/130993/1387-130993-0010.flac,221360,
6032,train-clean-360/1638/84448/1638-84448-0047.flac,221360,
6033,train-clean-360/1678/142279/1678-142279-0008.flac,221360,
6034,train-clean-360/1100/124547/1100-124547-0020.flac,221360,
6035,train-clean-360/1337/156963/1337-156963-0022.flac,221280,
6036,train-clean-360/1487/133273/1487-133273-0021.flac,221280,
6037,train-clean-360/1425/139290/1425-139290-0016.flac,221280,
6038,train-clean-360/1460/138289/1460-138289-0018.flac,221280,
6039,train-clean-360/1066/4479/1066-4479-0000.flac,221280,
6040,train-clean-360/1536/138488/1536-138488-0039.flac,221280,
6041,train-clean-360/1061/146197/1061-146197-0011.flac,221280,
6042,train-clean-360/126/125084/126-125084-0013.flac,221200,
6043,train-clean-360/1283/129808/1283-129808-0033.flac,221200,
6044,train-clean-360/1224/121064/1224-121064-0074.flac,221200,
6045,train-clean-360/1226/141279/1226-141279-0019.flac,221200,
6046,train-clean-360/1224/121064/1224-121064-0087.flac,221200,
6047,train-clean-360/1639/133290/1639-133290-0057.flac,221200,
6048,train-clean-360/1165/135216/1165-135216-0013.flac,221200,
6049,train-clean-360/1212/14653/1212-14653-0001.flac,221200,
6050,train-clean-360/1337/10673/1337-10673-0010.flac,221200,
6051,train-clean-360/1182/134316/1182-134316-0022.flac,221200,
6052,train-clean-360/154/124002/154-124002-0010.flac,221200,
6053,train-clean-360/1264/129805/1264-129805-0003.flac,221120,
6054,train-clean-360/1383/130532/1383-130532-0013.flac,221120,
6055,train-clean-360/1509/145742/1509-145742-0023.flac,221120,
6056,train-clean-360/1382/130516/1382-130516-0012.flac,221120,
6057,train-clean-360/1487/133273/1487-133273-0028.flac,221120,
6058,train-clean-360/14/212/14-212-0025.flac,221120,
6059,train-clean-360/14/208/14-208-0012.flac,221120,
6060,train-clean-360/1392/135654/1392-135654-0000.flac,221120,
6061,train-clean-360/1316/132800/1316-132800-0022.flac,221120,
6062,train-clean-360/1456/130553/1456-130553-0013.flac,221120,
6063,train-clean-360/154/293987/154-293987-0028.flac,221040,
6064,train-clean-360/1175/126221/1175-126221-0042.flac,221040,
6065,train-clean-360/1323/138548/1323-138548-0030.flac,221040,
6066,train-clean-360/1212/185485/1212-185485-0013.flac,221040,
6067,train-clean-360/1425/139290/1425-139290-0001.flac,221040,
6068,train-clean-360/1160/139336/1160-139336-0014.flac,221040,
6069,train-clean-360/1031/133220/1031-133220-0087.flac,221040,
6070,train-clean-360/14/212/14-212-0001.flac,221040,
6071,train-clean-360/1028/133395/1028-133395-0005.flac,221040,
6072,train-clean-360/1259/137770/1259-137770-0007.flac,221040,
6073,train-clean-360/154/293987/154-293987-0027.flac,221040,
6074,train-clean-360/166/122789/166-122789-0028.flac,221040,
6075,train-clean-360/1018/133447/1018-133447-0048.flac,220960,
6076,train-clean-360/1668/136280/1668-136280-0062.flac,220960,
6077,train-clean-360/1552/141135/1552-141135-0041.flac,220960,
6078,train-clean-360/1271/136861/1271-136861-0037.flac,220960,
6079,train-clean-360/1283/136983/1283-136983-0022.flac,220960,
6080,train-clean-360/112/121671/112-121671-0029.flac,220960,
6081,train-clean-360/1349/135891/1349-135891-0031.flac,220960,
6082,train-clean-360/1422/146111/1422-146111-0007.flac,220880,
6083,train-clean-360/1296/138074/1296-138074-0026.flac,220880,
6084,train-clean-360/1322/137588/1322-137588-0017.flac,220880,
6085,train-clean-360/1417/1532/1417-1532-0013.flac,220880,
6086,train-clean-360/1028/133393/1028-133393-0011.flac,220880,
6087,train-clean-360/154/124002/154-124002-0004.flac,220880,
6088,train-clean-360/100/121669/100-121669-0024.flac,220880,
6089,train-clean-360/1001/134708/1001-134708-0026.flac,220880,
6090,train-clean-360/1112/128138/1112-128138-0003.flac,220800,
6091,train-clean-360/1222/133834/1222-133834-0009.flac,220800,
6092,train-clean-360/119/129513/119-129513-0028.flac,220800,
6093,train-clean-360/1401/14358/1401-14358-0016.flac,220800,
6094,train-clean-360/1241/137614/1241-137614-0044.flac,220800,
6095,train-clean-360/1322/137588/1322-137588-0000.flac,220800,
6096,train-clean-360/1456/130553/1456-130553-0005.flac,220800,
6097,train-clean-360/154/124003/154-124003-0024.flac,220800,
6098,train-clean-360/1046/133225/1046-133225-0016.flac,220800,
6099,train-clean-360/159/135897/159-135897-0038.flac,220800,
6100,train-clean-360/1079/128633/1079-128633-0012.flac,220800,
6101,train-clean-360/1445/139397/1445-139397-0018.flac,220800,
6102,train-clean-360/1536/138488/1536-138488-0006.flac,220800,
6103,train-clean-360/1571/138486/1571-138486-0021.flac,220720,
6104,train-clean-360/1603/139324/1603-139324-0005.flac,220720,
6105,train-clean-360/1061/142358/1061-142358-0048.flac,220720,
6106,train-clean-360/1012/133424/1012-133424-0011.flac,220720,
6107,train-clean-360/122/121734/122-121734-0005.flac,220720,
6108,train-clean-360/1093/132891/1093-132891-0120.flac,220720,
6109,train-clean-360/1536/138488/1536-138488-0044.flac,220720,
6110,train-clean-360/1413/121799/1413-121799-0113.flac,220720,
6111,train-clean-360/1446/122614/1446-122614-0052.flac,220720,
6112,train-clean-360/100/121669/100-121669-0025.flac,220720,
6113,train-clean-360/1445/139387/1445-139387-0013.flac,220719,
6114,train-clean-360/1265/135635/1265-135635-0006.flac,220641,
6115,train-clean-360/1031/133220/1031-133220-0065.flac,220641,
6116,train-clean-360/1482/140071/1482-140071-0011.flac,220640,
6117,train-clean-360/1448/135894/1448-135894-0086.flac,220640,
6118,train-clean-360/1607/134636/1607-134636-0007.flac,220640,
6119,train-clean-360/14/208/14-208-0051.flac,220640,
6120,train-clean-360/1383/130532/1383-130532-0004.flac,220640,
6121,train-clean-360/1311/134176/1311-134176-0034.flac,220640,
6122,train-clean-360/112/121671/112-121671-0032.flac,220640,
6123,train-clean-360/1222/141174/1222-141174-0016.flac,220640,
6124,train-clean-360/1603/139324/1603-139324-0009.flac,220640,
6125,train-clean-360/1264/135033/1264-135033-0015.flac,220640,
6126,train-clean-360/1639/132848/1639-132848-0051.flac,220640,
6127,train-clean-360/1212/185485/1212-185485-0026.flac,220561,
6128,train-clean-360/1487/133273/1487-133273-0027.flac,220560,
6129,train-clean-360/166/352/166-352-0031.flac,220560,
6130,train-clean-360/1422/146123/1422-146123-0022.flac,220560,
6131,train-clean-360/1668/136280/1668-136280-0002.flac,220560,
6132,train-clean-360/1487/133273/1487-133273-0046.flac,220560,
6133,train-clean-360/1382/130492/1382-130492-0018.flac,220560,
6134,train-clean-360/1093/132891/1093-132891-0012.flac,220560,
6135,train-clean-360/1323/138548/1323-138548-0031.flac,220560,
6136,train-clean-360/1607/149245/1607-149245-0005.flac,220560,
6137,train-clean-360/1160/139336/1160-139336-0030.flac,220480,
6138,train-clean-360/1448/135894/1448-135894-0072.flac,220480,
6139,train-clean-360/1058/131113/1058-131113-0023.flac,220480,
6140,train-clean-360/1482/140067/1482-140067-0008.flac,220480,
6141,train-clean-360/1417/1539/1417-1539-0008.flac,220480,
6142,train-clean-360/1100/124547/1100-124547-0041.flac,220400,
6143,train-clean-360/1463/134463/1463-134463-0048.flac,220400,
6144,train-clean-360/1509/145742/1509-145742-0013.flac,220400,
6145,train-clean-360/1365/134830/1365-134830-0018.flac,220400,
6146,train-clean-360/1365/134804/1365-134804-0009.flac,220400,
6147,train-clean-360/1482/140067/1482-140067-0033.flac,220400,
6148,train-clean-360/1472/285314/1472-285314-0010.flac,220320,
6149,train-clean-360/1054/143005/1054-143005-0074.flac,220320,
6150,train-clean-360/16/122828/16-122828-0003.flac,220320,
6151,train-clean-360/157/126796/157-126796-0009.flac,220320,
6152,train-clean-360/1446/122614/1446-122614-0050.flac,220320,
6153,train-clean-360/1535/141642/1535-141642-0014.flac,220320,
6154,train-clean-360/1383/130532/1383-130532-0025.flac,220320,
6155,train-clean-360/1271/133279/1271-133279-0025.flac,220320,
6156,train-clean-360/1513/140222/1513-140222-0023.flac,220320,
6157,train-clean-360/1031/133220/1031-133220-0023.flac,220320,
6158,train-clean-360/1100/135264/1100-135264-0031.flac,220320,
6159,train-clean-360/1001/134707/1001-134707-0036.flac,220320,
6160,train-clean-360/1482/140072/1482-140072-0008.flac,220320,
6161,train-clean-360/1337/10673/1337-10673-0018.flac,220240,
6162,train-clean-360/1472/142848/1472-142848-0034.flac,220240,
6163,train-clean-360/1060/134451/1060-134451-0045.flac,220240,
6164,train-clean-360/1012/133424/1012-133424-0063.flac,220240,
6165,train-clean-360/1337/10674/1337-10674-0052.flac,220240,
6166,train-clean-360/1066/4479/1066-4479-0009.flac,220240,
6167,train-clean-360/16/122828/16-122828-0021.flac,220240,
6168,train-clean-360/157/126796/157-126796-0033.flac,220240,
6169,train-clean-360/1100/135264/1100-135264-0037.flac,220160,
6170,train-clean-360/1379/130530/1379-130530-0019.flac,220160,
6171,train-clean-360/1093/132891/1093-132891-0008.flac,220160,
6172,train-clean-360/1212/75242/1212-75242-0034.flac,220160,
6173,train-clean-360/1241/137614/1241-137614-0028.flac,220160,
6174,train-clean-360/1513/140221/1513-140221-0025.flac,220160,
6175,train-clean-360/1323/138617/1323-138617-0012.flac,220160,
6176,train-clean-360/1509/143477/1509-143477-0057.flac,220160,
6177,train-clean-360/1678/142279/1678-142279-0091.flac,220080,
6178,train-clean-360/1460/138290/1460-138290-0039.flac,220080,
6179,train-clean-360/1448/135894/1448-135894-0064.flac,220080,
6180,train-clean-360/1283/136983/1283-136983-0021.flac,220080,
6181,train-clean-360/1001/134707/1001-134707-0037.flac,220080,
6182,train-clean-360/1472/139797/1472-139797-0028.flac,220080,
6183,train-clean-360/1165/135220/1165-135220-0030.flac,220079,
6184,train-clean-360/1121/135824/1121-135824-0012.flac,220000,
6185,train-clean-360/100/122655/100-122655-0019.flac,220000,
6186,train-clean-360/1264/129805/1264-129805-0014.flac,220000,
6187,train-clean-360/1379/130529/1379-130529-0004.flac,220000,
6188,train-clean-360/112/123216/112-123216-0006.flac,220000,
6189,train-clean-360/1027/125140/1027-125140-0064.flac,220000,
6190,train-clean-360/1058/133263/1058-133263-0037.flac,220000,
6191,train-clean-360/1323/138548/1323-138548-0034.flac,220000,
6192,train-clean-360/1392/135659/1392-135659-0004.flac,220000,
6193,train-clean-360/1482/140067/1482-140067-0026.flac,220000,
6194,train-clean-360/1645/141819/1645-141819-0006.flac,220000,
6195,train-clean-360/1387/130993/1387-130993-0005.flac,220000,
6196,train-clean-360/1535/141644/1535-141644-0010.flac,220000,
6197,train-clean-360/1195/130164/1195-130164-0021.flac,219920,
6198,train-clean-360/119/129513/119-129513-0007.flac,219920,
6199,train-clean-360/1313/135020/1313-135020-0001.flac,219920,
6200,train-clean-360/1498/140041/1498-140041-0032.flac,219920,
6201,train-clean-360/1052/132776/1052-132776-0002.flac,219920,
6202,train-clean-360/1337/10673/1337-10673-0003.flac,219920,
6203,train-clean-360/1425/139290/1425-139290-0009.flac,219920,
6204,train-clean-360/1425/139291/1425-139291-0002.flac,219920,
6205,train-clean-360/1513/140222/1513-140222-0076.flac,219920,
6206,train-clean-360/1271/136861/1271-136861-0008.flac,219920,
6207,train-clean-360/1638/84448/1638-84448-0055.flac,219920,
6208,train-clean-360/1387/130993/1387-130993-0034.flac,219840,
6209,train-clean-360/1337/10674/1337-10674-0001.flac,219840,
6210,train-clean-360/1445/139397/1445-139397-0006.flac,219840,
6211,train-clean-360/1417/1536/1417-1536-0036.flac,219840,
6212,train-clean-360/1607/134636/1607-134636-0010.flac,219840,
6213,train-clean-360/1649/68762/1649-68762-0036.flac,219840,
6214,train-clean-360/1509/145742/1509-145742-0014.flac,219840,
6215,train-clean-360/1264/129805/1264-129805-0051.flac,219840,
6216,train-clean-360/1413/121799/1413-121799-0060.flac,219840,
6217,train-clean-360/1031/133220/1031-133220-0100.flac,219840,
6218,train-clean-360/1536/141791/1536-141791-0017.flac,219840,
6219,train-clean-360/1212/75242/1212-75242-0028.flac,219840,
6220,train-clean-360/1093/132891/1093-132891-0003.flac,219840,
6221,train-clean-360/1638/84448/1638-84448-0041.flac,219840,
6222,train-clean-360/1413/121799/1413-121799-0020.flac,219840,
6223,train-clean-360/1343/158796/1343-158796-0006.flac,219760,
6224,train-clean-360/1638/84448/1638-84448-0023.flac,219760,
6225,train-clean-360/1052/132776/1052-132776-0023.flac,219760,
6226,train-clean-360/17/362/17-362-0018.flac,219760,
6227,train-clean-360/1460/138289/1460-138289-0003.flac,219760,
6228,train-clean-360/1226/141268/1226-141268-0041.flac,219760,
6229,train-clean-360/1289/288044/1289-288044-0012.flac,219680,
6230,train-clean-360/1513/140222/1513-140222-0056.flac,219680,
6231,train-clean-360/1160/139730/1160-139730-0001.flac,219680,
6232,train-clean-360/1456/130553/1456-130553-0018.flac,219680,
6233,train-clean-360/1311/134176/1311-134176-0005.flac,219680,
6234,train-clean-360/1383/130532/1383-130532-0012.flac,219680,
6235,train-clean-360/1456/130544/1456-130544-0008.flac,219680,
6236,train-clean-360/115/122944/115-122944-0012.flac,219600,
6237,train-clean-360/1283/129808/1283-129808-0056.flac,219600,
6238,train-clean-360/1054/143005/1054-143005-0056.flac,219600,
6239,train-clean-360/1079/128632/1079-128632-0044.flac,219600,
6240,train-clean-360/1422/146123/1422-146123-0002.flac,219600,
6241,train-clean-360/101/126861/101-126861-0018.flac,219600,
6242,train-clean-360/1487/133273/1487-133273-0084.flac,219600,
6243,train-clean-360/1289/288044/1289-288044-0005.flac,219600,
6244,train-clean-360/122/121729/122-121729-0000.flac,219600,
6245,train-clean-360/100/121669/100-121669-0013.flac,219600,
6246,train-clean-360/1365/134804/1365-134804-0031.flac,219600,
6247,train-clean-360/1053/132821/1053-132821-0030.flac,219600,
6248,train-clean-360/1160/139717/1160-139717-0007.flac,219600,
6249,train-clean-360/1382/130549/1382-130549-0008.flac,219600,
6250,train-clean-360/1513/140221/1513-140221-0007.flac,219520,
6251,train-clean-360/1224/121064/1224-121064-0090.flac,219520,
6252,train-clean-360/1487/133273/1487-133273-0017.flac,219520,
6253,train-clean-360/114/129324/114-129324-0015.flac,219520,
6254,train-clean-360/1027/125147/1027-125147-0040.flac,219520,
6255,train-clean-360/1639/133290/1639-133290-0051.flac,219520,
6256,train-clean-360/1607/149245/1607-149245-0011.flac,219520,
6257,train-clean-360/1343/158781/1343-158781-0000.flac,219520,
6258,train-clean-360/122/129752/122-129752-0033.flac,219520,
6259,train-clean-360/1348/135826/1348-135826-0010.flac,219520,
6260,train-clean-360/1379/130530/1379-130530-0023.flac,219440,
6261,train-clean-360/1629/139707/1629-139707-0009.flac,219440,
6262,train-clean-360/154/124003/154-124003-0015.flac,219440,
6263,train-clean-360/1603/139324/1603-139324-0023.flac,219440,
6264,train-clean-360/1060/134451/1060-134451-0012.flac,219440,
6265,train-clean-360/1413/121799/1413-121799-0019.flac,219360,
6266,train-clean-360/1322/137588/1322-137588-0029.flac,219360,
6267,train-clean-360/1289/288044/1289-288044-0017.flac,219360,
6268,train-clean-360/1509/145742/1509-145742-0004.flac,219360,
6269,train-clean-360/1264/129805/1264-129805-0028.flac,219360,
6270,train-clean-360/1336/138115/1336-138115-0013.flac,219360,
6271,train-clean-360/1323/138617/1323-138617-0029.flac,219360,
6272,train-clean-360/1296/138074/1296-138074-0008.flac,219280,
6273,train-clean-360/1482/140072/1482-140072-0014.flac,219280,
6274,train-clean-360/1053/132821/1053-132821-0012.flac,219280,
6275,train-clean-360/157/121899/157-121899-0016.flac,219280,
6276,train-clean-360/1422/146123/1422-146123-0019.flac,219280,
6277,train-clean-360/1182/133396/1182-133396-0010.flac,219280,
6278,train-clean-360/1265/135636/1265-135636-0022.flac,219280,
6279,train-clean-360/1417/1539/1417-1539-0032.flac,219280,
6280,train-clean-360/1224/121064/1224-121064-0031.flac,219280,
6281,train-clean-360/1001/134708/1001-134708-0037.flac,219200,
6282,train-clean-360/1556/143307/1556-143307-0078.flac,219200,
6283,train-clean-360/1046/133225/1046-133225-0012.flac,219200,
6284,train-clean-360/1224/121064/1224-121064-0017.flac,219200,
6285,train-clean-360/1392/128226/1392-128226-0014.flac,219200,
6286,train-clean-360/1365/134804/1365-134804-0018.flac,219200,
6287,train-clean-360/1050/134121/1050-134121-0024.flac,219200,
6288,train-clean-360/1222/141174/1222-141174-0046.flac,219200,
6289,train-clean-360/1112/1043/1112-1043-0011.flac,219200,
6290,train-clean-360/1571/138486/1571-138486-0053.flac,219200,
6291,train-clean-360/1323/138617/1323-138617-0034.flac,219120,
6292,train-clean-360/1365/134825/1365-134825-0011.flac,219120,
6293,train-clean-360/1296/138074/1296-138074-0024.flac,219120,
6294,train-clean-360/1382/130549/1382-130549-0022.flac,219120,
6295,train-clean-360/1668/136280/1668-136280-0042.flac,219120,
6296,train-clean-360/1316/132800/1316-132800-0056.flac,219120,
6297,train-clean-360/1121/132777/1121-132777-0010.flac,219120,
6298,train-clean-360/1259/27120/1259-27120-0022.flac,219120,
6299,train-clean-360/1649/68762/1649-68762-0026.flac,219040,
6300,train-clean-360/1482/140071/1482-140071-0004.flac,219040,
6301,train-clean-360/1547/130184/1547-130184-0001.flac,219040,
6302,train-clean-360/1028/133393/1028-133393-0038.flac,219040,
6303,train-clean-360/1460/138290/1460-138290-0068.flac,219040,
6304,train-clean-360/115/121896/115-121896-0004.flac,219040,
6305,train-clean-360/1271/136861/1271-136861-0051.flac,219040,
6306,train-clean-360/1337/10673/1337-10673-0024.flac,219040,
6307,train-clean-360/1365/134830/1365-134830-0025.flac,219040,
6308,train-clean-360/114/129317/114-129317-0022.flac,219040,
6309,train-clean-360/1460/138289/1460-138289-0040.flac,219040,
6310,train-clean-360/1066/4479/1066-4479-0016.flac,219040,
6311,train-clean-360/1383/130532/1383-130532-0024.flac,219040,
6312,train-clean-360/1241/121106/1241-121106-0001.flac,218960,
6313,train-clean-360/1649/68762/1649-68762-0019.flac,218960,
6314,train-clean-360/1265/135636/1265-135636-0001.flac,218960,
6315,train-clean-360/1571/141320/1571-141320-0042.flac,218960,
6316,train-clean-360/1296/134434/1296-134434-0007.flac,218960,
6317,train-clean-360/112/123215/112-123215-0015.flac,218960,
6318,train-clean-360/16/122828/16-122828-0010.flac,218960,
6319,train-clean-360/1390/130494/1390-130494-0010.flac,218960,
6320,train-clean-360/1607/134636/1607-134636-0022.flac,218960,
6321,train-clean-360/1271/128145/1271-128145-0011.flac,218880,
6322,train-clean-360/1348/135832/1348-135832-0042.flac,218880,
6323,train-clean-360/1547/130184/1547-130184-0078.flac,218880,
6324,train-clean-360/1603/139324/1603-139324-0003.flac,218880,
6325,train-clean-360/1472/285314/1472-285314-0020.flac,218880,
6326,train-clean-360/119/129515/119-129515-0001.flac,218880,
6327,train-clean-360/1265/135635/1265-135635-0032.flac,218880,
6328,train-clean-360/1482/140072/1482-140072-0022.flac,218880,
6329,train-clean-360/1482/140072/1482-140072-0033.flac,218880,
6330,train-clean-360/126/122467/126-122467-0006.flac,218880,
6331,train-clean-360/100/121674/100-121674-0022.flac,218880,
6332,train-clean-360/100/121674/100-121674-0041.flac,218800,
6333,train-clean-360/1175/126221/1175-126221-0004.flac,218800,
6334,train-clean-360/1337/10673/1337-10673-0013.flac,218800,
6335,train-clean-360/119/129513/119-129513-0000.flac,218800,
6336,train-clean-360/1012/133424/1012-133424-0093.flac,218800,
6337,train-clean-360/1195/135814/1195-135814-0016.flac,218800,
6338,train-clean-360/1018/135221/1018-135221-0013.flac,218720,
6339,train-clean-360/1323/138548/1323-138548-0008.flac,218720,
6340,train-clean-360/101/126860/101-126860-0038.flac,218720,
6341,train-clean-360/1417/1536/1417-1536-0028.flac,218720,
6342,train-clean-360/1066/4479/1066-4479-0037.flac,218720,
6343,train-clean-360/1401/14358/1401-14358-0006.flac,218720,
6344,train-clean-360/1290/135762/1290-135762-0036.flac,218720,
6345,train-clean-360/1401/174511/1401-174511-0004.flac,218720,
6346,train-clean-360/1343/139681/1343-139681-0018.flac,218720,
6347,train-clean-360/1387/134991/1387-134991-0023.flac,218720,
6348,train-clean-360/115/122944/115-122944-0004.flac,218720,
6349,train-clean-360/1053/132821/1053-132821-0010.flac,218720,
6350,train-clean-360/1311/134170/1311-134170-0034.flac,218640,
6351,train-clean-360/1536/137608/1536-137608-0006.flac,218640,
6352,train-clean-360/1296/134434/1296-134434-0012.flac,218640,
6353,train-clean-360/16/122828/16-122828-0049.flac,218640,
6354,train-clean-360/16/122827/16-122827-0049.flac,218640,
6355,train-clean-360/1390/130495/1390-130495-0012.flac,218640,
6356,train-clean-360/1212/75242/1212-75242-0011.flac,218560,
6357,train-clean-360/1456/130544/1456-130544-0003.flac,218560,
6358,train-clean-360/1343/158796/1343-158796-0025.flac,218560,
6359,train-clean-360/1390/130493/1390-130493-0015.flac,218560,
6360,train-clean-360/1460/138289/1460-138289-0013.flac,218560,
6361,train-clean-360/119/129513/119-129513-0002.flac,218560,
6362,train-clean-360/1212/14653/1212-14653-0021.flac,218560,
6363,train-clean-360/1160/139717/1160-139717-0030.flac,218481,
6364,train-clean-360/1054/143005/1054-143005-0104.flac,218480,
6365,train-clean-360/16/122828/16-122828-0014.flac,218480,
6366,train-clean-360/1195/130164/1195-130164-0014.flac,218480,
6367,train-clean-360/1265/135635/1265-135635-0027.flac,218480,
6368,train-clean-360/1018/133447/1018-133447-0027.flac,218480,
6369,train-clean-360/1482/140072/1482-140072-0021.flac,218480,
6370,train-clean-360/1271/136861/1271-136861-0036.flac,218480,
6371,train-clean-360/1271/136861/1271-136861-0019.flac,218480,
6372,train-clean-360/1472/285314/1472-285314-0000.flac,218480,
6373,train-clean-360/1413/121799/1413-121799-0033.flac,218480,
6374,train-clean-360/1264/129805/1264-129805-0027.flac,218480,
6375,train-clean-360/1629/139710/1629-139710-0064.flac,218479,
6376,train-clean-360/1001/134708/1001-134708-0032.flac,218479,
6377,train-clean-360/1121/132777/1121-132777-0024.flac,218400,
6378,train-clean-360/1224/121064/1224-121064-0009.flac,218400,
6379,train-clean-360/1383/130532/1383-130532-0031.flac,218400,
6380,train-clean-360/1536/138488/1536-138488-0026.flac,218400,
6381,train-clean-360/1343/158781/1343-158781-0027.flac,218400,
6382,train-clean-360/1226/141268/1226-141268-0000.flac,218400,
6383,train-clean-360/119/129515/119-129515-0002.flac,218400,
6384,train-clean-360/1337/156963/1337-156963-0024.flac,218400,
6385,train-clean-360/1379/130530/1379-130530-0012.flac,218400,
6386,train-clean-360/1639/132848/1639-132848-0063.flac,218400,
6387,train-clean-360/1018/135221/1018-135221-0011.flac,218400,
6388,train-clean-360/159/121902/159-121902-0014.flac,218320,
6389,train-clean-360/1046/133225/1046-133225-0001.flac,218320,
6390,train-clean-360/1322/137589/1322-137589-0035.flac,218320,
6391,train-clean-360/1259/137770/1259-137770-0000.flac,218320,
6392,train-clean-360/1337/156963/1337-156963-0016.flac,218240,
6393,train-clean-360/1365/134825/1365-134825-0006.flac,218240,
6394,train-clean-360/1222/133834/1222-133834-0061.flac,218240,
6395,train-clean-360/1175/126221/1175-126221-0013.flac,218240,
6396,train-clean-360/1498/140041/1498-140041-0002.flac,218240,
6397,train-clean-360/1422/149735/1422-149735-0024.flac,218240,
6398,train-clean-360/1121/135824/1121-135824-0006.flac,218240,
6399,train-clean-360/1460/138289/1460-138289-0036.flac,218240,
6400,train-clean-360/1112/128136/1112-128136-0028.flac,218240,
6401,train-clean-360/1607/149245/1607-149245-0009.flac,218160,
6402,train-clean-360/126/122467/126-122467-0003.flac,218160,
6403,train-clean-360/1061/146197/1061-146197-0018.flac,218160,
6404,train-clean-360/1473/135657/1473-135657-0115.flac,218160,
6405,train-clean-360/1066/5330/1066-5330-0034.flac,218160,
6406,train-clean-360/1536/137608/1536-137608-0018.flac,218160,
6407,train-clean-360/1224/121064/1224-121064-0054.flac,218160,
6408,train-clean-360/1018/135221/1018-135221-0007.flac,218160,
6409,train-clean-360/1547/130184/1547-130184-0038.flac,218160,
6410,train-clean-360/1473/135657/1473-135657-0109.flac,218160,
6411,train-clean-360/1460/138289/1460-138289-0019.flac,218080,
6412,train-clean-360/1316/132800/1316-132800-0013.flac,218080,
6413,train-clean-360/1382/130549/1382-130549-0017.flac,218080,
6414,train-clean-360/1382/130492/1382-130492-0002.flac,218080,
6415,train-clean-360/1445/139404/1445-139404-0026.flac,218080,
6416,train-clean-360/1446/122614/1446-122614-0046.flac,218080,
6417,train-clean-360/1271/133279/1271-133279-0023.flac,218080,
6418,train-clean-360/1379/130517/1379-130517-0004.flac,218080,
6419,train-clean-360/1224/121064/1224-121064-0064.flac,218080,
6420,train-clean-360/1556/143307/1556-143307-0028.flac,218080,
6421,train-clean-360/14/212/14-212-0028.flac,218080,
6422,train-clean-360/1241/121106/1241-121106-0011.flac,218000,
6423,train-clean-360/122/129752/122-129752-0044.flac,218000,
6424,train-clean-360/1175/126220/1175-126220-0033.flac,218000,
6425,train-clean-360/1027/125140/1027-125140-0050.flac,218000,
6426,train-clean-360/1417/1532/1417-1532-0026.flac,217920,
6427,train-clean-360/1061/142358/1061-142358-0005.flac,217920,
6428,train-clean-360/1456/130545/1456-130545-0007.flac,217920,
6429,train-clean-360/1413/121799/1413-121799-0094.flac,217920,
6430,train-clean-360/1448/135894/1448-135894-0016.flac,217920,
6431,train-clean-360/1392/128240/1392-128240-0017.flac,217920,
6432,train-clean-360/1079/128636/1079-128636-0028.flac,217840,
6433,train-clean-360/1031/133220/1031-133220-0082.flac,217840,
6434,train-clean-360/1422/149735/1422-149735-0031.flac,217760,
6435,train-clean-360/1603/140931/1603-140931-0024.flac,217760,
6436,train-clean-360/1112/128138/1112-128138-0026.flac,217760,
6437,train-clean-360/1607/149245/1607-149245-0032.flac,217760,
6438,train-clean-360/1390/130493/1390-130493-0001.flac,217680,
6439,train-clean-360/1668/136280/1668-136280-0003.flac,217680,
6440,train-clean-360/115/122944/115-122944-0022.flac,217680,
6441,train-clean-360/1392/128240/1392-128240-0015.flac,217680,
6442,train-clean-360/119/129514/119-129514-0043.flac,217680,
6443,train-clean-360/1212/14653/1212-14653-0004.flac,217600,
6444,train-clean-360/14/212/14-212-0007.flac,217600,
6445,train-clean-360/1445/139397/1445-139397-0005.flac,217600,
6446,train-clean-360/1165/135220/1165-135220-0051.flac,217600,
6447,train-clean-360/1607/149245/1607-149245-0019.flac,217600,
6448,train-clean-360/115/122944/115-122944-0033.flac,217600,
6449,train-clean-360/114/129317/114-129317-0023.flac,217520,
6450,train-clean-360/1290/135762/1290-135762-0083.flac,217520,
6451,train-clean-360/1390/130494/1390-130494-0018.flac,217520,
6452,train-clean-360/1392/128240/1392-128240-0012.flac,217520,
6453,train-clean-360/1222/141174/1222-141174-0021.flac,217520,
6454,train-clean-360/14/208/14-208-0039.flac,217520,
6455,train-clean-360/1382/130492/1382-130492-0026.flac,217520,
6456,train-clean-360/1046/133224/1046-133224-0019.flac,217520,
6457,train-clean-360/101/126859/101-126859-0030.flac,217519,
6458,train-clean-360/1336/138113/1336-138113-0029.flac,217440,
6459,train-clean-360/1060/134451/1060-134451-0014.flac,217440,
6460,train-clean-360/119/129514/119-129514-0011.flac,217440,
6461,train-clean-360/1053/132821/1053-132821-0027.flac,217440,
6462,train-clean-360/1052/139307/1052-139307-0014.flac,217440,
6463,train-clean-360/1337/10674/1337-10674-0042.flac,217440,
6464,train-clean-360/1058/131113/1058-131113-0053.flac,217440,
6465,train-clean-360/1571/141320/1571-141320-0013.flac,217439,
6466,train-clean-360/1448/135894/1448-135894-0070.flac,217360,
6467,train-clean-360/1473/135657/1473-135657-0076.flac,217360,
6468,train-clean-360/1365/134830/1365-134830-0024.flac,217360,
6469,train-clean-360/1547/130184/1547-130184-0063.flac,217360,
6470,train-clean-360/1417/1539/1417-1539-0001.flac,217360,
6471,train-clean-360/1649/150127/1649-150127-0022.flac,217360,
6472,train-clean-360/1445/139404/1445-139404-0014.flac,217280,
6473,train-clean-360/101/126860/101-126860-0026.flac,217280,
6474,train-clean-360/1313/135020/1313-135020-0029.flac,217280,
6475,train-clean-360/1473/135657/1473-135657-0089.flac,217280,
6476,train-clean-360/1448/135894/1448-135894-0056.flac,217280,
6477,train-clean-360/16/122827/16-122827-0000.flac,217280,
6478,train-clean-360/154/293987/154-293987-0022.flac,217200,
6479,train-clean-360/1271/128145/1271-128145-0019.flac,217200,
6480,train-clean-360/1066/5330/1066-5330-0022.flac,217200,
6481,train-clean-360/1060/134451/1060-134451-0091.flac,217200,
6482,train-clean-360/1050/134119/1050-134119-0027.flac,217120,
6483,train-clean-360/1316/132782/1316-132782-0001.flac,217120,
6484,train-clean-360/1322/137589/1322-137589-0021.flac,217120,
6485,train-clean-360/1383/130532/1383-130532-0029.flac,217120,
6486,train-clean-360/1639/132848/1639-132848-0006.flac,217040,
6487,train-clean-360/1487/133273/1487-133273-0034.flac,217040,
6488,train-clean-360/1028/133395/1028-133395-0032.flac,217040,
6489,train-clean-360/1323/138617/1323-138617-0007.flac,217040,
6490,train-clean-360/1401/14358/1401-14358-0000.flac,217040,
6491,train-clean-360/154/123998/154-123998-0015.flac,217040,
6492,train-clean-360/1425/139297/1425-139297-0003.flac,217040,
6493,train-clean-360/1061/152224/1061-152224-0019.flac,217040,
6494,train-clean-360/1382/130516/1382-130516-0011.flac,216960,
6495,train-clean-360/1224/121064/1224-121064-0040.flac,216960,
6496,train-clean-360/1425/139291/1425-139291-0015.flac,216960,
6497,train-clean-360/166/122789/166-122789-0011.flac,216960,
6498,train-clean-360/157/121907/157-121907-0005.flac,216960,
6499,train-clean-360/1335/163935/1335-163935-0031.flac,216960,
6500,train-clean-360/1379/130529/1379-130529-0012.flac,216960,
6501,train-clean-360/1343/158781/1343-158781-0022.flac,216960,
6502,train-clean-360/1422/149735/1422-149735-0013.flac,216959,
6503,train-clean-360/14/208/14-208-0025.flac,216959,
6504,train-clean-360/1634/141571/1634-141571-0058.flac,216880,
6505,train-clean-360/1547/130184/1547-130184-0033.flac,216880,
6506,train-clean-360/1027/125140/1027-125140-0047.flac,216880,
6507,train-clean-360/17/362/17-362-0026.flac,216880,
6508,train-clean-360/126/122467/126-122467-0067.flac,216880,
6509,train-clean-360/1053/132821/1053-132821-0004.flac,216880,
6510,train-clean-360/1417/1536/1417-1536-0020.flac,216880,
6511,train-clean-360/166/122789/166-122789-0044.flac,216800,
6512,train-clean-360/1422/149735/1422-149735-0016.flac,216800,
6513,train-clean-360/1638/84448/1638-84448-0009.flac,216800,
6514,train-clean-360/1264/135033/1264-135033-0034.flac,216800,
6515,train-clean-360/1175/126220/1175-126220-0032.flac,216800,
6516,train-clean-360/1323/149236/1323-149236-0008.flac,216800,
6517,train-clean-360/100/121669/100-121669-0017.flac,216800,
6518,train-clean-360/1343/158781/1343-158781-0033.flac,216800,
6519,train-clean-360/1556/143307/1556-143307-0051.flac,216800,
6520,train-clean-360/122/121730/122-121730-0022.flac,216800,
6521,train-clean-360/1093/132891/1093-132891-0010.flac,216800,
6522,train-clean-360/1335/27593/1335-27593-0026.flac,216800,
6523,train-clean-360/1445/139387/1445-139387-0046.flac,216800,
6524,train-clean-360/1001/134707/1001-134707-0071.flac,216800,
6525,train-clean-360/1259/137770/1259-137770-0030.flac,216721,
6526,train-clean-360/1401/146770/1401-146770-0000.flac,216721,
6527,train-clean-360/1487/133273/1487-133273-0029.flac,216720,
6528,train-clean-360/1195/130164/1195-130164-0039.flac,216720,
6529,train-clean-360/1392/135659/1392-135659-0009.flac,216720,
6530,train-clean-360/1001/134707/1001-134707-0030.flac,216720,
6531,train-clean-360/122/129752/122-129752-0019.flac,216720,
6532,train-clean-360/1311/134170/1311-134170-0040.flac,216720,
6533,train-clean-360/1482/140072/1482-140072-0029.flac,216641,
6534,train-clean-360/126/122467/126-122467-0038.flac,216640,
6535,train-clean-360/1241/121106/1241-121106-0014.flac,216640,
6536,train-clean-360/1289/288043/1289-288043-0027.flac,216640,
6537,train-clean-360/1603/139324/1603-139324-0029.flac,216640,
6538,train-clean-360/1054/143005/1054-143005-0089.flac,216640,
6539,train-clean-360/1290/135762/1290-135762-0013.flac,216640,
6540,train-clean-360/1337/10673/1337-10673-0005.flac,216640,
6541,train-clean-360/1100/124547/1100-124547-0004.flac,216640,
6542,train-clean-360/159/135897/159-135897-0031.flac,216640,
6543,train-clean-360/1448/135894/1448-135894-0048.flac,216640,
6544,train-clean-360/1472/285314/1472-285314-0006.flac,216560,
6545,train-clean-360/1509/145742/1509-145742-0002.flac,216560,
6546,train-clean-360/1296/134434/1296-134434-0021.flac,216560,
6547,train-clean-360/1417/1536/1417-1536-0001.flac,216560,
6548,train-clean-360/1289/288044/1289-288044-0042.flac,216560,
6549,train-clean-360/159/135897/159-135897-0076.flac,216560,
6550,train-clean-360/1060/134451/1060-134451-0092.flac,216560,
6551,train-clean-360/1446/122614/1446-122614-0083.flac,216560,
6552,train-clean-360/1445/139404/1445-139404-0012.flac,216560,
6553,train-clean-360/154/293987/154-293987-0001.flac,216560,
6554,train-clean-360/1445/139404/1445-139404-0028.flac,216560,
6555,train-clean-360/159/135897/159-135897-0019.flac,216560,
6556,train-clean-360/1060/134451/1060-134451-0013.flac,216560,
6557,train-clean-360/1018/133447/1018-133447-0023.flac,216560,
6558,train-clean-360/1379/130486/1379-130486-0011.flac,216480,
6559,train-clean-360/122/121734/122-121734-0003.flac,216480,
6560,train-clean-360/1224/121064/1224-121064-0034.flac,216480,
6561,train-clean-360/1383/130533/1383-130533-0016.flac,216480,
6562,train-clean-360/166/352/166-352-0024.flac,216480,
6563,train-clean-360/1425/139297/1425-139297-0015.flac,216480,
6564,train-clean-360/1460/138290/1460-138290-0044.flac,216480,
6565,train-clean-360/1031/133220/1031-133220-0066.flac,216480,
6566,train-clean-360/157/121907/157-121907-0004.flac,216480,
6567,train-clean-360/1322/137589/1322-137589-0005.flac,216480,
6568,train-clean-360/1079/128636/1079-128636-0024.flac,216480,
6569,train-clean-360/1460/138290/1460-138290-0018.flac,216480,
6570,train-clean-360/1093/132891/1093-132891-0005.flac,216480,
6571,train-clean-360/16/122827/16-122827-0029.flac,216401,
6572,train-clean-360/1323/138548/1323-138548-0011.flac,216400,
6573,train-clean-360/1259/72927/1259-72927-0038.flac,216400,
6574,train-clean-360/112/123215/112-123215-0000.flac,216400,
6575,train-clean-360/154/124002/154-124002-0001.flac,216400,
6576,train-clean-360/1226/141268/1226-141268-0024.flac,216400,
6577,train-clean-360/1241/121106/1241-121106-0008.flac,216400,
6578,train-clean-360/1513/140222/1513-140222-0066.flac,216320,
6579,train-clean-360/1283/129808/1283-129808-0015.flac,216320,
6580,train-clean-360/1382/130516/1382-130516-0010.flac,216320,
6581,train-clean-360/1349/135891/1349-135891-0013.flac,216320,
6582,train-clean-360/1456/130553/1456-130553-0016.flac,216320,
6583,train-clean-360/1379/130486/1379-130486-0017.flac,216320,
6584,train-clean-360/1552/141135/1552-141135-0014.flac,216320,
6585,train-clean-360/1365/134830/1365-134830-0019.flac,216320,
6586,train-clean-360/1425/139297/1425-139297-0024.flac,216320,
6587,train-clean-360/1296/138074/1296-138074-0055.flac,216320,
6588,train-clean-360/1641/130505/1641-130505-0002.flac,216320,
6589,train-clean-360/1100/135264/1100-135264-0007.flac,216320,
6590,train-clean-360/1417/1539/1417-1539-0012.flac,216240,
6591,train-clean-360/1513/140222/1513-140222-0037.flac,216240,
6592,train-clean-360/1165/135220/1165-135220-0028.flac,216240,
6593,train-clean-360/1316/132800/1316-132800-0023.flac,216240,
6594,train-clean-360/1061/142358/1061-142358-0012.flac,216240,
6595,train-clean-360/1212/75242/1212-75242-0010.flac,216240,
6596,train-clean-360/1603/139324/1603-139324-0010.flac,216240,
6597,train-clean-360/1175/126220/1175-126220-0006.flac,216240,
6598,train-clean-360/1289/288044/1289-288044-0023.flac,216240,
6599,train-clean-360/1195/135814/1195-135814-0030.flac,216240,
6600,train-clean-360/1336/138113/1336-138113-0016.flac,216240,
6601,train-clean-360/1018/135221/1018-135221-0014.flac,216240,
6602,train-clean-360/1536/137608/1536-137608-0024.flac,216160,
6603,train-clean-360/1289/288043/1289-288043-0035.flac,216160,
6604,train-clean-360/1046/133225/1046-133225-0048.flac,216160,
6605,train-clean-360/1348/135826/1348-135826-0033.flac,216160,
6606,train-clean-360/1456/130544/1456-130544-0016.flac,216160,
6607,train-clean-360/1058/133263/1058-133263-0020.flac,216160,
6608,train-clean-360/1383/130532/1383-130532-0010.flac,216160,
6609,train-clean-360/1448/135894/1448-135894-0104.flac,216160,
6610,train-clean-360/14/212/14-212-0035.flac,216160,
6611,train-clean-360/1379/130529/1379-130529-0007.flac,216160,
6612,train-clean-360/1018/135221/1018-135221-0026.flac,216080,
6613,train-clean-360/1241/121103/1241-121103-0006.flac,216080,
6614,train-clean-360/1046/133225/1046-133225-0043.flac,216080,
6615,train-clean-360/1571/141320/1571-141320-0035.flac,216080,
6616,train-clean-360/1349/135891/1349-135891-0004.flac,216080,
6617,train-clean-360/1401/14358/1401-14358-0036.flac,216080,
6618,train-clean-360/1322/137589/1322-137589-0001.flac,216080,
6619,train-clean-360/1060/134451/1060-134451-0009.flac,216080,
6620,train-clean-360/1649/150127/1649-150127-0001.flac,216000,
6621,train-clean-360/1018/133447/1018-133447-0005.flac,216000,
6622,train-clean-360/154/293987/154-293987-0004.flac,216000,
6623,train-clean-360/157/121899/157-121899-0030.flac,216000,
6624,train-clean-360/115/122944/115-122944-0019.flac,216000,
6625,train-clean-360/1365/134825/1365-134825-0022.flac,216000,
6626,train-clean-360/1259/137770/1259-137770-0040.flac,216000,
6627,train-clean-360/1641/130505/1641-130505-0016.flac,216000,
6628,train-clean-360/126/125084/126-125084-0036.flac,216000,
6629,train-clean-360/1311/134170/1311-134170-0004.flac,216000,
6630,train-clean-360/1046/133225/1046-133225-0005.flac,216000,
6631,train-clean-360/1182/133396/1182-133396-0020.flac,216000,
6632,train-clean-360/1112/128136/1112-128136-0016.flac,215921,
6633,train-clean-360/1031/133220/1031-133220-0022.flac,215920,
6634,train-clean-360/1473/135657/1473-135657-0037.flac,215920,
6635,train-clean-360/1264/129805/1264-129805-0077.flac,215920,
6636,train-clean-360/1060/134451/1060-134451-0065.flac,215920,
6637,train-clean-360/1348/135832/1348-135832-0016.flac,215920,
6638,train-clean-360/1382/130492/1382-130492-0024.flac,215840,
6639,train-clean-360/1283/129808/1283-129808-0054.flac,215840,
6640,train-clean-360/1066/5330/1066-5330-0027.flac,215840,
6641,train-clean-360/1343/158796/1343-158796-0014.flac,215840,
6642,train-clean-360/112/121671/112-121671-0008.flac,215840,
6643,train-clean-360/1392/128240/1392-128240-0016.flac,215840,
6644,train-clean-360/1487/133273/1487-133273-0011.flac,215840,
6645,train-clean-360/1649/5776/1649-5776-0018.flac,215840,
6646,train-clean-360/1379/130529/1379-130529-0017.flac,215840,
6647,train-clean-360/1311/134176/1311-134176-0007.flac,215840,
6648,train-clean-360/1425/139297/1425-139297-0031.flac,215839,
6649,train-clean-360/1264/129805/1264-129805-0063.flac,215839,
6650,train-clean-360/1175/126220/1175-126220-0014.flac,215760,
6651,train-clean-360/1160/139336/1160-139336-0022.flac,215760,
6652,train-clean-360/1160/139717/1160-139717-0018.flac,215760,
6653,train-clean-360/1445/139397/1445-139397-0012.flac,215760,
6654,train-clean-360/1649/150127/1649-150127-0018.flac,215760,
6655,train-clean-360/157/126796/157-126796-0053.flac,215760,
6656,train-clean-360/1322/137589/1322-137589-0049.flac,215760,
6657,train-clean-360/1028/133395/1028-133395-0019.flac,215760,
6658,train-clean-360/159/135897/159-135897-0036.flac,215760,
6659,train-clean-360/1337/10673/1337-10673-0027.flac,215760,
6660,train-clean-360/115/122944/115-122944-0026.flac,215680,
6661,train-clean-360/157/121899/157-121899-0027.flac,215680,
6662,train-clean-360/1607/149245/1607-149245-0042.flac,215680,
6663,train-clean-360/1639/133290/1639-133290-0063.flac,215680,
6664,train-clean-360/1535/141644/1535-141644-0005.flac,215680,
6665,train-clean-360/1182/134981/1182-134981-0016.flac,215680,
6666,train-clean-360/1535/141644/1535-141644-0049.flac,215680,
6667,train-clean-360/1259/72927/1259-72927-0012.flac,215680,
6668,train-clean-360/1536/137608/1536-137608-0029.flac,215680,
6669,train-clean-360/1552/141135/1552-141135-0023.flac,215600,
6670,train-clean-360/1678/142279/1678-142279-0072.flac,215600,
6671,train-clean-360/1634/141571/1634-141571-0079.flac,215600,
6672,train-clean-360/1066/5330/1066-5330-0023.flac,215600,
6673,train-clean-360/1425/139291/1425-139291-0019.flac,215600,
6674,train-clean-360/115/122944/115-122944-0053.flac,215600,
6675,train-clean-360/1552/141135/1552-141135-0011.flac,215600,
6676,train-clean-360/1556/143307/1556-143307-0040.flac,215600,
6677,train-clean-360/1460/138290/1460-138290-0017.flac,215600,
6678,train-clean-360/1413/121799/1413-121799-0003.flac,215600,
6679,train-clean-360/1460/138289/1460-138289-0023.flac,215600,
6680,train-clean-360/1487/133273/1487-133273-0062.flac,215520,
6681,train-clean-360/1445/139404/1445-139404-0029.flac,215520,
6682,train-clean-360/1343/158781/1343-158781-0023.flac,215520,
6683,train-clean-360/1093/132891/1093-132891-0086.flac,215520,
6684,train-clean-360/114/129317/114-129317-0021.flac,215520,
6685,train-clean-360/1182/134316/1182-134316-0036.flac,215520,
6686,train-clean-360/1343/158796/1343-158796-0005.flac,215520,
6687,train-clean-360/1639/133290/1639-133290-0012.flac,215520,
6688,train-clean-360/1649/150127/1649-150127-0027.flac,215520,
6689,train-clean-360/154/123998/154-123998-0007.flac,215440,
6690,train-clean-360/1195/130164/1195-130164-0024.flac,215440,
6691,train-clean-360/1392/135654/1392-135654-0009.flac,215440,
6692,train-clean-360/1509/145699/1509-145699-0007.flac,215440,
6693,train-clean-360/1422/146111/1422-146111-0015.flac,215440,
6694,train-clean-360/1054/143005/1054-143005-0095.flac,215440,
6695,train-clean-360/1413/121799/1413-121799-0046.flac,215360,
6696,train-clean-360/1425/139290/1425-139290-0008.flac,215360,
6697,train-clean-360/1283/129808/1283-129808-0019.flac,215360,
6698,train-clean-360/1212/75242/1212-75242-0017.flac,215360,
6699,train-clean-360/1422/146111/1422-146111-0019.flac,215360,
6700,train-clean-360/1028/133395/1028-133395-0033.flac,215360,
6701,train-clean-360/1649/68762/1649-68762-0034.flac,215360,
6702,train-clean-360/1337/10674/1337-10674-0012.flac,215280,
6703,train-clean-360/1018/133447/1018-133447-0001.flac,215280,
6704,train-clean-360/1031/133220/1031-133220-0027.flac,215280,
6705,train-clean-360/1050/134119/1050-134119-0031.flac,215280,
6706,train-clean-360/1224/121064/1224-121064-0062.flac,215280,
6707,train-clean-360/1066/5330/1066-5330-0015.flac,215200,
6708,train-clean-360/1241/121106/1241-121106-0010.flac,215200,
6709,train-clean-360/1283/129808/1283-129808-0004.flac,215200,
6710,train-clean-360/1028/133395/1028-133395-0000.flac,215200,
6711,train-clean-360/119/129515/119-129515-0012.flac,215200,
6712,train-clean-360/1323/138548/1323-138548-0016.flac,215200,
6713,train-clean-360/126/125084/126-125084-0007.flac,215200,
6714,train-clean-360/1460/138290/1460-138290-0021.flac,215200,
6715,train-clean-360/1226/141270/1226-141270-0027.flac,215200,
6716,train-clean-360/1212/75242/1212-75242-0027.flac,215120,
6717,train-clean-360/1289/288043/1289-288043-0040.flac,215120,
6718,train-clean-360/1060/134451/1060-134451-0030.flac,215120,
6719,train-clean-360/1264/129805/1264-129805-0022.flac,215120,
6720,train-clean-360/1001/134707/1001-134707-0011.flac,215120,
6721,train-clean-360/1100/124547/1100-124547-0039.flac,215120,
6722,train-clean-360/1413/121799/1413-121799-0100.flac,215040,
6723,train-clean-360/1383/130533/1383-130533-0024.flac,215040,
6724,train-clean-360/1165/135220/1165-135220-0007.flac,215040,
6725,train-clean-360/1265/135636/1265-135636-0013.flac,215040,
6726,train-clean-360/1641/130505/1641-130505-0008.flac,215040,
6727,train-clean-360/1535/141644/1535-141644-0003.flac,215040,
6728,train-clean-360/1639/132848/1639-132848-0030.flac,215040,
6729,train-clean-360/1313/135020/1313-135020-0023.flac,215040,
6730,train-clean-360/1259/72927/1259-72927-0009.flac,215040,
6731,train-clean-360/126/125084/126-125084-0012.flac,215040,
6732,train-clean-360/1498/140041/1498-140041-0047.flac,215040,
6733,train-clean-360/1379/130529/1379-130529-0003.flac,215040,
6734,train-clean-360/1456/130545/1456-130545-0013.flac,215040,
6735,train-clean-360/1383/130533/1383-130533-0037.flac,215040,
6736,train-clean-360/1112/128136/1112-128136-0012.flac,215040,
6737,train-clean-360/1311/134170/1311-134170-0015.flac,214960,
6738,train-clean-360/1547/130184/1547-130184-0018.flac,214960,
6739,train-clean-360/1093/132891/1093-132891-0085.flac,214960,
6740,train-clean-360/1336/138113/1336-138113-0023.flac,214960,
6741,train-clean-360/1322/137589/1322-137589-0017.flac,214880,
6742,train-clean-360/1212/14653/1212-14653-0015.flac,214880,
6743,train-clean-360/1335/163935/1335-163935-0032.flac,214880,
6744,train-clean-360/1050/134119/1050-134119-0010.flac,214880,
6745,train-clean-360/17/362/17-362-0015.flac,214880,
6746,train-clean-360/1012/133424/1012-133424-0050.flac,214880,
6747,train-clean-360/1472/285314/1472-285314-0019.flac,214880,
6748,train-clean-360/1050/134119/1050-134119-0013.flac,214880,
6749,train-clean-360/1195/130164/1195-130164-0048.flac,214880,
6750,train-clean-360/1052/139307/1052-139307-0001.flac,214880,
6751,train-clean-360/1093/132891/1093-132891-0017.flac,214800,
6752,train-clean-360/1066/103481/1066-103481-0012.flac,214800,
6753,train-clean-360/1182/134981/1182-134981-0008.flac,214720,
6754,train-clean-360/1348/135832/1348-135832-0038.flac,214720,
6755,train-clean-360/1289/288044/1289-288044-0044.flac,214720,
6756,train-clean-360/1649/68762/1649-68762-0013.flac,214720,
6757,train-clean-360/1264/129805/1264-129805-0076.flac,214640,
6758,train-clean-360/1390/130495/1390-130495-0015.flac,214640,
6759,train-clean-360/1556/143307/1556-143307-0017.flac,214640,
6760,train-clean-360/1556/139350/1556-139350-0029.flac,214640,
6761,train-clean-360/1422/146111/1422-146111-0004.flac,214640,
6762,train-clean-360/1241/137614/1241-137614-0039.flac,214640,
6763,train-clean-360/1053/132821/1053-132821-0029.flac,214640,
6764,train-clean-360/100/122655/100-122655-0000.flac,214640,
6765,train-clean-360/1264/129805/1264-129805-0030.flac,214640,
6766,train-clean-360/119/129515/119-129515-0005.flac,214640,
6767,train-clean-360/1112/128136/1112-128136-0002.flac,214640,
6768,train-clean-360/114/129324/114-129324-0056.flac,214560,
6769,train-clean-360/1379/130530/1379-130530-0005.flac,214560,
6770,train-clean-360/1547/130184/1547-130184-0000.flac,214560,
6771,train-clean-360/1413/121799/1413-121799-0105.flac,214560,
6772,train-clean-360/1165/135216/1165-135216-0018.flac,214560,
6773,train-clean-360/1382/130549/1382-130549-0020.flac,214560,
6774,train-clean-360/1401/174511/1401-174511-0011.flac,214560,
6775,train-clean-360/1365/134830/1365-134830-0010.flac,214560,
6776,train-clean-360/157/121899/157-121899-0031.flac,214560,
6777,train-clean-360/1379/130529/1379-130529-0009.flac,214560,
6778,train-clean-360/1018/133447/1018-133447-0031.flac,214560,
6779,train-clean-360/1093/132891/1093-132891-0013.flac,214560,
6780,train-clean-360/1050/134121/1050-134121-0026.flac,214560,
6781,train-clean-360/1392/128226/1392-128226-0020.flac,214560,
6782,train-clean-360/1446/122614/1446-122614-0087.flac,214560,
6783,train-clean-360/1027/125140/1027-125140-0005.flac,214560,
6784,train-clean-360/1061/152224/1061-152224-0004.flac,214560,
6785,train-clean-360/1379/130529/1379-130529-0006.flac,214559,
6786,train-clean-360/126/122467/126-122467-0050.flac,214480,
6787,train-clean-360/166/122789/166-122789-0021.flac,214480,
6788,train-clean-360/101/126860/101-126860-0040.flac,214480,
6789,train-clean-360/1241/137614/1241-137614-0019.flac,214480,
6790,train-clean-360/1365/134804/1365-134804-0036.flac,214480,
6791,train-clean-360/1348/135826/1348-135826-0043.flac,214480,
6792,train-clean-360/1336/138113/1336-138113-0015.flac,214480,
6793,train-clean-360/1629/139707/1629-139707-0021.flac,214480,
6794,train-clean-360/1100/135264/1100-135264-0004.flac,214400,
6795,train-clean-360/1060/134451/1060-134451-0093.flac,214400,
6796,train-clean-360/122/121729/122-121729-0026.flac,214400,
6797,train-clean-360/1446/122614/1446-122614-0010.flac,214400,
6798,train-clean-360/1060/134451/1060-134451-0022.flac,214400,
6799,train-clean-360/1100/135264/1100-135264-0032.flac,214400,
6800,train-clean-360/1607/149245/1607-149245-0008.flac,214400,
6801,train-clean-360/1639/132848/1639-132848-0028.flac,214400,
6802,train-clean-360/1463/134463/1463-134463-0056.flac,214400,
6803,train-clean-360/1401/14358/1401-14358-0007.flac,214400,
6804,train-clean-360/1175/126220/1175-126220-0039.flac,214400,
6805,train-clean-360/1641/130505/1641-130505-0022.flac,214400,
6806,train-clean-360/1445/139387/1445-139387-0023.flac,214400,
6807,train-clean-360/1535/141642/1535-141642-0000.flac,214321,
6808,train-clean-360/122/129752/122-129752-0027.flac,214320,
6809,train-clean-360/1607/150715/1607-150715-0018.flac,214320,
6810,train-clean-360/1472/139797/1472-139797-0023.flac,214320,
6811,train-clean-360/166/352/166-352-0029.flac,214320,
6812,train-clean-360/1456/136846/1456-136846-0012.flac,214320,
6813,train-clean-360/1571/138486/1571-138486-0011.flac,214320,
6814,train-clean-360/101/126861/101-126861-0003.flac,214240,
6815,train-clean-360/1535/141644/1535-141644-0039.flac,214240,
6816,train-clean-360/1383/130532/1383-130532-0006.flac,214240,
6817,train-clean-360/1296/134434/1296-134434-0000.flac,214240,
6818,train-clean-360/1547/130184/1547-130184-0011.flac,214240,
6819,train-clean-360/1175/126220/1175-126220-0015.flac,214240,
6820,train-clean-360/166/122789/166-122789-0003.flac,214240,
6821,train-clean-360/1241/121106/1241-121106-0004.flac,214240,
6822,train-clean-360/1460/138290/1460-138290-0069.flac,214240,
6823,train-clean-360/1311/134170/1311-134170-0006.flac,214240,
6824,train-clean-360/1066/4479/1066-4479-0005.flac,214160,
6825,train-clean-360/1058/133263/1058-133263-0033.flac,214160,
6826,train-clean-360/1448/135894/1448-135894-0079.flac,214160,
6827,train-clean-360/1053/132821/1053-132821-0044.flac,214080,
6828,train-clean-360/1383/130532/1383-130532-0022.flac,214080,
6829,train-clean-360/1028/133393/1028-133393-0010.flac,214080,
6830,train-clean-360/14/208/14-208-0009.flac,214080,
6831,train-clean-360/1093/132891/1093-132891-0001.flac,214080,
6832,train-clean-360/1053/132821/1053-132821-0031.flac,214080,
6833,train-clean-360/114/129317/114-129317-0010.flac,214000,
6834,train-clean-360/1463/134465/1463-134465-0033.flac,214000,
6835,train-clean-360/1413/121799/1413-121799-0061.flac,214000,
6836,train-clean-360/1422/146123/1422-146123-0008.flac,214000,
6837,train-clean-360/1195/135814/1195-135814-0015.flac,214000,
6838,train-clean-360/1100/135264/1100-135264-0023.flac,214000,
6839,train-clean-360/1165/135216/1165-135216-0039.flac,214000,
6840,train-clean-360/1571/138486/1571-138486-0028.flac,214000,
6841,train-clean-360/1460/138290/1460-138290-0058.flac,213921,
6842,train-clean-360/1052/139307/1052-139307-0009.flac,213920,
6843,train-clean-360/1195/37134/1195-37134-0015.flac,213920,
6844,train-clean-360/1241/137614/1241-137614-0007.flac,213920,
6845,train-clean-360/1066/4479/1066-4479-0024.flac,213920,
6846,train-clean-360/1165/135216/1165-135216-0043.flac,213920,
6847,train-clean-360/1100/124547/1100-124547-0014.flac,213920,
6848,train-clean-360/1093/132891/1093-132891-0054.flac,213920,
6849,train-clean-360/1061/152224/1061-152224-0008.flac,213920,
6850,train-clean-360/1571/141320/1571-141320-0049.flac,213920,
6851,train-clean-360/1413/121799/1413-121799-0076.flac,213840,
6852,train-clean-360/1058/133263/1058-133263-0015.flac,213840,
6853,train-clean-360/1160/139727/1160-139727-0001.flac,213840,
6854,train-clean-360/1027/125140/1027-125140-0055.flac,213840,
6855,train-clean-360/1182/133396/1182-133396-0038.flac,213840,
6856,train-clean-360/1629/139710/1629-139710-0073.flac,213840,
6857,train-clean-360/1093/132891/1093-132891-0033.flac,213840,
6858,train-clean-360/1446/122614/1446-122614-0013.flac,213840,
6859,train-clean-360/1018/133447/1018-133447-0051.flac,213840,
6860,train-clean-360/1296/138074/1296-138074-0034.flac,213760,
6861,train-clean-360/1296/138074/1296-138074-0011.flac,213760,
6862,train-clean-360/1509/145699/1509-145699-0022.flac,213760,
6863,train-clean-360/1456/130553/1456-130553-0003.flac,213760,
6864,train-clean-360/101/126859/101-126859-0023.flac,213760,
6865,train-clean-360/1027/125140/1027-125140-0036.flac,213760,
6866,train-clean-360/1456/130544/1456-130544-0023.flac,213760,
6867,train-clean-360/1456/130544/1456-130544-0002.flac,213760,
6868,train-clean-360/1498/140041/1498-140041-0014.flac,213680,
6869,train-clean-360/1445/139397/1445-139397-0000.flac,213680,
6870,train-clean-360/1639/133290/1639-133290-0014.flac,213680,
6871,train-clean-360/1365/134830/1365-134830-0000.flac,213680,
6872,train-clean-360/1513/140221/1513-140221-0030.flac,213680,
6873,train-clean-360/1629/139707/1629-139707-0034.flac,213680,
6874,train-clean-360/1322/137588/1322-137588-0006.flac,213680,
6875,train-clean-360/1473/135657/1473-135657-0075.flac,213680,
6876,train-clean-360/1182/133396/1182-133396-0039.flac,213600,
6877,train-clean-360/1283/129808/1283-129808-0052.flac,213600,
6878,train-clean-360/1061/142358/1061-142358-0029.flac,213600,
6879,train-clean-360/1046/133224/1046-133224-0014.flac,213600,
6880,train-clean-360/1379/130529/1379-130529-0026.flac,213600,
6881,train-clean-360/1473/135657/1473-135657-0101.flac,213600,
6882,train-clean-360/1509/143477/1509-143477-0001.flac,213520,
6883,train-clean-360/1547/130184/1547-130184-0008.flac,213520,
6884,train-clean-360/1343/158796/1343-158796-0010.flac,213520,
6885,train-clean-360/1473/135657/1473-135657-0054.flac,213520,
6886,train-clean-360/16/122828/16-122828-0016.flac,213520,
6887,train-clean-360/1509/145699/1509-145699-0015.flac,213520,
6888,train-clean-360/1337/10673/1337-10673-0042.flac,213520,
6889,train-clean-360/1061/142358/1061-142358-0038.flac,213520,
6890,train-clean-360/1182/134981/1182-134981-0004.flac,213440,
6891,train-clean-360/1031/133220/1031-133220-0044.flac,213440,
6892,train-clean-360/126/122467/126-122467-0010.flac,213440,
6893,train-clean-360/122/129752/122-129752-0029.flac,213440,
6894,train-clean-360/1316/132782/1316-132782-0005.flac,213440,
6895,train-clean-360/1536/141791/1536-141791-0020.flac,213440,
6896,train-clean-360/1448/135894/1448-135894-0101.flac,213440,
6897,train-clean-360/1079/128631/1079-128631-0000.flac,213440,
6898,train-clean-360/14/208/14-208-0019.flac,213360,
6899,train-clean-360/1425/139291/1425-139291-0005.flac,213360,
6900,train-clean-360/1265/135636/1265-135636-0011.flac,213360,
6901,train-clean-360/1311/134170/1311-134170-0031.flac,213360,
6902,train-clean-360/166/122789/166-122789-0018.flac,213280,
6903,train-clean-360/1322/137588/1322-137588-0047.flac,213280,
6904,train-clean-360/1259/72927/1259-72927-0000.flac,213280,
6905,train-clean-360/1379/130517/1379-130517-0002.flac,213280,
6906,train-clean-360/157/121899/157-121899-0017.flac,213280,
6907,train-clean-360/114/129324/114-129324-0022.flac,213280,
6908,train-clean-360/1390/130493/1390-130493-0002.flac,213200,
6909,train-clean-360/1472/139797/1472-139797-0012.flac,213200,
6910,train-clean-360/1316/132782/1316-132782-0047.flac,213200,
6911,train-clean-360/1046/133225/1046-133225-0040.flac,213200,
6912,train-clean-360/1046/133225/1046-133225-0008.flac,213200,
6913,train-clean-360/1571/138486/1571-138486-0020.flac,213120,
6914,train-clean-360/1241/121103/1241-121103-0012.flac,213120,
6915,train-clean-360/1460/138290/1460-138290-0030.flac,213120,
6916,train-clean-360/1513/140221/1513-140221-0029.flac,213120,
6917,train-clean-360/1093/132891/1093-132891-0037.flac,213120,
6918,train-clean-360/17/362/17-362-0022.flac,213120,
6919,train-clean-360/1413/121799/1413-121799-0010.flac,213120,
6920,train-clean-360/1379/130530/1379-130530-0001.flac,213120,
6921,train-clean-360/1028/133395/1028-133395-0034.flac,213120,
6922,train-clean-360/1311/134170/1311-134170-0008.flac,213040,
6923,train-clean-360/1046/133225/1046-133225-0025.flac,213040,
6924,train-clean-360/14/212/14-212-0013.flac,213040,
6925,train-clean-360/16/122828/16-122828-0005.flac,213040,
6926,train-clean-360/1473/135657/1473-135657-0033.flac,213040,
6927,train-clean-360/1046/133224/1046-133224-0033.flac,212960,
6928,train-clean-360/17/362/17-362-0006.flac,212960,
6929,train-clean-360/1487/133273/1487-133273-0104.flac,212960,
6930,train-clean-360/1392/135659/1392-135659-0031.flac,212960,
6931,train-clean-360/1383/130533/1383-130533-0026.flac,212960,
6932,train-clean-360/1571/141320/1571-141320-0008.flac,212960,
6933,train-clean-360/1417/1536/1417-1536-0031.flac,212960,
6934,train-clean-360/1401/14358/1401-14358-0018.flac,212960,
6935,train-clean-360/1607/149245/1607-149245-0003.flac,212960,
6936,train-clean-360/1265/135636/1265-135636-0036.flac,212960,
6937,train-clean-360/1390/130494/1390-130494-0026.flac,212960,
6938,train-clean-360/1448/135894/1448-135894-0021.flac,212880,
6939,train-clean-360/1343/158781/1343-158781-0006.flac,212880,
6940,train-clean-360/122/129752/122-129752-0042.flac,212880,
6941,train-clean-360/112/121671/112-121671-0011.flac,212880,
6942,train-clean-360/1571/141320/1571-141320-0015.flac,212880,
6943,train-clean-360/1487/133273/1487-133273-0003.flac,212880,
6944,train-clean-360/1422/149735/1422-149735-0002.flac,212880,
6945,train-clean-360/1058/131113/1058-131113-0036.flac,212800,
6946,train-clean-360/1222/141174/1222-141174-0019.flac,212800,
6947,train-clean-360/166/352/166-352-0039.flac,212800,
6948,train-clean-360/1195/135814/1195-135814-0033.flac,212800,
6949,train-clean-360/1001/134707/1001-134707-0055.flac,212800,
6950,train-clean-360/1463/134465/1463-134465-0065.flac,212720,
6951,train-clean-360/1487/133273/1487-133273-0069.flac,212720,
6952,train-clean-360/1472/139797/1472-139797-0036.flac,212720,
6953,train-clean-360/1271/133279/1271-133279-0011.flac,212720,
6954,train-clean-360/1639/132848/1639-132848-0052.flac,212640,
6955,train-clean-360/1112/128136/1112-128136-0000.flac,212640,
6956,train-clean-360/1629/139710/1629-139710-0005.flac,212560,
6957,train-clean-360/114/129317/114-129317-0011.flac,212560,
6958,train-clean-360/1487/133273/1487-133273-0091.flac,212560,
6959,train-clean-360/1165/135220/1165-135220-0022.flac,212560,
6960,train-clean-360/1337/10673/1337-10673-0040.flac,212560,
6961,train-clean-360/1100/135264/1100-135264-0036.flac,212560,
6962,train-clean-360/1390/130494/1390-130494-0031.flac,212560,
6963,train-clean-360/1649/68762/1649-68762-0030.flac,212560,
6964,train-clean-360/1639/133290/1639-133290-0044.flac,212560,
6965,train-clean-360/1382/130548/1382-130548-0016.flac,212560,
6966,train-clean-360/100/121674/100-121674-0039.flac,212560,
6967,train-clean-360/1079/128632/1079-128632-0042.flac,212559,
6968,train-clean-360/1422/149735/1422-149735-0012.flac,212480,
6969,train-clean-360/1012/133424/1012-133424-0075.flac,212480,
6970,train-clean-360/16/122828/16-122828-0028.flac,212480,
6971,train-clean-360/122/129752/122-129752-0035.flac,212480,
6972,train-clean-360/1379/130486/1379-130486-0019.flac,212480,
6973,train-clean-360/1271/128145/1271-128145-0018.flac,212480,
6974,train-clean-360/1212/185485/1212-185485-0021.flac,212480,
6975,train-clean-360/1379/130529/1379-130529-0018.flac,212480,
6976,train-clean-360/1390/130493/1390-130493-0027.flac,212480,
6977,train-clean-360/1473/135657/1473-135657-0090.flac,212480,
6978,train-clean-360/1382/130549/1382-130549-0011.flac,212400,
6979,train-clean-360/1112/1043/1112-1043-0022.flac,212400,
6980,train-clean-360/1639/133290/1639-133290-0050.flac,212400,
6981,train-clean-360/1603/140931/1603-140931-0042.flac,212400,
6982,train-clean-360/112/121671/112-121671-0024.flac,212400,
6983,train-clean-360/1445/139397/1445-139397-0016.flac,212320,
6984,train-clean-360/1413/121799/1413-121799-0090.flac,212320,
6985,train-clean-360/119/129513/119-129513-0012.flac,212320,
6986,train-clean-360/1121/135824/1121-135824-0031.flac,212320,
6987,train-clean-360/1460/138290/1460-138290-0015.flac,212320,
6988,train-clean-360/1390/130494/1390-130494-0015.flac,212320,
6989,train-clean-360/1535/141642/1535-141642-0036.flac,212320,
6990,train-clean-360/1379/130517/1379-130517-0003.flac,212320,
6991,train-clean-360/1222/133834/1222-133834-0003.flac,212320,
6992,train-clean-360/1175/126221/1175-126221-0028.flac,212320,
6993,train-clean-360/1460/138290/1460-138290-0053.flac,212320,
6994,train-clean-360/1031/133220/1031-133220-0086.flac,212240,
6995,train-clean-360/1472/142848/1472-142848-0027.flac,212240,
6996,train-clean-360/1058/131113/1058-131113-0043.flac,212240,
6997,train-clean-360/1603/139324/1603-139324-0006.flac,212240,
6998,train-clean-360/1195/130164/1195-130164-0038.flac,212240,
6999,train-clean-360/16/122828/16-122828-0029.flac,212240,
7000,train-clean-360/1603/140931/1603-140931-0021.flac,212240,
7001,train-clean-360/1387/130993/1387-130993-0037.flac,212240,
7002,train-clean-360/1265/135635/1265-135635-0043.flac,212240,
7003,train-clean-360/1079/128636/1079-128636-0004.flac,212160,
7004,train-clean-360/1195/135814/1195-135814-0032.flac,212160,
7005,train-clean-360/1379/130486/1379-130486-0004.flac,212160,
7006,train-clean-360/1296/138074/1296-138074-0030.flac,212160,
7007,train-clean-360/1079/128631/1079-128631-0028.flac,212160,
7008,train-clean-360/1472/139797/1472-139797-0035.flac,212160,
7009,train-clean-360/1296/138074/1296-138074-0020.flac,212160,
7010,train-clean-360/1061/152224/1061-152224-0024.flac,212160,
7011,train-clean-360/1413/121799/1413-121799-0057.flac,212080,
7012,train-clean-360/1422/149735/1422-149735-0010.flac,212080,
7013,train-clean-360/1446/122614/1446-122614-0016.flac,212080,
7014,train-clean-360/1313/135020/1313-135020-0007.flac,212080,
7015,train-clean-360/1482/140067/1482-140067-0020.flac,212080,
7016,train-clean-360/1027/125140/1027-125140-0046.flac,212080,
7017,train-clean-360/1265/135635/1265-135635-0003.flac,212080,
7018,train-clean-360/1335/160602/1335-160602-0029.flac,212080,
7019,train-clean-360/1390/130495/1390-130495-0009.flac,212080,
7020,train-clean-360/1382/130548/1382-130548-0000.flac,212080,
7021,train-clean-360/1641/130505/1641-130505-0019.flac,212000,
7022,train-clean-360/1031/133220/1031-133220-0093.flac,212000,
7023,train-clean-360/1482/140072/1482-140072-0032.flac,212000,
7024,train-clean-360/112/123215/112-123215-0016.flac,212000,
7025,train-clean-360/1536/137608/1536-137608-0031.flac,212000,
7026,train-clean-360/1365/134825/1365-134825-0013.flac,212000,
7027,train-clean-360/119/129515/119-129515-0003.flac,211920,
7028,train-clean-360/1311/134170/1311-134170-0038.flac,211920,
7029,train-clean-360/1456/130545/1456-130545-0012.flac,211920,
7030,train-clean-360/1365/134804/1365-134804-0037.flac,211920,
7031,train-clean-360/1417/1536/1417-1536-0021.flac,211840,
7032,train-clean-360/1060/134451/1060-134451-0085.flac,211840,
7033,train-clean-360/1311/134176/1311-134176-0011.flac,211840,
7034,train-clean-360/1093/132891/1093-132891-0097.flac,211840,
7035,train-clean-360/1448/135894/1448-135894-0036.flac,211840,
7036,train-clean-360/1513/140221/1513-140221-0027.flac,211840,
7037,train-clean-360/1296/138074/1296-138074-0039.flac,211840,
7038,train-clean-360/1536/141791/1536-141791-0025.flac,211760,
7039,train-clean-360/1556/143307/1556-143307-0036.flac,211760,
7040,train-clean-360/1348/135826/1348-135826-0026.flac,211760,
7041,train-clean-360/1463/134465/1463-134465-0017.flac,211760,
7042,train-clean-360/1336/138113/1336-138113-0032.flac,211760,
7043,train-clean-360/1337/10673/1337-10673-0025.flac,211760,
7044,train-clean-360/1224/121064/1224-121064-0089.flac,211680,
7045,train-clean-360/1641/130503/1641-130503-0014.flac,211680,
7046,train-clean-360/1337/10673/1337-10673-0023.flac,211680,
7047,train-clean-360/1271/133279/1271-133279-0033.flac,211680,
7048,train-clean-360/1473/135657/1473-135657-0055.flac,211680,
7049,train-clean-360/1456/130553/1456-130553-0009.flac,211680,
7050,train-clean-360/1536/138488/1536-138488-0045.flac,211680,
7051,train-clean-360/1259/27120/1259-27120-0033.flac,211680,
7052,train-clean-360/1649/5776/1649-5776-0000.flac,211600,
7053,train-clean-360/115/122944/115-122944-0017.flac,211600,
7054,train-clean-360/154/293987/154-293987-0032.flac,211600,
7055,train-clean-360/1224/121064/1224-121064-0067.flac,211600,
7056,train-clean-360/1316/132800/1316-132800-0030.flac,211520,
7057,train-clean-360/1552/141135/1552-141135-0008.flac,211520,
7058,train-clean-360/1182/134981/1182-134981-0042.flac,211520,
7059,train-clean-360/1552/141135/1552-141135-0015.flac,211520,
7060,train-clean-360/1053/132821/1053-132821-0028.flac,211520,
7061,train-clean-360/1058/131113/1058-131113-0012.flac,211520,
7062,train-clean-360/1182/134316/1182-134316-0012.flac,211520,
7063,train-clean-360/1678/142279/1678-142279-0017.flac,211440,
7064,train-clean-360/1365/134825/1365-134825-0015.flac,211440,
7065,train-clean-360/1182/134316/1182-134316-0031.flac,211440,
7066,train-clean-360/1311/134176/1311-134176-0031.flac,211360,
7067,train-clean-360/1629/139707/1629-139707-0014.flac,211360,
7068,train-clean-360/166/122789/166-122789-0007.flac,211360,
7069,train-clean-360/1289/288044/1289-288044-0025.flac,211360,
7070,train-clean-360/1422/149735/1422-149735-0025.flac,211360,
7071,train-clean-360/1607/150715/1607-150715-0014.flac,211360,
7072,train-clean-360/100/121674/100-121674-0029.flac,211360,
7073,train-clean-360/1445/139397/1445-139397-0021.flac,211360,
7074,train-clean-360/16/122828/16-122828-0052.flac,211360,
7075,train-clean-360/1473/135657/1473-135657-0107.flac,211280,
7076,train-clean-360/1482/140072/1482-140072-0036.flac,211280,
7077,train-clean-360/1001/134707/1001-134707-0010.flac,211280,
7078,train-clean-360/1348/135826/1348-135826-0002.flac,211280,
7079,train-clean-360/1316/132800/1316-132800-0035.flac,211280,
7080,train-clean-360/1571/141320/1571-141320-0003.flac,211280,
7081,train-clean-360/1259/137770/1259-137770-0013.flac,211280,
7082,train-clean-360/1061/152224/1061-152224-0002.flac,211280,
7083,train-clean-360/1322/137589/1322-137589-0002.flac,211280,
7084,train-clean-360/1473/135657/1473-135657-0113.flac,211280,
7085,train-clean-360/159/135897/159-135897-0037.flac,211280,
7086,train-clean-360/1382/130492/1382-130492-0023.flac,211200,
7087,train-clean-360/1571/138486/1571-138486-0008.flac,211200,
7088,train-clean-360/1060/134451/1060-134451-0069.flac,211200,
7089,train-clean-360/1387/130989/1387-130989-0013.flac,211200,
7090,train-clean-360/16/122827/16-122827-0027.flac,211200,
7091,train-clean-360/1031/133220/1031-133220-0088.flac,211200,
7092,train-clean-360/1639/132848/1639-132848-0009.flac,211200,
7093,train-clean-360/1296/138074/1296-138074-0045.flac,211200,
7094,train-clean-360/1456/136846/1456-136846-0021.flac,211200,
7095,train-clean-360/1607/150715/1607-150715-0029.flac,211200,
7096,train-clean-360/1264/135033/1264-135033-0037.flac,211200,
7097,train-clean-360/1031/133220/1031-133220-0063.flac,211200,
7098,train-clean-360/122/121734/122-121734-0008.flac,211121,
7099,train-clean-360/1571/141320/1571-141320-0033.flac,211120,
7100,train-clean-360/1535/141644/1535-141644-0009.flac,211120,
7101,train-clean-360/1509/143477/1509-143477-0049.flac,211120,
7102,train-clean-360/1387/134991/1387-134991-0012.flac,211120,
7103,train-clean-360/1425/139297/1425-139297-0002.flac,211120,
7104,train-clean-360/1337/10674/1337-10674-0027.flac,211120,
7105,train-clean-360/1513/140222/1513-140222-0041.flac,211040,
7106,train-clean-360/1456/130544/1456-130544-0007.flac,211040,
7107,train-clean-360/1323/138548/1323-138548-0033.flac,211040,
7108,train-clean-360/1053/132821/1053-132821-0033.flac,211040,
7109,train-clean-360/1607/134636/1607-134636-0012.flac,211040,
7110,train-clean-360/1552/141135/1552-141135-0042.flac,211040,
7111,train-clean-360/1222/133834/1222-133834-0018.flac,211040,
7112,train-clean-360/1195/135814/1195-135814-0017.flac,211040,
7113,train-clean-360/1382/130516/1382-130516-0000.flac,211040,
7114,train-clean-360/1028/133395/1028-133395-0018.flac,210960,
7115,train-clean-360/115/122944/115-122944-0003.flac,210960,
7116,train-clean-360/1668/136271/1668-136271-0027.flac,210880,
7117,train-clean-360/1212/14653/1212-14653-0028.flac,210880,
7118,train-clean-360/1066/103481/1066-103481-0016.flac,210880,
7119,train-clean-360/126/125084/126-125084-0019.flac,210880,
7120,train-clean-360/1212/14653/1212-14653-0017.flac,210880,
7121,train-clean-360/1212/75242/1212-75242-0036.flac,210880,
7122,train-clean-360/1224/121064/1224-121064-0095.flac,210880,
7123,train-clean-360/1121/176698/1121-176698-0004.flac,210801,
7124,train-clean-360/1571/141320/1571-141320-0011.flac,210800,
7125,train-clean-360/1058/133263/1058-133263-0023.flac,210800,
7126,train-clean-360/1224/121064/1224-121064-0029.flac,210800,
7127,train-clean-360/1001/134708/1001-134708-0040.flac,210800,
7128,train-clean-360/1264/135033/1264-135033-0031.flac,210800,
7129,train-clean-360/16/122827/16-122827-0031.flac,210800,
7130,train-clean-360/1448/135894/1448-135894-0080.flac,210800,
7131,train-clean-360/1639/133290/1639-133290-0026.flac,210720,
7132,train-clean-360/1649/5776/1649-5776-0027.flac,210720,
7133,train-clean-360/1348/135826/1348-135826-0031.flac,210720,
7134,train-clean-360/1283/136983/1283-136983-0041.flac,210720,
7135,train-clean-360/1259/27120/1259-27120-0034.flac,210720,
7136,train-clean-360/1264/129805/1264-129805-0053.flac,210640,
7137,train-clean-360/1160/139730/1160-139730-0000.flac,210640,
7138,train-clean-360/1387/130993/1387-130993-0036.flac,210640,
7139,train-clean-360/1445/139387/1445-139387-0045.flac,210640,
7140,train-clean-360/1448/135894/1448-135894-0109.flac,210640,
7141,train-clean-360/100/122655/100-122655-0021.flac,210560,
7142,train-clean-360/114/129317/114-129317-0046.flac,210560,
7143,train-clean-360/1629/139710/1629-139710-0041.flac,210560,
7144,train-clean-360/1079/128632/1079-128632-0009.flac,210560,
7145,train-clean-360/1383/130532/1383-130532-0001.flac,210560,
7146,train-clean-360/1445/139387/1445-139387-0036.flac,210560,
7147,train-clean-360/1629/139710/1629-139710-0009.flac,210560,
7148,train-clean-360/1323/138548/1323-138548-0024.flac,210560,
7149,train-clean-360/1552/141135/1552-141135-0002.flac,210560,
7150,train-clean-360/1445/139387/1445-139387-0039.flac,210560,
7151,train-clean-360/154/293987/154-293987-0013.flac,210560,
7152,train-clean-360/1536/141791/1536-141791-0005.flac,210560,
7153,train-clean-360/1641/130503/1641-130503-0015.flac,210560,
7154,train-clean-360/1050/134121/1050-134121-0009.flac,210480,
7155,train-clean-360/1018/133447/1018-133447-0032.flac,210480,
7156,train-clean-360/1241/121103/1241-121103-0033.flac,210480,
7157,train-clean-360/1463/134463/1463-134463-0041.flac,210480,
7158,train-clean-360/1283/129808/1283-129808-0020.flac,210480,
7159,train-clean-360/1289/288044/1289-288044-0028.flac,210480,
7160,train-clean-360/1264/129805/1264-129805-0011.flac,210480,
7161,train-clean-360/1383/130532/1383-130532-0036.flac,210400,
7162,train-clean-360/1556/143307/1556-143307-0056.flac,210400,
7163,train-clean-360/1482/140071/1482-140071-0012.flac,210400,
7164,train-clean-360/1513/140222/1513-140222-0072.flac,210400,
7165,train-clean-360/14/212/14-212-0040.flac,210400,
7166,train-clean-360/1001/134707/1001-134707-0054.flac,210400,
7167,train-clean-360/1028/133393/1028-133393-0026.flac,210400,
7168,train-clean-360/1175/126220/1175-126220-0054.flac,210320,
7169,train-clean-360/1061/142358/1061-142358-0031.flac,210320,
7170,train-clean-360/166/352/166-352-0026.flac,210320,
7171,train-clean-360/1639/133290/1639-133290-0011.flac,210320,
7172,train-clean-360/101/126859/101-126859-0010.flac,210240,
7173,train-clean-360/1365/134830/1365-134830-0007.flac,210240,
7174,train-clean-360/1160/139336/1160-139336-0037.flac,210240,
7175,train-clean-360/1290/135762/1290-135762-0073.flac,210240,
7176,train-clean-360/1222/133834/1222-133834-0024.flac,210240,
7177,train-clean-360/1639/132848/1639-132848-0022.flac,210240,
7178,train-clean-360/1012/133424/1012-133424-0086.flac,210160,
7179,train-clean-360/101/126861/101-126861-0019.flac,210160,
7180,train-clean-360/1195/130164/1195-130164-0034.flac,210160,
7181,train-clean-360/1050/134120/1050-134120-0024.flac,210080,
7182,train-clean-360/1311/134176/1311-134176-0025.flac,210080,
7183,train-clean-360/1212/185485/1212-185485-0015.flac,210080,
7184,train-clean-360/1060/134451/1060-134451-0054.flac,210080,
7185,train-clean-360/1629/139710/1629-139710-0066.flac,210080,
7186,train-clean-360/1535/141644/1535-141644-0048.flac,210080,
7187,train-clean-360/1638/84448/1638-84448-0032.flac,210000,
7188,train-clean-360/1212/185485/1212-185485-0028.flac,210000,
7189,train-clean-360/1513/140222/1513-140222-0054.flac,210000,
7190,train-clean-360/1283/129808/1283-129808-0040.flac,210000,
7191,train-clean-360/100/121669/100-121669-0018.flac,210000,
7192,train-clean-360/1629/139710/1629-139710-0063.flac,210000,
7193,train-clean-360/166/122789/166-122789-0024.flac,210000,
7194,train-clean-360/1066/5330/1066-5330-0017.flac,210000,
7195,train-clean-360/1641/130503/1641-130503-0004.flac,210000,
7196,train-clean-360/1337/10674/1337-10674-0049.flac,210000,
7197,train-clean-360/1383/130532/1383-130532-0011.flac,209920,
7198,train-clean-360/1456/130553/1456-130553-0017.flac,209920,
7199,train-clean-360/14/212/14-212-0048.flac,209920,
7200,train-clean-360/1413/121799/1413-121799-0028.flac,209920,
7201,train-clean-360/1456/130553/1456-130553-0015.flac,209920,
7202,train-clean-360/166/122789/166-122789-0037.flac,209920,
7203,train-clean-360/1473/135657/1473-135657-0114.flac,209920,
7204,train-clean-360/1634/141571/1634-141571-0025.flac,209920,
7205,train-clean-360/1460/138290/1460-138290-0066.flac,209920,
7206,train-clean-360/1264/129805/1264-129805-0057.flac,209920,
7207,train-clean-360/1259/137770/1259-137770-0015.flac,209919,
7208,train-clean-360/1336/138115/1336-138115-0040.flac,209840,
7209,train-clean-360/1054/143005/1054-143005-0048.flac,209840,
7210,train-clean-360/1387/134991/1387-134991-0003.flac,209840,
7211,train-clean-360/1509/143477/1509-143477-0033.flac,209840,
7212,train-clean-360/1472/139797/1472-139797-0022.flac,209840,
7213,train-clean-360/1175/126220/1175-126220-0026.flac,209760,
7214,train-clean-360/1401/174511/1401-174511-0000.flac,209760,
7215,train-clean-360/1265/135636/1265-135636-0030.flac,209760,
7216,train-clean-360/1027/125140/1027-125140-0051.flac,209760,
7217,train-clean-360/1445/139404/1445-139404-0017.flac,209760,
7218,train-clean-360/1641/130503/1641-130503-0003.flac,209760,
7219,train-clean-360/1383/130533/1383-130533-0009.flac,209760,
7220,train-clean-360/1212/14653/1212-14653-0024.flac,209760,
7221,train-clean-360/1456/130544/1456-130544-0024.flac,209760,
7222,train-clean-360/1668/136271/1668-136271-0019.flac,209760,
7223,train-clean-360/166/352/166-352-0021.flac,209680,
7224,train-clean-360/1473/135657/1473-135657-0080.flac,209680,
7225,train-clean-360/1195/130164/1195-130164-0040.flac,209680,
7226,train-clean-360/16/122828/16-122828-0015.flac,209680,
7227,train-clean-360/1445/139387/1445-139387-0017.flac,209680,
7228,train-clean-360/1027/125147/1027-125147-0036.flac,209680,
7229,train-clean-360/119/121722/119-121722-0006.flac,209600,
7230,train-clean-360/1316/132800/1316-132800-0001.flac,209600,
7231,train-clean-360/1649/68762/1649-68762-0038.flac,209600,
7232,train-clean-360/1392/128226/1392-128226-0000.flac,209600,
7233,train-clean-360/1365/134804/1365-134804-0017.flac,209600,
7234,train-clean-360/1460/138290/1460-138290-0037.flac,209600,
7235,train-clean-360/1472/139797/1472-139797-0017.flac,209520,
7236,train-clean-360/1668/136271/1668-136271-0013.flac,209520,
7237,train-clean-360/115/121896/115-121896-0003.flac,209520,
7238,train-clean-360/1460/138290/1460-138290-0046.flac,209520,
7239,train-clean-360/16/122828/16-122828-0055.flac,209520,
7240,train-clean-360/1054/143005/1054-143005-0007.flac,209520,
7241,train-clean-360/100/122655/100-122655-0017.flac,209520,
7242,train-clean-360/1509/145699/1509-145699-0021.flac,209440,
7243,train-clean-360/1027/125140/1027-125140-0045.flac,209440,
7244,train-clean-360/1383/130532/1383-130532-0005.flac,209440,
7245,train-clean-360/1556/143307/1556-143307-0037.flac,209440,
7246,train-clean-360/112/121671/112-121671-0010.flac,209440,
7247,train-clean-360/1093/132891/1093-132891-0092.flac,209440,
7248,train-clean-360/1536/141791/1536-141791-0008.flac,209440,
7249,train-clean-360/126/125084/126-125084-0040.flac,209440,
7250,train-clean-360/1050/134120/1050-134120-0009.flac,209440,
7251,train-clean-360/1290/135762/1290-135762-0060.flac,209440,
7252,train-clean-360/1165/135216/1165-135216-0015.flac,209440,
7253,train-clean-360/1175/126221/1175-126221-0003.flac,209360,
7254,train-clean-360/1343/158781/1343-158781-0011.flac,209360,
7255,train-clean-360/1337/10673/1337-10673-0033.flac,209360,
7256,train-clean-360/1448/135894/1448-135894-0091.flac,209360,
7257,train-clean-360/1382/130492/1382-130492-0025.flac,209280,
7258,train-clean-360/1121/176698/1121-176698-0023.flac,209280,
7259,train-clean-360/1472/139797/1472-139797-0025.flac,209280,
7260,train-clean-360/1556/143307/1556-143307-0048.flac,209280,
7261,train-clean-360/1061/146197/1061-146197-0019.flac,209280,
7262,train-clean-360/1182/134981/1182-134981-0031.flac,209280,
7263,train-clean-360/1175/126220/1175-126220-0043.flac,209200,
7264,train-clean-360/154/124002/154-124002-0009.flac,209200,
7265,train-clean-360/16/122828/16-122828-0044.flac,209200,
7266,train-clean-360/1316/132782/1316-132782-0018.flac,209200,
7267,train-clean-360/1498/140040/1498-140040-0006.flac,209200,
7268,train-clean-360/1289/288044/1289-288044-0013.flac,209200,
7269,train-clean-360/1603/139325/1603-139325-0002.flac,209121,
7270,train-clean-360/1027/125147/1027-125147-0027.flac,209120,
7271,train-clean-360/1100/135264/1100-135264-0017.flac,209120,
7272,train-clean-360/1383/130533/1383-130533-0001.flac,209120,
7273,train-clean-360/1413/121799/1413-121799-0000.flac,209120,
7274,train-clean-360/1629/139710/1629-139710-0037.flac,209040,
7275,train-clean-360/1535/141642/1535-141642-0032.flac,209040,
7276,train-clean-360/1054/143005/1054-143005-0034.flac,209040,
7277,train-clean-360/1472/139797/1472-139797-0010.flac,209040,
7278,train-clean-360/1160/139336/1160-139336-0016.flac,209040,
7279,train-clean-360/1337/156963/1337-156963-0013.flac,208960,
7280,train-clean-360/1422/146123/1422-146123-0029.flac,208960,
7281,train-clean-360/1027/125140/1027-125140-0032.flac,208960,
7282,train-clean-360/1212/75242/1212-75242-0035.flac,208960,
7283,train-clean-360/17/362/17-362-0000.flac,208960,
7284,train-clean-360/1349/135891/1349-135891-0038.flac,208960,
7285,train-clean-360/1289/288044/1289-288044-0030.flac,208960,
7286,train-clean-360/1335/27593/1335-27593-0012.flac,208880,
7287,train-clean-360/112/123216/112-123216-0024.flac,208880,
7288,train-clean-360/1365/134825/1365-134825-0001.flac,208800,
7289,train-clean-360/1112/128136/1112-128136-0029.flac,208800,
7290,train-clean-360/1513/140222/1513-140222-0015.flac,208800,
7291,train-clean-360/1349/135891/1349-135891-0021.flac,208800,
7292,train-clean-360/1323/138617/1323-138617-0022.flac,208800,
7293,train-clean-360/1456/130545/1456-130545-0018.flac,208800,
7294,train-clean-360/1448/135894/1448-135894-0046.flac,208721,
7295,train-clean-360/1061/142358/1061-142358-0039.flac,208720,
7296,train-clean-360/1028/133393/1028-133393-0056.flac,208640,
7297,train-clean-360/1417/1536/1417-1536-0008.flac,208640,
7298,train-clean-360/1413/121799/1413-121799-0083.flac,208640,
7299,train-clean-360/1031/133220/1031-133220-0103.flac,208640,
7300,train-clean-360/1175/126220/1175-126220-0018.flac,208640,
7301,train-clean-360/1383/130533/1383-130533-0022.flac,208640,
7302,train-clean-360/126/125084/126-125084-0008.flac,208560,
7303,train-clean-360/1322/137588/1322-137588-0048.flac,208560,
7304,train-clean-360/114/129317/114-129317-0006.flac,208560,
7305,train-clean-360/1571/138486/1571-138486-0003.flac,208560,
7306,train-clean-360/1536/138488/1536-138488-0042.flac,208560,
7307,train-clean-360/1387/134991/1387-134991-0017.flac,208560,
7308,train-clean-360/1222/133834/1222-133834-0008.flac,208560,
7309,train-clean-360/1058/133263/1058-133263-0001.flac,208480,
7310,train-clean-360/1061/142358/1061-142358-0042.flac,208480,
7311,train-clean-360/1487/133273/1487-133273-0020.flac,208480,
7312,train-clean-360/1018/133447/1018-133447-0059.flac,208480,
7313,train-clean-360/1121/176698/1121-176698-0032.flac,208480,
7314,train-clean-360/1571/138486/1571-138486-0002.flac,208480,
7315,train-clean-360/1093/132891/1093-132891-0142.flac,208480,
7316,train-clean-360/1536/137608/1536-137608-0027.flac,208480,
7317,train-clean-360/1390/130494/1390-130494-0009.flac,208480,
7318,train-clean-360/1311/134176/1311-134176-0036.flac,208480,
7319,train-clean-360/1323/138548/1323-138548-0032.flac,208480,
7320,train-clean-360/1031/133220/1031-133220-0045.flac,208480,
7321,train-clean-360/100/122655/100-122655-0007.flac,208480,
7322,train-clean-360/1498/140040/1498-140040-0049.flac,208400,
7323,train-clean-360/166/122789/166-122789-0032.flac,208400,
7324,train-clean-360/1547/130184/1547-130184-0074.flac,208400,
7325,train-clean-360/1383/130489/1383-130489-0026.flac,208400,
7326,train-clean-360/1337/10674/1337-10674-0030.flac,208400,
7327,train-clean-360/1259/72927/1259-72927-0024.flac,208400,
7328,train-clean-360/1112/128136/1112-128136-0032.flac,208400,
7329,train-clean-360/157/126796/157-126796-0058.flac,208400,
7330,train-clean-360/1322/137589/1322-137589-0026.flac,208399,
7331,train-clean-360/1335/163935/1335-163935-0003.flac,208320,
7332,train-clean-360/1641/130505/1641-130505-0005.flac,208320,
7333,train-clean-360/115/121720/115-121720-0013.flac,208320,
7334,train-clean-360/1463/134463/1463-134463-0061.flac,208320,
7335,train-clean-360/1446/122614/1446-122614-0076.flac,208320,
7336,train-clean-360/1066/103481/1066-103481-0029.flac,208240,
7337,train-clean-360/1639/132848/1639-132848-0043.flac,208240,
7338,train-clean-360/1456/136846/1456-136846-0017.flac,208240,
7339,train-clean-360/1283/129808/1283-129808-0010.flac,208240,
7340,train-clean-360/1336/138113/1336-138113-0010.flac,208240,
7341,train-clean-360/1322/137589/1322-137589-0040.flac,208160,
7342,train-clean-360/16/122827/16-122827-0058.flac,208160,
7343,train-clean-360/1382/130516/1382-130516-0006.flac,208160,
7344,train-clean-360/1460/138289/1460-138289-0033.flac,208160,
7345,train-clean-360/1121/135824/1121-135824-0015.flac,208160,
7346,train-clean-360/1460/138290/1460-138290-0011.flac,208160,
7347,train-clean-360/1649/5776/1649-5776-0032.flac,208080,
7348,train-clean-360/1487/133273/1487-133273-0053.flac,208080,
7349,train-clean-360/1649/150127/1649-150127-0014.flac,208080,
7350,train-clean-360/1641/130503/1641-130503-0013.flac,208080,
7351,train-clean-360/1382/130548/1382-130548-0020.flac,208080,
7352,train-clean-360/1212/75242/1212-75242-0020.flac,208080,
7353,train-clean-360/101/126860/101-126860-0044.flac,208080,
7354,train-clean-360/1556/143307/1556-143307-0002.flac,208000,
7355,train-clean-360/1335/163935/1335-163935-0010.flac,208000,
7356,train-clean-360/1487/133273/1487-133273-0059.flac,208000,
7357,train-clean-360/1349/135891/1349-135891-0014.flac,208000,
7358,train-clean-360/166/122789/166-122789-0043.flac,208000,
7359,train-clean-360/1241/121106/1241-121106-0035.flac,208000,
7360,train-clean-360/1448/135894/1448-135894-0114.flac,208000,
7361,train-clean-360/1323/138548/1323-138548-0028.flac,208000,
7362,train-clean-360/1456/130545/1456-130545-0001.flac,208000,
7363,train-clean-360/126/125084/126-125084-0041.flac,208000,
7364,train-clean-360/1607/150715/1607-150715-0031.flac,208000,
7365,train-clean-360/1060/134451/1060-134451-0094.flac,208000,
7366,train-clean-360/1050/134120/1050-134120-0007.flac,207920,
7367,train-clean-360/1448/135894/1448-135894-0097.flac,207920,
7368,train-clean-360/1112/128136/1112-128136-0036.flac,207920,
7369,train-clean-360/1222/133834/1222-133834-0062.flac,207920,
7370,train-clean-360/1383/130489/1383-130489-0012.flac,207920,
7371,train-clean-360/1401/14358/1401-14358-0024.flac,207920,
7372,train-clean-360/154/124003/154-124003-0029.flac,207920,
7373,train-clean-360/1456/130544/1456-130544-0000.flac,207840,
7374,train-clean-360/1323/138548/1323-138548-0005.flac,207840,
7375,train-clean-360/1401/146770/1401-146770-0016.flac,207840,
7376,train-clean-360/1379/130486/1379-130486-0010.flac,207840,
7377,train-clean-360/1052/139307/1052-139307-0036.flac,207840,
7378,train-clean-360/1160/139730/1160-139730-0016.flac,207760,
7379,train-clean-360/1165/135216/1165-135216-0054.flac,207760,
7380,train-clean-360/1639/133290/1639-133290-0013.flac,207760,
7381,train-clean-360/1012/133424/1012-133424-0082.flac,207760,
7382,train-clean-360/1634/141571/1634-141571-0015.flac,207680,
7383,train-clean-360/1289/288044/1289-288044-0034.flac,207680,
7384,train-clean-360/1460/138290/1460-138290-0022.flac,207680,
7385,train-clean-360/1336/138113/1336-138113-0012.flac,207680,
7386,train-clean-360/1638/84448/1638-84448-0057.flac,207680,
7387,train-clean-360/1165/135216/1165-135216-0027.flac,207680,
7388,train-clean-360/1641/130504/1641-130504-0020.flac,207680,
7389,train-clean-360/1046/133225/1046-133225-0017.flac,207680,
7390,train-clean-360/1482/140067/1482-140067-0027.flac,207680,
7391,train-clean-360/1425/139297/1425-139297-0027.flac,207600,
7392,train-clean-360/1061/142358/1061-142358-0018.flac,207600,
7393,train-clean-360/1641/130503/1641-130503-0024.flac,207600,
7394,train-clean-360/1093/132891/1093-132891-0077.flac,207600,
7395,train-clean-360/1271/133279/1271-133279-0015.flac,207600,
7396,train-clean-360/1649/68762/1649-68762-0029.flac,207600,
7397,train-clean-360/1556/143307/1556-143307-0039.flac,207600,
7398,train-clean-360/1392/128226/1392-128226-0019.flac,207600,
7399,train-clean-360/1322/137588/1322-137588-0003.flac,207520,
7400,train-clean-360/1417/1539/1417-1539-0024.flac,207520,
7401,train-clean-360/1054/143005/1054-143005-0037.flac,207520,
7402,train-clean-360/1348/135826/1348-135826-0045.flac,207520,
7403,train-clean-360/1265/135635/1265-135635-0008.flac,207520,
7404,train-clean-360/1335/27593/1335-27593-0021.flac,207520,
7405,train-clean-360/1093/132891/1093-132891-0006.flac,207520,
7406,train-clean-360/1513/140221/1513-140221-0014.flac,207520,
7407,train-clean-360/1472/139797/1472-139797-0041.flac,207440,
7408,train-clean-360/1649/150127/1649-150127-0031.flac,207440,
7409,train-clean-360/17/362/17-362-0007.flac,207440,
7410,train-clean-360/1001/134707/1001-134707-0028.flac,207440,
7411,train-clean-360/1382/130549/1382-130549-0007.flac,207360,
7412,train-clean-360/1343/158781/1343-158781-0014.flac,207360,
7413,train-clean-360/1165/135220/1165-135220-0040.flac,207360,
7414,train-clean-360/157/121899/157-121899-0025.flac,207360,
7415,train-clean-360/1392/135659/1392-135659-0025.flac,207360,
7416,train-clean-360/1536/137608/1536-137608-0004.flac,207360,
7417,train-clean-360/1165/135220/1165-135220-0044.flac,207360,
7418,train-clean-360/1668/136280/1668-136280-0043.flac,207280,
7419,train-clean-360/1061/146197/1061-146197-0006.flac,207280,
7420,train-clean-360/1498/140041/1498-140041-0028.flac,207200,
7421,train-clean-360/1028/133395/1028-133395-0002.flac,207200,
7422,train-clean-360/101/126859/101-126859-0019.flac,207200,
7423,train-clean-360/1289/288044/1289-288044-0051.flac,207200,
7424,train-clean-360/1383/130533/1383-130533-0041.flac,207200,
7425,train-clean-360/1165/135220/1165-135220-0050.flac,207200,
7426,train-clean-360/1259/27120/1259-27120-0008.flac,207200,
7427,train-clean-360/1100/124547/1100-124547-0022.flac,207120,
7428,train-clean-360/159/135897/159-135897-0024.flac,207120,
7429,train-clean-360/1264/129805/1264-129805-0035.flac,207120,
7430,train-clean-360/1448/135894/1448-135894-0081.flac,207120,
7431,train-clean-360/1425/139297/1425-139297-0010.flac,207120,
7432,train-clean-360/1165/135216/1165-135216-0010.flac,207120,
7433,train-clean-360/1066/4479/1066-4479-0040.flac,207120,
7434,train-clean-360/1482/140072/1482-140072-0015.flac,207040,
7435,train-clean-360/1379/130529/1379-130529-0001.flac,207040,
7436,train-clean-360/1456/136846/1456-136846-0028.flac,207040,
7437,train-clean-360/1536/138488/1536-138488-0038.flac,207040,
7438,train-clean-360/1641/130504/1641-130504-0006.flac,207040,
7439,train-clean-360/114/129324/114-129324-0020.flac,207040,
7440,train-clean-360/1100/135264/1100-135264-0046.flac,207040,
7441,train-clean-360/1322/137589/1322-137589-0047.flac,207040,
7442,train-clean-360/122/121729/122-121729-0006.flac,206960,
7443,train-clean-360/1012/133424/1012-133424-0083.flac,206960,
7444,train-clean-360/1639/133290/1639-133290-0045.flac,206960,
7445,train-clean-360/1678/142279/1678-142279-0056.flac,206960,
7446,train-clean-360/1383/130532/1383-130532-0009.flac,206880,
7447,train-clean-360/1316/132800/1316-132800-0039.flac,206880,
7448,train-clean-360/1401/174511/1401-174511-0025.flac,206880,
7449,train-clean-360/1093/132891/1093-132891-0009.flac,206880,
7450,train-clean-360/1446/122614/1446-122614-0003.flac,206880,
7451,train-clean-360/157/126796/157-126796-0005.flac,206800,
7452,train-clean-360/1417/1536/1417-1536-0004.flac,206800,
7453,train-clean-360/1195/37134/1195-37134-0013.flac,206800,
7454,train-clean-360/1212/14653/1212-14653-0029.flac,206720,
7455,train-clean-360/1296/134434/1296-134434-0006.flac,206720,
7456,train-clean-360/1678/142279/1678-142279-0067.flac,206720,
7457,train-clean-360/1046/133225/1046-133225-0034.flac,206640,
7458,train-clean-360/16/122828/16-122828-0043.flac,206640,
7459,train-clean-360/1482/140072/1482-140072-0038.flac,206640,
7460,train-clean-360/1001/134707/1001-134707-0045.flac,206640,
7461,train-clean-360/154/124003/154-124003-0010.flac,206640,
7462,train-clean-360/1343/139681/1343-139681-0003.flac,206560,
7463,train-clean-360/1060/134451/1060-134451-0095.flac,206560,
7464,train-clean-360/1222/133834/1222-133834-0007.flac,206560,
7465,train-clean-360/1175/126221/1175-126221-0040.flac,206560,
7466,train-clean-360/1472/142848/1472-142848-0025.flac,206560,
7467,train-clean-360/1413/121799/1413-121799-0030.flac,206480,
7468,train-clean-360/1552/140651/1552-140651-0000.flac,206480,
7469,train-clean-360/159/135897/159-135897-0014.flac,206480,
7470,train-clean-360/1603/139325/1603-139325-0005.flac,206480,
7471,train-clean-360/1058/131113/1058-131113-0021.flac,206480,
7472,train-clean-360/1425/139291/1425-139291-0004.flac,206480,
7473,train-clean-360/1031/133220/1031-133220-0070.flac,206480,
7474,train-clean-360/1382/130492/1382-130492-0027.flac,206480,
7475,train-clean-360/1001/134707/1001-134707-0040.flac,206400,
7476,train-clean-360/1050/134121/1050-134121-0011.flac,206400,
7477,train-clean-360/1513/140222/1513-140222-0009.flac,206400,
7478,train-clean-360/1379/130529/1379-130529-0011.flac,206400,
7479,train-clean-360/1641/130505/1641-130505-0012.flac,206400,
7480,train-clean-360/1165/135216/1165-135216-0048.flac,206320,
7481,train-clean-360/1061/142358/1061-142358-0035.flac,206320,
7482,train-clean-360/1265/135635/1265-135635-0069.flac,206320,
7483,train-clean-360/1028/133393/1028-133393-0024.flac,206320,
7484,train-clean-360/1387/134991/1387-134991-0036.flac,206240,
7485,train-clean-360/1641/130505/1641-130505-0017.flac,206240,
7486,train-clean-360/1001/134707/1001-134707-0018.flac,206240,
7487,train-clean-360/1052/139307/1052-139307-0003.flac,206240,
7488,train-clean-360/1472/139797/1472-139797-0002.flac,206240,
7489,train-clean-360/1387/130993/1387-130993-0006.flac,206240,
7490,train-clean-360/1259/72927/1259-72927-0001.flac,206240,
7491,train-clean-360/1383/130533/1383-130533-0018.flac,206240,
7492,train-clean-360/1383/130533/1383-130533-0013.flac,206240,
7493,train-clean-360/1112/1043/1112-1043-0019.flac,206240,
7494,train-clean-360/1473/135657/1473-135657-0014.flac,206160,
7495,train-clean-360/126/122467/126-122467-0004.flac,206160,
7496,train-clean-360/1678/142279/1678-142279-0055.flac,206160,
7497,train-clean-360/1296/138074/1296-138074-0022.flac,206160,
7498,train-clean-360/1061/142358/1061-142358-0028.flac,206160,
7499,train-clean-360/1027/125140/1027-125140-0012.flac,206160,
7500,train-clean-360/1536/138488/1536-138488-0048.flac,206160,
7501,train-clean-360/1348/135832/1348-135832-0032.flac,206160,
7502,train-clean-360/1482/140067/1482-140067-0007.flac,206080,
7503,train-clean-360/1641/130504/1641-130504-0008.flac,206080,
7504,train-clean-360/1052/132776/1052-132776-0017.flac,206080,
7505,train-clean-360/1379/130530/1379-130530-0040.flac,206080,
7506,train-clean-360/1460/138290/1460-138290-0064.flac,206080,
7507,train-clean-360/1535/141644/1535-141644-0033.flac,206080,
7508,train-clean-360/1387/130989/1387-130989-0003.flac,206080,
7509,train-clean-360/115/122944/115-122944-0027.flac,206080,
7510,train-clean-360/1634/141571/1634-141571-0035.flac,206080,
7511,train-clean-360/1641/130505/1641-130505-0004.flac,206080,
7512,train-clean-360/159/135897/159-135897-0000.flac,206080,
7513,train-clean-360/1383/130532/1383-130532-0016.flac,206080,
7514,train-clean-360/1018/135221/1018-135221-0028.flac,206000,
7515,train-clean-360/1498/140040/1498-140040-0020.flac,206000,
7516,train-clean-360/1165/135220/1165-135220-0048.flac,205920,
7517,train-clean-360/1513/140222/1513-140222-0002.flac,205920,
7518,train-clean-360/1290/135762/1290-135762-0032.flac,205920,
7519,train-clean-360/1018/133447/1018-133447-0014.flac,205920,
7520,train-clean-360/1337/156963/1337-156963-0026.flac,205920,
7521,train-clean-360/1472/285314/1472-285314-0015.flac,205920,
7522,train-clean-360/1547/130184/1547-130184-0009.flac,205920,
7523,train-clean-360/1638/84448/1638-84448-0053.flac,205920,
7524,train-clean-360/166/126302/166-126302-0007.flac,205920,
7525,train-clean-360/1387/130993/1387-130993-0009.flac,205920,
7526,train-clean-360/1296/138074/1296-138074-0006.flac,205920,
7527,train-clean-360/115/122944/115-122944-0015.flac,205920,
7528,train-clean-360/1289/288043/1289-288043-0017.flac,205920,
7529,train-clean-360/1031/133220/1031-133220-0008.flac,205840,
7530,train-clean-360/1509/145742/1509-145742-0008.flac,205840,
7531,train-clean-360/157/126796/157-126796-0012.flac,205840,
7532,train-clean-360/1311/134170/1311-134170-0028.flac,205840,
7533,train-clean-360/1348/135832/1348-135832-0034.flac,205840,
7534,train-clean-360/1224/121064/1224-121064-0106.flac,205840,
7535,train-clean-360/1027/125140/1027-125140-0049.flac,205840,
7536,train-clean-360/1349/135891/1349-135891-0026.flac,205840,
7537,train-clean-360/1046/133225/1046-133225-0049.flac,205840,
7538,train-clean-360/1552/141135/1552-141135-0031.flac,205840,
7539,train-clean-360/1160/139336/1160-139336-0015.flac,205760,
7540,train-clean-360/100/122655/100-122655-0029.flac,205760,
7541,train-clean-360/1365/134830/1365-134830-0042.flac,205760,
7542,train-clean-360/1456/130553/1456-130553-0002.flac,205760,
7543,train-clean-360/1641/130504/1641-130504-0000.flac,205760,
7544,train-clean-360/1383/130533/1383-130533-0007.flac,205760,
7545,train-clean-360/1401/14358/1401-14358-0030.flac,205760,
7546,train-clean-360/1271/133279/1271-133279-0017.flac,205760,
7547,train-clean-360/1629/139707/1629-139707-0001.flac,205680,
7548,train-clean-360/1316/132800/1316-132800-0005.flac,205680,
7549,train-clean-360/1536/137608/1536-137608-0000.flac,205680,
7550,train-clean-360/1050/134119/1050-134119-0014.flac,205680,
7551,train-clean-360/1413/121799/1413-121799-0129.flac,205679,
7552,train-clean-360/1383/130532/1383-130532-0019.flac,205600,
7553,train-clean-360/1556/143307/1556-143307-0068.flac,205600,
7554,train-clean-360/101/126859/101-126859-0033.flac,205600,
7555,train-clean-360/1165/135216/1165-135216-0004.flac,205600,
7556,train-clean-360/1224/121064/1224-121064-0039.flac,205520,
7557,train-clean-360/1547/130184/1547-130184-0006.flac,205520,
7558,train-clean-360/1413/121799/1413-121799-0001.flac,205520,
7559,train-clean-360/166/122789/166-122789-0023.flac,205520,
7560,train-clean-360/1241/121103/1241-121103-0038.flac,205440,
7561,train-clean-360/1639/132848/1639-132848-0038.flac,205440,
7562,train-clean-360/1335/163935/1335-163935-0035.flac,205440,
7563,train-clean-360/1387/130993/1387-130993-0031.flac,205440,
7564,train-clean-360/1678/142279/1678-142279-0082.flac,205440,
7565,train-clean-360/1175/126221/1175-126221-0026.flac,205440,
7566,train-clean-360/1001/134707/1001-134707-0019.flac,205360,
7567,train-clean-360/159/135897/159-135897-0013.flac,205360,
7568,train-clean-360/1348/135832/1348-135832-0026.flac,205360,
7569,train-clean-360/100/122655/100-122655-0002.flac,205360,
7570,train-clean-360/1160/139717/1160-139717-0027.flac,205360,
7571,train-clean-360/1296/138074/1296-138074-0014.flac,205359,
7572,train-clean-360/119/129513/119-129513-0003.flac,205280,
7573,train-clean-360/1046/133224/1046-133224-0017.flac,205280,
7574,train-clean-360/1337/10674/1337-10674-0028.flac,205280,
7575,train-clean-360/1226/141279/1226-141279-0036.flac,205280,
7576,train-clean-360/17/362/17-362-0016.flac,205280,
7577,train-clean-360/1018/135221/1018-135221-0031.flac,205200,
7578,train-clean-360/1460/138290/1460-138290-0055.flac,205200,
7579,train-clean-360/1571/138486/1571-138486-0001.flac,205200,
7580,train-clean-360/166/122789/166-122789-0035.flac,205200,
7581,train-clean-360/166/352/166-352-0035.flac,205120,
7582,train-clean-360/1463/134463/1463-134463-0050.flac,205120,
7583,train-clean-360/14/212/14-212-0043.flac,205120,
7584,train-clean-360/1379/130486/1379-130486-0001.flac,205120,
7585,train-clean-360/1265/135635/1265-135635-0033.flac,205120,
7586,train-clean-360/1383/130533/1383-130533-0028.flac,205120,
7587,train-clean-360/1463/134465/1463-134465-0038.flac,205120,
7588,train-clean-360/1283/136983/1283-136983-0007.flac,205040,
7589,train-clean-360/157/126796/157-126796-0047.flac,205040,
7590,train-clean-360/16/122827/16-122827-0001.flac,205040,
7591,train-clean-360/1641/130504/1641-130504-0001.flac,204960,
7592,train-clean-360/1195/37134/1195-37134-0003.flac,204960,
7593,train-clean-360/1556/139350/1556-139350-0016.flac,204960,
7594,train-clean-360/1265/135635/1265-135635-0055.flac,204960,
7595,train-clean-360/1160/139336/1160-139336-0009.flac,204880,
7596,train-clean-360/1289/288043/1289-288043-0034.flac,204880,
7597,train-clean-360/1259/72927/1259-72927-0016.flac,204880,
7598,train-clean-360/1165/135216/1165-135216-0036.flac,204880,
7599,train-clean-360/100/121674/100-121674-0014.flac,204880,
7600,train-clean-360/166/352/166-352-0017.flac,204880,
7601,train-clean-360/1536/138488/1536-138488-0035.flac,204880,
7602,train-clean-360/1322/137588/1322-137588-0052.flac,204880,
7603,train-clean-360/1668/136280/1668-136280-0047.flac,204800,
7604,train-clean-360/1283/129808/1283-129808-0014.flac,204800,
7605,train-clean-360/1001/134707/1001-134707-0046.flac,204800,
7606,train-clean-360/1460/138289/1460-138289-0011.flac,204800,
7607,train-clean-360/1182/133396/1182-133396-0018.flac,204800,
7608,train-clean-360/1445/139404/1445-139404-0031.flac,204720,
7609,train-clean-360/1547/130184/1547-130184-0014.flac,204720,
7610,train-clean-360/1175/126220/1175-126220-0041.flac,204720,
7611,train-clean-360/1603/140931/1603-140931-0023.flac,204720,
7612,train-clean-360/1165/135216/1165-135216-0002.flac,204640,
7613,train-clean-360/1289/288044/1289-288044-0020.flac,204640,
7614,train-clean-360/1668/136271/1668-136271-0002.flac,204640,
7615,train-clean-360/1509/145699/1509-145699-0010.flac,204640,
7616,train-clean-360/1413/121799/1413-121799-0052.flac,204640,
7617,train-clean-360/115/121720/115-121720-0011.flac,204640,
7618,train-clean-360/1121/176698/1121-176698-0003.flac,204640,
7619,train-clean-360/1265/135635/1265-135635-0041.flac,204640,
7620,train-clean-360/1001/134707/1001-134707-0048.flac,204640,
7621,train-clean-360/1413/121799/1413-121799-0074.flac,204560,
7622,train-clean-360/17/362/17-362-0029.flac,204560,
7623,train-clean-360/1061/142358/1061-142358-0034.flac,204560,
7624,train-clean-360/1093/132891/1093-132891-0067.flac,204560,
7625,train-clean-360/1446/122614/1446-122614-0068.flac,204560,
7626,train-clean-360/1387/130989/1387-130989-0028.flac,204560,
7627,train-clean-360/1160/139730/1160-139730-0005.flac,204480,
7628,train-clean-360/1629/139710/1629-139710-0048.flac,204480,
7629,train-clean-360/14/208/14-208-0002.flac,204480,
7630,train-clean-360/1641/130504/1641-130504-0016.flac,204480,
7631,train-clean-360/1259/27120/1259-27120-0009.flac,204480,
7632,train-clean-360/1509/143477/1509-143477-0037.flac,204480,
7633,train-clean-360/1050/134120/1050-134120-0012.flac,204480,
7634,train-clean-360/1112/128138/1112-128138-0010.flac,204400,
7635,train-clean-360/1382/130516/1382-130516-0003.flac,204400,
7636,train-clean-360/1556/143307/1556-143307-0025.flac,204400,
7637,train-clean-360/1046/133225/1046-133225-0019.flac,204400,
7638,train-clean-360/1046/133225/1046-133225-0035.flac,204400,
7639,train-clean-360/1316/132800/1316-132800-0010.flac,204320,
7640,train-clean-360/100/121674/100-121674-0033.flac,204320,
7641,train-clean-360/126/122467/126-122467-0015.flac,204320,
7642,train-clean-360/1603/140931/1603-140931-0040.flac,204320,
7643,train-clean-360/1379/130529/1379-130529-0025.flac,204320,
7644,train-clean-360/1027/125140/1027-125140-0021.flac,204320,
7645,train-clean-360/1296/134434/1296-134434-0002.flac,204320,
7646,train-clean-360/1265/135635/1265-135635-0004.flac,204320,
7647,train-clean-360/1259/137770/1259-137770-0004.flac,204320,
7648,train-clean-360/100/121674/100-121674-0037.flac,204240,
7649,train-clean-360/1259/72927/1259-72927-0003.flac,204240,
7650,train-clean-360/1046/133225/1046-133225-0014.flac,204240,
7651,train-clean-360/1390/130493/1390-130493-0026.flac,204160,
7652,train-clean-360/1607/150715/1607-150715-0013.flac,204160,
7653,train-clean-360/1335/160602/1335-160602-0021.flac,204160,
7654,train-clean-360/1425/139291/1425-139291-0014.flac,204160,
7655,train-clean-360/1335/163935/1335-163935-0014.flac,204160,
7656,train-clean-360/114/129324/114-129324-0016.flac,204160,
7657,train-clean-360/1639/133290/1639-133290-0053.flac,204160,
7658,train-clean-360/101/126860/101-126860-0028.flac,204160,
7659,train-clean-360/1536/141791/1536-141791-0019.flac,204080,
7660,train-clean-360/1212/75242/1212-75242-0032.flac,204080,
7661,train-clean-360/1335/27593/1335-27593-0006.flac,204080,
7662,train-clean-360/1093/132891/1093-132891-0021.flac,204080,
7663,train-clean-360/1472/142848/1472-142848-0006.flac,204080,
7664,train-clean-360/114/129317/114-129317-0041.flac,204080,
7665,train-clean-360/1050/134120/1050-134120-0038.flac,204000,
7666,train-clean-360/1311/134170/1311-134170-0049.flac,204000,
7667,train-clean-360/1222/141174/1222-141174-0022.flac,204000,
7668,train-clean-360/1165/135216/1165-135216-0003.flac,204000,
7669,train-clean-360/1001/134707/1001-134707-0039.flac,203920,
7670,train-clean-360/1460/138290/1460-138290-0026.flac,203920,
7671,train-clean-360/1379/130517/1379-130517-0009.flac,203920,
7672,train-clean-360/1323/138617/1323-138617-0030.flac,203920,
7673,train-clean-360/1296/138074/1296-138074-0003.flac,203840,
7674,train-clean-360/159/121891/159-121891-0009.flac,203840,
7675,train-clean-360/1264/129805/1264-129805-0026.flac,203840,
7676,train-clean-360/1446/122614/1446-122614-0063.flac,203840,
7677,train-clean-360/1224/121064/1224-121064-0000.flac,203840,
7678,train-clean-360/1027/125147/1027-125147-0009.flac,203840,
7679,train-clean-360/1392/128226/1392-128226-0007.flac,203840,
7680,train-clean-360/1012/133424/1012-133424-0008.flac,203760,
7681,train-clean-360/1638/84447/1638-84447-0043.flac,203760,
7682,train-clean-360/1668/136280/1668-136280-0023.flac,203760,
7683,train-clean-360/1446/122614/1446-122614-0055.flac,203760,
7684,train-clean-360/1425/139290/1425-139290-0026.flac,203760,
7685,train-clean-360/1571/141320/1571-141320-0017.flac,203680,
7686,train-clean-360/1401/14358/1401-14358-0033.flac,203680,
7687,train-clean-360/1061/142358/1061-142358-0043.flac,203600,
7688,train-clean-360/1079/128632/1079-128632-0018.flac,203600,
7689,train-clean-360/1224/121064/1224-121064-0004.flac,203600,
7690,train-clean-360/1313/135020/1313-135020-0022.flac,203600,
7691,train-clean-360/1383/130533/1383-130533-0017.flac,203521,
7692,train-clean-360/1387/134991/1387-134991-0020.flac,203520,
7693,train-clean-360/1639/133290/1639-133290-0039.flac,203520,
7694,train-clean-360/1054/143005/1054-143005-0080.flac,203520,
7695,train-clean-360/1571/138486/1571-138486-0045.flac,203520,
7696,train-clean-360/1383/130533/1383-130533-0039.flac,203520,
7697,train-clean-360/1316/132782/1316-132782-0013.flac,203520,
7698,train-clean-360/1058/131113/1058-131113-0010.flac,203520,
7699,train-clean-360/1383/130533/1383-130533-0006.flac,203520,
7700,train-clean-360/1448/135894/1448-135894-0082.flac,203440,
7701,train-clean-360/1335/27593/1335-27593-0013.flac,203440,
7702,train-clean-360/1487/133273/1487-133273-0001.flac,203440,
7703,train-clean-360/1311/134170/1311-134170-0021.flac,203440,
7704,train-clean-360/1425/139290/1425-139290-0024.flac,203440,
7705,train-clean-360/1052/139307/1052-139307-0013.flac,203440,
7706,train-clean-360/1053/132821/1053-132821-0035.flac,203440,
7707,train-clean-360/101/126860/101-126860-0043.flac,203440,
7708,train-clean-360/1175/126221/1175-126221-0024.flac,203440,
7709,train-clean-360/1121/176698/1121-176698-0001.flac,203440,
7710,train-clean-360/1629/139707/1629-139707-0005.flac,203440,
7711,train-clean-360/1241/121106/1241-121106-0030.flac,203360,
7712,train-clean-360/1379/130530/1379-130530-0008.flac,203360,
7713,train-clean-360/159/135897/159-135897-0033.flac,203360,
7714,train-clean-360/1212/75242/1212-75242-0002.flac,203280,
7715,train-clean-360/1066/103481/1066-103481-0027.flac,203280,
7716,train-clean-360/1061/146197/1061-146197-0008.flac,203280,
7717,train-clean-360/100/121674/100-121674-0035.flac,203280,
7718,train-clean-360/1283/129808/1283-129808-0008.flac,203280,
7719,train-clean-360/1382/130549/1382-130549-0018.flac,203200,
7720,train-clean-360/1379/130486/1379-130486-0007.flac,203200,
7721,train-clean-360/1066/4479/1066-4479-0018.flac,203200,
7722,train-clean-360/1241/121103/1241-121103-0026.flac,203200,
7723,train-clean-360/1446/122614/1446-122614-0001.flac,203200,
7724,train-clean-360/1058/131113/1058-131113-0082.flac,203200,
7725,train-clean-360/1058/131113/1058-131113-0002.flac,203120,
7726,train-clean-360/1509/143477/1509-143477-0061.flac,203120,
7727,train-clean-360/1222/141174/1222-141174-0038.flac,203120,
7728,train-clean-360/1536/141791/1536-141791-0021.flac,203120,
7729,train-clean-360/119/129513/119-129513-0032.flac,203040,
7730,train-clean-360/1641/130505/1641-130505-0001.flac,203040,
7731,train-clean-360/1241/137614/1241-137614-0001.flac,203040,
7732,train-clean-360/1311/134170/1311-134170-0027.flac,203040,
7733,train-clean-360/1383/130533/1383-130533-0027.flac,203040,
7734,train-clean-360/126/125084/126-125084-0009.flac,202960,
7735,train-clean-360/1446/122614/1446-122614-0039.flac,202960,
7736,train-clean-360/112/123215/112-123215-0003.flac,202960,
7737,train-clean-360/1112/128138/1112-128138-0020.flac,202960,
7738,train-clean-360/122/121730/122-121730-0020.flac,202960,
7739,train-clean-360/1473/135657/1473-135657-0111.flac,202960,
7740,train-clean-360/1028/133395/1028-133395-0036.flac,202960,
7741,train-clean-360/1316/132800/1316-132800-0031.flac,202880,
7742,train-clean-360/1058/133263/1058-133263-0007.flac,202880,
7743,train-clean-360/1456/130553/1456-130553-0006.flac,202880,
7744,train-clean-360/1641/130505/1641-130505-0006.flac,202880,
7745,train-clean-360/1337/156963/1337-156963-0012.flac,202800,
7746,train-clean-360/14/208/14-208-0018.flac,202800,
7747,train-clean-360/122/121734/122-121734-0014.flac,202800,
7748,train-clean-360/166/122789/166-122789-0013.flac,202800,
7749,train-clean-360/1265/135636/1265-135636-0027.flac,202800,
7750,train-clean-360/1448/135894/1448-135894-0050.flac,202800,
7751,train-clean-360/1195/130164/1195-130164-0046.flac,202800,
7752,train-clean-360/1222/141174/1222-141174-0055.flac,202720,
7753,train-clean-360/1027/125147/1027-125147-0038.flac,202720,
7754,train-clean-360/1513/140222/1513-140222-0070.flac,202720,
7755,train-clean-360/1639/133290/1639-133290-0048.flac,202720,
7756,train-clean-360/1498/140040/1498-140040-0017.flac,202640,
7757,train-clean-360/1290/135762/1290-135762-0014.flac,202640,
7758,train-clean-360/1634/141571/1634-141571-0029.flac,202640,
7759,train-clean-360/166/122789/166-122789-0041.flac,202640,
7760,train-clean-360/1641/130503/1641-130503-0017.flac,202560,
7761,train-clean-360/1446/122614/1446-122614-0002.flac,202560,
7762,train-clean-360/1678/142279/1678-142279-0063.flac,202560,
7763,train-clean-360/1053/132821/1053-132821-0041.flac,202560,
7764,train-clean-360/1552/141135/1552-141135-0028.flac,202560,
7765,train-clean-360/1271/133279/1271-133279-0031.flac,202560,
7766,train-clean-360/1383/130489/1383-130489-0027.flac,202560,
7767,train-clean-360/1535/141644/1535-141644-0015.flac,202560,
7768,train-clean-360/1335/27593/1335-27593-0035.flac,202560,
7769,train-clean-360/1668/136271/1668-136271-0036.flac,202481,
7770,train-clean-360/101/126860/101-126860-0007.flac,202481,
7771,train-clean-360/1668/136280/1668-136280-0058.flac,202480,
7772,train-clean-360/1222/141174/1222-141174-0032.flac,202480,
7773,train-clean-360/1638/84448/1638-84448-0029.flac,202480,
7774,train-clean-360/1224/121064/1224-121064-0109.flac,202480,
7775,train-clean-360/1571/138486/1571-138486-0009.flac,202480,
7776,train-clean-360/1066/4479/1066-4479-0013.flac,202480,
7777,train-clean-360/1079/128633/1079-128633-0001.flac,202400,
7778,train-clean-360/1061/146197/1061-146197-0015.flac,202400,
7779,train-clean-360/1335/27593/1335-27593-0011.flac,202400,
7780,train-clean-360/1445/139387/1445-139387-0002.flac,202400,
7781,train-clean-360/1289/288043/1289-288043-0036.flac,202400,
7782,train-clean-360/1195/135814/1195-135814-0031.flac,202400,
7783,train-clean-360/1061/142358/1061-142358-0025.flac,202320,
7784,train-clean-360/1322/137588/1322-137588-0030.flac,202320,
7785,train-clean-360/126/122467/126-122467-0041.flac,202320,
7786,train-clean-360/1265/135635/1265-135635-0077.flac,202240,
7787,train-clean-360/1417/1532/1417-1532-0020.flac,202240,
7788,train-clean-360/1052/139307/1052-139307-0018.flac,202240,
7789,train-clean-360/1387/134991/1387-134991-0005.flac,202240,
7790,train-clean-360/1066/103481/1066-103481-0003.flac,202240,
7791,train-clean-360/1387/130993/1387-130993-0004.flac,202240,
7792,train-clean-360/1311/134170/1311-134170-0010.flac,202240,
7793,train-clean-360/1390/130495/1390-130495-0013.flac,202160,
7794,train-clean-360/1472/142848/1472-142848-0029.flac,202160,
7795,train-clean-360/166/126302/166-126302-0014.flac,202160,
7796,train-clean-360/1259/72927/1259-72927-0031.flac,202160,
7797,train-clean-360/1487/133273/1487-133273-0025.flac,202160,
7798,train-clean-360/1311/134170/1311-134170-0025.flac,202160,
7799,train-clean-360/1001/134707/1001-134707-0074.flac,202080,
7800,train-clean-360/1641/130505/1641-130505-0007.flac,202080,
7801,train-clean-360/1641/130503/1641-130503-0011.flac,202080,
7802,train-clean-360/122/121730/122-121730-0010.flac,202080,
7803,train-clean-360/1401/146770/1401-146770-0002.flac,202080,
7804,train-clean-360/1634/141571/1634-141571-0056.flac,202000,
7805,train-clean-360/1513/140222/1513-140222-0000.flac,202000,
7806,train-clean-360/1422/149735/1422-149735-0028.flac,201920,
7807,train-clean-360/1509/145699/1509-145699-0003.flac,201920,
7808,train-clean-360/159/135897/159-135897-0035.flac,201840,
7809,train-clean-360/1445/139387/1445-139387-0028.flac,201840,
7810,train-clean-360/115/121720/115-121720-0005.flac,201840,
7811,train-clean-360/1382/130492/1382-130492-0019.flac,201840,
7812,train-clean-360/1417/1532/1417-1532-0018.flac,201840,
7813,train-clean-360/1472/139797/1472-139797-0030.flac,201840,
7814,train-clean-360/1473/135657/1473-135657-0065.flac,201840,
7815,train-clean-360/1012/133424/1012-133424-0002.flac,201839,
7816,train-clean-360/1535/141642/1535-141642-0001.flac,201760,
7817,train-clean-360/1383/130532/1383-130532-0008.flac,201760,
7818,train-clean-360/1383/130532/1383-130532-0035.flac,201760,
7819,train-clean-360/1335/163935/1335-163935-0024.flac,201760,
7820,train-clean-360/1224/121064/1224-121064-0050.flac,201680,
7821,train-clean-360/1547/130184/1547-130184-0072.flac,201680,
7822,train-clean-360/154/124002/154-124002-0000.flac,201680,
7823,train-clean-360/1382/130548/1382-130548-0012.flac,201680,
7824,train-clean-360/1296/134434/1296-134434-0014.flac,201680,
7825,train-clean-360/1336/138115/1336-138115-0042.flac,201680,
7826,train-clean-360/1027/125140/1027-125140-0018.flac,201680,
7827,train-clean-360/1446/122614/1446-122614-0040.flac,201600,
7828,train-clean-360/1027/125147/1027-125147-0030.flac,201600,
7829,train-clean-360/1556/143307/1556-143307-0021.flac,201600,
7830,train-clean-360/1343/158781/1343-158781-0019.flac,201600,
7831,train-clean-360/1058/131113/1058-131113-0050.flac,201600,
7832,train-clean-360/1383/130533/1383-130533-0020.flac,201600,
7833,train-clean-360/1336/138113/1336-138113-0005.flac,201600,
7834,train-clean-360/1379/130529/1379-130529-0028.flac,201520,
7835,train-clean-360/16/122827/16-122827-0013.flac,201520,
7836,train-clean-360/1226/141270/1226-141270-0014.flac,201520,
7837,train-clean-360/126/125084/126-125084-0006.flac,201520,
7838,train-clean-360/1290/135762/1290-135762-0048.flac,201520,
7839,train-clean-360/1337/156963/1337-156963-0010.flac,201520,
7840,train-clean-360/1018/133447/1018-133447-0020.flac,201520,
7841,train-clean-360/1425/139297/1425-139297-0029.flac,201520,
7842,train-clean-360/1066/4479/1066-4479-0027.flac,201519,
7843,train-clean-360/1383/130532/1383-130532-0003.flac,201440,
7844,train-clean-360/1241/137614/1241-137614-0031.flac,201440,
7845,train-clean-360/1336/138113/1336-138113-0063.flac,201440,
7846,train-clean-360/16/122827/16-122827-0036.flac,201440,
7847,train-clean-360/1639/132848/1639-132848-0041.flac,201440,
7848,train-clean-360/1639/132848/1639-132848-0044.flac,201440,
7849,train-clean-360/1027/125140/1027-125140-0041.flac,201440,
7850,train-clean-360/1335/27593/1335-27593-0025.flac,201360,
7851,train-clean-360/1649/150127/1649-150127-0032.flac,201360,
7852,train-clean-360/1401/174511/1401-174511-0003.flac,201360,
7853,train-clean-360/1283/129808/1283-129808-0016.flac,201280,
7854,train-clean-360/1195/37134/1195-37134-0007.flac,201280,
7855,train-clean-360/1425/139290/1425-139290-0038.flac,201280,
7856,train-clean-360/166/352/166-352-0015.flac,201280,
7857,train-clean-360/114/129317/114-129317-0017.flac,201280,
7858,train-clean-360/1296/134434/1296-134434-0028.flac,201280,
7859,train-clean-360/1336/138113/1336-138113-0064.flac,201280,
7860,train-clean-360/1425/139291/1425-139291-0026.flac,201280,
7861,train-clean-360/1487/133273/1487-133273-0102.flac,201200,
7862,train-clean-360/122/121730/122-121730-0015.flac,201200,
7863,train-clean-360/1337/10673/1337-10673-0012.flac,201200,
7864,train-clean-360/1649/68762/1649-68762-0011.flac,201200,
7865,train-clean-360/1634/141571/1634-141571-0026.flac,201120,
7866,train-clean-360/1226/141268/1226-141268-0014.flac,201120,
7867,train-clean-360/1383/130533/1383-130533-0003.flac,201120,
7868,train-clean-360/1165/135220/1165-135220-0006.flac,201120,
7869,train-clean-360/1343/158781/1343-158781-0001.flac,201120,
7870,train-clean-360/1296/138074/1296-138074-0035.flac,201120,
7871,train-clean-360/1422/149735/1422-149735-0032.flac,201120,
7872,train-clean-360/1392/140654/1392-140654-0009.flac,201040,
7873,train-clean-360/1212/75242/1212-75242-0024.flac,201040,
7874,train-clean-360/1571/138486/1571-138486-0023.flac,201040,
7875,train-clean-360/1182/134316/1182-134316-0034.flac,201040,
7876,train-clean-360/16/122828/16-122828-0007.flac,201040,
7877,train-clean-360/119/129514/119-129514-0026.flac,200960,
7878,train-clean-360/1387/130989/1387-130989-0030.flac,200960,
7879,train-clean-360/1387/130989/1387-130989-0023.flac,200960,
7880,train-clean-360/1112/128138/1112-128138-0028.flac,200960,
7881,train-clean-360/157/126796/157-126796-0034.flac,200880,
7882,train-clean-360/1348/135826/1348-135826-0005.flac,200880,
7883,train-clean-360/1425/139291/1425-139291-0000.flac,200880,
7884,train-clean-360/14/208/14-208-0028.flac,200880,
7885,train-clean-360/1337/10674/1337-10674-0019.flac,200880,
7886,train-clean-360/1417/1532/1417-1532-0003.flac,200801,
7887,train-clean-360/1482/140067/1482-140067-0012.flac,200800,
7888,train-clean-360/126/122467/126-122467-0049.flac,200800,
7889,train-clean-360/166/122789/166-122789-0029.flac,200800,
7890,train-clean-360/119/129514/119-129514-0010.flac,200720,
7891,train-clean-360/1027/125147/1027-125147-0019.flac,200720,
7892,train-clean-360/1093/132891/1093-132891-0134.flac,200720,
7893,train-clean-360/1556/143307/1556-143307-0024.flac,200720,
7894,train-clean-360/1379/130530/1379-130530-0014.flac,200640,
7895,train-clean-360/157/121899/157-121899-0033.flac,200640,
7896,train-clean-360/1603/140931/1603-140931-0029.flac,200560,
7897,train-clean-360/1031/133220/1031-133220-0009.flac,200560,
7898,train-clean-360/1498/140041/1498-140041-0044.flac,200560,
7899,train-clean-360/1498/140040/1498-140040-0030.flac,200560,
7900,train-clean-360/1060/134451/1060-134451-0067.flac,200480,
7901,train-clean-360/1498/140041/1498-140041-0019.flac,200480,
7902,train-clean-360/1392/135654/1392-135654-0017.flac,200480,
7903,train-clean-360/1271/128145/1271-128145-0020.flac,200480,
7904,train-clean-360/1046/133224/1046-133224-0008.flac,200400,
7905,train-clean-360/1348/135832/1348-135832-0045.flac,200400,
7906,train-clean-360/154/293987/154-293987-0026.flac,200400,
7907,train-clean-360/1482/140071/1482-140071-0001.flac,200320,
7908,train-clean-360/1387/130993/1387-130993-0015.flac,200320,
7909,train-clean-360/1498/140040/1498-140040-0021.flac,200320,
7910,train-clean-360/1031/133220/1031-133220-0013.flac,200320,
7911,train-clean-360/1387/134991/1387-134991-0007.flac,200320,
7912,train-clean-360/1316/132800/1316-132800-0019.flac,200320,
7913,train-clean-360/1379/130486/1379-130486-0000.flac,200320,
7914,train-clean-360/14/212/14-212-0000.flac,200240,
7915,train-clean-360/1066/4479/1066-4479-0004.flac,200240,
7916,train-clean-360/1536/138488/1536-138488-0010.flac,200240,
7917,train-clean-360/1336/138113/1336-138113-0053.flac,200240,
7918,train-clean-360/1571/138486/1571-138486-0024.flac,200240,
7919,train-clean-360/1079/128636/1079-128636-0027.flac,200240,
7920,train-clean-360/1241/121103/1241-121103-0034.flac,200160,
7921,train-clean-360/1322/137588/1322-137588-0023.flac,200160,
7922,train-clean-360/1348/135832/1348-135832-0014.flac,200160,
7923,train-clean-360/166/122789/166-122789-0002.flac,200160,
7924,train-clean-360/114/129324/114-129324-0042.flac,200160,
7925,train-clean-360/1296/138074/1296-138074-0027.flac,200160,
7926,train-clean-360/1498/140041/1498-140041-0025.flac,200160,
7927,train-clean-360/1536/141791/1536-141791-0028.flac,200160,
7928,train-clean-360/1365/134825/1365-134825-0008.flac,200160,
7929,train-clean-360/1264/129805/1264-129805-0020.flac,200160,
7930,train-clean-360/1046/133224/1046-133224-0045.flac,200080,
7931,train-clean-360/1638/84447/1638-84447-0008.flac,200080,
7932,train-clean-360/1547/130184/1547-130184-0070.flac,200080,
7933,train-clean-360/1413/121799/1413-121799-0088.flac,200080,
7934,train-clean-360/1556/143307/1556-143307-0035.flac,200080,
7935,train-clean-360/1417/1532/1417-1532-0017.flac,200080,
7936,train-clean-360/100/121669/100-121669-0020.flac,200000,
7937,train-clean-360/1296/138074/1296-138074-0061.flac,200000,
7938,train-clean-360/1365/134804/1365-134804-0024.flac,200000,
7939,train-clean-360/1160/139717/1160-139717-0017.flac,200000,
7940,train-clean-360/1634/141571/1634-141571-0010.flac,200000,
7941,train-clean-360/159/121902/159-121902-0013.flac,200000,
7942,train-clean-360/1425/139290/1425-139290-0014.flac,199920,
7943,train-clean-360/1222/133834/1222-133834-0005.flac,199920,
7944,train-clean-360/1639/133290/1639-133290-0032.flac,199840,
7945,train-clean-360/1018/133447/1018-133447-0008.flac,199840,
7946,train-clean-360/1536/138488/1536-138488-0022.flac,199840,
7947,train-clean-360/1638/84447/1638-84447-0022.flac,199840,
7948,train-clean-360/1212/185485/1212-185485-0036.flac,199760,
7949,train-clean-360/1182/134981/1182-134981-0006.flac,199760,
7950,train-clean-360/1322/137588/1322-137588-0051.flac,199760,
7951,train-clean-360/1289/288043/1289-288043-0029.flac,199760,
7952,train-clean-360/1536/137608/1536-137608-0035.flac,199760,
7953,train-clean-360/1079/128631/1079-128631-0025.flac,199760,
7954,train-clean-360/1121/132777/1121-132777-0014.flac,199680,
7955,train-clean-360/1422/149735/1422-149735-0019.flac,199680,
7956,train-clean-360/1417/1536/1417-1536-0019.flac,199680,
7957,train-clean-360/122/129752/122-129752-0023.flac,199680,
7958,train-clean-360/1607/149245/1607-149245-0027.flac,199680,
7959,train-clean-360/1165/135220/1165-135220-0057.flac,199600,
7960,train-clean-360/1552/141135/1552-141135-0022.flac,199600,
7961,train-clean-360/1509/143477/1509-143477-0029.flac,199600,
7962,train-clean-360/1445/139397/1445-139397-0003.flac,199600,
7963,train-clean-360/1668/136271/1668-136271-0033.flac,199600,
7964,train-clean-360/1383/130532/1383-130532-0030.flac,199520,
7965,train-clean-360/1649/150127/1649-150127-0020.flac,199520,
7966,train-clean-360/166/122789/166-122789-0006.flac,199520,
7967,train-clean-360/1383/130533/1383-130533-0021.flac,199520,
7968,train-clean-360/1641/130504/1641-130504-0012.flac,199520,
7969,train-clean-360/1226/141268/1226-141268-0038.flac,199520,
7970,train-clean-360/1535/141642/1535-141642-0013.flac,199520,
7971,train-clean-360/1335/27593/1335-27593-0009.flac,199440,
7972,train-clean-360/115/122944/115-122944-0024.flac,199440,
7973,train-clean-360/1121/132777/1121-132777-0020.flac,199360,
7974,train-clean-360/14/208/14-208-0007.flac,199360,
7975,train-clean-360/114/129317/114-129317-0032.flac,199360,
7976,train-clean-360/1311/134170/1311-134170-0037.flac,199360,
7977,train-clean-360/1224/121064/1224-121064-0010.flac,199360,
7978,train-clean-360/1322/137589/1322-137589-0018.flac,199280,
7979,train-clean-360/1165/135220/1165-135220-0058.flac,199280,
7980,train-clean-360/1571/141320/1571-141320-0000.flac,199280,
7981,train-clean-360/1066/103481/1066-103481-0000.flac,199200,
7982,train-clean-360/1446/122614/1446-122614-0025.flac,199200,
7983,train-clean-360/1264/135033/1264-135033-0007.flac,199200,
7984,train-clean-360/166/352/166-352-0037.flac,199200,
7985,train-clean-360/1060/134451/1060-134451-0088.flac,199200,
7986,train-clean-360/1160/139730/1160-139730-0009.flac,199040,
7987,train-clean-360/1058/131113/1058-131113-0001.flac,199040,
7988,train-clean-360/1322/137588/1322-137588-0043.flac,199040,
7989,train-clean-360/1472/285314/1472-285314-0029.flac,198960,
7990,train-clean-360/1448/135894/1448-135894-0039.flac,198960,
7991,train-clean-360/1226/141279/1226-141279-0008.flac,198960,
7992,train-clean-360/1536/138488/1536-138488-0003.flac,198960,
7993,train-clean-360/1387/130989/1387-130989-0032.flac,198960,
7994,train-clean-360/1552/141135/1552-141135-0016.flac,198960,
7995,train-clean-360/1053/132821/1053-132821-0008.flac,198880,
7996,train-clean-360/1241/121106/1241-121106-0000.flac,198880,
7997,train-clean-360/1027/125140/1027-125140-0039.flac,198880,
7998,train-clean-360/1456/130545/1456-130545-0003.flac,198880,
7999,train-clean-360/1028/133395/1028-133395-0014.flac,198800,
8000,train-clean-360/1552/141135/1552-141135-0013.flac,198800,
8001,train-clean-360/1289/288043/1289-288043-0009.flac,198800,
8002,train-clean-360/1649/150127/1649-150127-0024.flac,198800,
8003,train-clean-360/1046/133224/1046-133224-0012.flac,198800,
8004,train-clean-360/1509/143477/1509-143477-0032.flac,198800,
8005,train-clean-360/1463/134465/1463-134465-0024.flac,198800,
8006,train-clean-360/1641/130503/1641-130503-0016.flac,198720,
8007,train-clean-360/1311/134176/1311-134176-0004.flac,198720,
8008,train-clean-360/1160/139717/1160-139717-0028.flac,198720,
8009,train-clean-360/17/362/17-362-0001.flac,198720,
8010,train-clean-360/1634/141571/1634-141571-0020.flac,198640,
8011,train-clean-360/1446/122614/1446-122614-0049.flac,198640,
8012,train-clean-360/1571/138486/1571-138486-0017.flac,198640,
8013,train-clean-360/1093/132891/1093-132891-0099.flac,198640,
8014,train-clean-360/1289/288044/1289-288044-0045.flac,198560,
8015,train-clean-360/1379/130486/1379-130486-0021.flac,198560,
8016,train-clean-360/166/352/166-352-0044.flac,198560,
8017,train-clean-360/1513/140222/1513-140222-0077.flac,198560,
8018,train-clean-360/1265/135636/1265-135636-0020.flac,198560,
8019,train-clean-360/1112/1043/1112-1043-0001.flac,198560,
8020,train-clean-360/1018/135221/1018-135221-0016.flac,198480,
8021,train-clean-360/1365/134830/1365-134830-0005.flac,198480,
8022,train-clean-360/1638/84448/1638-84448-0030.flac,198480,
8023,train-clean-360/1473/135657/1473-135657-0004.flac,198480,
8024,train-clean-360/1382/130548/1382-130548-0011.flac,198480,
8025,train-clean-360/1365/134804/1365-134804-0030.flac,198480,
8026,train-clean-360/1607/134636/1607-134636-0031.flac,198480,
8027,train-clean-360/1456/130553/1456-130553-0007.flac,198400,
8028,train-clean-360/1050/134120/1050-134120-0014.flac,198400,
8029,train-clean-360/1160/139717/1160-139717-0002.flac,198400,
8030,train-clean-360/1264/135033/1264-135033-0041.flac,198400,
8031,train-clean-360/1052/132776/1052-132776-0006.flac,198400,
8032,train-clean-360/1446/122614/1446-122614-0080.flac,198320,
8033,train-clean-360/1556/143307/1556-143307-0052.flac,198320,
8034,train-clean-360/1413/121799/1413-121799-0107.flac,198320,
8035,train-clean-360/1463/134463/1463-134463-0009.flac,198320,
8036,train-clean-360/1316/132800/1316-132800-0052.flac,198320,
8037,train-clean-360/1556/143307/1556-143307-0004.flac,198320,
8038,train-clean-360/1509/145742/1509-145742-0000.flac,198320,
8039,train-clean-360/16/122828/16-122828-0041.flac,198240,
8040,train-clean-360/1379/130530/1379-130530-0032.flac,198240,
8041,train-clean-360/1387/130993/1387-130993-0007.flac,198240,
8042,train-clean-360/1335/160602/1335-160602-0007.flac,198240,
8043,train-clean-360/1641/130505/1641-130505-0011.flac,198240,
8044,train-clean-360/1460/138289/1460-138289-0037.flac,198240,
8045,train-clean-360/1046/133224/1046-133224-0024.flac,198160,
8046,train-clean-360/1509/143477/1509-143477-0058.flac,198160,
8047,train-clean-360/1390/130494/1390-130494-0027.flac,198160,
8048,train-clean-360/1323/138617/1323-138617-0000.flac,198160,
8049,train-clean-360/1271/128145/1271-128145-0012.flac,198080,
8050,train-clean-360/1571/138486/1571-138486-0033.flac,198080,
8051,train-clean-360/1050/134120/1050-134120-0031.flac,198000,
8052,train-clean-360/1121/132777/1121-132777-0003.flac,198000,
8053,train-clean-360/1066/103481/1066-103481-0023.flac,198000,
8054,train-clean-360/1417/1539/1417-1539-0020.flac,198000,
8055,train-clean-360/1390/130495/1390-130495-0002.flac,198000,
8056,train-clean-360/1445/139404/1445-139404-0005.flac,198000,
8057,train-clean-360/1001/134707/1001-134707-0029.flac,198000,
8058,train-clean-360/1050/134120/1050-134120-0017.flac,197920,
8059,train-clean-360/1061/142358/1061-142358-0016.flac,197920,
8060,train-clean-360/1316/132800/1316-132800-0043.flac,197920,
8061,train-clean-360/1175/126220/1175-126220-0062.flac,197920,
8062,train-clean-360/1460/138290/1460-138290-0019.flac,197920,
8063,train-clean-360/1379/130529/1379-130529-0005.flac,197920,
8064,train-clean-360/1498/140041/1498-140041-0010.flac,197840,
8065,train-clean-360/1387/134991/1387-134991-0027.flac,197840,
8066,train-clean-360/1028/133395/1028-133395-0009.flac,197840,
8067,train-clean-360/1322/137588/1322-137588-0036.flac,197840,
8068,train-clean-360/1379/130517/1379-130517-0016.flac,197760,
8069,train-clean-360/1160/139730/1160-139730-0011.flac,197760,
8070,train-clean-360/1175/126220/1175-126220-0025.flac,197760,
8071,train-clean-360/159/135897/159-135897-0063.flac,197760,
8072,train-clean-360/1335/163935/1335-163935-0013.flac,197680,
8073,train-clean-360/1473/135657/1473-135657-0007.flac,197680,
8074,train-clean-360/1379/130517/1379-130517-0017.flac,197600,
8075,train-clean-360/1649/68762/1649-68762-0027.flac,197600,
8076,train-clean-360/1283/129808/1283-129808-0005.flac,197600,
8077,train-clean-360/1379/130517/1379-130517-0008.flac,197600,
8078,train-clean-360/1343/158796/1343-158796-0023.flac,197600,
8079,train-clean-360/1175/126221/1175-126221-0034.flac,197600,
8080,train-clean-360/157/121899/157-121899-0005.flac,197600,
8081,train-clean-360/1456/139733/1456-139733-0011.flac,197520,
8082,train-clean-360/1311/134170/1311-134170-0005.flac,197520,
8083,train-clean-360/1265/135636/1265-135636-0015.flac,197520,
8084,train-clean-360/154/124002/154-124002-0003.flac,197520,
8085,train-clean-360/1649/150127/1649-150127-0029.flac,197520,
8086,train-clean-360/1556/139350/1556-139350-0005.flac,197520,
8087,train-clean-360/1264/129805/1264-129805-0046.flac,197520,
8088,train-clean-360/1639/133290/1639-133290-0023.flac,197520,
8089,train-clean-360/166/126302/166-126302-0006.flac,197520,
8090,train-clean-360/122/121730/122-121730-0027.flac,197440,
8091,train-clean-360/1456/130545/1456-130545-0019.flac,197440,
8092,train-clean-360/1175/126221/1175-126221-0038.flac,197360,
8093,train-clean-360/1668/136271/1668-136271-0043.flac,197360,
8094,train-clean-360/1639/133290/1639-133290-0020.flac,197360,
8095,train-clean-360/1509/145742/1509-145742-0017.flac,197360,
8096,train-clean-360/1383/130533/1383-130533-0010.flac,197280,
8097,train-clean-360/1012/133424/1012-133424-0069.flac,197280,
8098,train-clean-360/1175/126220/1175-126220-0064.flac,197280,
8099,train-clean-360/1175/126221/1175-126221-0019.flac,197280,
8100,train-clean-360/1050/134119/1050-134119-0000.flac,197280,
8101,train-clean-360/1066/5330/1066-5330-0029.flac,197280,
8102,train-clean-360/1112/128138/1112-128138-0021.flac,197200,
8103,train-clean-360/1535/141644/1535-141644-0011.flac,197200,
8104,train-clean-360/1018/133447/1018-133447-0015.flac,197120,
8105,train-clean-360/1093/132891/1093-132891-0093.flac,197120,
8106,train-clean-360/1498/140041/1498-140041-0039.flac,197120,
8107,train-clean-360/1165/135216/1165-135216-0044.flac,197120,
8108,train-clean-360/1448/135894/1448-135894-0096.flac,197120,
8109,train-clean-360/1290/135762/1290-135762-0024.flac,197120,
8110,train-clean-360/1513/140222/1513-140222-0022.flac,197040,
8111,train-clean-360/1054/143005/1054-143005-0025.flac,197040,
8112,train-clean-360/115/122944/115-122944-0018.flac,197040,
8113,train-clean-360/1226/141279/1226-141279-0029.flac,197040,
8114,train-clean-360/1413/121799/1413-121799-0058.flac,197040,
8115,train-clean-360/1296/138074/1296-138074-0021.flac,196960,
8116,train-clean-360/1401/174511/1401-174511-0015.flac,196960,
8117,train-clean-360/1052/139307/1052-139307-0039.flac,196960,
8118,train-clean-360/1607/149245/1607-149245-0022.flac,196960,
8119,train-clean-360/1058/131113/1058-131113-0054.flac,196960,
8120,train-clean-360/1222/133834/1222-133834-0013.flac,196960,
8121,train-clean-360/1639/132848/1639-132848-0010.flac,196880,
8122,train-clean-360/1289/288044/1289-288044-0050.flac,196880,
8123,train-clean-360/114/129317/114-129317-0044.flac,196880,
8124,train-clean-360/1487/133273/1487-133273-0018.flac,196880,
8125,train-clean-360/1224/121064/1224-121064-0107.flac,196801,
8126,train-clean-360/1222/141174/1222-141174-0012.flac,196801,
8127,train-clean-360/1050/134121/1050-134121-0022.flac,196800,
8128,train-clean-360/1463/134465/1463-134465-0027.flac,196800,
8129,train-clean-360/1498/140041/1498-140041-0001.flac,196800,
8130,train-clean-360/1445/139387/1445-139387-0015.flac,196800,
8131,train-clean-360/1513/140221/1513-140221-0016.flac,196800,
8132,train-clean-360/1323/138548/1323-138548-0014.flac,196720,
8133,train-clean-360/1446/122614/1446-122614-0073.flac,196720,
8134,train-clean-360/1322/137588/1322-137588-0007.flac,196720,
8135,train-clean-360/101/126860/101-126860-0045.flac,196720,
8136,train-clean-360/1509/145742/1509-145742-0011.flac,196720,
8137,train-clean-360/1387/134991/1387-134991-0000.flac,196720,
8138,train-clean-360/1224/121064/1224-121064-0023.flac,196640,
8139,train-clean-360/159/121902/159-121902-0015.flac,196640,
8140,train-clean-360/1061/142358/1061-142358-0013.flac,196640,
8141,train-clean-360/14/208/14-208-0008.flac,196640,
8142,train-clean-360/1054/143005/1054-143005-0108.flac,196640,
8143,train-clean-360/1638/84448/1638-84448-0011.flac,196560,
8144,train-clean-360/1401/174511/1401-174511-0010.flac,196560,
8145,train-clean-360/1401/174511/1401-174511-0016.flac,196560,
8146,train-clean-360/1448/135894/1448-135894-0006.flac,196480,
8147,train-clean-360/1638/84447/1638-84447-0016.flac,196480,
8148,train-clean-360/1335/160602/1335-160602-0000.flac,196480,
8149,train-clean-360/1182/134981/1182-134981-0034.flac,196400,
8150,train-clean-360/1093/132891/1093-132891-0043.flac,196400,
8151,train-clean-360/1066/4479/1066-4479-0011.flac,196320,
8152,train-clean-360/1463/134465/1463-134465-0018.flac,196320,
8153,train-clean-360/1241/137614/1241-137614-0020.flac,196320,
8154,train-clean-360/1513/140221/1513-140221-0034.flac,196320,
8155,train-clean-360/1668/136280/1668-136280-0055.flac,196320,
8156,train-clean-360/1547/130184/1547-130184-0021.flac,196320,
8157,train-clean-360/101/126860/101-126860-0024.flac,196320,
8158,train-clean-360/1290/135762/1290-135762-0045.flac,196320,
8159,train-clean-360/1289/288043/1289-288043-0042.flac,196240,
8160,train-clean-360/1222/141174/1222-141174-0020.flac,196240,
8161,train-clean-360/1401/14358/1401-14358-0002.flac,196240,
8162,train-clean-360/1224/121064/1224-121064-0078.flac,196240,
8163,train-clean-360/1382/130548/1382-130548-0014.flac,196240,
8164,train-clean-360/1175/126220/1175-126220-0007.flac,196240,
8165,train-clean-360/1012/133424/1012-133424-0022.flac,196240,
8166,train-clean-360/1509/143477/1509-143477-0000.flac,196240,
8167,train-clean-360/1445/139387/1445-139387-0033.flac,196240,
8168,train-clean-360/1498/140040/1498-140040-0043.flac,196160,
8169,train-clean-360/100/121669/100-121669-0002.flac,196160,
8170,train-clean-360/1383/130532/1383-130532-0002.flac,196160,
8171,train-clean-360/1629/139707/1629-139707-0039.flac,196160,
8172,train-clean-360/1271/136861/1271-136861-0021.flac,196160,
8173,train-clean-360/1226/141270/1226-141270-0006.flac,196160,
8174,train-clean-360/1639/133290/1639-133290-0021.flac,196160,
8175,train-clean-360/115/122944/115-122944-0011.flac,196160,
8176,train-clean-360/101/126860/101-126860-0037.flac,196160,
8177,train-clean-360/16/122828/16-122828-0056.flac,196160,
8178,train-clean-360/1066/4479/1066-4479-0035.flac,196080,
8179,train-clean-360/1066/5330/1066-5330-0014.flac,196000,
8180,train-clean-360/1066/5330/1066-5330-0003.flac,196000,
8181,train-clean-360/1552/140656/1552-140656-0003.flac,195920,
8182,train-clean-360/1182/134981/1182-134981-0020.flac,195920,
8183,train-clean-360/1100/135264/1100-135264-0038.flac,195920,
8184,train-clean-360/1226/141268/1226-141268-0015.flac,195920,
8185,train-clean-360/1638/84447/1638-84447-0035.flac,195840,
8186,train-clean-360/112/121727/112-121727-0000.flac,195840,
8187,train-clean-360/1343/158781/1343-158781-0032.flac,195680,
8188,train-clean-360/1175/126221/1175-126221-0007.flac,195680,
8189,train-clean-360/1649/68762/1649-68762-0014.flac,195680,
8190,train-clean-360/1222/141174/1222-141174-0011.flac,195680,
8191,train-clean-360/166/126302/166-126302-0009.flac,195680,
8192,train-clean-360/1290/135762/1290-135762-0038.flac,195680,
8193,train-clean-360/1473/135657/1473-135657-0011.flac,195600,
8194,train-clean-360/1311/134170/1311-134170-0043.flac,195600,
8195,train-clean-360/1322/137589/1322-137589-0028.flac,195520,
8196,train-clean-360/1335/27593/1335-27593-0033.flac,195520,
8197,train-clean-360/1121/135824/1121-135824-0027.flac,195520,
8198,train-clean-360/1487/133273/1487-133273-0065.flac,195520,
8199,train-clean-360/1046/133224/1046-133224-0046.flac,195440,
8200,train-clean-360/1678/142279/1678-142279-0061.flac,195440,
8201,train-clean-360/1668/136271/1668-136271-0005.flac,195440,
8202,train-clean-360/1649/150127/1649-150127-0010.flac,195440,
8203,train-clean-360/1639/132848/1639-132848-0035.flac,195440,
8204,train-clean-360/1413/121799/1413-121799-0111.flac,195440,
8205,train-clean-360/1482/140071/1482-140071-0024.flac,195439,
8206,train-clean-360/1025/75365/1025-75365-0014.flac,195360,
8207,train-clean-360/114/129317/114-129317-0003.flac,195360,
8208,train-clean-360/1296/134434/1296-134434-0024.flac,195360,
8209,train-clean-360/1175/126221/1175-126221-0037.flac,195360,
8210,train-clean-360/1513/140221/1513-140221-0019.flac,195360,
8211,train-clean-360/159/121891/159-121891-0008.flac,195360,
8212,train-clean-360/1387/134991/1387-134991-0006.flac,195360,
8213,train-clean-360/1160/139717/1160-139717-0001.flac,195360,
8214,train-clean-360/1335/163935/1335-163935-0006.flac,195360,
8215,train-clean-360/159/121891/159-121891-0000.flac,195280,
8216,train-clean-360/1061/152224/1061-152224-0022.flac,195280,
8217,train-clean-360/1552/140651/1552-140651-0019.flac,195280,
8218,train-clean-360/1390/130495/1390-130495-0001.flac,195280,
8219,train-clean-360/1296/138074/1296-138074-0028.flac,195280,
8220,train-clean-360/1472/142848/1472-142848-0011.flac,195200,
8221,train-clean-360/114/129317/114-129317-0000.flac,195200,
8222,train-clean-360/1241/121103/1241-121103-0036.flac,195200,
8223,train-clean-360/119/129514/119-129514-0008.flac,195200,
8224,train-clean-360/1212/185485/1212-185485-0009.flac,195120,
8225,train-clean-360/1028/133395/1028-133395-0022.flac,195120,
8226,train-clean-360/100/121674/100-121674-0001.flac,195040,
8227,train-clean-360/1224/121064/1224-121064-0032.flac,195040,
8228,train-clean-360/1668/136271/1668-136271-0000.flac,195040,
8229,train-clean-360/1028/133393/1028-133393-0005.flac,195040,
8230,train-clean-360/1050/134119/1050-134119-0048.flac,194960,
8231,train-clean-360/1241/121103/1241-121103-0035.flac,194960,
8232,train-clean-360/1556/139350/1556-139350-0002.flac,194960,
8233,train-clean-360/1296/134434/1296-134434-0017.flac,194960,
8234,train-clean-360/1182/134981/1182-134981-0036.flac,194960,
8235,train-clean-360/1448/135894/1448-135894-0062.flac,194960,
8236,train-clean-360/1383/130532/1383-130532-0034.flac,194880,
8237,train-clean-360/1337/10674/1337-10674-0007.flac,194880,
8238,train-clean-360/1629/139710/1629-139710-0004.flac,194880,
8239,train-clean-360/115/121720/115-121720-0019.flac,194880,
8240,train-clean-360/1536/141791/1536-141791-0003.flac,194880,
8241,train-clean-360/1271/133279/1271-133279-0004.flac,194800,
8242,train-clean-360/1031/133220/1031-133220-0068.flac,194800,
8243,train-clean-360/1413/121799/1413-121799-0004.flac,194800,
8244,train-clean-360/122/129752/122-129752-0002.flac,194800,
8245,train-clean-360/1634/141571/1634-141571-0006.flac,194800,
8246,train-clean-360/1425/139290/1425-139290-0033.flac,194800,
8247,train-clean-360/1290/135762/1290-135762-0041.flac,194800,
8248,train-clean-360/126/125084/126-125084-0010.flac,194800,
8249,train-clean-360/1379/130529/1379-130529-0015.flac,194720,
8250,train-clean-360/1668/136280/1668-136280-0039.flac,194720,
8251,train-clean-360/1079/128631/1079-128631-0014.flac,194720,
8252,train-clean-360/1165/135216/1165-135216-0047.flac,194720,
8253,train-clean-360/1343/158796/1343-158796-0028.flac,194720,
8254,train-clean-360/1448/135894/1448-135894-0040.flac,194720,
8255,train-clean-360/1112/1043/1112-1043-0014.flac,194720,
8256,train-clean-360/1264/129805/1264-129805-0039.flac,194720,
8257,train-clean-360/1028/133395/1028-133395-0013.flac,194720,
8258,train-clean-360/1556/143307/1556-143307-0060.flac,194640,
8259,train-clean-360/1195/135814/1195-135814-0003.flac,194640,
8260,train-clean-360/1382/130516/1382-130516-0021.flac,194560,
8261,train-clean-360/1316/132800/1316-132800-0042.flac,194560,
8262,train-clean-360/1336/138115/1336-138115-0034.flac,194560,
8263,train-clean-360/1678/142279/1678-142279-0037.flac,194560,
8264,train-clean-360/1012/133424/1012-133424-0003.flac,194481,
8265,train-clean-360/1336/138113/1336-138113-0042.flac,194480,
8266,train-clean-360/1165/135216/1165-135216-0007.flac,194480,
8267,train-clean-360/100/121669/100-121669-0014.flac,194400,
8268,train-clean-360/1031/133220/1031-133220-0089.flac,194400,
8269,train-clean-360/1668/136271/1668-136271-0044.flac,194400,
8270,train-clean-360/1182/134316/1182-134316-0014.flac,194400,
8271,train-clean-360/1182/134316/1182-134316-0029.flac,194400,
8272,train-clean-360/1382/130548/1382-130548-0013.flac,194320,
8273,train-clean-360/122/129752/122-129752-0025.flac,194320,
8274,train-clean-360/1668/136280/1668-136280-0020.flac,194320,
8275,train-clean-360/1050/134120/1050-134120-0033.flac,194320,
8276,train-clean-360/1668/136280/1668-136280-0036.flac,194240,
8277,train-clean-360/1649/5776/1649-5776-0004.flac,194240,
8278,train-clean-360/1445/139397/1445-139397-0015.flac,194240,
8279,train-clean-360/1226/141279/1226-141279-0015.flac,194160,
8280,train-clean-360/1649/150127/1649-150127-0000.flac,194160,
8281,train-clean-360/1472/285314/1472-285314-0009.flac,194160,
8282,train-clean-360/1259/137770/1259-137770-0034.flac,194160,
8283,train-clean-360/1066/4479/1066-4479-0007.flac,194160,
8284,train-clean-360/1054/143005/1054-143005-0013.flac,194160,
8285,train-clean-360/1336/138113/1336-138113-0043.flac,194160,
8286,train-clean-360/166/352/166-352-0043.flac,194080,
8287,train-clean-360/1060/134451/1060-134451-0055.flac,194080,
8288,train-clean-360/1271/133279/1271-133279-0010.flac,194080,
8289,train-clean-360/1018/135221/1018-135221-0008.flac,194080,
8290,train-clean-360/115/122944/115-122944-0096.flac,194080,
8291,train-clean-360/1607/150715/1607-150715-0005.flac,194080,
8292,train-clean-360/1629/139710/1629-139710-0007.flac,194000,
8293,train-clean-360/1283/129808/1283-129808-0058.flac,194000,
8294,train-clean-360/1182/133396/1182-133396-0035.flac,194000,
8295,train-clean-360/1028/133393/1028-133393-0018.flac,193920,
8296,train-clean-360/166/352/166-352-0011.flac,193840,
8297,train-clean-360/1445/139387/1445-139387-0037.flac,193760,
8298,train-clean-360/1323/138548/1323-138548-0013.flac,193760,
8299,train-clean-360/1052/139307/1052-139307-0038.flac,193760,
8300,train-clean-360/1425/139291/1425-139291-0013.flac,193760,
8301,train-clean-360/1401/14358/1401-14358-0011.flac,193759,
8302,train-clean-360/1050/134120/1050-134120-0004.flac,193680,
8303,train-clean-360/1226/141268/1226-141268-0026.flac,193680,
8304,train-clean-360/1513/140221/1513-140221-0000.flac,193680,
8305,train-clean-360/1290/135762/1290-135762-0077.flac,193680,
8306,train-clean-360/1283/129808/1283-129808-0037.flac,193680,
8307,train-clean-360/1079/128632/1079-128632-0017.flac,193680,
8308,train-clean-360/1348/135826/1348-135826-0017.flac,193600,
8309,train-clean-360/1413/121799/1413-121799-0114.flac,193600,
8310,train-clean-360/1603/140931/1603-140931-0041.flac,193600,
8311,train-clean-360/1629/139710/1629-139710-0031.flac,193600,
8312,train-clean-360/101/126860/101-126860-0042.flac,193600,
8313,train-clean-360/1668/136280/1668-136280-0018.flac,193520,
8314,train-clean-360/1079/128636/1079-128636-0018.flac,193520,
8315,train-clean-360/1536/138488/1536-138488-0009.flac,193520,
8316,train-clean-360/112/123216/112-123216-0005.flac,193520,
8317,train-clean-360/1668/136280/1668-136280-0063.flac,193440,
8318,train-clean-360/17/362/17-362-0004.flac,193440,
8319,train-clean-360/1639/132848/1639-132848-0002.flac,193360,
8320,train-clean-360/1212/185485/1212-185485-0031.flac,193360,
8321,train-clean-360/1323/138617/1323-138617-0040.flac,193360,
8322,train-clean-360/1401/14358/1401-14358-0015.flac,193360,
8323,train-clean-360/1456/130553/1456-130553-0011.flac,193280,
8324,train-clean-360/1271/133279/1271-133279-0028.flac,193201,
8325,train-clean-360/1335/163935/1335-163935-0020.flac,193200,
8326,train-clean-360/1649/5776/1649-5776-0003.flac,193200,
8327,train-clean-360/1066/103481/1066-103481-0018.flac,193200,
8328,train-clean-360/1112/128138/1112-128138-0013.flac,193200,
8329,train-clean-360/1482/140071/1482-140071-0033.flac,193120,
8330,train-clean-360/1335/163935/1335-163935-0017.flac,193120,
8331,train-clean-360/154/124002/154-124002-0014.flac,193120,
8332,train-clean-360/1552/141135/1552-141135-0006.flac,193040,
8333,train-clean-360/114/129324/114-129324-0029.flac,193040,
8334,train-clean-360/1401/174511/1401-174511-0017.flac,193040,
8335,train-clean-360/1498/140040/1498-140040-0010.flac,193040,
8336,train-clean-360/1259/27120/1259-27120-0031.flac,193040,
8337,train-clean-360/1195/135814/1195-135814-0037.flac,192960,
8338,train-clean-360/1316/132800/1316-132800-0021.flac,192960,
8339,train-clean-360/1046/133224/1046-133224-0042.flac,192960,
8340,train-clean-360/1337/10674/1337-10674-0005.flac,192960,
8341,train-clean-360/1456/130544/1456-130544-0022.flac,192960,
8342,train-clean-360/1472/285314/1472-285314-0040.flac,192880,
8343,train-clean-360/1296/134434/1296-134434-0001.flac,192880,
8344,train-clean-360/1547/130184/1547-130184-0043.flac,192880,
8345,train-clean-360/1336/138115/1336-138115-0004.flac,192880,
8346,train-clean-360/1456/136846/1456-136846-0009.flac,192800,
8347,train-clean-360/1383/130532/1383-130532-0007.flac,192800,
8348,train-clean-360/1160/139717/1160-139717-0006.flac,192800,
8349,train-clean-360/1336/138115/1336-138115-0020.flac,192720,
8350,train-clean-360/1175/126221/1175-126221-0011.flac,192720,
8351,train-clean-360/1283/136983/1283-136983-0038.flac,192640,
8352,train-clean-360/1456/139733/1456-139733-0010.flac,192640,
8353,train-clean-360/114/129324/114-129324-0030.flac,192640,
8354,train-clean-360/1446/122614/1446-122614-0075.flac,192640,
8355,train-clean-360/1061/142358/1061-142358-0015.flac,192560,
8356,train-clean-360/1536/141791/1536-141791-0018.flac,192560,
8357,train-clean-360/1226/141268/1226-141268-0037.flac,192560,
8358,train-clean-360/1054/143005/1054-143005-0015.flac,192560,
8359,train-clean-360/1027/125147/1027-125147-0013.flac,192480,
8360,train-clean-360/1472/142848/1472-142848-0007.flac,192400,
8361,train-clean-360/1224/121064/1224-121064-0096.flac,192400,
8362,train-clean-360/154/123998/154-123998-0000.flac,192400,
8363,train-clean-360/1392/128240/1392-128240-0021.flac,192400,
8364,train-clean-360/14/208/14-208-0041.flac,192400,
8365,train-clean-360/1535/141642/1535-141642-0005.flac,192320,
8366,train-clean-360/1054/143005/1054-143005-0020.flac,192320,
8367,train-clean-360/1536/138488/1536-138488-0032.flac,192240,
8368,train-clean-360/1290/135762/1290-135762-0037.flac,192240,
8369,train-clean-360/1638/84447/1638-84447-0012.flac,192240,
8370,train-clean-360/1509/145699/1509-145699-0017.flac,192240,
8371,train-clean-360/1031/133220/1031-133220-0074.flac,192240,
8372,train-clean-360/1050/134119/1050-134119-0011.flac,192240,
8373,train-clean-360/1571/138486/1571-138486-0000.flac,192161,
8374,train-clean-360/166/352/166-352-0033.flac,192160,
8375,train-clean-360/1445/139387/1445-139387-0003.flac,192160,
8376,train-clean-360/1629/139707/1629-139707-0027.flac,192080,
8377,train-clean-360/1052/139307/1052-139307-0008.flac,192080,
8378,train-clean-360/1413/121799/1413-121799-0049.flac,192080,
8379,train-clean-360/1456/130544/1456-130544-0006.flac,192000,
8380,train-clean-360/1649/5776/1649-5776-0019.flac,192000,
8381,train-clean-360/1018/133447/1018-133447-0040.flac,191920,
8382,train-clean-360/1079/128633/1079-128633-0000.flac,191920,
8383,train-clean-360/114/129324/114-129324-0004.flac,191920,
8384,train-clean-360/1473/135657/1473-135657-0073.flac,191920,
8385,train-clean-360/16/122827/16-122827-0025.flac,191840,
8386,train-clean-360/1417/1532/1417-1532-0028.flac,191840,
8387,train-clean-360/1028/133393/1028-133393-0037.flac,191760,
8388,train-clean-360/126/122467/126-122467-0025.flac,191760,
8389,train-clean-360/1222/141174/1222-141174-0036.flac,191680,
8390,train-clean-360/1112/1043/1112-1043-0018.flac,191680,
8391,train-clean-360/1365/134830/1365-134830-0015.flac,191680,
8392,train-clean-360/1638/84448/1638-84448-0031.flac,191600,
8393,train-clean-360/1050/134121/1050-134121-0002.flac,191600,
8394,train-clean-360/1639/132848/1639-132848-0029.flac,191600,
8395,train-clean-360/1422/146123/1422-146123-0011.flac,191520,
8396,train-clean-360/112/123216/112-123216-0011.flac,191520,
8397,train-clean-360/1212/185485/1212-185485-0011.flac,191520,
8398,train-clean-360/1031/133220/1031-133220-0096.flac,191520,
8399,train-clean-360/1535/141642/1535-141642-0030.flac,191520,
8400,train-clean-360/1283/136983/1283-136983-0004.flac,191440,
8401,train-clean-360/1195/130164/1195-130164-0033.flac,191440,
8402,train-clean-360/1265/135635/1265-135635-0028.flac,191360,
8403,train-clean-360/1379/130486/1379-130486-0009.flac,191360,
8404,train-clean-360/115/122944/115-122944-0073.flac,191360,
8405,train-clean-360/16/122828/16-122828-0013.flac,191280,
8406,train-clean-360/1392/135659/1392-135659-0008.flac,191280,
8407,train-clean-360/1289/288044/1289-288044-0057.flac,191280,
8408,train-clean-360/1649/5776/1649-5776-0001.flac,191280,
8409,train-clean-360/1365/134830/1365-134830-0008.flac,191280,
8410,train-clean-360/1195/130164/1195-130164-0027.flac,191280,
8411,train-clean-360/1498/140041/1498-140041-0033.flac,191280,
8412,train-clean-360/1446/122614/1446-122614-0020.flac,191280,
8413,train-clean-360/1058/131113/1058-131113-0017.flac,191280,
8414,train-clean-360/1509/145699/1509-145699-0013.flac,191200,
8415,train-clean-360/1012/133424/1012-133424-0028.flac,191200,
8416,train-clean-360/1323/138548/1323-138548-0042.flac,191200,
8417,train-clean-360/114/129317/114-129317-0027.flac,191200,
8418,train-clean-360/112/121727/112-121727-0003.flac,191120,
8419,train-clean-360/1271/133279/1271-133279-0030.flac,191120,
8420,train-clean-360/1413/121799/1413-121799-0040.flac,191040,
8421,train-clean-360/1379/130517/1379-130517-0010.flac,191040,
8422,train-clean-360/1383/130532/1383-130532-0014.flac,191040,
8423,train-clean-360/17/362/17-362-0021.flac,191040,
8424,train-clean-360/1031/133220/1031-133220-0052.flac,191039,
8425,train-clean-360/115/121720/115-121720-0003.flac,190960,
8426,train-clean-360/1066/5330/1066-5330-0020.flac,190960,
8427,train-clean-360/1337/10674/1337-10674-0003.flac,190960,
8428,train-clean-360/1031/133220/1031-133220-0040.flac,190960,
8429,train-clean-360/1379/130486/1379-130486-0018.flac,190880,
8430,train-clean-360/1290/135762/1290-135762-0093.flac,190880,
8431,train-clean-360/1311/134176/1311-134176-0017.flac,190880,
8432,train-clean-360/1472/139797/1472-139797-0018.flac,190880,
8433,train-clean-360/1222/141174/1222-141174-0030.flac,190880,
8434,train-clean-360/1271/136861/1271-136861-0031.flac,190880,
8435,train-clean-360/1379/130486/1379-130486-0015.flac,190880,
8436,train-clean-360/166/122789/166-122789-0004.flac,190880,
8437,train-clean-360/154/123998/154-123998-0003.flac,190800,
8438,train-clean-360/1018/133447/1018-133447-0026.flac,190800,
8439,train-clean-360/166/352/166-352-0004.flac,190800,
8440,train-clean-360/126/122467/126-122467-0068.flac,190800,
8441,train-clean-360/114/129317/114-129317-0008.flac,190800,
8442,train-clean-360/1383/130533/1383-130533-0030.flac,190720,
8443,train-clean-360/1349/135891/1349-135891-0030.flac,190720,
8444,train-clean-360/1634/141571/1634-141571-0049.flac,190720,
8445,train-clean-360/1316/132800/1316-132800-0044.flac,190720,
8446,train-clean-360/1283/136983/1283-136983-0040.flac,190720,
8447,train-clean-360/100/122655/100-122655-0026.flac,190720,
8448,train-clean-360/1028/133395/1028-133395-0003.flac,190720,
8449,train-clean-360/126/122467/126-122467-0031.flac,190640,
8450,train-clean-360/1289/288043/1289-288043-0050.flac,190640,
8451,train-clean-360/1417/1539/1417-1539-0009.flac,190640,
8452,train-clean-360/1513/140221/1513-140221-0006.flac,190640,
8453,train-clean-360/16/122827/16-122827-0030.flac,190560,
8454,train-clean-360/1322/137588/1322-137588-0046.flac,190560,
8455,train-clean-360/157/121899/157-121899-0011.flac,190560,
8456,train-clean-360/1445/139397/1445-139397-0020.flac,190560,
8457,train-clean-360/1634/141571/1634-141571-0039.flac,190560,
8458,train-clean-360/1641/130503/1641-130503-0018.flac,190560,
8459,train-clean-360/1634/141571/1634-141571-0001.flac,190560,
8460,train-clean-360/1195/135814/1195-135814-0026.flac,190480,
8461,train-clean-360/1259/72927/1259-72927-0033.flac,190480,
8462,train-clean-360/1603/141713/1603-141713-0015.flac,190480,
8463,train-clean-360/14/212/14-212-0045.flac,190480,
8464,train-clean-360/1417/1536/1417-1536-0014.flac,190480,
8465,train-clean-360/1460/138290/1460-138290-0045.flac,190480,
8466,train-clean-360/1175/126221/1175-126221-0005.flac,190400,
8467,train-clean-360/1487/133273/1487-133273-0058.flac,190400,
8468,train-clean-360/1365/134804/1365-134804-0005.flac,190400,
8469,train-clean-360/1222/141174/1222-141174-0001.flac,190400,
8470,train-clean-360/1182/133396/1182-133396-0027.flac,190400,
8471,train-clean-360/1323/138617/1323-138617-0026.flac,190320,
8472,train-clean-360/1265/135635/1265-135635-0046.flac,190320,
8473,train-clean-360/1536/137608/1536-137608-0003.flac,190320,
8474,train-clean-360/1668/136271/1668-136271-0007.flac,190320,
8475,train-clean-360/159/121902/159-121902-0020.flac,190240,
8476,train-clean-360/1336/138113/1336-138113-0002.flac,190160,
8477,train-clean-360/1093/132891/1093-132891-0076.flac,190160,
8478,train-clean-360/1165/135220/1165-135220-0041.flac,190160,
8479,train-clean-360/1018/133447/1018-133447-0018.flac,190160,
8480,train-clean-360/126/122467/126-122467-0023.flac,190080,
8481,train-clean-360/1241/121103/1241-121103-0025.flac,190080,
8482,train-clean-360/1446/122614/1446-122614-0089.flac,190080,
8483,train-clean-360/1322/137589/1322-137589-0053.flac,190080,
8484,train-clean-360/1066/103481/1066-103481-0028.flac,190080,
8485,train-clean-360/1313/135020/1313-135020-0016.flac,190000,
8486,train-clean-360/1001/134708/1001-134708-0009.flac,190000,
8487,train-clean-360/1536/141791/1536-141791-0029.flac,190000,
8488,train-clean-360/1641/130503/1641-130503-0021.flac,189920,
8489,train-clean-360/126/122467/126-122467-0072.flac,189920,
8490,train-clean-360/1678/142279/1678-142279-0005.flac,189920,
8491,train-clean-360/1668/136280/1668-136280-0059.flac,189840,
8492,train-clean-360/1241/137614/1241-137614-0040.flac,189840,
8493,train-clean-360/1335/27593/1335-27593-0030.flac,189760,
8494,train-clean-360/1482/140072/1482-140072-0019.flac,189760,
8495,train-clean-360/1513/140222/1513-140222-0004.flac,189760,
8496,train-clean-360/1224/121064/1224-121064-0026.flac,189760,
8497,train-clean-360/157/121899/157-121899-0006.flac,189760,
8498,train-clean-360/1547/130184/1547-130184-0059.flac,189680,
8499,train-clean-360/1607/150715/1607-150715-0020.flac,189680,
8500,train-clean-360/1226/141279/1226-141279-0001.flac,189680,
8501,train-clean-360/1195/37134/1195-37134-0002.flac,189680,
8502,train-clean-360/1668/136271/1668-136271-0020.flac,189680,
8503,train-clean-360/1264/129805/1264-129805-0065.flac,189600,
8504,train-clean-360/114/129317/114-129317-0019.flac,189600,
8505,train-clean-360/1058/131113/1058-131113-0028.flac,189520,
8506,train-clean-360/1001/134708/1001-134708-0035.flac,189520,
8507,train-clean-360/1422/146111/1422-146111-0014.flac,189520,
8508,train-clean-360/1112/128138/1112-128138-0017.flac,189520,
8509,train-clean-360/1668/136271/1668-136271-0015.flac,189440,
8510,train-clean-360/1401/146770/1401-146770-0033.flac,189440,
8511,train-clean-360/1413/121799/1413-121799-0008.flac,189440,
8512,train-clean-360/1165/135220/1165-135220-0029.flac,189440,
8513,train-clean-360/1046/133225/1046-133225-0055.flac,189360,
8514,train-clean-360/1313/135020/1313-135020-0005.flac,189360,
8515,train-clean-360/1401/14358/1401-14358-0003.flac,189280,
8516,train-clean-360/1322/137589/1322-137589-0032.flac,189280,
8517,train-clean-360/16/122828/16-122828-0047.flac,189280,
8518,train-clean-360/1322/137589/1322-137589-0029.flac,189280,
8519,train-clean-360/1027/125147/1027-125147-0018.flac,189280,
8520,train-clean-360/1226/141268/1226-141268-0045.flac,189280,
8521,train-clean-360/1379/130486/1379-130486-0003.flac,189280,
8522,train-clean-360/1629/139710/1629-139710-0034.flac,189200,
8523,train-clean-360/1121/135824/1121-135824-0009.flac,189200,
8524,train-clean-360/1379/130530/1379-130530-0038.flac,189120,
8525,train-clean-360/1607/149245/1607-149245-0031.flac,189120,
8526,train-clean-360/1226/141268/1226-141268-0018.flac,189120,
8527,train-clean-360/1571/141320/1571-141320-0036.flac,189040,
8528,train-clean-360/1401/14358/1401-14358-0004.flac,189040,
8529,train-clean-360/1058/133263/1058-133263-0035.flac,189040,
8530,train-clean-360/1290/135762/1290-135762-0020.flac,189040,
8531,train-clean-360/1241/137614/1241-137614-0027.flac,189040,
8532,train-clean-360/1271/128145/1271-128145-0004.flac,188960,
8533,train-clean-360/1552/140651/1552-140651-0043.flac,188880,
8534,train-clean-360/100/121674/100-121674-0040.flac,188880,
8535,train-clean-360/1290/135762/1290-135762-0064.flac,188880,
8536,train-clean-360/100/122655/100-122655-0040.flac,188880,
8537,train-clean-360/1182/134316/1182-134316-0028.flac,188800,
8538,train-clean-360/1463/134463/1463-134463-0016.flac,188800,
8539,train-clean-360/1241/137614/1241-137614-0012.flac,188800,
8540,train-clean-360/1536/138488/1536-138488-0012.flac,188800,
8541,train-clean-360/1571/138486/1571-138486-0006.flac,188800,
8542,train-clean-360/1121/176698/1121-176698-0029.flac,188800,
8543,train-clean-360/115/122944/115-122944-0006.flac,188800,
8544,train-clean-360/1182/133396/1182-133396-0031.flac,188720,
8545,train-clean-360/1018/133447/1018-133447-0056.flac,188720,
8546,train-clean-360/1336/138113/1336-138113-0011.flac,188640,
8547,train-clean-360/166/352/166-352-0040.flac,188640,
8548,train-clean-360/1271/136861/1271-136861-0004.flac,188640,
8549,train-clean-360/1379/130530/1379-130530-0036.flac,188640,
8550,train-clean-360/1079/128632/1079-128632-0014.flac,188640,
8551,train-clean-360/1556/143307/1556-143307-0029.flac,188560,
8552,train-clean-360/1383/130489/1383-130489-0014.flac,188560,
8553,train-clean-360/1487/133273/1487-133273-0010.flac,188560,
8554,train-clean-360/1289/288044/1289-288044-0015.flac,188480,
8555,train-clean-360/1392/128226/1392-128226-0011.flac,188480,
8556,train-clean-360/1639/133290/1639-133290-0062.flac,188480,
8557,train-clean-360/1379/130530/1379-130530-0022.flac,188480,
8558,train-clean-360/1001/134708/1001-134708-0011.flac,188480,
8559,train-clean-360/1322/137589/1322-137589-0009.flac,188480,
8560,train-clean-360/1649/5776/1649-5776-0008.flac,188400,
8561,train-clean-360/1058/133263/1058-133263-0024.flac,188400,
8562,train-clean-360/114/129324/114-129324-0052.flac,188320,
8563,train-clean-360/1379/130530/1379-130530-0031.flac,188320,
8564,train-clean-360/1025/75365/1025-75365-0016.flac,188320,
8565,train-clean-360/1165/135220/1165-135220-0020.flac,188240,
8566,train-clean-360/1027/125140/1027-125140-0061.flac,188240,
8567,train-clean-360/154/293987/154-293987-0005.flac,188240,
8568,train-clean-360/1349/135891/1349-135891-0022.flac,188240,
8569,train-clean-360/1313/135020/1313-135020-0019.flac,188240,
8570,train-clean-360/1422/146111/1422-146111-0026.flac,188240,
8571,train-clean-360/1487/133273/1487-133273-0094.flac,188160,
8572,train-clean-360/1093/132891/1093-132891-0078.flac,188080,
8573,train-clean-360/1379/130530/1379-130530-0010.flac,188000,
8574,train-clean-360/14/208/14-208-0046.flac,188000,
8575,train-clean-360/1607/150715/1607-150715-0034.flac,188000,
8576,train-clean-360/1093/132891/1093-132891-0109.flac,187920,
8577,train-clean-360/1629/139707/1629-139707-0031.flac,187920,
8578,train-clean-360/1226/141268/1226-141268-0025.flac,187920,
8579,train-clean-360/1634/141571/1634-141571-0060.flac,187920,
8580,train-clean-360/1463/134463/1463-134463-0002.flac,187920,
8581,train-clean-360/1535/141642/1535-141642-0012.flac,187840,
8582,train-clean-360/17/362/17-362-0017.flac,187840,
8583,train-clean-360/1195/130164/1195-130164-0041.flac,187840,
8584,train-clean-360/1336/138115/1336-138115-0031.flac,187840,
8585,train-clean-360/1025/75365/1025-75365-0005.flac,187840,
8586,train-clean-360/1678/142279/1678-142279-0025.flac,187840,
8587,train-clean-360/1556/139350/1556-139350-0013.flac,187760,
8588,train-clean-360/1226/141268/1226-141268-0008.flac,187760,
8589,train-clean-360/1316/132782/1316-132782-0003.flac,187760,
8590,train-clean-360/115/121720/115-121720-0021.flac,187760,
8591,train-clean-360/1448/135894/1448-135894-0004.flac,187760,
8592,train-clean-360/1050/134119/1050-134119-0044.flac,187760,
8593,train-clean-360/115/121720/115-121720-0023.flac,187680,
8594,train-clean-360/1678/142279/1678-142279-0044.flac,187680,
8595,train-clean-360/1195/135814/1195-135814-0027.flac,187680,
8596,train-clean-360/1413/121799/1413-121799-0122.flac,187680,
8597,train-clean-360/1348/135832/1348-135832-0036.flac,187600,
8598,train-clean-360/1413/121799/1413-121799-0032.flac,187600,
8599,train-clean-360/1265/135635/1265-135635-0023.flac,187600,
8600,train-clean-360/1112/128138/1112-128138-0015.flac,187600,
8601,train-clean-360/1112/128136/1112-128136-0015.flac,187599,
8602,train-clean-360/1552/141135/1552-141135-0032.flac,187520,
8603,train-clean-360/1289/288043/1289-288043-0024.flac,187520,
8604,train-clean-360/1487/133273/1487-133273-0078.flac,187520,
8605,train-clean-360/1473/135657/1473-135657-0009.flac,187440,
8606,train-clean-360/1536/138488/1536-138488-0002.flac,187440,
8607,train-clean-360/1001/134707/1001-134707-0008.flac,187440,
8608,train-clean-360/1536/141791/1536-141791-0016.flac,187360,
8609,train-clean-360/1401/14358/1401-14358-0021.flac,187280,
8610,train-clean-360/1446/122614/1446-122614-0067.flac,187280,
8611,train-clean-360/101/126859/101-126859-0027.flac,187280,
8612,train-clean-360/1639/133290/1639-133290-0017.flac,187200,
8613,train-clean-360/1472/139797/1472-139797-0016.flac,187200,
8614,train-clean-360/1348/135832/1348-135832-0011.flac,187200,
8615,train-clean-360/1348/135826/1348-135826-0040.flac,187120,
8616,train-clean-360/1066/4479/1066-4479-0021.flac,187120,
8617,train-clean-360/1226/141270/1226-141270-0005.flac,187040,
8618,train-clean-360/1175/126220/1175-126220-0028.flac,187040,
8619,train-clean-360/1556/139350/1556-139350-0001.flac,187040,
8620,train-clean-360/1027/125147/1027-125147-0007.flac,186960,
8621,train-clean-360/1603/139324/1603-139324-0007.flac,186960,
8622,train-clean-360/1224/121064/1224-121064-0016.flac,186960,
8623,train-clean-360/1265/135635/1265-135635-0001.flac,186880,
8624,train-clean-360/1175/126220/1175-126220-0050.flac,186880,
8625,train-clean-360/1066/4479/1066-4479-0020.flac,186880,
8626,train-clean-360/115/121896/115-121896-0015.flac,186880,
8627,train-clean-360/1413/121799/1413-121799-0031.flac,186880,
8628,train-clean-360/1060/134451/1060-134451-0050.flac,186800,
8629,train-clean-360/1323/138617/1323-138617-0009.flac,186800,
8630,train-clean-360/112/123215/112-123215-0024.flac,186800,
8631,train-clean-360/1100/135264/1100-135264-0026.flac,186800,
8632,train-clean-360/1050/134119/1050-134119-0042.flac,186800,
8633,train-clean-360/159/121891/159-121891-0001.flac,186800,
8634,train-clean-360/1323/138617/1323-138617-0014.flac,186720,
8635,train-clean-360/1413/121799/1413-121799-0070.flac,186720,
8636,train-clean-360/159/135897/159-135897-0008.flac,186720,
8637,train-clean-360/1027/125147/1027-125147-0014.flac,186640,
8638,train-clean-360/1175/126221/1175-126221-0021.flac,186640,
8639,train-clean-360/1460/138289/1460-138289-0042.flac,186640,
8640,train-clean-360/1668/136271/1668-136271-0034.flac,186560,
8641,train-clean-360/1392/135659/1392-135659-0014.flac,186560,
8642,train-clean-360/100/122655/100-122655-0012.flac,186560,
8643,train-clean-360/1160/134674/1160-134674-0002.flac,186560,
8644,train-clean-360/1212/75242/1212-75242-0026.flac,186560,
8645,train-clean-360/1536/138488/1536-138488-0046.flac,186480,
8646,train-clean-360/1100/124547/1100-124547-0008.flac,186480,
8647,train-clean-360/1212/185485/1212-185485-0001.flac,186480,
8648,train-clean-360/1536/138488/1536-138488-0041.flac,186480,
8649,train-clean-360/1535/141642/1535-141642-0003.flac,186400,
8650,train-clean-360/1290/135762/1290-135762-0074.flac,186400,
8651,train-clean-360/1536/138488/1536-138488-0000.flac,186320,
8652,train-clean-360/1473/135657/1473-135657-0070.flac,186320,
8653,train-clean-360/1100/124547/1100-124547-0036.flac,186320,
8654,train-clean-360/100/121669/100-121669-0028.flac,186240,
8655,train-clean-360/1052/132776/1052-132776-0000.flac,186240,
8656,train-clean-360/1165/135216/1165-135216-0001.flac,186240,
8657,train-clean-360/1066/4479/1066-4479-0036.flac,186160,
8658,train-clean-360/1417/1532/1417-1532-0007.flac,186080,
8659,train-clean-360/1668/136271/1668-136271-0024.flac,186080,
8660,train-clean-360/1265/135635/1265-135635-0040.flac,186000,
8661,train-clean-360/1463/134463/1463-134463-0014.flac,186000,
8662,train-clean-360/1046/133225/1046-133225-0057.flac,185920,
8663,train-clean-360/1311/134176/1311-134176-0000.flac,185920,
8664,train-clean-360/1365/134825/1365-134825-0017.flac,185920,
8665,train-clean-360/1509/143477/1509-143477-0026.flac,185840,
8666,train-clean-360/1296/138074/1296-138074-0025.flac,185840,
8667,train-clean-360/1050/134120/1050-134120-0019.flac,185840,
8668,train-clean-360/1634/141571/1634-141571-0017.flac,185760,
8669,train-clean-360/1536/137608/1536-137608-0007.flac,185760,
8670,train-clean-360/1387/134991/1387-134991-0002.flac,185760,
8671,train-clean-360/126/122467/126-122467-0000.flac,185760,
8672,train-clean-360/1638/84448/1638-84448-0007.flac,185680,
8673,train-clean-360/1337/10673/1337-10673-0020.flac,185680,
8674,train-clean-360/1473/135657/1473-135657-0096.flac,185600,
8675,train-clean-360/1401/174511/1401-174511-0024.flac,185600,
8676,train-clean-360/1060/134451/1060-134451-0084.flac,185600,
8677,train-clean-360/1241/121106/1241-121106-0017.flac,185520,
8678,train-clean-360/1638/84447/1638-84447-0029.flac,185520,
8679,train-clean-360/115/122944/115-122944-0097.flac,185520,
8680,train-clean-360/1513/140221/1513-140221-0015.flac,185520,
8681,train-clean-360/1323/138617/1323-138617-0038.flac,185520,
8682,train-clean-360/1513/140221/1513-140221-0031.flac,185520,
8683,train-clean-360/16/122828/16-122828-0051.flac,185440,
8684,train-clean-360/1079/128633/1079-128633-0020.flac,185440,
8685,train-clean-360/166/122789/166-122789-0039.flac,185440,
8686,train-clean-360/1456/130553/1456-130553-0000.flac,185440,
8687,train-clean-360/1311/134176/1311-134176-0003.flac,185440,
8688,train-clean-360/1413/121799/1413-121799-0021.flac,185440,
8689,train-clean-360/1348/135832/1348-135832-0018.flac,185360,
8690,train-clean-360/1678/142279/1678-142279-0009.flac,185360,
8691,train-clean-360/1513/140221/1513-140221-0011.flac,185360,
8692,train-clean-360/1265/135635/1265-135635-0035.flac,185280,
8693,train-clean-360/1018/133447/1018-133447-0038.flac,185280,
8694,train-clean-360/1012/133424/1012-133424-0072.flac,185280,
8695,train-clean-360/1031/133220/1031-133220-0064.flac,185279,
8696,train-clean-360/1482/140072/1482-140072-0034.flac,185200,
8697,train-clean-360/1349/135891/1349-135891-0035.flac,185120,
8698,train-clean-360/1290/135762/1290-135762-0071.flac,185120,
8699,train-clean-360/1054/143005/1054-143005-0019.flac,185120,
8700,train-clean-360/1283/136983/1283-136983-0017.flac,185040,
8701,train-clean-360/1641/130503/1641-130503-0001.flac,184960,
8702,train-clean-360/157/126796/157-126796-0037.flac,184881,
8703,train-clean-360/1649/150127/1649-150127-0006.flac,184880,
8704,train-clean-360/166/126302/166-126302-0000.flac,184880,
8705,train-clean-360/1289/288043/1289-288043-0051.flac,184800,
8706,train-clean-360/1060/134451/1060-134451-0076.flac,184800,
8707,train-clean-360/1337/10674/1337-10674-0002.flac,184800,
8708,train-clean-360/1509/145699/1509-145699-0019.flac,184800,
8709,train-clean-360/100/121674/100-121674-0032.flac,184800,
8710,train-clean-360/1390/130494/1390-130494-0006.flac,184640,
8711,train-clean-360/1547/130184/1547-130184-0046.flac,184640,
8712,train-clean-360/1031/133220/1031-133220-0067.flac,184560,
8713,train-clean-360/1349/135891/1349-135891-0041.flac,184560,
8714,train-clean-360/1536/137608/1536-137608-0023.flac,184560,
8715,train-clean-360/1226/141270/1226-141270-0015.flac,184560,
8716,train-clean-360/1487/133273/1487-133273-0087.flac,184480,
8717,train-clean-360/1165/135220/1165-135220-0055.flac,184480,
8718,train-clean-360/1460/138289/1460-138289-0039.flac,184480,
8719,train-clean-360/1290/135762/1290-135762-0002.flac,184480,
8720,train-clean-360/1460/138289/1460-138289-0043.flac,184400,
8721,train-clean-360/1456/136846/1456-136846-0038.flac,184400,
8722,train-clean-360/1050/134119/1050-134119-0033.flac,184320,
8723,train-clean-360/1283/129808/1283-129808-0038.flac,184320,
8724,train-clean-360/166/352/166-352-0027.flac,184320,
8725,train-clean-360/1639/132848/1639-132848-0037.flac,184240,
8726,train-clean-360/1649/5776/1649-5776-0007.flac,184240,
8727,train-clean-360/1390/130493/1390-130493-0005.flac,184160,
8728,train-clean-360/1052/132776/1052-132776-0022.flac,184160,
8729,train-clean-360/1445/139397/1445-139397-0027.flac,184080,
8730,train-clean-360/1668/136271/1668-136271-0031.flac,184080,
8731,train-clean-360/1607/149245/1607-149245-0023.flac,184080,
8732,train-clean-360/1289/288043/1289-288043-0033.flac,184080,
8733,train-clean-360/1259/27120/1259-27120-0020.flac,184080,
8734,train-clean-360/16/122828/16-122828-0030.flac,184000,
8735,train-clean-360/100/122655/100-122655-0039.flac,184000,
8736,train-clean-360/1649/5776/1649-5776-0029.flac,184000,
8737,train-clean-360/1556/143307/1556-143307-0065.flac,184000,
8738,train-clean-360/1335/27593/1335-27593-0019.flac,184000,
8739,train-clean-360/122/129752/122-129752-0045.flac,183840,
8740,train-clean-360/1271/133279/1271-133279-0024.flac,183840,
8741,train-clean-360/1182/134981/1182-134981-0000.flac,183760,
8742,train-clean-360/1066/5330/1066-5330-0009.flac,183760,
8743,train-clean-360/1283/129808/1283-129808-0029.flac,183760,
8744,train-clean-360/1401/146770/1401-146770-0022.flac,183760,
8745,train-clean-360/1473/135657/1473-135657-0066.flac,183760,
8746,train-clean-360/1175/126221/1175-126221-0020.flac,183760,
8747,train-clean-360/1417/1536/1417-1536-0040.flac,183680,
8748,train-clean-360/1668/136280/1668-136280-0026.flac,183680,
8749,train-clean-360/1316/132800/1316-132800-0012.flac,183680,
8750,train-clean-360/1634/141571/1634-141571-0041.flac,183680,
8751,train-clean-360/122/121730/122-121730-0031.flac,183680,
8752,train-clean-360/1678/142279/1678-142279-0015.flac,183600,
8753,train-clean-360/1556/139350/1556-139350-0008.flac,183600,
8754,train-clean-360/1079/128632/1079-128632-0005.flac,183600,
8755,train-clean-360/1487/133273/1487-133273-0014.flac,183600,
8756,train-clean-360/1337/156963/1337-156963-0019.flac,183520,
8757,train-clean-360/1079/128636/1079-128636-0003.flac,183520,
8758,train-clean-360/1456/130544/1456-130544-0011.flac,183520,
8759,train-clean-360/1413/121799/1413-121799-0130.flac,183441,
8760,train-clean-360/1100/124547/1100-124547-0031.flac,183440,
8761,train-clean-360/1093/132891/1093-132891-0123.flac,183440,
8762,train-clean-360/1460/138290/1460-138290-0065.flac,183440,
8763,train-clean-360/1053/132821/1053-132821-0045.flac,183440,
8764,train-clean-360/17/362/17-362-0013.flac,183360,
8765,train-clean-360/1028/133393/1028-133393-0047.flac,183360,
8766,train-clean-360/14/212/14-212-0041.flac,183360,
8767,train-clean-360/1012/133424/1012-133424-0010.flac,183280,
8768,train-clean-360/1050/134120/1050-134120-0016.flac,183280,
8769,train-clean-360/112/123216/112-123216-0016.flac,183280,
8770,train-clean-360/1536/138488/1536-138488-0005.flac,183280,
8771,train-clean-360/1066/5330/1066-5330-0002.flac,183200,
8772,train-clean-360/1413/121799/1413-121799-0067.flac,183200,
8773,train-clean-360/1028/133395/1028-133395-0025.flac,183200,
8774,train-clean-360/1093/132891/1093-132891-0133.flac,183120,
8775,train-clean-360/1473/135657/1473-135657-0095.flac,183040,
8776,train-clean-360/1536/137608/1536-137608-0002.flac,183040,
8777,train-clean-360/1121/176698/1121-176698-0006.flac,183040,
8778,train-clean-360/1079/128632/1079-128632-0037.flac,183040,
8779,train-clean-360/1509/145699/1509-145699-0020.flac,182960,
8780,train-clean-360/1066/103481/1066-103481-0019.flac,182880,
8781,train-clean-360/1100/124547/1100-124547-0048.flac,182880,
8782,train-clean-360/1456/130553/1456-130553-0020.flac,182880,
8783,train-clean-360/1383/130533/1383-130533-0035.flac,182880,
8784,train-clean-360/1383/130533/1383-130533-0019.flac,182880,
8785,train-clean-360/1093/132891/1093-132891-0063.flac,182880,
8786,train-clean-360/1289/288044/1289-288044-0048.flac,182800,
8787,train-clean-360/1668/136280/1668-136280-0005.flac,182800,
8788,train-clean-360/1413/121799/1413-121799-0082.flac,182720,
8789,train-clean-360/1336/138113/1336-138113-0021.flac,182720,
8790,train-clean-360/1379/130530/1379-130530-0026.flac,182720,
8791,train-clean-360/1629/139707/1629-139707-0023.flac,182720,
8792,train-clean-360/1472/139797/1472-139797-0021.flac,182640,
8793,train-clean-360/1487/133273/1487-133273-0055.flac,182640,
8794,train-clean-360/1259/137770/1259-137770-0033.flac,182560,
8795,train-clean-360/1668/136280/1668-136280-0006.flac,182480,
8796,train-clean-360/154/124003/154-124003-0021.flac,182400,
8797,train-clean-360/126/122467/126-122467-0077.flac,182400,
8798,train-clean-360/1112/128138/1112-128138-0040.flac,182400,
8799,train-clean-360/1289/288044/1289-288044-0056.flac,182320,
8800,train-clean-360/1336/138115/1336-138115-0035.flac,182320,
8801,train-clean-360/1222/141174/1222-141174-0056.flac,182320,
8802,train-clean-360/1513/140221/1513-140221-0032.flac,182240,
8803,train-clean-360/1387/134991/1387-134991-0018.flac,182240,
8804,train-clean-360/1226/141268/1226-141268-0022.flac,182240,
8805,train-clean-360/1054/143005/1054-143005-0018.flac,182240,
8806,train-clean-360/1487/133273/1487-133273-0038.flac,182240,
8807,train-clean-360/1448/135894/1448-135894-0038.flac,182160,
8808,train-clean-360/1638/84448/1638-84448-0056.flac,182160,
8809,train-clean-360/1638/84448/1638-84448-0017.flac,182080,
8810,train-clean-360/1212/75242/1212-75242-0022.flac,182000,
8811,train-clean-360/1271/133279/1271-133279-0003.flac,182000,
8812,train-clean-360/115/122944/115-122944-0071.flac,182000,
8813,train-clean-360/122/121729/122-121729-0018.flac,182000,
8814,train-clean-360/1100/124547/1100-124547-0049.flac,182000,
8815,train-clean-360/1487/133273/1487-133273-0079.flac,181920,
8816,train-clean-360/1607/149245/1607-149245-0036.flac,181920,
8817,train-clean-360/1290/135762/1290-135762-0012.flac,181920,
8818,train-clean-360/122/121734/122-121734-0015.flac,181920,
8819,train-clean-360/1460/138290/1460-138290-0038.flac,181920,
8820,train-clean-360/1649/150127/1649-150127-0012.flac,181920,
8821,train-clean-360/1365/134804/1365-134804-0010.flac,181840,
8822,train-clean-360/1629/139710/1629-139710-0013.flac,181840,
8823,train-clean-360/154/123998/154-123998-0009.flac,181840,
8824,train-clean-360/1556/139350/1556-139350-0007.flac,181760,
8825,train-clean-360/114/129317/114-129317-0015.flac,181760,
8826,train-clean-360/1323/149236/1323-149236-0007.flac,181680,
8827,train-clean-360/1222/133834/1222-133834-0029.flac,181600,
8828,train-clean-360/1513/140222/1513-140222-0045.flac,181600,
8829,train-clean-360/1473/135657/1473-135657-0005.flac,181600,
8830,train-clean-360/1060/134451/1060-134451-0077.flac,181600,
8831,train-clean-360/1165/135220/1165-135220-0045.flac,181600,
8832,train-clean-360/1668/136280/1668-136280-0054.flac,181520,
8833,train-clean-360/1552/141135/1552-141135-0025.flac,181520,
8834,train-clean-360/1638/84448/1638-84448-0060.flac,181440,
8835,train-clean-360/1668/136280/1668-136280-0027.flac,181440,
8836,train-clean-360/1387/134991/1387-134991-0013.flac,181440,
8837,train-clean-360/1265/135635/1265-135635-0047.flac,181360,
8838,train-clean-360/1413/121799/1413-121799-0095.flac,181280,
8839,train-clean-360/1413/121799/1413-121799-0081.flac,181280,
8840,train-clean-360/1289/288043/1289-288043-0010.flac,181200,
8841,train-clean-360/1121/135824/1121-135824-0000.flac,181200,
8842,train-clean-360/16/122828/16-122828-0025.flac,181120,
8843,train-clean-360/1160/139717/1160-139717-0008.flac,181120,
8844,train-clean-360/1001/134708/1001-134708-0022.flac,181120,
8845,train-clean-360/1265/135636/1265-135636-0018.flac,181120,
8846,train-clean-360/1547/130184/1547-130184-0086.flac,181040,
8847,train-clean-360/112/123215/112-123215-0028.flac,181040,
8848,train-clean-360/1079/128633/1079-128633-0002.flac,181040,
8849,train-clean-360/1226/141270/1226-141270-0000.flac,181040,
8850,train-clean-360/1165/135220/1165-135220-0032.flac,180960,
8851,train-clean-360/1112/128136/1112-128136-0022.flac,180880,
8852,train-clean-360/1052/132776/1052-132776-0001.flac,180880,
8853,train-clean-360/1552/140651/1552-140651-0001.flac,180880,
8854,train-clean-360/1571/141320/1571-141320-0018.flac,180880,
8855,train-clean-360/1027/125140/1027-125140-0003.flac,180880,
8856,train-clean-360/1165/135220/1165-135220-0000.flac,180800,
8857,train-clean-360/115/122944/115-122944-0087.flac,180800,
8858,train-clean-360/1264/129805/1264-129805-0018.flac,180720,
8859,train-clean-360/1316/132782/1316-132782-0033.flac,180640,
8860,train-clean-360/1061/152224/1061-152224-0031.flac,180640,
8861,train-clean-360/1027/125147/1027-125147-0017.flac,180640,
8862,train-clean-360/1472/285314/1472-285314-0012.flac,180560,
8863,train-clean-360/1265/135636/1265-135636-0006.flac,180560,
8864,train-clean-360/1629/139710/1629-139710-0069.flac,180560,
8865,train-clean-360/1100/124547/1100-124547-0050.flac,180560,
8866,train-clean-360/101/126860/101-126860-0031.flac,180480,
8867,train-clean-360/1160/139730/1160-139730-0014.flac,180480,
8868,train-clean-360/1382/130548/1382-130548-0019.flac,180480,
8869,train-clean-360/1379/130517/1379-130517-0015.flac,180480,
8870,train-clean-360/1638/84447/1638-84447-0010.flac,180400,
8871,train-clean-360/101/126860/101-126860-0010.flac,180400,
8872,train-clean-360/1046/133225/1046-133225-0038.flac,180320,
8873,train-clean-360/1422/146111/1422-146111-0011.flac,180240,
8874,train-clean-360/1195/130164/1195-130164-0004.flac,180240,
8875,train-clean-360/1093/132891/1093-132891-0113.flac,180080,
8876,train-clean-360/1313/135020/1313-135020-0004.flac,180000,
8877,train-clean-360/1387/130993/1387-130993-0033.flac,180000,
8878,train-clean-360/115/121720/115-121720-0018.flac,180000,
8879,train-clean-360/1417/1536/1417-1536-0025.flac,180000,
8880,train-clean-360/1175/126220/1175-126220-0066.flac,180000,
8881,train-clean-360/1175/126220/1175-126220-0035.flac,179920,
8882,train-clean-360/1259/137770/1259-137770-0031.flac,179920,
8883,train-clean-360/1607/134636/1607-134636-0040.flac,179840,
8884,train-clean-360/1456/130545/1456-130545-0000.flac,179840,
8885,train-clean-360/1678/142279/1678-142279-0088.flac,179840,
8886,train-clean-360/100/122655/100-122655-0041.flac,179840,
8887,train-clean-360/1313/135020/1313-135020-0025.flac,179760,
8888,train-clean-360/101/126860/101-126860-0001.flac,179760,
8889,train-clean-360/115/122944/115-122944-0040.flac,179760,
8890,train-clean-360/1093/132891/1093-132891-0004.flac,179760,
8891,train-clean-360/1639/133290/1639-133290-0015.flac,179760,
8892,train-clean-360/1061/146197/1061-146197-0005.flac,179600,
8893,train-clean-360/1165/135220/1165-135220-0026.flac,179600,
8894,train-clean-360/1241/121103/1241-121103-0024.flac,179520,
8895,train-clean-360/157/126796/157-126796-0025.flac,179520,
8896,train-clean-360/1050/134119/1050-134119-0043.flac,179440,
8897,train-clean-360/115/122944/115-122944-0072.flac,179440,
8898,train-clean-360/1547/130184/1547-130184-0034.flac,179439,
8899,train-clean-360/1460/138290/1460-138290-0070.flac,179280,
8900,train-clean-360/1639/132848/1639-132848-0007.flac,179280,
8901,train-clean-360/1031/133220/1031-133220-0071.flac,179280,
8902,train-clean-360/100/121669/100-121669-0011.flac,179280,
8903,train-clean-360/154/124003/154-124003-0016.flac,179280,
8904,train-clean-360/1498/140041/1498-140041-0040.flac,179200,
8905,train-clean-360/1634/141571/1634-141571-0024.flac,179200,
8906,train-clean-360/1046/133224/1046-133224-0037.flac,179120,
8907,train-clean-360/100/121674/100-121674-0021.flac,179120,
8908,train-clean-360/17/362/17-362-0009.flac,179120,
8909,train-clean-360/1195/130164/1195-130164-0049.flac,179040,
8910,train-clean-360/1639/132848/1639-132848-0040.flac,179040,
8911,train-clean-360/1226/141279/1226-141279-0020.flac,179040,
8912,train-clean-360/1316/132782/1316-132782-0037.flac,178960,
8913,train-clean-360/1460/138290/1460-138290-0067.flac,178960,
8914,train-clean-360/1025/75365/1025-75365-0001.flac,178960,
8915,train-clean-360/1556/143307/1556-143307-0061.flac,178880,
8916,train-clean-360/1668/136280/1668-136280-0022.flac,178880,
8917,train-clean-360/119/121722/119-121722-0003.flac,178880,
8918,train-clean-360/1079/128636/1079-128636-0021.flac,178800,
8919,train-clean-360/1093/132891/1093-132891-0025.flac,178800,
8920,train-clean-360/126/122467/126-122467-0063.flac,178720,
8921,train-clean-360/1335/163935/1335-163935-0008.flac,178720,
8922,train-clean-360/1165/135220/1165-135220-0016.flac,178640,
8923,train-clean-360/1160/139717/1160-139717-0000.flac,178560,
8924,train-clean-360/1311/134170/1311-134170-0050.flac,178560,
8925,train-clean-360/1425/139291/1425-139291-0007.flac,178480,
8926,train-clean-360/1182/134316/1182-134316-0040.flac,178480,
8927,train-clean-360/1445/139387/1445-139387-0012.flac,178480,
8928,train-clean-360/1195/130164/1195-130164-0026.flac,178480,
8929,train-clean-360/1365/134804/1365-134804-0023.flac,178400,
8930,train-clean-360/1093/132891/1093-132891-0045.flac,178320,
8931,train-clean-360/1509/143477/1509-143477-0020.flac,178320,
8932,train-clean-360/1241/121103/1241-121103-0013.flac,178320,
8933,train-clean-360/1265/135636/1265-135636-0025.flac,178240,
8934,train-clean-360/1417/1539/1417-1539-0027.flac,178160,
8935,train-clean-360/1387/130989/1387-130989-0037.flac,178160,
8936,train-clean-360/1271/136861/1271-136861-0011.flac,178160,
8937,train-clean-360/1417/1539/1417-1539-0028.flac,178160,
8938,train-clean-360/1425/139290/1425-139290-0022.flac,178160,
8939,train-clean-360/1678/142279/1678-142279-0029.flac,178160,
8940,train-clean-360/100/122655/100-122655-0023.flac,178000,
8941,train-clean-360/1182/134981/1182-134981-0043.flac,178000,
8942,train-clean-360/1336/138113/1336-138113-0025.flac,177920,
8943,train-clean-360/1387/130989/1387-130989-0012.flac,177920,
8944,train-clean-360/1316/132800/1316-132800-0027.flac,177920,
8945,train-clean-360/119/129514/119-129514-0044.flac,177840,
8946,train-clean-360/1322/137588/1322-137588-0059.flac,177840,
8947,train-clean-360/1226/141268/1226-141268-0046.flac,177840,
8948,train-clean-360/14/208/14-208-0043.flac,177840,
8949,train-clean-360/1456/139733/1456-139733-0014.flac,177760,
8950,train-clean-360/1112/1043/1112-1043-0017.flac,177760,
8951,train-clean-360/1012/133424/1012-133424-0023.flac,177760,
8952,train-clean-360/1668/136280/1668-136280-0029.flac,177680,
8953,train-clean-360/1509/143477/1509-143477-0036.flac,177680,
8954,train-clean-360/1337/156963/1337-156963-0009.flac,177680,
8955,train-clean-360/1182/133396/1182-133396-0002.flac,177680,
8956,train-clean-360/1392/128240/1392-128240-0002.flac,177680,
8957,train-clean-360/1425/139291/1425-139291-0031.flac,177600,
8958,train-clean-360/1629/139710/1629-139710-0000.flac,177600,
8959,train-clean-360/1226/141279/1226-141279-0012.flac,177600,
8960,train-clean-360/1054/143005/1054-143005-0079.flac,177600,
8961,train-clean-360/1425/139297/1425-139297-0008.flac,177520,
8962,train-clean-360/119/129514/119-129514-0021.flac,177520,
8963,train-clean-360/1060/134451/1060-134451-0087.flac,177440,
8964,train-clean-360/1265/135636/1265-135636-0005.flac,177440,
8965,train-clean-360/1112/128138/1112-128138-0037.flac,177440,
8966,train-clean-360/1379/130530/1379-130530-0039.flac,177440,
8967,train-clean-360/1556/143307/1556-143307-0054.flac,177360,
8968,train-clean-360/1639/133290/1639-133290-0056.flac,177360,
8969,train-clean-360/1607/150715/1607-150715-0017.flac,177360,
8970,train-clean-360/1195/130164/1195-130164-0016.flac,177280,
8971,train-clean-360/1639/133290/1639-133290-0025.flac,177280,
8972,train-clean-360/1536/141791/1536-141791-0035.flac,177280,
8973,train-clean-360/1387/130989/1387-130989-0027.flac,177280,
8974,train-clean-360/1463/134463/1463-134463-0049.flac,177200,
8975,train-clean-360/1487/133273/1487-133273-0099.flac,177200,
8976,train-clean-360/1365/134804/1365-134804-0025.flac,177120,
8977,train-clean-360/1001/134707/1001-134707-0059.flac,177120,
8978,train-clean-360/1379/130529/1379-130529-0016.flac,177120,
8979,train-clean-360/1112/128138/1112-128138-0036.flac,176960,
8980,train-clean-360/1456/130544/1456-130544-0001.flac,176960,
8981,train-clean-360/122/129752/122-129752-0001.flac,176960,
8982,train-clean-360/1052/139307/1052-139307-0011.flac,176880,
8983,train-clean-360/1290/135762/1290-135762-0005.flac,176880,
8984,train-clean-360/1639/132848/1639-132848-0055.flac,176880,
8985,train-clean-360/166/122789/166-122789-0034.flac,176800,
8986,train-clean-360/17/362/17-362-0005.flac,176640,
8987,train-clean-360/1224/121064/1224-121064-0079.flac,176640,
8988,train-clean-360/1383/130533/1383-130533-0025.flac,176640,
8989,train-clean-360/1513/140222/1513-140222-0003.flac,176640,
8990,train-clean-360/1413/121799/1413-121799-0079.flac,176640,
8991,train-clean-360/1182/134316/1182-134316-0011.flac,176560,
8992,train-clean-360/1456/130544/1456-130544-0004.flac,176480,
8993,train-clean-360/1387/130989/1387-130989-0031.flac,176480,
8994,train-clean-360/1337/10674/1337-10674-0015.flac,176400,
8995,train-clean-360/114/129324/114-129324-0027.flac,176320,
8996,train-clean-360/1460/138289/1460-138289-0005.flac,176320,
8997,train-clean-360/1603/141713/1603-141713-0000.flac,176320,
8998,train-clean-360/1046/133224/1046-133224-0053.flac,176240,
8999,train-clean-360/1639/133290/1639-133290-0067.flac,176240,
9000,train-clean-360/157/121907/157-121907-0016.flac,176240,
9001,train-clean-360/1222/133834/1222-133834-0011.flac,176239,
9002,train-clean-360/1446/122614/1446-122614-0096.flac,176161,
9003,train-clean-360/101/126860/101-126860-0003.flac,176160,
9004,train-clean-360/1413/121799/1413-121799-0064.flac,176080,
9005,train-clean-360/1121/176698/1121-176698-0013.flac,176000,
9006,train-clean-360/1603/139324/1603-139324-0014.flac,175920,
9007,train-clean-360/1536/138488/1536-138488-0008.flac,175920,
9008,train-clean-360/1195/130164/1195-130164-0008.flac,175920,
9009,train-clean-360/1417/1532/1417-1532-0012.flac,175920,
9010,train-clean-360/1668/136271/1668-136271-0032.flac,175920,
9011,train-clean-360/1634/141571/1634-141571-0032.flac,175920,
9012,train-clean-360/1629/139710/1629-139710-0051.flac,175840,
9013,train-clean-360/1552/141135/1552-141135-0036.flac,175840,
9014,train-clean-360/122/129752/122-129752-0031.flac,175680,
9015,train-clean-360/114/129317/114-129317-0038.flac,175680,
9016,train-clean-360/1226/141268/1226-141268-0009.flac,175600,
9017,train-clean-360/1638/84447/1638-84447-0030.flac,175520,
9018,train-clean-360/1283/129808/1283-129808-0046.flac,175360,
9019,train-clean-360/115/121720/115-121720-0015.flac,175360,
9020,train-clean-360/1639/132848/1639-132848-0048.flac,175360,
9021,train-clean-360/1446/122614/1446-122614-0042.flac,175281,
9022,train-clean-360/1552/140651/1552-140651-0018.flac,175280,
9023,train-clean-360/1121/132777/1121-132777-0013.flac,175200,
9024,train-clean-360/1226/141268/1226-141268-0006.flac,175200,
9025,train-clean-360/1571/141320/1571-141320-0005.flac,175120,
9026,train-clean-360/1226/141279/1226-141279-0003.flac,175120,
9027,train-clean-360/1336/138113/1336-138113-0006.flac,175040,
9028,train-clean-360/1093/132891/1093-132891-0040.flac,175040,
9029,train-clean-360/1487/133273/1487-133273-0012.flac,174960,
9030,train-clean-360/1264/129805/1264-129805-0034.flac,174960,
9031,train-clean-360/1463/134465/1463-134465-0051.flac,174960,
9032,train-clean-360/1417/1539/1417-1539-0021.flac,174960,
9033,train-clean-360/1413/121799/1413-121799-0068.flac,174880,
9034,train-clean-360/1487/133273/1487-133273-0082.flac,174880,
9035,train-clean-360/1678/142279/1678-142279-0041.flac,174880,
9036,train-clean-360/1265/135635/1265-135635-0030.flac,174880,
9037,train-clean-360/1401/174511/1401-174511-0005.flac,174800,
9038,train-clean-360/1547/130184/1547-130184-0051.flac,174800,
9039,train-clean-360/1448/135894/1448-135894-0094.flac,174720,
9040,train-clean-360/1079/128632/1079-128632-0000.flac,174720,
9041,train-clean-360/1289/288043/1289-288043-0020.flac,174640,
9042,train-clean-360/1296/134434/1296-134434-0003.flac,174640,
9043,train-clean-360/1323/138617/1323-138617-0037.flac,174560,
9044,train-clean-360/1028/133393/1028-133393-0035.flac,174560,
9045,train-clean-360/1053/132821/1053-132821-0002.flac,174560,
9046,train-clean-360/1160/139336/1160-139336-0039.flac,174560,
9047,train-clean-360/1649/150127/1649-150127-0042.flac,174480,
9048,train-clean-360/1265/135635/1265-135635-0029.flac,174400,
9049,train-clean-360/115/122944/115-122944-0038.flac,174400,
9050,train-clean-360/1509/143477/1509-143477-0060.flac,174399,
9051,train-clean-360/115/122944/115-122944-0008.flac,174320,
9052,train-clean-360/1079/128636/1079-128636-0026.flac,174240,
9053,train-clean-360/1535/141642/1535-141642-0008.flac,174240,
9054,train-clean-360/1290/135762/1290-135762-0043.flac,174240,
9055,train-clean-360/1224/121064/1224-121064-0073.flac,174240,
9056,train-clean-360/1498/140041/1498-140041-0003.flac,174160,
9057,train-clean-360/1392/135659/1392-135659-0027.flac,174080,
9058,train-clean-360/1093/132891/1093-132891-0121.flac,174080,
9059,train-clean-360/1316/132800/1316-132800-0029.flac,174080,
9060,train-clean-360/1212/185485/1212-185485-0027.flac,174080,
9061,train-clean-360/1001/134707/1001-134707-0051.flac,174080,
9062,train-clean-360/112/121671/112-121671-0003.flac,174000,
9063,train-clean-360/1668/136271/1668-136271-0022.flac,173920,
9064,train-clean-360/1182/133396/1182-133396-0023.flac,173920,
9065,train-clean-360/1603/139325/1603-139325-0016.flac,173920,
9066,train-clean-360/1603/139324/1603-139324-0016.flac,173840,
9067,train-clean-360/1165/135216/1165-135216-0024.flac,173840,
9068,train-clean-360/154/124003/154-124003-0006.flac,173840,
9069,train-clean-360/154/124003/154-124003-0027.flac,173760,
9070,train-clean-360/1634/141571/1634-141571-0028.flac,173680,
9071,train-clean-360/1456/139733/1456-139733-0001.flac,173520,
9072,train-clean-360/1289/288044/1289-288044-0033.flac,173440,
9073,train-clean-360/166/122789/166-122789-0016.flac,173360,
9074,train-clean-360/1387/130989/1387-130989-0007.flac,173360,
9075,train-clean-360/1383/130532/1383-130532-0020.flac,173280,
9076,train-clean-360/154/124003/154-124003-0028.flac,173280,
9077,train-clean-360/1066/103481/1066-103481-0009.flac,173120,
9078,train-clean-360/1348/135826/1348-135826-0042.flac,172960,
9079,train-clean-360/1226/141279/1226-141279-0027.flac,172960,
9080,train-clean-360/1649/5776/1649-5776-0014.flac,172960,
9081,train-clean-360/1639/133290/1639-133290-0043.flac,172880,
9082,train-clean-360/1182/134316/1182-134316-0033.flac,172880,
9083,train-clean-360/1259/137770/1259-137770-0009.flac,172880,
9084,train-clean-360/1603/139325/1603-139325-0018.flac,172720,
9085,train-clean-360/1271/136861/1271-136861-0053.flac,172640,
9086,train-clean-360/1668/136271/1668-136271-0037.flac,172640,
9087,train-clean-360/1383/130489/1383-130489-0015.flac,172560,
9088,train-clean-360/1226/141268/1226-141268-0036.flac,172560,
9089,train-clean-360/1513/140222/1513-140222-0033.flac,172480,
9090,train-clean-360/1536/137608/1536-137608-0028.flac,172480,
9091,train-clean-360/1335/163935/1335-163935-0004.flac,172400,
9092,train-clean-360/1050/134119/1050-134119-0025.flac,172320,
9093,train-clean-360/157/126796/157-126796-0003.flac,172320,
9094,train-clean-360/1265/135635/1265-135635-0056.flac,172319,
9095,train-clean-360/1401/146770/1401-146770-0021.flac,172240,
9096,train-clean-360/1001/134707/1001-134707-0038.flac,172160,
9097,train-clean-360/1052/139307/1052-139307-0034.flac,172160,
9098,train-clean-360/1472/285314/1472-285314-0032.flac,172160,
9099,train-clean-360/1498/140041/1498-140041-0018.flac,172160,
9100,train-clean-360/1498/140040/1498-140040-0042.flac,172160,
9101,train-clean-360/1093/132891/1093-132891-0011.flac,172080,
9102,train-clean-360/114/129324/114-129324-0025.flac,172000,
9103,train-clean-360/1271/133279/1271-133279-0018.flac,172000,
9104,train-clean-360/119/129514/119-129514-0018.flac,171920,
9105,train-clean-360/122/121729/122-121729-0003.flac,171840,
9106,train-clean-360/1456/130553/1456-130553-0001.flac,171840,
9107,train-clean-360/1365/134825/1365-134825-0016.flac,171840,
9108,train-clean-360/1224/121064/1224-121064-0099.flac,171680,
9109,train-clean-360/1212/14653/1212-14653-0011.flac,171680,
9110,train-clean-360/14/208/14-208-0050.flac,171680,
9111,train-clean-360/1028/133393/1028-133393-0050.flac,171680,
9112,train-clean-360/114/129324/114-129324-0000.flac,171600,
9113,train-clean-360/1536/137608/1536-137608-0014.flac,171600,
9114,train-clean-360/1638/84448/1638-84448-0027.flac,171600,
9115,train-clean-360/1224/121064/1224-121064-0044.flac,171600,
9116,train-clean-360/1337/10674/1337-10674-0010.flac,171520,
9117,train-clean-360/1413/121799/1413-121799-0069.flac,171520,
9118,train-clean-360/1413/121799/1413-121799-0018.flac,171520,
9119,train-clean-360/1265/135636/1265-135636-0024.flac,171520,
9120,train-clean-360/1224/121064/1224-121064-0014.flac,171520,
9121,train-clean-360/1463/134463/1463-134463-0038.flac,171440,
9122,train-clean-360/126/125084/126-125084-0020.flac,171440,
9123,train-clean-360/1639/132848/1639-132848-0019.flac,171440,
9124,train-clean-360/1603/140931/1603-140931-0015.flac,171360,
9125,train-clean-360/1498/140041/1498-140041-0020.flac,171360,
9126,train-clean-360/1100/124547/1100-124547-0033.flac,171280,
9127,train-clean-360/159/121902/159-121902-0023.flac,171280,
9128,train-clean-360/1226/141268/1226-141268-0028.flac,171200,
9129,train-clean-360/16/122827/16-122827-0010.flac,171200,
9130,train-clean-360/1401/146770/1401-146770-0014.flac,171120,
9131,train-clean-360/1547/130184/1547-130184-0027.flac,171120,
9132,train-clean-360/1224/121064/1224-121064-0065.flac,171040,
9133,train-clean-360/122/121729/122-121729-0020.flac,171040,
9134,train-clean-360/1639/133290/1639-133290-0005.flac,170960,
9135,train-clean-360/119/121722/119-121722-0016.flac,170960,
9136,train-clean-360/1472/142848/1472-142848-0008.flac,170880,
9137,train-clean-360/1093/132891/1093-132891-0088.flac,170880,
9138,train-clean-360/1456/136846/1456-136846-0014.flac,170880,
9139,train-clean-360/1160/139717/1160-139717-0009.flac,170880,
9140,train-clean-360/1387/130993/1387-130993-0028.flac,170880,
9141,train-clean-360/1031/133220/1031-133220-0026.flac,170800,
9142,train-clean-360/157/126796/157-126796-0002.flac,170800,
9143,train-clean-360/1413/121799/1413-121799-0009.flac,170640,
9144,train-clean-360/1513/140222/1513-140222-0014.flac,170560,
9145,train-clean-360/115/122944/115-122944-0074.flac,170560,
9146,train-clean-360/100/121674/100-121674-0026.flac,170560,
9147,train-clean-360/1093/132891/1093-132891-0019.flac,170560,
9148,train-clean-360/1046/133224/1046-133224-0044.flac,170480,
9149,train-clean-360/119/129513/119-129513-0036.flac,170480,
9150,train-clean-360/1456/136846/1456-136846-0031.flac,170480,
9151,train-clean-360/1160/139730/1160-139730-0002.flac,170480,
9152,train-clean-360/1052/139307/1052-139307-0023.flac,170480,
9153,train-clean-360/1641/130503/1641-130503-0009.flac,170400,
9154,train-clean-360/1472/139797/1472-139797-0033.flac,170400,
9155,train-clean-360/1001/134707/1001-134707-0004.flac,170320,
9156,train-clean-360/1445/139387/1445-139387-0001.flac,170320,
9157,train-clean-360/1046/133224/1046-133224-0040.flac,170320,
9158,train-clean-360/154/293987/154-293987-0023.flac,170320,
9159,train-clean-360/1668/136280/1668-136280-0016.flac,170240,
9160,train-clean-360/1365/134825/1365-134825-0002.flac,170240,
9161,train-clean-360/1649/150127/1649-150127-0021.flac,170160,
9162,train-clean-360/122/129752/122-129752-0039.flac,170080,
9163,train-clean-360/1289/288043/1289-288043-0012.flac,170000,
9164,train-clean-360/112/121727/112-121727-0020.flac,170000,
9165,train-clean-360/1383/130532/1383-130532-0015.flac,169920,
9166,train-clean-360/1265/135636/1265-135636-0039.flac,169920,
9167,train-clean-360/1112/128138/1112-128138-0006.flac,169840,
9168,train-clean-360/1552/140651/1552-140651-0040.flac,169840,
9169,train-clean-360/1607/149245/1607-149245-0012.flac,169840,
9170,train-clean-360/1639/133290/1639-133290-0058.flac,169760,
9171,train-clean-360/1678/142279/1678-142279-0092.flac,169760,
9172,train-clean-360/115/122944/115-122944-0070.flac,169680,
9173,train-clean-360/1112/128136/1112-128136-0007.flac,169680,
9174,train-clean-360/1365/134804/1365-134804-0019.flac,169680,
9175,train-clean-360/1311/134170/1311-134170-0020.flac,169680,
9176,train-clean-360/1322/137589/1322-137589-0023.flac,169600,
9177,train-clean-360/1547/130184/1547-130184-0031.flac,169600,
9178,train-clean-360/154/293987/154-293987-0011.flac,169600,
9179,train-clean-360/1365/134825/1365-134825-0007.flac,169600,
9180,train-clean-360/1058/131113/1058-131113-0072.flac,169440,
9181,train-clean-360/1638/84448/1638-84448-0016.flac,169440,
9182,train-clean-360/1463/134465/1463-134465-0034.flac,169360,
9183,train-clean-360/1445/139387/1445-139387-0035.flac,169280,
9184,train-clean-360/1322/137588/1322-137588-0002.flac,169280,
9185,train-clean-360/1093/132891/1093-132891-0038.flac,169120,
9186,train-clean-360/1668/136280/1668-136280-0064.flac,169120,
9187,train-clean-360/1121/176698/1121-176698-0005.flac,169120,
9188,train-clean-360/1336/138113/1336-138113-0022.flac,169040,
9189,train-clean-360/1121/135824/1121-135824-0010.flac,169040,
9190,train-clean-360/1212/185485/1212-185485-0020.flac,169040,
9191,train-clean-360/122/121729/122-121729-0001.flac,169040,
9192,train-clean-360/1649/68762/1649-68762-0025.flac,169040,
9193,train-clean-360/1322/137589/1322-137589-0054.flac,169039,
9194,train-clean-360/100/121669/100-121669-0009.flac,168960,
9195,train-clean-360/1265/135635/1265-135635-0054.flac,168880,
9196,train-clean-360/1060/134451/1060-134451-0070.flac,168880,
9197,train-clean-360/1028/133393/1028-133393-0003.flac,168880,
9198,train-clean-360/1445/139387/1445-139387-0047.flac,168880,
9199,train-clean-360/122/121729/122-121729-0019.flac,168800,
9200,train-clean-360/1603/141713/1603-141713-0012.flac,168800,
9201,train-clean-360/100/121669/100-121669-0026.flac,168800,
9202,train-clean-360/1383/130532/1383-130532-0000.flac,168800,
9203,train-clean-360/1349/135891/1349-135891-0042.flac,168800,
9204,train-clean-360/1392/128226/1392-128226-0001.flac,168720,
9205,train-clean-360/1413/121799/1413-121799-0116.flac,168640,
9206,train-clean-360/1289/288043/1289-288043-0019.flac,168560,
9207,train-clean-360/1031/133220/1031-133220-0035.flac,168560,
9208,train-clean-360/1379/130517/1379-130517-0014.flac,168480,
9209,train-clean-360/1487/133273/1487-133273-0026.flac,168400,
9210,train-clean-360/1473/135657/1473-135657-0018.flac,168400,
9211,train-clean-360/1313/135020/1313-135020-0015.flac,168400,
9212,train-clean-360/112/123215/112-123215-0023.flac,168320,
9213,train-clean-360/1348/135832/1348-135832-0024.flac,168320,
9214,train-clean-360/1112/128136/1112-128136-0006.flac,168320,
9215,train-clean-360/101/126861/101-126861-0014.flac,168240,
9216,train-clean-360/1556/143307/1556-143307-0046.flac,168240,
9217,train-clean-360/119/129514/119-129514-0000.flac,168240,
9218,train-clean-360/1456/136846/1456-136846-0015.flac,168240,
9219,train-clean-360/1365/134804/1365-134804-0011.flac,168240,
9220,train-clean-360/1445/139397/1445-139397-0029.flac,168160,
9221,train-clean-360/1079/128633/1079-128633-0019.flac,168160,
9222,train-clean-360/1668/136280/1668-136280-0040.flac,168160,
9223,train-clean-360/1498/140040/1498-140040-0023.flac,168160,
9224,train-clean-360/154/293987/154-293987-0019.flac,168080,
9225,train-clean-360/1271/128145/1271-128145-0024.flac,168080,
9226,train-clean-360/1552/141135/1552-141135-0044.flac,168080,
9227,train-clean-360/1060/134451/1060-134451-0042.flac,168000,
9228,train-clean-360/1121/135824/1121-135824-0021.flac,167920,
9229,train-clean-360/1603/140931/1603-140931-0000.flac,167920,
9230,train-clean-360/1668/136280/1668-136280-0057.flac,167920,
9231,train-clean-360/1678/142279/1678-142279-0085.flac,167920,
9232,train-clean-360/1390/130495/1390-130495-0011.flac,167920,
9233,train-clean-360/1387/130993/1387-130993-0018.flac,167920,
9234,train-clean-360/1649/150127/1649-150127-0008.flac,167841,
9235,train-clean-360/101/126859/101-126859-0015.flac,167840,
9236,train-clean-360/1571/141320/1571-141320-0001.flac,167840,
9237,train-clean-360/115/122944/115-122944-0088.flac,167760,
9238,train-clean-360/1226/141270/1226-141270-0011.flac,167600,
9239,train-clean-360/1487/133273/1487-133273-0048.flac,167520,
9240,train-clean-360/1311/134176/1311-134176-0008.flac,167520,
9241,train-clean-360/1182/134316/1182-134316-0037.flac,167520,
9242,train-clean-360/1027/125140/1027-125140-0053.flac,167520,
9243,train-clean-360/1390/130494/1390-130494-0004.flac,167520,
9244,train-clean-360/1536/141791/1536-141791-0030.flac,167520,
9245,train-clean-360/1603/140931/1603-140931-0011.flac,167440,
9246,train-clean-360/1226/141270/1226-141270-0007.flac,167440,
9247,train-clean-360/154/293987/154-293987-0021.flac,167440,
9248,train-clean-360/1639/133290/1639-133290-0006.flac,167440,
9249,train-clean-360/1603/139324/1603-139324-0012.flac,167440,
9250,train-clean-360/101/126859/101-126859-0013.flac,167439,
9251,train-clean-360/1160/139730/1160-139730-0003.flac,167360,
9252,train-clean-360/1473/135657/1473-135657-0053.flac,167360,
9253,train-clean-360/1629/139710/1629-139710-0038.flac,167200,
9254,train-clean-360/1241/137614/1241-137614-0043.flac,167120,
9255,train-clean-360/1093/132891/1093-132891-0072.flac,167120,
9256,train-clean-360/1456/130544/1456-130544-0010.flac,167040,
9257,train-clean-360/1456/130544/1456-130544-0014.flac,167040,
9258,train-clean-360/1422/146111/1422-146111-0006.flac,167040,
9259,train-clean-360/1212/75242/1212-75242-0006.flac,166960,
9260,train-clean-360/1241/137614/1241-137614-0004.flac,166800,
9261,train-clean-360/1649/68762/1649-68762-0001.flac,166800,
9262,train-clean-360/1365/134830/1365-134830-0001.flac,166800,
9263,train-clean-360/1061/142358/1061-142358-0002.flac,166800,
9264,train-clean-360/1212/185485/1212-185485-0014.flac,166720,
9265,train-clean-360/1536/138488/1536-138488-0021.flac,166720,
9266,train-clean-360/1482/140071/1482-140071-0014.flac,166640,
9267,train-clean-360/1639/132848/1639-132848-0034.flac,166640,
9268,train-clean-360/1241/121103/1241-121103-0016.flac,166480,
9269,train-clean-360/154/124003/154-124003-0026.flac,166480,
9270,train-clean-360/1100/135264/1100-135264-0011.flac,166400,
9271,train-clean-360/154/293987/154-293987-0034.flac,166400,
9272,train-clean-360/1460/138289/1460-138289-0027.flac,166400,
9273,train-clean-360/100/122655/100-122655-0022.flac,166400,
9274,train-clean-360/1027/125140/1027-125140-0054.flac,166320,
9275,train-clean-360/1226/141270/1226-141270-0001.flac,166320,
9276,train-clean-360/1241/121106/1241-121106-0031.flac,166320,
9277,train-clean-360/1425/139291/1425-139291-0010.flac,166240,
9278,train-clean-360/14/208/14-208-0017.flac,166160,
9279,train-clean-360/1649/5776/1649-5776-0022.flac,166080,
9280,train-clean-360/112/123215/112-123215-0017.flac,166080,
9281,train-clean-360/1052/139307/1052-139307-0020.flac,166080,
9282,train-clean-360/1379/130530/1379-130530-0041.flac,166000,
9283,train-clean-360/1641/130504/1641-130504-0021.flac,165920,
9284,train-clean-360/1175/126220/1175-126220-0038.flac,165920,
9285,train-clean-360/1323/149236/1323-149236-0021.flac,165920,
9286,train-clean-360/1052/139307/1052-139307-0019.flac,165920,
9287,train-clean-360/1390/130495/1390-130495-0003.flac,165840,
9288,train-clean-360/122/121730/122-121730-0001.flac,165840,
9289,train-clean-360/1093/132891/1093-132891-0042.flac,165840,
9290,train-clean-360/1031/133220/1031-133220-0029.flac,165760,
9291,train-clean-360/1422/146111/1422-146111-0013.flac,165680,
9292,train-clean-360/1054/143005/1054-143005-0094.flac,165600,
9293,train-clean-360/1264/129805/1264-129805-0010.flac,165600,
9294,train-clean-360/166/126302/166-126302-0002.flac,165600,
9295,train-clean-360/1387/130993/1387-130993-0017.flac,165520,
9296,train-clean-360/1283/136983/1283-136983-0025.flac,165440,
9297,train-clean-360/1641/130504/1641-130504-0023.flac,165440,
9298,train-clean-360/1079/128631/1079-128631-0008.flac,165440,
9299,train-clean-360/1349/135891/1349-135891-0001.flac,165360,
9300,train-clean-360/1195/135814/1195-135814-0000.flac,165360,
9301,train-clean-360/1226/141279/1226-141279-0007.flac,165360,
9302,train-clean-360/1290/135762/1290-135762-0084.flac,165360,
9303,train-clean-360/1050/134121/1050-134121-0000.flac,165360,
9304,train-clean-360/1289/288044/1289-288044-0053.flac,165280,
9305,train-clean-360/1061/152224/1061-152224-0013.flac,165200,
9306,train-clean-360/1283/129808/1283-129808-0050.flac,165200,
9307,train-clean-360/1001/134707/1001-134707-0076.flac,165120,
9308,train-clean-360/157/126796/157-126796-0056.flac,164960,
9309,train-clean-360/115/122944/115-122944-0061.flac,164880,
9310,train-clean-360/1556/143307/1556-143307-0064.flac,164880,
9311,train-clean-360/1668/136280/1668-136280-0014.flac,164800,
9312,train-clean-360/1335/163935/1335-163935-0036.flac,164800,
9313,train-clean-360/1121/135824/1121-135824-0035.flac,164640,
9314,train-clean-360/1112/128138/1112-128138-0016.flac,164640,
9315,train-clean-360/1182/134316/1182-134316-0032.flac,164639,
9316,train-clean-360/1365/134825/1365-134825-0021.flac,164560,
9317,train-clean-360/1639/132848/1639-132848-0016.flac,164559,
9318,train-clean-360/166/122789/166-122789-0001.flac,164480,
9319,train-clean-360/1649/68762/1649-68762-0004.flac,164400,
9320,train-clean-360/1212/75242/1212-75242-0007.flac,164400,
9321,train-clean-360/1639/132848/1639-132848-0027.flac,164320,
9322,train-clean-360/1264/129805/1264-129805-0072.flac,164320,
9323,train-clean-360/1668/136271/1668-136271-0040.flac,164240,
9324,train-clean-360/1463/134465/1463-134465-0028.flac,164160,
9325,train-clean-360/1607/134636/1607-134636-0013.flac,164160,
9326,train-clean-360/1093/132891/1093-132891-0117.flac,164160,
9327,train-clean-360/1058/131113/1058-131113-0035.flac,164080,
9328,train-clean-360/154/123998/154-123998-0010.flac,164000,
9329,train-clean-360/1012/133424/1012-133424-0012.flac,163760,
9330,train-clean-360/1050/134120/1050-134120-0021.flac,163760,
9331,train-clean-360/1668/136280/1668-136280-0056.flac,163520,
9332,train-clean-360/1390/130494/1390-130494-0017.flac,163520,
9333,train-clean-360/1079/128632/1079-128632-0012.flac,163520,
9334,train-clean-360/1473/135657/1473-135657-0058.flac,163520,
9335,train-clean-360/122/121729/122-121729-0017.flac,163440,
9336,train-clean-360/1079/128631/1079-128631-0002.flac,163440,
9337,train-clean-360/1222/133834/1222-133834-0048.flac,163440,
9338,train-clean-360/1607/150715/1607-150715-0015.flac,163440,
9339,train-clean-360/1413/121799/1413-121799-0118.flac,163440,
9340,train-clean-360/1460/138290/1460-138290-0025.flac,163360,
9341,train-clean-360/1536/141791/1536-141791-0027.flac,163280,
9342,train-clean-360/1413/121799/1413-121799-0125.flac,163280,
9343,train-clean-360/126/125084/126-125084-0023.flac,163200,
9344,train-clean-360/1456/130544/1456-130544-0027.flac,163200,
9345,train-clean-360/1212/14653/1212-14653-0020.flac,163120,
9346,train-clean-360/1639/133290/1639-133290-0031.flac,163040,
9347,train-clean-360/1498/140041/1498-140041-0048.flac,163040,
9348,train-clean-360/1456/136846/1456-136846-0018.flac,162960,
9349,train-clean-360/1265/135635/1265-135635-0072.flac,162880,
9350,train-clean-360/1054/143005/1054-143005-0075.flac,162880,
9351,train-clean-360/1425/139297/1425-139297-0012.flac,162880,
9352,train-clean-360/1629/139710/1629-139710-0080.flac,162880,
9353,train-clean-360/14/212/14-212-0053.flac,162720,
9354,train-clean-360/1289/288044/1289-288044-0032.flac,162720,
9355,train-clean-360/1112/1043/1112-1043-0032.flac,162640,
9356,train-clean-360/1289/288044/1289-288044-0016.flac,162560,
9357,train-clean-360/122/121730/122-121730-0000.flac,162560,
9358,train-clean-360/1482/140072/1482-140072-0026.flac,162560,
9359,train-clean-360/1472/285314/1472-285314-0024.flac,162400,
9360,train-clean-360/1222/141174/1222-141174-0059.flac,162400,
9361,train-clean-360/1417/1539/1417-1539-0014.flac,162400,
9362,train-clean-360/126/125084/126-125084-0031.flac,162320,
9363,train-clean-360/1413/121799/1413-121799-0109.flac,162240,
9364,train-clean-360/1552/141135/1552-141135-0004.flac,162160,
9365,train-clean-360/154/124003/154-124003-0005.flac,162000,
9366,train-clean-360/112/121671/112-121671-0020.flac,162000,
9367,train-clean-360/1343/158781/1343-158781-0008.flac,162000,
9368,train-clean-360/1112/1043/1112-1043-0021.flac,161920,
9369,train-clean-360/1456/130553/1456-130553-0012.flac,161760,
9370,train-clean-360/1668/136280/1668-136280-0038.flac,161680,
9371,train-clean-360/157/126796/157-126796-0013.flac,161600,
9372,train-clean-360/1165/135216/1165-135216-0000.flac,161600,
9373,train-clean-360/1639/133290/1639-133290-0038.flac,161600,
9374,train-clean-360/1547/130184/1547-130184-0075.flac,161600,
9375,train-clean-360/154/293987/154-293987-0016.flac,161520,
9376,train-clean-360/1448/135894/1448-135894-0013.flac,161520,
9377,train-clean-360/122/121734/122-121734-0010.flac,161520,
9378,train-clean-360/1271/128145/1271-128145-0000.flac,161520,
9379,train-clean-360/1634/141571/1634-141571-0050.flac,161440,
9380,train-clean-360/122/121734/122-121734-0004.flac,161360,
9381,train-clean-360/1271/128145/1271-128145-0001.flac,161360,
9382,train-clean-360/1259/27120/1259-27120-0006.flac,161280,
9383,train-clean-360/1313/135020/1313-135020-0002.flac,161280,
9384,train-clean-360/1289/288043/1289-288043-0007.flac,161280,
9385,train-clean-360/1649/5776/1649-5776-0026.flac,161120,
9386,train-clean-360/1289/288043/1289-288043-0037.flac,161120,
9387,train-clean-360/159/135897/159-135897-0056.flac,161120,
9388,train-clean-360/1226/141279/1226-141279-0024.flac,161040,
9389,train-clean-360/1182/133396/1182-133396-0017.flac,160960,
9390,train-clean-360/115/122944/115-122944-0079.flac,160960,
9391,train-clean-360/1417/1539/1417-1539-0030.flac,160960,
9392,train-clean-360/126/122467/126-122467-0051.flac,160880,
9393,train-clean-360/1316/132800/1316-132800-0050.flac,160800,
9394,train-clean-360/1649/5776/1649-5776-0030.flac,160800,
9395,train-clean-360/17/362/17-362-0033.flac,160800,
9396,train-clean-360/1079/128632/1079-128632-0016.flac,160720,
9397,train-clean-360/1668/136280/1668-136280-0001.flac,160720,
9398,train-clean-360/16/122828/16-122828-0019.flac,160720,
9399,train-clean-360/1195/135814/1195-135814-0023.flac,160720,
9400,train-clean-360/115/122944/115-122944-0068.flac,160640,
9401,train-clean-360/1224/121064/1224-121064-0053.flac,160640,
9402,train-clean-360/1463/134465/1463-134465-0035.flac,160560,
9403,train-clean-360/100/122655/100-122655-0030.flac,160560,
9404,train-clean-360/1165/135216/1165-135216-0017.flac,160400,
9405,train-clean-360/1271/136861/1271-136861-0029.flac,160320,
9406,train-clean-360/166/122789/166-122789-0009.flac,160320,
9407,train-clean-360/16/122827/16-122827-0034.flac,160320,
9408,train-clean-360/1629/139707/1629-139707-0016.flac,160240,
9409,train-clean-360/1639/132848/1639-132848-0013.flac,160160,
9410,train-clean-360/1226/141279/1226-141279-0016.flac,160160,
9411,train-clean-360/1413/121799/1413-121799-0026.flac,160080,
9412,train-clean-360/1322/137588/1322-137588-0013.flac,160000,
9413,train-clean-360/1265/135635/1265-135635-0036.flac,160000,
9414,train-clean-360/1422/146111/1422-146111-0012.flac,159920,
9415,train-clean-360/1390/130494/1390-130494-0029.flac,159840,
9416,train-clean-360/1641/130504/1641-130504-0005.flac,159760,
9417,train-clean-360/1639/132848/1639-132848-0026.flac,159760,
9418,train-clean-360/126/122467/126-122467-0048.flac,159760,
9419,train-clean-360/1463/134463/1463-134463-0053.flac,159760,
9420,train-clean-360/1031/133220/1031-133220-0085.flac,159760,
9421,train-clean-360/1264/129805/1264-129805-0067.flac,159680,
9422,train-clean-360/1365/134830/1365-134830-0011.flac,159680,
9423,train-clean-360/1093/132891/1093-132891-0039.flac,159680,
9424,train-clean-360/122/129752/122-129752-0046.flac,159680,
9425,train-clean-360/1417/1539/1417-1539-0046.flac,159600,
9426,train-clean-360/1417/1539/1417-1539-0040.flac,159520,
9427,train-clean-360/1079/128636/1079-128636-0014.flac,159200,
9428,train-clean-360/112/121671/112-121671-0016.flac,159200,
9429,train-clean-360/1160/139717/1160-139717-0023.flac,159200,
9430,train-clean-360/1050/134119/1050-134119-0008.flac,159120,
9431,train-clean-360/1322/137588/1322-137588-0040.flac,159120,
9432,train-clean-360/1031/133220/1031-133220-0018.flac,159040,
9433,train-clean-360/1121/132777/1121-132777-0008.flac,159040,
9434,train-clean-360/1265/135635/1265-135635-0039.flac,158960,
9435,train-clean-360/1079/128636/1079-128636-0023.flac,158960,
9436,train-clean-360/1283/129808/1283-129808-0021.flac,158960,
9437,train-clean-360/1638/84447/1638-84447-0019.flac,158880,
9438,train-clean-360/1058/131113/1058-131113-0040.flac,158880,
9439,train-clean-360/1160/134674/1160-134674-0010.flac,158720,
9440,train-clean-360/1322/137589/1322-137589-0050.flac,158720,
9441,train-clean-360/1603/141713/1603-141713-0016.flac,158640,
9442,train-clean-360/1058/131113/1058-131113-0073.flac,158640,
9443,train-clean-360/1383/130532/1383-130532-0023.flac,158560,
9444,train-clean-360/1509/145742/1509-145742-0019.flac,158560,
9445,train-clean-360/1001/134708/1001-134708-0007.flac,158560,
9446,train-clean-360/1322/137589/1322-137589-0010.flac,158480,
9447,train-clean-360/1182/134316/1182-134316-0038.flac,158480,
9448,train-clean-360/1050/134119/1050-134119-0037.flac,158480,
9449,train-clean-360/157/121899/157-121899-0009.flac,158400,
9450,train-clean-360/1513/140222/1513-140222-0047.flac,158240,
9451,train-clean-360/119/129515/119-129515-0020.flac,158160,
9452,train-clean-360/1571/141320/1571-141320-0045.flac,158160,
9453,train-clean-360/1552/140651/1552-140651-0037.flac,158160,
9454,train-clean-360/1222/133834/1222-133834-0053.flac,158160,
9455,train-clean-360/1336/138113/1336-138113-0067.flac,158160,
9456,train-clean-360/1552/140651/1552-140651-0042.flac,158080,
9457,train-clean-360/1413/121799/1413-121799-0056.flac,158080,
9458,train-clean-360/1060/134451/1060-134451-0073.flac,158080,
9459,train-clean-360/115/121720/115-121720-0001.flac,158080,
9460,train-clean-360/1050/134119/1050-134119-0040.flac,157920,
9461,train-clean-360/1639/133290/1639-133290-0049.flac,157840,
9462,train-clean-360/1259/72927/1259-72927-0008.flac,157840,
9463,train-clean-360/1212/185485/1212-185485-0004.flac,157840,
9464,train-clean-360/1335/160602/1335-160602-0019.flac,157760,
9465,train-clean-360/1226/141270/1226-141270-0018.flac,157680,
9466,train-clean-360/1265/135635/1265-135635-0024.flac,157680,
9467,train-clean-360/1390/130493/1390-130493-0004.flac,157600,
9468,train-clean-360/1638/84447/1638-84447-0013.flac,157520,
9469,train-clean-360/1460/138290/1460-138290-0012.flac,157520,
9470,train-clean-360/159/121891/159-121891-0013.flac,157520,
9471,train-clean-360/159/135897/159-135897-0061.flac,157440,
9472,train-clean-360/1290/135762/1290-135762-0067.flac,157280,
9473,train-clean-360/1093/132891/1093-132891-0131.flac,157280,
9474,train-clean-360/1547/130184/1547-130184-0057.flac,157280,
9475,train-clean-360/1571/138486/1571-138486-0005.flac,157200,
9476,train-clean-360/1387/130993/1387-130993-0024.flac,157200,
9477,train-clean-360/1323/138617/1323-138617-0035.flac,157200,
9478,train-clean-360/1463/134465/1463-134465-0044.flac,157200,
9479,train-clean-360/1634/141571/1634-141571-0030.flac,157120,
9480,train-clean-360/112/121727/112-121727-0014.flac,157120,
9481,train-clean-360/119/129513/119-129513-0014.flac,157040,
9482,train-clean-360/1264/129805/1264-129805-0007.flac,157040,
9483,train-clean-360/126/122467/126-122467-0055.flac,156800,
9484,train-clean-360/1079/128631/1079-128631-0027.flac,156800,
9485,train-clean-360/114/129324/114-129324-0023.flac,156800,
9486,train-clean-360/1629/139710/1629-139710-0067.flac,156800,
9487,train-clean-360/1028/133395/1028-133395-0052.flac,156720,
9488,train-clean-360/1100/135264/1100-135264-0022.flac,156720,
9489,train-clean-360/112/123215/112-123215-0006.flac,156640,
9490,train-clean-360/1264/129805/1264-129805-0068.flac,156640,
9491,train-clean-360/1289/288043/1289-288043-0044.flac,156640,
9492,train-clean-360/1641/130503/1641-130503-0025.flac,156560,
9493,train-clean-360/1425/139290/1425-139290-0013.flac,156560,
9494,train-clean-360/1241/137614/1241-137614-0014.flac,156560,
9495,train-clean-360/1025/75365/1025-75365-0019.flac,156560,
9496,train-clean-360/1513/140222/1513-140222-0052.flac,156480,
9497,train-clean-360/1382/130548/1382-130548-0017.flac,156480,
9498,train-clean-360/1448/135894/1448-135894-0055.flac,156480,
9499,train-clean-360/1422/146111/1422-146111-0030.flac,156480,
9500,train-clean-360/1271/136861/1271-136861-0047.flac,156480,
9501,train-clean-360/1337/10674/1337-10674-0047.flac,156480,
9502,train-clean-360/119/129513/119-129513-0008.flac,156400,
9503,train-clean-360/1224/121064/1224-121064-0070.flac,156400,
9504,train-clean-360/115/121720/115-121720-0012.flac,156320,
9505,train-clean-360/1296/138074/1296-138074-0029.flac,156240,
9506,train-clean-360/1417/1539/1417-1539-0039.flac,156240,
9507,train-clean-360/1649/5776/1649-5776-0002.flac,156240,
9508,train-clean-360/122/121730/122-121730-0005.flac,156240,
9509,train-clean-360/1445/139397/1445-139397-0010.flac,156161,
9510,train-clean-360/1472/142848/1472-142848-0028.flac,156160,
9511,train-clean-360/1498/140040/1498-140040-0034.flac,156080,
9512,train-clean-360/1093/132891/1093-132891-0068.flac,156080,
9513,train-clean-360/1422/146111/1422-146111-0021.flac,156080,
9514,train-clean-360/1093/132891/1093-132891-0107.flac,156000,
9515,train-clean-360/1028/133393/1028-133393-0013.flac,156000,
9516,train-clean-360/1290/135762/1290-135762-0008.flac,155920,
9517,train-clean-360/1498/140040/1498-140040-0041.flac,155840,
9518,train-clean-360/1639/133290/1639-133290-0024.flac,155840,
9519,train-clean-360/1079/128631/1079-128631-0009.flac,155840,
9520,train-clean-360/1445/139397/1445-139397-0008.flac,155840,
9521,train-clean-360/1079/128631/1079-128631-0015.flac,155760,
9522,train-clean-360/1417/1539/1417-1539-0033.flac,155760,
9523,train-clean-360/1060/134451/1060-134451-0046.flac,155680,
9524,train-clean-360/1463/134465/1463-134465-0026.flac,155680,
9525,train-clean-360/1472/285314/1472-285314-0030.flac,155680,
9526,train-clean-360/1482/140071/1482-140071-0026.flac,155440,
9527,train-clean-360/1535/141644/1535-141644-0029.flac,155440,
9528,train-clean-360/1322/137588/1322-137588-0057.flac,155361,
9529,train-clean-360/100/122655/100-122655-0032.flac,155360,
9530,train-clean-360/1093/132891/1093-132891-0061.flac,155280,
9531,train-clean-360/1552/140651/1552-140651-0015.flac,155280,
9532,train-clean-360/1387/130993/1387-130993-0027.flac,155120,
9533,train-clean-360/1100/135264/1100-135264-0040.flac,155120,
9534,train-clean-360/119/129513/119-129513-0024.flac,155120,
9535,train-clean-360/1289/288043/1289-288043-0001.flac,155120,
9536,train-clean-360/1425/139297/1425-139297-0017.flac,154960,
9537,train-clean-360/154/124002/154-124002-0023.flac,154880,
9538,train-clean-360/115/121720/115-121720-0004.flac,154800,
9539,train-clean-360/1160/139730/1160-139730-0008.flac,154640,
9540,train-clean-360/1165/135216/1165-135216-0031.flac,154560,
9541,train-clean-360/1241/121106/1241-121106-0033.flac,154480,
9542,train-clean-360/1365/134830/1365-134830-0004.flac,154480,
9543,train-clean-360/1323/149236/1323-149236-0013.flac,154480,
9544,train-clean-360/159/135897/159-135897-0065.flac,154400,
9545,train-clean-360/1417/1539/1417-1539-0037.flac,154400,
9546,train-clean-360/115/122944/115-122944-0064.flac,154320,
9547,train-clean-360/1387/134991/1387-134991-0033.flac,154240,
9548,train-clean-360/1678/142279/1678-142279-0057.flac,154080,
9549,train-clean-360/1212/14653/1212-14653-0008.flac,154080,
9550,train-clean-360/1058/131113/1058-131113-0081.flac,154080,
9551,train-clean-360/1460/138289/1460-138289-0030.flac,154000,
9552,train-clean-360/1061/142358/1061-142358-0046.flac,154000,
9553,train-clean-360/1668/136280/1668-136280-0060.flac,153840,
9554,train-clean-360/1607/150715/1607-150715-0041.flac,153840,
9555,train-clean-360/126/122467/126-122467-0074.flac,153760,
9556,train-clean-360/1460/138290/1460-138290-0002.flac,153760,
9557,train-clean-360/1222/141174/1222-141174-0004.flac,153760,
9558,train-clean-360/1311/134176/1311-134176-0016.flac,153680,
9559,train-clean-360/1079/128636/1079-128636-0007.flac,153600,
9560,train-clean-360/1283/136983/1283-136983-0011.flac,153600,
9561,train-clean-360/1050/134119/1050-134119-0029.flac,153520,
9562,train-clean-360/1050/134120/1050-134120-0001.flac,153440,
9563,train-clean-360/100/122655/100-122655-0001.flac,153360,
9564,train-clean-360/1054/143005/1054-143005-0092.flac,153360,
9565,train-clean-360/1460/138289/1460-138289-0014.flac,153360,
9566,train-clean-360/1487/133273/1487-133273-0037.flac,153280,
9567,train-clean-360/1603/140931/1603-140931-0028.flac,153280,
9568,train-clean-360/1212/14653/1212-14653-0022.flac,153280,
9569,train-clean-360/1383/130489/1383-130489-0002.flac,153280,
9570,train-clean-360/1050/134120/1050-134120-0023.flac,153280,
9571,train-clean-360/115/122944/115-122944-0060.flac,153280,
9572,train-clean-360/1060/134451/1060-134451-0059.flac,152960,
9573,train-clean-360/1349/135891/1349-135891-0036.flac,152960,
9574,train-clean-360/1668/136271/1668-136271-0028.flac,152800,
9575,train-clean-360/1552/141135/1552-141135-0037.flac,152800,
9576,train-clean-360/16/122828/16-122828-0001.flac,152640,
9577,train-clean-360/1392/135659/1392-135659-0022.flac,152560,
9578,train-clean-360/1093/132891/1093-132891-0060.flac,152560,
9579,train-clean-360/1093/132891/1093-132891-0070.flac,152560,
9580,train-clean-360/1100/124547/1100-124547-0045.flac,152560,
9581,train-clean-360/1001/134707/1001-134707-0006.flac,152400,
9582,train-clean-360/1336/138115/1336-138115-0006.flac,152400,
9583,train-clean-360/1182/134981/1182-134981-0001.flac,152240,
9584,train-clean-360/1311/134170/1311-134170-0016.flac,152240,
9585,train-clean-360/1241/137614/1241-137614-0009.flac,152240,
9586,train-clean-360/1498/140040/1498-140040-0037.flac,152161,
9587,train-clean-360/115/122944/115-122944-0047.flac,152160,
9588,train-clean-360/166/126302/166-126302-0018.flac,152080,
9589,train-clean-360/1536/137608/1536-137608-0033.flac,152080,
9590,train-clean-360/1046/133225/1046-133225-0037.flac,152080,
9591,train-clean-360/1668/136271/1668-136271-0042.flac,152080,
9592,train-clean-360/1649/150127/1649-150127-0039.flac,151920,
9593,train-clean-360/1425/139291/1425-139291-0017.flac,151920,
9594,train-clean-360/1535/141644/1535-141644-0027.flac,151840,
9595,train-clean-360/159/121902/159-121902-0009.flac,151840,
9596,train-clean-360/1392/140654/1392-140654-0017.flac,151760,
9597,train-clean-360/1046/133224/1046-133224-0043.flac,151520,
9598,train-clean-360/1422/146111/1422-146111-0018.flac,151520,
9599,train-clean-360/1571/141320/1571-141320-0002.flac,151440,
9600,train-clean-360/1460/138290/1460-138290-0013.flac,151440,
9601,train-clean-360/1552/140651/1552-140651-0052.flac,151440,
9602,train-clean-360/1668/136280/1668-136280-0044.flac,151440,
9603,train-clean-360/1079/128636/1079-128636-0002.flac,151360,
9604,train-clean-360/1417/1536/1417-1536-0012.flac,151280,
9605,train-clean-360/126/122467/126-122467-0047.flac,151200,
9606,train-clean-360/1160/134674/1160-134674-0009.flac,151200,
9607,train-clean-360/1335/163935/1335-163935-0040.flac,151120,
9608,train-clean-360/1226/141279/1226-141279-0035.flac,150960,
9609,train-clean-360/1182/134981/1182-134981-0035.flac,150800,
9610,train-clean-360/1668/136271/1668-136271-0030.flac,150720,
9611,train-clean-360/157/121899/157-121899-0037.flac,150560,
9612,train-clean-360/1241/121106/1241-121106-0028.flac,150480,
9613,train-clean-360/1052/139307/1052-139307-0033.flac,150480,
9614,train-clean-360/157/121907/157-121907-0008.flac,150400,
9615,train-clean-360/1634/141571/1634-141571-0040.flac,150400,
9616,train-clean-360/1460/138289/1460-138289-0004.flac,150400,
9617,train-clean-360/1463/134465/1463-134465-0012.flac,150400,
9618,train-clean-360/1241/121103/1241-121103-0030.flac,150400,
9619,train-clean-360/1058/131113/1058-131113-0000.flac,150400,
9620,train-clean-360/1182/134316/1182-134316-0016.flac,150320,
9621,train-clean-360/1387/130989/1387-130989-0015.flac,150320,
9622,train-clean-360/1079/128631/1079-128631-0023.flac,150160,
9623,train-clean-360/1121/176698/1121-176698-0016.flac,150160,
9624,train-clean-360/1387/130989/1387-130989-0029.flac,150160,
9625,train-clean-360/1460/138289/1460-138289-0044.flac,150080,
9626,train-clean-360/1552/141135/1552-141135-0027.flac,150000,
9627,train-clean-360/1448/135894/1448-135894-0078.flac,149920,
9628,train-clean-360/1079/128632/1079-128632-0039.flac,149920,
9629,train-clean-360/1121/132777/1121-132777-0031.flac,149920,
9630,train-clean-360/1607/149245/1607-149245-0038.flac,149840,
9631,train-clean-360/1638/84448/1638-84448-0026.flac,149840,
9632,train-clean-360/115/122944/115-122944-0029.flac,149840,
9633,train-clean-360/1417/1536/1417-1536-0030.flac,149760,
9634,train-clean-360/1417/1536/1417-1536-0011.flac,149520,
9635,train-clean-360/1448/135894/1448-135894-0022.flac,149440,
9636,train-clean-360/1349/135891/1349-135891-0010.flac,149440,
9637,train-clean-360/1547/130184/1547-130184-0044.flac,149440,
9638,train-clean-360/1556/143307/1556-143307-0003.flac,149360,
9639,train-clean-360/1639/133290/1639-133290-0055.flac,149360,
9640,train-clean-360/1012/133424/1012-133424-0054.flac,149280,
9641,train-clean-360/1456/136846/1456-136846-0019.flac,149200,
9642,train-clean-360/1001/134707/1001-134707-0007.flac,149200,
9643,train-clean-360/1645/141819/1645-141819-0005.flac,149200,
9644,train-clean-360/1413/121799/1413-121799-0053.flac,149120,
9645,train-clean-360/16/122828/16-122828-0036.flac,149120,
9646,train-clean-360/1392/128226/1392-128226-0017.flac,149040,
9647,train-clean-360/1383/130489/1383-130489-0006.flac,148960,
9648,train-clean-360/1348/135826/1348-135826-0001.flac,148960,
9649,train-clean-360/1079/128632/1079-128632-0004.flac,148880,
9650,train-clean-360/1536/137608/1536-137608-0034.flac,148880,
9651,train-clean-360/1607/134636/1607-134636-0021.flac,148880,
9652,train-clean-360/1401/146770/1401-146770-0012.flac,148800,
9653,train-clean-360/1050/134121/1050-134121-0031.flac,148720,
9654,train-clean-360/1668/136280/1668-136280-0031.flac,148640,
9655,train-clean-360/1175/126220/1175-126220-0022.flac,148640,
9656,train-clean-360/1241/137614/1241-137614-0024.flac,148560,
9657,train-clean-360/1382/130548/1382-130548-0001.flac,148480,
9658,train-clean-360/1054/143005/1054-143005-0004.flac,148400,
9659,train-clean-360/1323/138548/1323-138548-0020.flac,148320,
9660,train-clean-360/126/122467/126-122467-0056.flac,148240,
9661,train-clean-360/1668/136280/1668-136280-0024.flac,148240,
9662,train-clean-360/1348/135826/1348-135826-0007.flac,148240,
9663,train-clean-360/1271/136861/1271-136861-0007.flac,148240,
9664,train-clean-360/1058/131113/1058-131113-0059.flac,148159,
9665,train-clean-360/1445/139404/1445-139404-0021.flac,148080,
9666,train-clean-360/1001/134707/1001-134707-0067.flac,148080,
9667,train-clean-360/1603/140931/1603-140931-0037.flac,148000,
9668,train-clean-360/1264/129805/1264-129805-0059.flac,147920,
9669,train-clean-360/1413/121799/1413-121799-0078.flac,147840,
9670,train-clean-360/1422/146111/1422-146111-0002.flac,147760,
9671,train-clean-360/1025/75365/1025-75365-0002.flac,147680,
9672,train-clean-360/1392/140654/1392-140654-0011.flac,147680,
9673,train-clean-360/1226/141279/1226-141279-0010.flac,147600,
9674,train-clean-360/1445/139397/1445-139397-0024.flac,147600,
9675,train-clean-360/1678/142279/1678-142279-0012.flac,147440,
9676,train-clean-360/1547/130184/1547-130184-0035.flac,147361,
9677,train-clean-360/1028/133393/1028-133393-0015.flac,147360,
9678,train-clean-360/1050/134120/1050-134120-0005.flac,147360,
9679,train-clean-360/1160/139730/1160-139730-0010.flac,147360,
9680,train-clean-360/1513/140222/1513-140222-0008.flac,147280,
9681,train-clean-360/1473/135657/1473-135657-0082.flac,147200,
9682,train-clean-360/1050/134119/1050-134119-0041.flac,147120,
9683,train-clean-360/1603/139324/1603-139324-0018.flac,147120,
9684,train-clean-360/1271/136861/1271-136861-0039.flac,147040,
9685,train-clean-360/1028/133395/1028-133395-0051.flac,147040,
9686,train-clean-360/157/121899/157-121899-0022.flac,147040,
9687,train-clean-360/122/129752/122-129752-0014.flac,146960,
9688,train-clean-360/119/129515/119-129515-0004.flac,146880,
9689,train-clean-360/1182/134981/1182-134981-0033.flac,146880,
9690,train-clean-360/1425/139291/1425-139291-0029.flac,146880,
9691,train-clean-360/1060/134451/1060-134451-0066.flac,146880,
9692,train-clean-360/154/124003/154-124003-0014.flac,146880,
9693,train-clean-360/1638/84447/1638-84447-0036.flac,146880,
9694,train-clean-360/1241/121103/1241-121103-0010.flac,146800,
9695,train-clean-360/1323/138617/1323-138617-0004.flac,146720,
9696,train-clean-360/1639/132848/1639-132848-0058.flac,146720,
9697,train-clean-360/1634/141571/1634-141571-0005.flac,146720,
9698,train-clean-360/1445/139387/1445-139387-0029.flac,146559,
9699,train-clean-360/1337/10673/1337-10673-0009.flac,146480,
9700,train-clean-360/1079/128632/1079-128632-0003.flac,146400,
9701,train-clean-360/1668/136280/1668-136280-0011.flac,146400,
9702,train-clean-360/1417/1532/1417-1532-0009.flac,146240,
9703,train-clean-360/1337/10673/1337-10673-0015.flac,146240,
9704,train-clean-360/1316/132782/1316-132782-0038.flac,146240,
9705,train-clean-360/1335/27593/1335-27593-0023.flac,146240,
9706,train-clean-360/1634/141571/1634-141571-0018.flac,146160,
9707,train-clean-360/1445/139404/1445-139404-0006.flac,146160,
9708,train-clean-360/14/212/14-212-0050.flac,146000,
9709,train-clean-360/16/122827/16-122827-0023.flac,145840,
9710,train-clean-360/1456/136846/1456-136846-0025.flac,145760,
9711,train-clean-360/1322/137588/1322-137588-0016.flac,145760,
9712,train-clean-360/1513/140221/1513-140221-0012.flac,145680,
9713,train-clean-360/1165/135216/1165-135216-0056.flac,145520,
9714,train-clean-360/1498/140040/1498-140040-0051.flac,145520,
9715,train-clean-360/1638/84447/1638-84447-0046.flac,145520,
9716,train-clean-360/1668/136280/1668-136280-0041.flac,145440,
9717,train-clean-360/1365/134804/1365-134804-0004.flac,145440,
9718,train-clean-360/1498/140041/1498-140041-0016.flac,145440,
9719,train-clean-360/1241/121103/1241-121103-0015.flac,145440,
9720,train-clean-360/1283/129808/1283-129808-0045.flac,145440,
9721,train-clean-360/1634/141571/1634-141571-0066.flac,145360,
9722,train-clean-360/1271/136861/1271-136861-0005.flac,145280,
9723,train-clean-360/1513/140221/1513-140221-0018.flac,145120,
9724,train-clean-360/1093/132891/1093-132891-0027.flac,145040,
9725,train-clean-360/1571/141320/1571-141320-0023.flac,144960,
9726,train-clean-360/1018/133447/1018-133447-0039.flac,144880,
9727,train-clean-360/1112/128136/1112-128136-0001.flac,144880,
9728,train-clean-360/1100/135264/1100-135264-0010.flac,144800,
9729,train-clean-360/119/129514/119-129514-0012.flac,144800,
9730,train-clean-360/1283/136983/1283-136983-0051.flac,144720,
9731,train-clean-360/1335/163935/1335-163935-0025.flac,144640,
9732,train-clean-360/1165/135220/1165-135220-0018.flac,144560,
9733,train-clean-360/1112/128138/1112-128138-0032.flac,144560,
9734,train-clean-360/1175/126221/1175-126221-0041.flac,144560,
9735,train-clean-360/1112/128138/1112-128138-0024.flac,144400,
9736,train-clean-360/1058/131113/1058-131113-0062.flac,144400,
9737,train-clean-360/1401/146770/1401-146770-0010.flac,144320,
9738,train-clean-360/1224/121064/1224-121064-0080.flac,144320,
9739,train-clean-360/1290/135762/1290-135762-0079.flac,144241,
9740,train-clean-360/1079/128632/1079-128632-0002.flac,144240,
9741,train-clean-360/1343/139681/1343-139681-0033.flac,144160,
9742,train-clean-360/1222/141174/1222-141174-0044.flac,144160,
9743,train-clean-360/1668/136280/1668-136280-0000.flac,144160,
9744,train-clean-360/1271/136861/1271-136861-0041.flac,144160,
9745,train-clean-360/1668/136280/1668-136280-0032.flac,144080,
9746,train-clean-360/1100/124547/1100-124547-0051.flac,144000,
9747,train-clean-360/1195/130164/1195-130164-0011.flac,143920,
9748,train-clean-360/1509/143477/1509-143477-0024.flac,143920,
9749,train-clean-360/1392/135659/1392-135659-0029.flac,143760,
9750,train-clean-360/1445/139397/1445-139397-0028.flac,143440,
9751,train-clean-360/1509/145699/1509-145699-0011.flac,143440,
9752,train-clean-360/1603/140931/1603-140931-0014.flac,143440,
9753,train-clean-360/115/122944/115-122944-0089.flac,143360,
9754,train-clean-360/1382/130492/1382-130492-0028.flac,143360,
9755,train-clean-360/166/122789/166-122789-0040.flac,143360,
9756,train-clean-360/1365/134804/1365-134804-0000.flac,143280,
9757,train-clean-360/1079/128632/1079-128632-0007.flac,143280,
9758,train-clean-360/1552/140651/1552-140651-0022.flac,143200,
9759,train-clean-360/1668/136271/1668-136271-0047.flac,143200,
9760,train-clean-360/115/122944/115-122944-0036.flac,143040,
9761,train-clean-360/1552/140656/1552-140656-0005.flac,143040,
9762,train-clean-360/1413/121799/1413-121799-0092.flac,143040,
9763,train-clean-360/1638/84448/1638-84448-0005.flac,142960,
9764,train-clean-360/14/208/14-208-0056.flac,142800,
9765,train-clean-360/1668/136280/1668-136280-0037.flac,142800,
9766,train-clean-360/1316/132782/1316-132782-0036.flac,142800,
9767,train-clean-360/1060/134451/1060-134451-0029.flac,142640,
9768,train-clean-360/1446/122614/1446-122614-0036.flac,142640,
9769,train-clean-360/126/125084/126-125084-0043.flac,142640,
9770,train-clean-360/1365/134830/1365-134830-0006.flac,142560,
9771,train-clean-360/1061/142358/1061-142358-0001.flac,142480,
9772,train-clean-360/115/122944/115-122944-0045.flac,142480,
9773,train-clean-360/1445/139404/1445-139404-0033.flac,142400,
9774,train-clean-360/14/212/14-212-0046.flac,142399,
9775,train-clean-360/1639/133290/1639-133290-0066.flac,142320,
9776,train-clean-360/1265/135635/1265-135635-0066.flac,142160,
9777,train-clean-360/119/121722/119-121722-0000.flac,142160,
9778,train-clean-360/1668/136271/1668-136271-0009.flac,142160,
9779,train-clean-360/1390/130494/1390-130494-0000.flac,142080,
9780,train-clean-360/126/122467/126-122467-0011.flac,142080,
9781,train-clean-360/1556/143307/1556-143307-0075.flac,142080,
9782,train-clean-360/1634/141571/1634-141571-0063.flac,142080,
9783,train-clean-360/1390/130493/1390-130493-0006.flac,142080,
9784,train-clean-360/1607/150715/1607-150715-0032.flac,142000,
9785,train-clean-360/1093/132891/1093-132891-0032.flac,142000,
9786,train-clean-360/1241/137614/1241-137614-0035.flac,142000,
9787,train-clean-360/1473/135657/1473-135657-0108.flac,141920,
9788,train-clean-360/1603/141713/1603-141713-0004.flac,141920,
9789,train-clean-360/1668/136280/1668-136280-0045.flac,141840,
9790,train-clean-360/1066/4479/1066-4479-0038.flac,141840,
9791,train-clean-360/1460/138289/1460-138289-0046.flac,141760,
9792,train-clean-360/1160/134674/1160-134674-0013.flac,141680,
9793,train-clean-360/1271/136861/1271-136861-0015.flac,141600,
9794,train-clean-360/1348/135826/1348-135826-0019.flac,141600,
9795,train-clean-360/1638/84447/1638-84447-0042.flac,141360,
9796,train-clean-360/1634/141571/1634-141571-0067.flac,141360,
9797,train-clean-360/1413/121799/1413-121799-0016.flac,141200,
9798,train-clean-360/1552/140651/1552-140651-0034.flac,141200,
9799,train-clean-360/1535/141644/1535-141644-0034.flac,141200,
9800,train-clean-360/1028/133393/1028-133393-0008.flac,141120,
9801,train-clean-360/1401/146770/1401-146770-0026.flac,141120,
9802,train-clean-360/115/122944/115-122944-0050.flac,141040,
9803,train-clean-360/126/125084/126-125084-0000.flac,140880,
9804,train-clean-360/1264/129805/1264-129805-0073.flac,140800,
9805,train-clean-360/1028/133395/1028-133395-0048.flac,140800,
9806,train-clean-360/1224/121064/1224-121064-0043.flac,140720,
9807,train-clean-360/1460/138290/1460-138290-0003.flac,140720,
9808,train-clean-360/1182/134316/1182-134316-0023.flac,140560,
9809,train-clean-360/1668/136271/1668-136271-0004.flac,140560,
9810,train-clean-360/1487/133273/1487-133273-0093.flac,140560,
9811,train-clean-360/126/122467/126-122467-0059.flac,140560,
9812,train-clean-360/1296/138074/1296-138074-0042.flac,140480,
9813,train-clean-360/1668/136271/1668-136271-0003.flac,140480,
9814,train-clean-360/1060/134451/1060-134451-0052.flac,140480,
9815,train-clean-360/16/122827/16-122827-0045.flac,140400,
9816,train-clean-360/1472/142848/1472-142848-0035.flac,140400,
9817,train-clean-360/1271/136861/1271-136861-0026.flac,140400,
9818,train-clean-360/1212/185485/1212-185485-0037.flac,140400,
9819,train-clean-360/1283/136983/1283-136983-0020.flac,140400,
9820,train-clean-360/1348/135832/1348-135832-0020.flac,140320,
9821,train-clean-360/1498/140041/1498-140041-0024.flac,140320,
9822,train-clean-360/1311/134170/1311-134170-0012.flac,140240,
9823,train-clean-360/1413/121799/1413-121799-0132.flac,140240,
9824,train-clean-360/1607/150715/1607-150715-0023.flac,140160,
9825,train-clean-360/100/121669/100-121669-0006.flac,140080,
9826,train-clean-360/115/122944/115-122944-0056.flac,140080,
9827,train-clean-360/1031/133220/1031-133220-0012.flac,140000,
9828,train-clean-360/1413/121799/1413-121799-0120.flac,139920,
9829,train-clean-360/1668/136271/1668-136271-0035.flac,139919,
9830,train-clean-360/1482/140072/1482-140072-0030.flac,139760,
9831,train-clean-360/1165/135216/1165-135216-0030.flac,139681,
9832,train-clean-360/1639/132848/1639-132848-0049.flac,139680,
9833,train-clean-360/1482/140072/1482-140072-0010.flac,139680,
9834,train-clean-360/1121/132777/1121-132777-0006.flac,139440,
9835,train-clean-360/1552/140651/1552-140651-0016.flac,139360,
9836,train-clean-360/101/126860/101-126860-0012.flac,139280,
9837,train-clean-360/154/124003/154-124003-0009.flac,139200,
9838,train-clean-360/1058/131113/1058-131113-0077.flac,139200,
9839,train-clean-360/1547/130184/1547-130184-0045.flac,139200,
9840,train-clean-360/1460/138290/1460-138290-0042.flac,139200,
9841,train-clean-360/1079/128632/1079-128632-0001.flac,139040,
9842,train-clean-360/1536/138488/1536-138488-0001.flac,138960,
9843,train-clean-360/1313/135020/1313-135020-0006.flac,138880,
9844,train-clean-360/1460/138290/1460-138290-0020.flac,138880,
9845,train-clean-360/159/121891/159-121891-0005.flac,138879,
9846,train-clean-360/1264/129805/1264-129805-0071.flac,138800,
9847,train-clean-360/119/129514/119-129514-0041.flac,138720,
9848,train-clean-360/1271/133279/1271-133279-0027.flac,138560,
9849,train-clean-360/1054/143005/1054-143005-0106.flac,138560,
9850,train-clean-360/101/126859/101-126859-0012.flac,138480,
9851,train-clean-360/1413/121799/1413-121799-0077.flac,138480,
9852,train-clean-360/1392/128226/1392-128226-0018.flac,138400,
9853,train-clean-360/1509/143477/1509-143477-0023.flac,138400,
9854,train-clean-360/126/122467/126-122467-0083.flac,138399,
9855,train-clean-360/1079/128636/1079-128636-0008.flac,138320,
9856,train-clean-360/1392/135659/1392-135659-0019.flac,138240,
9857,train-clean-360/1165/135216/1165-135216-0009.flac,138160,
9858,train-clean-360/119/121722/119-121722-0004.flac,138080,
9859,train-clean-360/1264/129805/1264-129805-0058.flac,138080,
9860,train-clean-360/1241/121106/1241-121106-0015.flac,138000,
9861,train-clean-360/14/212/14-212-0023.flac,138000,
9862,train-clean-360/1487/133273/1487-133273-0054.flac,137920,
9863,train-clean-360/159/135897/159-135897-0079.flac,137920,
9864,train-clean-360/1031/133220/1031-133220-0043.flac,137840,
9865,train-clean-360/1456/130545/1456-130545-0015.flac,137760,
9866,train-clean-360/1498/140040/1498-140040-0029.flac,137760,
9867,train-clean-360/1417/1536/1417-1536-0029.flac,137680,
9868,train-clean-360/1165/135220/1165-135220-0025.flac,137520,
9869,train-clean-360/1603/139325/1603-139325-0000.flac,137440,
9870,train-clean-360/1182/134316/1182-134316-0017.flac,137280,
9871,train-clean-360/1212/185485/1212-185485-0018.flac,137280,
9872,train-clean-360/1079/128633/1079-128633-0017.flac,137120,
9873,train-clean-360/119/129514/119-129514-0034.flac,136960,
9874,train-clean-360/1472/142848/1472-142848-0018.flac,136960,
9875,train-clean-360/1547/130184/1547-130184-0073.flac,136880,
9876,train-clean-360/1264/129805/1264-129805-0061.flac,136880,
9877,train-clean-360/1678/142279/1678-142279-0073.flac,136800,
9878,train-clean-360/1607/149245/1607-149245-0033.flac,136800,
9879,train-clean-360/1182/134981/1182-134981-0015.flac,136800,
9880,train-clean-360/115/122944/115-122944-0058.flac,136560,
9881,train-clean-360/16/122827/16-122827-0048.flac,136480,
9882,train-clean-360/1678/142279/1678-142279-0054.flac,136480,
9883,train-clean-360/1535/141644/1535-141644-0006.flac,136240,
9884,train-clean-360/1121/135824/1121-135824-0040.flac,136240,
9885,train-clean-360/1509/145699/1509-145699-0023.flac,136160,
9886,train-clean-360/1425/139297/1425-139297-0022.flac,136160,
9887,train-clean-360/1536/138488/1536-138488-0047.flac,136160,
9888,train-clean-360/1556/139350/1556-139350-0030.flac,136160,
9889,train-clean-360/1379/130486/1379-130486-0020.flac,136160,
9890,train-clean-360/1060/134451/1060-134451-0090.flac,136080,
9891,train-clean-360/1175/126220/1175-126220-0027.flac,136080,
9892,train-clean-360/1046/133224/1046-133224-0029.flac,135760,
9893,train-clean-360/1456/136846/1456-136846-0029.flac,135680,
9894,train-clean-360/115/122944/115-122944-0042.flac,135680,
9895,train-clean-360/1160/139727/1160-139727-0008.flac,135600,
9896,train-clean-360/1058/131113/1058-131113-0064.flac,135520,
9897,train-clean-360/1639/133290/1639-133290-0003.flac,135520,
9898,train-clean-360/1289/288044/1289-288044-0052.flac,135520,
9899,train-clean-360/1571/138486/1571-138486-0030.flac,135440,
9900,train-clean-360/1160/139717/1160-139717-0029.flac,135440,
9901,train-clean-360/1607/134636/1607-134636-0032.flac,135440,
9902,train-clean-360/1638/84448/1638-84448-0004.flac,135440,
9903,train-clean-360/1054/143005/1054-143005-0103.flac,135360,
9904,train-clean-360/1417/1532/1417-1532-0006.flac,135360,
9905,train-clean-360/1382/130516/1382-130516-0016.flac,135199,
9906,train-clean-360/1322/137589/1322-137589-0048.flac,135120,
9907,train-clean-360/1241/137614/1241-137614-0017.flac,135040,
9908,train-clean-360/1050/134119/1050-134119-0012.flac,135040,
9909,train-clean-360/1634/141571/1634-141571-0038.flac,135040,
9910,train-clean-360/119/129513/119-129513-0005.flac,134880,
9911,train-clean-360/1224/121064/1224-121064-0075.flac,134880,
9912,train-clean-360/114/129324/114-129324-0033.flac,134800,
9913,train-clean-360/1283/136983/1283-136983-0035.flac,134800,
9914,train-clean-360/1224/121064/1224-121064-0111.flac,134720,
9915,train-clean-360/1027/125140/1027-125140-0057.flac,134720,
9916,train-clean-360/1456/136846/1456-136846-0030.flac,134720,
9917,train-clean-360/1390/130494/1390-130494-0013.flac,134720,
9918,train-clean-360/126/122467/126-122467-0053.flac,134640,
9919,train-clean-360/1668/136271/1668-136271-0029.flac,134640,
9920,train-clean-360/1401/14358/1401-14358-0013.flac,134640,
9921,train-clean-360/1337/10674/1337-10674-0051.flac,134640,
9922,train-clean-360/1222/133834/1222-133834-0046.flac,134640,
9923,train-clean-360/1482/140072/1482-140072-0000.flac,134560,
9924,train-clean-360/1112/128138/1112-128138-0039.flac,134560,
9925,train-clean-360/159/135897/159-135897-0003.flac,134560,
9926,train-clean-360/1283/129808/1283-129808-0030.flac,134480,
9927,train-clean-360/1446/122614/1446-122614-0017.flac,134480,
9928,train-clean-360/1093/132891/1093-132891-0122.flac,134480,
9929,train-clean-360/1027/125140/1027-125140-0031.flac,134480,
9930,train-clean-360/166/122789/166-122789-0012.flac,134400,
9931,train-clean-360/1313/135020/1313-135020-0034.flac,134400,
9932,train-clean-360/1313/135020/1313-135020-0027.flac,134240,
9933,train-clean-360/115/122944/115-122944-0082.flac,134080,
9934,train-clean-360/1290/135762/1290-135762-0082.flac,134080,
9935,train-clean-360/1365/134830/1365-134830-0022.flac,134080,
9936,train-clean-360/1336/138115/1336-138115-0010.flac,134080,
9937,train-clean-360/1226/141279/1226-141279-0022.flac,134000,
9938,train-clean-360/1264/129805/1264-129805-0006.flac,133920,
9939,train-clean-360/115/122944/115-122944-0102.flac,133920,
9940,train-clean-360/159/135897/159-135897-0074.flac,133840,
9941,train-clean-360/1212/75242/1212-75242-0009.flac,133600,
9942,train-clean-360/1212/185485/1212-185485-0030.flac,133520,
9943,train-clean-360/122/121730/122-121730-0003.flac,133520,
9944,train-clean-360/1498/140041/1498-140041-0046.flac,133520,
9945,train-clean-360/1337/10674/1337-10674-0039.flac,133440,
9946,train-clean-360/1264/135033/1264-135033-0011.flac,133280,
9947,train-clean-360/1182/134981/1182-134981-0019.flac,133200,
9948,train-clean-360/126/122467/126-122467-0014.flac,133200,
9949,train-clean-360/1093/132891/1093-132891-0106.flac,133200,
9950,train-clean-360/1498/140041/1498-140041-0015.flac,133120,
9951,train-clean-360/1160/134674/1160-134674-0007.flac,133120,
9952,train-clean-360/1265/135636/1265-135636-0014.flac,133120,
9953,train-clean-360/115/121896/115-121896-0013.flac,133120,
9954,train-clean-360/1456/136846/1456-136846-0033.flac,133040,
9955,train-clean-360/1417/1536/1417-1536-0032.flac,133040,
9956,train-clean-360/1417/1536/1417-1536-0000.flac,133040,
9957,train-clean-360/1271/136861/1271-136861-0048.flac,132960,
9958,train-clean-360/1337/10674/1337-10674-0035.flac,132960,
9959,train-clean-360/1028/133393/1028-133393-0042.flac,132800,
9960,train-clean-360/1053/132821/1053-132821-0037.flac,132800,
9961,train-clean-360/1093/132891/1093-132891-0035.flac,132800,
9962,train-clean-360/1348/135832/1348-135832-0023.flac,132800,
9963,train-clean-360/1100/124547/1100-124547-0047.flac,132640,
9964,train-clean-360/16/122828/16-122828-0020.flac,132640,
9965,train-clean-360/114/129324/114-129324-0057.flac,132640,
9966,train-clean-360/1472/285314/1472-285314-0004.flac,132560,
9967,train-clean-360/1052/139307/1052-139307-0012.flac,132560,
9968,train-clean-360/1536/137608/1536-137608-0032.flac,132480,
9969,train-clean-360/1463/134463/1463-134463-0062.flac,132400,
9970,train-clean-360/1093/132891/1093-132891-0056.flac,132400,
9971,train-clean-360/1536/137608/1536-137608-0011.flac,132400,
9972,train-clean-360/122/121730/122-121730-0028.flac,132320,
9973,train-clean-360/1401/174511/1401-174511-0002.flac,132240,
9974,train-clean-360/1093/132891/1093-132891-0080.flac,132240,
9975,train-clean-360/1283/129808/1283-129808-0018.flac,132160,
9976,train-clean-360/1387/130989/1387-130989-0002.flac,131920,
9977,train-clean-360/1316/132782/1316-132782-0054.flac,131840,
9978,train-clean-360/157/121899/157-121899-0024.flac,131840,
9979,train-clean-360/1668/136280/1668-136280-0053.flac,131760,
9980,train-clean-360/1050/134119/1050-134119-0015.flac,131760,
9981,train-clean-360/1289/288044/1289-288044-0029.flac,131680,
9982,train-clean-360/100/122655/100-122655-0034.flac,131680,
9983,train-clean-360/126/122467/126-122467-0075.flac,131600,
9984,train-clean-360/115/122944/115-122944-0092.flac,131600,
9985,train-clean-360/1264/135033/1264-135033-0008.flac,131520,
9986,train-clean-360/1241/137614/1241-137614-0032.flac,131440,
9987,train-clean-360/1212/14653/1212-14653-0030.flac,131440,
9988,train-clean-360/1241/121103/1241-121103-0037.flac,131440,
9989,train-clean-360/1639/132848/1639-132848-0042.flac,131360,
9990,train-clean-360/1316/132800/1316-132800-0041.flac,131360,
9991,train-clean-360/1668/136271/1668-136271-0045.flac,131200,
9992,train-clean-360/1311/134170/1311-134170-0056.flac,131200,
9993,train-clean-360/1290/135762/1290-135762-0070.flac,131200,
9994,train-clean-360/1417/1539/1417-1539-0041.flac,131200,
9995,train-clean-360/1349/135891/1349-135891-0006.flac,130960,
9996,train-clean-360/1031/133220/1031-133220-0048.flac,130960,
9997,train-clean-360/1054/143005/1054-143005-0017.flac,130960,
9998,train-clean-360/1607/134636/1607-134636-0033.flac,130880,
9999,train-clean-360/1160/134674/1160-134674-0014.flac,130880,
10000,train-clean-360/1224/121064/1224-121064-0024.flac,130800,
10001,train-clean-360/157/121907/157-121907-0006.flac,130800,
10002,train-clean-360/1487/133273/1487-133273-0080.flac,130720,
10003,train-clean-360/115/122944/115-122944-0081.flac,130640,
10004,train-clean-360/159/135897/159-135897-0059.flac,130560,
10005,train-clean-360/1289/288044/1289-288044-0058.flac,130560,
10006,train-clean-360/1552/140651/1552-140651-0038.flac,130560,
10007,train-clean-360/1226/141279/1226-141279-0011.flac,130480,
10008,train-clean-360/1460/138290/1460-138290-0048.flac,130400,
10009,train-clean-360/1448/135894/1448-135894-0053.flac,130320,
10010,train-clean-360/1387/130993/1387-130993-0032.flac,130320,
10011,train-clean-360/1226/141270/1226-141270-0013.flac,130320,
10012,train-clean-360/1417/1539/1417-1539-0011.flac,130240,
10013,train-clean-360/1513/140222/1513-140222-0010.flac,130081,
10014,train-clean-360/1182/134316/1182-134316-0030.flac,130000,
10015,train-clean-360/1053/132821/1053-132821-0042.flac,129920,
10016,train-clean-360/1487/133273/1487-133273-0085.flac,129840,
10017,train-clean-360/1390/130494/1390-130494-0034.flac,129840,
10018,train-clean-360/1290/135762/1290-135762-0050.flac,129840,
10019,train-clean-360/1509/143477/1509-143477-0025.flac,129680,
10020,train-clean-360/1678/142279/1678-142279-0045.flac,129680,
10021,train-clean-360/1365/134825/1365-134825-0020.flac,129520,
10022,train-clean-360/1322/137589/1322-137589-0036.flac,129440,
10023,train-clean-360/1498/140041/1498-140041-0005.flac,129440,
10024,train-clean-360/1547/130184/1547-130184-0077.flac,129440,
10025,train-clean-360/166/122789/166-122789-0042.flac,129200,
10026,train-clean-360/1271/136861/1271-136861-0042.flac,129120,
10027,train-clean-360/1348/135826/1348-135826-0012.flac,129120,
10028,train-clean-360/1001/134708/1001-134708-0008.flac,129120,
10029,train-clean-360/1417/1539/1417-1539-0004.flac,128960,
10030,train-clean-360/1121/135824/1121-135824-0029.flac,128960,
10031,train-clean-360/1390/130494/1390-130494-0024.flac,128960,
10032,train-clean-360/1634/141571/1634-141571-0051.flac,128880,
10033,train-clean-360/1283/129808/1283-129808-0055.flac,128880,
10034,train-clean-360/1668/136280/1668-136280-0004.flac,128880,
10035,train-clean-360/1336/138113/1336-138113-0019.flac,128800,
10036,train-clean-360/1066/5330/1066-5330-0018.flac,128640,
10037,train-clean-360/1445/139397/1445-139397-0022.flac,128640,
10038,train-clean-360/1182/134981/1182-134981-0009.flac,128640,
10039,train-clean-360/1639/133290/1639-133290-0061.flac,128560,
10040,train-clean-360/1365/134830/1365-134830-0012.flac,128560,
10041,train-clean-360/100/121669/100-121669-0019.flac,128480,
10042,train-clean-360/122/121729/122-121729-0009.flac,128480,
10043,train-clean-360/1639/133290/1639-133290-0036.flac,128480,
10044,train-clean-360/1547/130184/1547-130184-0017.flac,128400,
10045,train-clean-360/1335/160602/1335-160602-0018.flac,128320,
10046,train-clean-360/1054/143005/1054-143005-0082.flac,128240,
10047,train-clean-360/159/121902/159-121902-0005.flac,128240,
10048,train-clean-360/1160/139727/1160-139727-0002.flac,128160,
10049,train-clean-360/115/122944/115-122944-0083.flac,128160,
10050,train-clean-360/1283/136983/1283-136983-0006.flac,128000,
10051,train-clean-360/1392/140654/1392-140654-0008.flac,128000,
10052,train-clean-360/1313/135020/1313-135020-0044.flac,128000,
10053,train-clean-360/122/121729/122-121729-0016.flac,127840,
10054,train-clean-360/1100/124547/1100-124547-0027.flac,127760,
10055,train-clean-360/1383/130489/1383-130489-0025.flac,127680,
10056,train-clean-360/1417/1539/1417-1539-0013.flac,127440,
10057,train-clean-360/1379/130517/1379-130517-0001.flac,127360,
10058,train-clean-360/159/135897/159-135897-0078.flac,127360,
10059,train-clean-360/1061/142358/1061-142358-0020.flac,127360,
10060,train-clean-360/1121/176698/1121-176698-0030.flac,127120,
10061,train-clean-360/1182/133396/1182-133396-0025.flac,127120,
10062,train-clean-360/1639/133290/1639-133290-0030.flac,127120,
10063,train-clean-360/1417/1532/1417-1532-0040.flac,127120,
10064,train-clean-360/1316/132782/1316-132782-0041.flac,126960,
10065,train-clean-360/157/126796/157-126796-0052.flac,126960,
10066,train-clean-360/101/126860/101-126860-0006.flac,126880,
10067,train-clean-360/1264/129805/1264-129805-0054.flac,126880,
10068,train-clean-360/1241/137614/1241-137614-0025.flac,126800,
10069,train-clean-360/1678/142279/1678-142279-0036.flac,126800,
10070,train-clean-360/1552/140651/1552-140651-0007.flac,126800,
10071,train-clean-360/1222/133834/1222-133834-0052.flac,126800,
10072,train-clean-360/1241/137614/1241-137614-0021.flac,126800,
10073,train-clean-360/1222/133834/1222-133834-0036.flac,126720,
10074,train-clean-360/1046/133225/1046-133225-0013.flac,126720,
10075,train-clean-360/1448/135894/1448-135894-0065.flac,126640,
10076,train-clean-360/1012/133424/1012-133424-0048.flac,126640,
10077,train-clean-360/1100/124547/1100-124547-0056.flac,126560,
10078,train-clean-360/1316/132782/1316-132782-0002.flac,126481,
10079,train-clean-360/1607/150715/1607-150715-0019.flac,126480,
10080,train-clean-360/1473/135657/1473-135657-0097.flac,126480,
10081,train-clean-360/1392/140654/1392-140654-0002.flac,126480,
10082,train-clean-360/112/121727/112-121727-0011.flac,126480,
10083,train-clean-360/1079/128633/1079-128633-0010.flac,126400,
10084,train-clean-360/1473/135657/1473-135657-0071.flac,126400,
10085,train-clean-360/1638/84448/1638-84448-0014.flac,126320,
10086,train-clean-360/1392/140654/1392-140654-0007.flac,126320,
10087,train-clean-360/1417/1536/1417-1536-0026.flac,126240,
10088,train-clean-360/1027/125140/1027-125140-0067.flac,126240,
10089,train-clean-360/1336/138113/1336-138113-0038.flac,126160,
10090,train-clean-360/1552/140651/1552-140651-0014.flac,126160,
10091,train-clean-360/1460/138289/1460-138289-0025.flac,126080,
10092,train-clean-360/1050/134119/1050-134119-0023.flac,126080,
10093,train-clean-360/1336/138115/1336-138115-0043.flac,126080,
10094,train-clean-360/1264/135033/1264-135033-0033.flac,126000,
10095,train-clean-360/1283/129808/1283-129808-0041.flac,125920,
10096,train-clean-360/1027/125140/1027-125140-0058.flac,125920,
10097,train-clean-360/1425/139290/1425-139290-0030.flac,125840,
10098,train-clean-360/1348/135826/1348-135826-0051.flac,125840,
10099,train-clean-360/1079/128631/1079-128631-0026.flac,125840,
10100,train-clean-360/154/124003/154-124003-0022.flac,125840,
10101,train-clean-360/1417/1539/1417-1539-0026.flac,125760,
10102,train-clean-360/1323/138617/1323-138617-0023.flac,125760,
10103,train-clean-360/1058/131113/1058-131113-0067.flac,125760,
10104,train-clean-360/1031/133220/1031-133220-0005.flac,125600,
10105,train-clean-360/1290/135762/1290-135762-0072.flac,125520,
10106,train-clean-360/1079/128631/1079-128631-0007.flac,125520,
10107,train-clean-360/1641/130505/1641-130505-0010.flac,125440,
10108,train-clean-360/1018/133447/1018-133447-0022.flac,125360,
10109,train-clean-360/1603/141713/1603-141713-0017.flac,125360,
10110,train-clean-360/1195/135814/1195-135814-0038.flac,125360,
10111,train-clean-360/1093/132891/1093-132891-0087.flac,125200,
10112,train-clean-360/1417/1539/1417-1539-0044.flac,125120,
10113,train-clean-360/1487/133273/1487-133273-0105.flac,125040,
10114,train-clean-360/16/122827/16-122827-0005.flac,125040,
10115,train-clean-360/126/122467/126-122467-0007.flac,124960,
10116,train-clean-360/1603/140931/1603-140931-0004.flac,124881,
10117,train-clean-360/1265/135636/1265-135636-0021.flac,124880,
10118,train-clean-360/1387/134991/1387-134991-0038.flac,124880,
10119,train-clean-360/1337/10673/1337-10673-0022.flac,124720,
10120,train-clean-360/1513/140222/1513-140222-0051.flac,124640,
10121,train-clean-360/1535/141644/1535-141644-0019.flac,124560,
10122,train-clean-360/1638/84448/1638-84448-0010.flac,124320,
10123,train-clean-360/1241/137614/1241-137614-0000.flac,124240,
10124,train-clean-360/1498/140041/1498-140041-0013.flac,124160,
10125,train-clean-360/1603/140931/1603-140931-0026.flac,124080,
10126,train-clean-360/1058/131113/1058-131113-0007.flac,124000,
10127,train-clean-360/1290/135762/1290-135762-0047.flac,124000,
10128,train-clean-360/1224/121064/1224-121064-0101.flac,124000,
10129,train-clean-360/1547/130184/1547-130184-0047.flac,124000,
10130,train-clean-360/1392/135659/1392-135659-0028.flac,123920,
10131,train-clean-360/1482/140072/1482-140072-0016.flac,123920,
10132,train-clean-360/1422/146111/1422-146111-0005.flac,123920,
10133,train-clean-360/1093/132891/1093-132891-0026.flac,123840,
10134,train-clean-360/1383/130489/1383-130489-0030.flac,123840,
10135,train-clean-360/119/121722/119-121722-0001.flac,123760,
10136,train-clean-360/1290/135762/1290-135762-0069.flac,123680,
10137,train-clean-360/1182/134316/1182-134316-0021.flac,123680,
10138,train-clean-360/1046/133224/1046-133224-0041.flac,123600,
10139,train-clean-360/1322/137588/1322-137588-0008.flac,123520,
10140,train-clean-360/1387/134991/1387-134991-0009.flac,123520,
10141,train-clean-360/115/122944/115-122944-0030.flac,123520,
10142,train-clean-360/119/129514/119-129514-0040.flac,123520,
10143,train-clean-360/112/123216/112-123216-0027.flac,123440,
10144,train-clean-360/1316/132782/1316-132782-0055.flac,123440,
10145,train-clean-360/1160/139730/1160-139730-0013.flac,123360,
10146,train-clean-360/1379/130517/1379-130517-0000.flac,123360,
10147,train-clean-360/1337/156963/1337-156963-0004.flac,123360,
10148,train-clean-360/119/129515/119-129515-0015.flac,123200,
10149,train-clean-360/1552/141135/1552-141135-0005.flac,123200,
10150,train-clean-360/115/122944/115-122944-0046.flac,123120,
10151,train-clean-360/1112/1043/1112-1043-0012.flac,123040,
10152,train-clean-360/1668/136280/1668-136280-0061.flac,122960,
10153,train-clean-360/1182/134981/1182-134981-0014.flac,122880,
10154,train-clean-360/1079/128636/1079-128636-0015.flac,122880,
10155,train-clean-360/1335/27593/1335-27593-0029.flac,122800,
10156,train-clean-360/1226/141270/1226-141270-0016.flac,122800,
10157,train-clean-360/1668/136271/1668-136271-0023.flac,122800,
10158,train-clean-360/157/126796/157-126796-0049.flac,122800,
10159,train-clean-360/1639/133290/1639-133290-0029.flac,122640,
10160,train-clean-360/1012/133424/1012-133424-0037.flac,122640,
10161,train-clean-360/1224/121064/1224-121064-0049.flac,122560,
10162,train-clean-360/1031/133220/1031-133220-0031.flac,122480,
10163,train-clean-360/1079/128631/1079-128631-0010.flac,122000,
10164,train-clean-360/1607/150715/1607-150715-0010.flac,122000,
10165,train-clean-360/1607/134636/1607-134636-0024.flac,121840,
10166,train-clean-360/1335/27593/1335-27593-0015.flac,121840,
10167,train-clean-360/1607/149245/1607-149245-0044.flac,121840,
10168,train-clean-360/115/122944/115-122944-0066.flac,121760,
10169,train-clean-360/1241/121106/1241-121106-0029.flac,121680,
10170,train-clean-360/1639/133290/1639-133290-0018.flac,121520,
10171,train-clean-360/1417/1536/1417-1536-0035.flac,121520,
10172,train-clean-360/1226/141268/1226-141268-0047.flac,121440,
10173,train-clean-360/1175/126220/1175-126220-0005.flac,121440,
10174,train-clean-360/1498/140041/1498-140041-0004.flac,121360,
10175,train-clean-360/1165/135216/1165-135216-0040.flac,121360,
10176,train-clean-360/1629/139710/1629-139710-0061.flac,121280,
10177,train-clean-360/1052/139307/1052-139307-0005.flac,121280,
10178,train-clean-360/1417/1532/1417-1532-0000.flac,121280,
10179,train-clean-360/1182/134981/1182-134981-0018.flac,121040,
10180,train-clean-360/1058/131113/1058-131113-0056.flac,120880,
10181,train-clean-360/1079/128631/1079-128631-0005.flac,120800,
10182,train-clean-360/1182/133396/1182-133396-0042.flac,120800,
10183,train-clean-360/1290/135762/1290-135762-0044.flac,120720,
10184,train-clean-360/1296/138074/1296-138074-0059.flac,120720,
10185,train-clean-360/115/122944/115-122944-0044.flac,120720,
10186,train-clean-360/1316/132782/1316-132782-0026.flac,120719,
10187,train-clean-360/1296/138074/1296-138074-0032.flac,120640,
10188,train-clean-360/1343/158796/1343-158796-0019.flac,120640,
10189,train-clean-360/1552/140651/1552-140651-0044.flac,120640,
10190,train-clean-360/1383/130533/1383-130533-0042.flac,120640,
10191,train-clean-360/1487/133273/1487-133273-0096.flac,120480,
10192,train-clean-360/1472/142848/1472-142848-0003.flac,120480,
10193,train-clean-360/1413/121799/1413-121799-0110.flac,120400,
10194,train-clean-360/1392/135659/1392-135659-0005.flac,120400,
10195,train-clean-360/1413/121799/1413-121799-0023.flac,120400,
10196,train-clean-360/1316/132800/1316-132800-0055.flac,120400,
10197,train-clean-360/1472/285314/1472-285314-0022.flac,120320,
10198,train-clean-360/1066/4479/1066-4479-0031.flac,120320,
10199,train-clean-360/1290/135762/1290-135762-0056.flac,120240,
10200,train-clean-360/1460/138290/1460-138290-0061.flac,120240,
10201,train-clean-360/16/122828/16-122828-0037.flac,120240,
10202,train-clean-360/1639/133290/1639-133290-0028.flac,120240,
10203,train-clean-360/1289/288043/1289-288043-0018.flac,120080,
10204,train-clean-360/1290/135762/1290-135762-0030.flac,120000,
10205,train-clean-360/154/124002/154-124002-0017.flac,120000,
10206,train-clean-360/1182/133396/1182-133396-0021.flac,120000,
10207,train-clean-360/1392/140654/1392-140654-0010.flac,119920,
10208,train-clean-360/1413/121799/1413-121799-0124.flac,119920,
10209,train-clean-360/1607/150715/1607-150715-0007.flac,119920,
10210,train-clean-360/126/122467/126-122467-0033.flac,119760,
10211,train-clean-360/1058/131113/1058-131113-0044.flac,119760,
10212,train-clean-360/1212/75242/1212-75242-0019.flac,119600,
10213,train-clean-360/1629/139710/1629-139710-0068.flac,119520,
10214,train-clean-360/1271/136861/1271-136861-0040.flac,119440,
10215,train-clean-360/1271/136861/1271-136861-0000.flac,119440,
10216,train-clean-360/1290/135762/1290-135762-0033.flac,119440,
10217,train-clean-360/1271/136861/1271-136861-0025.flac,119440,
10218,train-clean-360/1060/134451/1060-134451-0068.flac,119360,
10219,train-clean-360/1079/128632/1079-128632-0028.flac,119360,
10220,train-clean-360/1607/149245/1607-149245-0024.flac,119360,
10221,train-clean-360/1093/132891/1093-132891-0049.flac,119200,
10222,train-clean-360/157/121907/157-121907-0007.flac,119040,
10223,train-clean-360/1058/131113/1058-131113-0008.flac,119040,
10224,train-clean-360/1607/134636/1607-134636-0015.flac,119040,
10225,train-clean-360/1603/139324/1603-139324-0001.flac,118960,
10226,train-clean-360/1316/132782/1316-132782-0052.flac,118880,
10227,train-clean-360/154/293987/154-293987-0033.flac,118880,
10228,train-clean-360/1296/134434/1296-134434-0042.flac,118880,
10229,train-clean-360/115/122944/115-122944-0095.flac,118720,
10230,train-clean-360/1536/137608/1536-137608-0037.flac,118640,
10231,train-clean-360/119/129513/119-129513-0011.flac,118480,
10232,train-clean-360/1552/140651/1552-140651-0033.flac,118320,
10233,train-clean-360/1634/141571/1634-141571-0022.flac,118320,
10234,train-clean-360/1487/133273/1487-133273-0019.flac,118240,
10235,train-clean-360/1349/135891/1349-135891-0016.flac,118240,
10236,train-clean-360/1337/10674/1337-10674-0011.flac,118240,
10237,train-clean-360/1638/84447/1638-84447-0015.flac,118160,
10238,train-clean-360/1289/288043/1289-288043-0054.flac,118080,
10239,train-clean-360/1079/128631/1079-128631-0012.flac,118000,
10240,train-clean-360/1264/135033/1264-135033-0017.flac,118000,
10241,train-clean-360/1323/149236/1323-149236-0000.flac,118000,
10242,train-clean-360/1448/135894/1448-135894-0052.flac,117920,
10243,train-clean-360/1093/132891/1093-132891-0132.flac,117920,
10244,train-clean-360/1093/132891/1093-132891-0031.flac,117920,
10245,train-clean-360/1121/176698/1121-176698-0018.flac,117840,
10246,train-clean-360/1638/84447/1638-84447-0037.flac,117840,
10247,train-clean-360/1365/134830/1365-134830-0021.flac,117760,
10248,train-clean-360/115/122944/115-122944-0090.flac,117760,
10249,train-clean-360/112/123215/112-123215-0002.flac,117760,
10250,train-clean-360/115/121896/115-121896-0006.flac,117601,
10251,train-clean-360/159/135897/159-135897-0072.flac,117520,
10252,train-clean-360/1645/141819/1645-141819-0002.flac,117520,
10253,train-clean-360/1425/139291/1425-139291-0021.flac,117440,
10254,train-clean-360/1093/132891/1093-132891-0105.flac,117440,
10255,train-clean-360/1472/285314/1472-285314-0039.flac,117440,
10256,train-clean-360/1498/140040/1498-140040-0028.flac,117360,
10257,train-clean-360/1379/130486/1379-130486-0016.flac,117280,
10258,train-clean-360/1536/141791/1536-141791-0012.flac,117200,
10259,train-clean-360/1100/124547/1100-124547-0064.flac,117120,
10260,train-clean-360/1417/1532/1417-1532-0030.flac,117040,
10261,train-clean-360/1001/134707/1001-134707-0066.flac,116960,
10262,train-clean-360/1079/128631/1079-128631-0016.flac,116880,
10263,train-clean-360/1028/133393/1028-133393-0032.flac,116800,
10264,train-clean-360/122/129752/122-129752-0006.flac,116800,
10265,train-clean-360/1222/141174/1222-141174-0005.flac,116720,
10266,train-clean-360/1390/130495/1390-130495-0010.flac,116640,
10267,train-clean-360/115/122944/115-122944-0034.flac,116640,
10268,train-clean-360/1463/134463/1463-134463-0035.flac,116640,
10269,train-clean-360/1498/140040/1498-140040-0015.flac,116560,
10270,train-clean-360/157/126796/157-126796-0011.flac,116560,
10271,train-clean-360/1182/134981/1182-134981-0039.flac,116560,
10272,train-clean-360/1639/133290/1639-133290-0054.flac,116560,
10273,train-clean-360/1634/141571/1634-141571-0013.flac,116480,
10274,train-clean-360/1337/10673/1337-10673-0037.flac,116400,
10275,train-clean-360/1290/135762/1290-135762-0015.flac,116400,
10276,train-clean-360/1392/140654/1392-140654-0004.flac,116320,
10277,train-clean-360/1001/134707/1001-134707-0015.flac,116320,
10278,train-clean-360/1050/134120/1050-134120-0015.flac,116240,
10279,train-clean-360/1552/140651/1552-140651-0020.flac,116240,
10280,train-clean-360/1079/128633/1079-128633-0016.flac,116160,
10281,train-clean-360/122/121730/122-121730-0013.flac,116080,
10282,train-clean-360/1463/134465/1463-134465-0055.flac,116080,
10283,train-clean-360/1509/143477/1509-143477-0044.flac,116000,
10284,train-clean-360/1212/185485/1212-185485-0034.flac,115920,
10285,train-clean-360/1050/134119/1050-134119-0038.flac,115920,
10286,train-clean-360/1509/145742/1509-145742-0026.flac,115760,
10287,train-clean-360/1556/139350/1556-139350-0011.flac,115760,
10288,train-clean-360/1413/121799/1413-121799-0047.flac,115600,
10289,train-clean-360/126/122467/126-122467-0032.flac,115520,
10290,train-clean-360/1349/135891/1349-135891-0024.flac,115520,
10291,train-clean-360/1283/136983/1283-136983-0055.flac,115280,
10292,train-clean-360/1259/72927/1259-72927-0040.flac,115280,
10293,train-clean-360/1417/1536/1417-1536-0013.flac,115200,
10294,train-clean-360/1031/133220/1031-133220-0015.flac,115120,
10295,train-clean-360/1061/146197/1061-146197-0014.flac,115041,
10296,train-clean-360/1241/137614/1241-137614-0030.flac,115040,
10297,train-clean-360/1290/135762/1290-135762-0087.flac,114960,
10298,train-clean-360/1222/133834/1222-133834-0051.flac,114959,
10299,train-clean-360/1668/136271/1668-136271-0006.flac,114880,
10300,train-clean-360/1337/10673/1337-10673-0001.flac,114880,
10301,train-clean-360/1165/135220/1165-135220-0015.flac,114879,
10302,train-clean-360/1264/129805/1264-129805-0075.flac,114800,
10303,train-clean-360/1337/10673/1337-10673-0014.flac,114800,
10304,train-clean-360/1348/135826/1348-135826-0006.flac,114720,
10305,train-clean-360/1290/135762/1290-135762-0034.flac,114720,
10306,train-clean-360/157/126796/157-126796-0039.flac,114640,
10307,train-clean-360/1079/128632/1079-128632-0034.flac,114640,
10308,train-clean-360/1639/132848/1639-132848-0039.flac,114640,
10309,train-clean-360/1160/139336/1160-139336-0006.flac,114480,
10310,train-clean-360/1160/139730/1160-139730-0004.flac,114480,
10311,train-clean-360/1335/163935/1335-163935-0015.flac,114400,
10312,train-clean-360/154/123998/154-123998-0001.flac,114400,
10313,train-clean-360/114/129317/114-129317-0048.flac,114320,
10314,train-clean-360/1195/130164/1195-130164-0047.flac,114240,
10315,train-clean-360/1121/135824/1121-135824-0005.flac,114160,
10316,train-clean-360/1638/84448/1638-84448-0006.flac,114000,
10317,train-clean-360/100/122655/100-122655-0033.flac,113920,
10318,train-clean-360/1012/133424/1012-133424-0009.flac,113920,
10319,train-clean-360/1271/136861/1271-136861-0028.flac,113760,
10320,train-clean-360/1028/133395/1028-133395-0016.flac,113760,
10321,train-clean-360/1645/141819/1645-141819-0000.flac,113760,
10322,train-clean-360/1264/129805/1264-129805-0056.flac,113680,
10323,train-clean-360/1473/135657/1473-135657-0039.flac,113600,
10324,train-clean-360/1001/134707/1001-134707-0064.flac,113520,
10325,train-clean-360/1629/139710/1629-139710-0027.flac,113519,
10326,train-clean-360/1283/129808/1283-129808-0013.flac,113440,
10327,train-clean-360/1392/140654/1392-140654-0005.flac,113360,
10328,train-clean-360/1382/130548/1382-130548-0006.flac,113280,
10329,train-clean-360/1390/130494/1390-130494-0019.flac,113200,
10330,train-clean-360/1463/134465/1463-134465-0042.flac,113120,
10331,train-clean-360/1536/137608/1536-137608-0005.flac,113120,
10332,train-clean-360/1607/149245/1607-149245-0026.flac,113040,
10333,train-clean-360/1473/135657/1473-135657-0079.flac,112960,
10334,train-clean-360/1224/121064/1224-121064-0028.flac,112960,
10335,train-clean-360/1456/139733/1456-139733-0007.flac,112880,
10336,train-clean-360/1100/124547/1100-124547-0034.flac,112800,
10337,train-clean-360/1259/27120/1259-27120-0024.flac,112800,
10338,train-clean-360/14/208/14-208-0027.flac,112720,
10339,train-clean-360/1348/135832/1348-135832-0021.flac,112720,
10340,train-clean-360/14/208/14-208-0044.flac,112640,
10341,train-clean-360/1290/135762/1290-135762-0055.flac,112640,
10342,train-clean-360/126/122467/126-122467-0085.flac,112640,
10343,train-clean-360/1054/143005/1054-143005-0068.flac,112560,
10344,train-clean-360/157/126796/157-126796-0030.flac,112560,
10345,train-clean-360/1165/135220/1165-135220-0017.flac,112560,
10346,train-clean-360/1463/134463/1463-134463-0023.flac,112560,
10347,train-clean-360/1460/138289/1460-138289-0009.flac,112480,
10348,train-clean-360/1392/135659/1392-135659-0036.flac,112480,
10349,train-clean-360/1222/141174/1222-141174-0063.flac,112480,
10350,train-clean-360/1028/133395/1028-133395-0050.flac,112400,
10351,train-clean-360/1079/128632/1079-128632-0023.flac,112400,
10352,train-clean-360/1536/137608/1536-137608-0010.flac,112400,
10353,train-clean-360/154/123998/154-123998-0017.flac,112400,
10354,train-clean-360/1001/134708/1001-134708-0024.flac,112160,
10355,train-clean-360/1365/134804/1365-134804-0012.flac,112160,
10356,train-clean-360/1649/68762/1649-68762-0010.flac,112080,
10357,train-clean-360/1536/141791/1536-141791-0002.flac,112080,
10358,train-clean-360/1336/138113/1336-138113-0050.flac,112080,
10359,train-clean-360/1472/142848/1472-142848-0030.flac,112080,
10360,train-clean-360/1182/133396/1182-133396-0032.flac,111920,
10361,train-clean-360/1413/121799/1413-121799-0072.flac,111840,
10362,train-clean-360/1382/130548/1382-130548-0009.flac,111840,
10363,train-clean-360/1316/132782/1316-132782-0050.flac,111840,
10364,train-clean-360/1195/130164/1195-130164-0028.flac,111760,
10365,train-clean-360/1182/133396/1182-133396-0036.flac,111760,
10366,train-clean-360/1182/134981/1182-134981-0025.flac,111680,
10367,train-clean-360/1175/126221/1175-126221-0027.flac,111680,
10368,train-clean-360/126/125084/126-125084-0037.flac,111600,
10369,train-clean-360/1079/128632/1079-128632-0036.flac,111600,
10370,train-clean-360/1413/121799/1413-121799-0071.flac,111520,
10371,train-clean-360/1296/134434/1296-134434-0037.flac,111520,
10372,train-clean-360/115/122944/115-122944-0035.flac,111360,
10373,train-clean-360/1463/134463/1463-134463-0015.flac,111360,
10374,train-clean-360/1645/141819/1645-141819-0004.flac,111280,
10375,train-clean-360/1556/143307/1556-143307-0022.flac,111280,
10376,train-clean-360/1226/141279/1226-141279-0021.flac,111200,
10377,train-clean-360/1050/134119/1050-134119-0039.flac,111200,
10378,train-clean-360/1224/121064/1224-121064-0045.flac,111200,
10379,train-clean-360/1160/139336/1160-139336-0023.flac,111200,
10380,train-clean-360/1463/134465/1463-134465-0002.flac,111120,
10381,train-clean-360/1222/141174/1222-141174-0041.flac,111120,
10382,train-clean-360/1390/130494/1390-130494-0016.flac,111120,
10383,train-clean-360/1323/149236/1323-149236-0019.flac,111040,
10384,train-clean-360/1448/135894/1448-135894-0005.flac,111040,
10385,train-clean-360/1093/132891/1093-132891-0034.flac,111039,
10386,train-clean-360/1460/138290/1460-138290-0033.flac,110800,
10387,train-clean-360/1603/139325/1603-139325-0006.flac,110720,
10388,train-clean-360/1456/136846/1456-136846-0003.flac,110640,
10389,train-clean-360/1639/133290/1639-133290-0041.flac,110560,
10390,train-clean-360/1224/121064/1224-121064-0042.flac,110560,
10391,train-clean-360/1417/1539/1417-1539-0043.flac,110560,
10392,train-clean-360/1335/27593/1335-27593-0020.flac,110480,
10393,train-clean-360/1472/142848/1472-142848-0016.flac,110320,
10394,train-clean-360/1224/121064/1224-121064-0066.flac,110320,
10395,train-clean-360/1337/10674/1337-10674-0006.flac,110320,
10396,train-clean-360/1290/135762/1290-135762-0089.flac,110240,
10397,train-clean-360/1552/140651/1552-140651-0024.flac,110160,
10398,train-clean-360/1634/141571/1634-141571-0046.flac,110080,
10399,train-clean-360/1316/132782/1316-132782-0022.flac,110000,
10400,train-clean-360/1401/14358/1401-14358-0031.flac,109840,
10401,train-clean-360/1050/134119/1050-134119-0009.flac,109840,
10402,train-clean-360/1603/139325/1603-139325-0019.flac,109760,
10403,train-clean-360/1289/288043/1289-288043-0046.flac,109680,
10404,train-clean-360/1212/75242/1212-75242-0004.flac,109520,
10405,train-clean-360/1054/143005/1054-143005-0044.flac,109520,
10406,train-clean-360/1535/141642/1535-141642-0021.flac,109520,
10407,train-clean-360/157/126796/157-126796-0043.flac,109440,
10408,train-clean-360/115/122944/115-122944-0059.flac,109440,
10409,train-clean-360/159/135897/159-135897-0058.flac,109360,
10410,train-clean-360/1535/141644/1535-141644-0028.flac,109360,
10411,train-clean-360/1603/141713/1603-141713-0009.flac,109360,
10412,train-clean-360/1425/139290/1425-139290-0021.flac,109280,
10413,train-clean-360/1348/135826/1348-135826-0020.flac,109200,
10414,train-clean-360/1634/141571/1634-141571-0078.flac,109120,
10415,train-clean-360/1182/134981/1182-134981-0045.flac,109040,
10416,train-clean-360/1425/139297/1425-139297-0006.flac,109040,
10417,train-clean-360/1079/128632/1079-128632-0013.flac,108960,
10418,train-clean-360/1387/134991/1387-134991-0015.flac,108960,
10419,train-clean-360/1417/1539/1417-1539-0015.flac,108880,
10420,train-clean-360/1413/121799/1413-121799-0080.flac,108880,
10421,train-clean-360/100/122655/100-122655-0025.flac,108880,
10422,train-clean-360/126/122467/126-122467-0024.flac,108880,
10423,train-clean-360/1264/129805/1264-129805-0074.flac,108800,
10424,train-clean-360/1425/139291/1425-139291-0024.flac,108720,
10425,train-clean-360/1552/140651/1552-140651-0036.flac,108320,
10426,train-clean-360/1603/139325/1603-139325-0009.flac,108320,
10427,train-clean-360/1387/130993/1387-130993-0030.flac,108240,
10428,train-clean-360/1313/135020/1313-135020-0042.flac,108160,
10429,train-clean-360/1335/163935/1335-163935-0037.flac,108000,
10430,train-clean-360/1336/138113/1336-138113-0040.flac,107760,
10431,train-clean-360/1025/75365/1025-75365-0007.flac,107760,
10432,train-clean-360/1552/140651/1552-140651-0032.flac,107760,
10433,train-clean-360/1417/1539/1417-1539-0023.flac,107680,
10434,train-clean-360/1473/135657/1473-135657-0048.flac,107680,
10435,train-clean-360/1607/150715/1607-150715-0037.flac,107680,
10436,train-clean-360/1160/139727/1160-139727-0011.flac,107600,
10437,train-clean-360/1390/130493/1390-130493-0028.flac,107520,
10438,train-clean-360/115/121896/115-121896-0008.flac,107520,
10439,train-clean-360/1093/132891/1093-132891-0036.flac,107360,
10440,train-clean-360/1472/285314/1472-285314-0008.flac,107280,
10441,train-clean-360/1343/139681/1343-139681-0019.flac,107200,
10442,train-clean-360/1387/130989/1387-130989-0033.flac,107120,
10443,train-clean-360/1182/134316/1182-134316-0026.flac,107040,
10444,train-clean-360/16/122828/16-122828-0006.flac,107040,
10445,train-clean-360/1607/150715/1607-150715-0000.flac,106960,
10446,train-clean-360/1571/138486/1571-138486-0027.flac,106960,
10447,train-clean-360/115/122944/115-122944-0086.flac,106720,
10448,train-clean-360/1445/139404/1445-139404-0002.flac,106720,
10449,train-clean-360/1222/133834/1222-133834-0010.flac,106560,
10450,train-clean-360/1482/140067/1482-140067-0015.flac,106560,
10451,train-clean-360/1387/130993/1387-130993-0039.flac,106560,
10452,train-clean-360/1413/121799/1413-121799-0108.flac,106480,
10453,train-clean-360/159/135897/159-135897-0067.flac,106480,
10454,train-clean-360/115/122944/115-122944-0100.flac,106480,
10455,train-clean-360/1265/135635/1265-135635-0022.flac,106480,
10456,train-clean-360/157/126796/157-126796-0014.flac,106400,
10457,train-clean-360/1271/136861/1271-136861-0043.flac,106400,
10458,train-clean-360/1290/135762/1290-135762-0078.flac,106320,
10459,train-clean-360/1241/121106/1241-121106-0043.flac,106240,
10460,train-clean-360/1463/134465/1463-134465-0039.flac,106160,
10461,train-clean-360/1093/132891/1093-132891-0136.flac,106080,
10462,train-clean-360/1552/140651/1552-140651-0053.flac,106000,
10463,train-clean-360/1390/130494/1390-130494-0033.flac,105920,
10464,train-clean-360/1079/128632/1079-128632-0006.flac,105840,
10465,train-clean-360/1058/131113/1058-131113-0045.flac,105840,
10466,train-clean-360/1639/133290/1639-133290-0042.flac,105840,
10467,train-clean-360/1222/141174/1222-141174-0026.flac,105680,
10468,train-clean-360/1271/128145/1271-128145-0005.flac,105600,
10469,train-clean-360/1289/288044/1289-288044-0038.flac,105520,
10470,train-clean-360/1226/141279/1226-141279-0038.flac,105440,
10471,train-clean-360/1031/133220/1031-133220-0104.flac,105440,
10472,train-clean-360/1629/139710/1629-139710-0022.flac,105360,
10473,train-clean-360/1079/128636/1079-128636-0025.flac,105280,
10474,train-clean-360/1413/121799/1413-121799-0048.flac,105280,
10475,train-clean-360/1463/134465/1463-134465-0001.flac,105200,
10476,train-clean-360/1413/121799/1413-121799-0101.flac,105200,
10477,train-clean-360/154/124002/154-124002-0013.flac,105120,
10478,train-clean-360/1079/128632/1079-128632-0008.flac,105120,
10479,train-clean-360/1025/75365/1025-75365-0013.flac,105120,
10480,train-clean-360/1054/143005/1054-143005-0052.flac,105120,
10481,train-clean-360/1271/128145/1271-128145-0027.flac,105040,
10482,train-clean-360/100/121674/100-121674-0016.flac,104960,
10483,train-clean-360/1552/140651/1552-140651-0028.flac,104960,
10484,train-clean-360/1448/135894/1448-135894-0074.flac,104880,
10485,train-clean-360/1283/129808/1283-129808-0027.flac,104880,
10486,train-clean-360/1058/131113/1058-131113-0009.flac,104800,
10487,train-clean-360/1487/133273/1487-133273-0100.flac,104561,
10488,train-clean-360/1463/134465/1463-134465-0036.flac,104560,
10489,train-clean-360/115/122944/115-122944-0101.flac,104560,
10490,train-clean-360/1645/141819/1645-141819-0008.flac,104560,
10491,train-clean-360/1265/135635/1265-135635-0034.flac,104560,
10492,train-clean-360/1629/139707/1629-139707-0035.flac,104480,
10493,train-clean-360/1050/134120/1050-134120-0018.flac,104400,
10494,train-clean-360/1571/141320/1571-141320-0047.flac,104320,
10495,train-clean-360/1645/141819/1645-141819-0016.flac,104320,
10496,train-clean-360/1052/139307/1052-139307-0010.flac,104320,
10497,train-clean-360/1390/130493/1390-130493-0021.flac,104240,
10498,train-clean-360/1335/163935/1335-163935-0027.flac,104240,
10499,train-clean-360/1100/124547/1100-124547-0037.flac,104240,
10500,train-clean-360/1392/135659/1392-135659-0026.flac,104160,
10501,train-clean-360/154/293987/154-293987-0029.flac,104160,
10502,train-clean-360/1165/135220/1165-135220-0024.flac,104160,
10503,train-clean-360/1093/132891/1093-132891-0096.flac,104000,
10504,train-clean-360/1472/139797/1472-139797-0015.flac,103920,
10505,train-clean-360/1160/139336/1160-139336-0007.flac,103920,
10506,train-clean-360/1182/134981/1182-134981-0013.flac,103920,
10507,train-clean-360/1322/137589/1322-137589-0043.flac,103840,
10508,train-clean-360/1165/135216/1165-135216-0049.flac,103760,
10509,train-clean-360/1472/142848/1472-142848-0005.flac,103760,
10510,train-clean-360/1079/128636/1079-128636-0005.flac,103760,
10511,train-clean-360/157/121907/157-121907-0003.flac,103680,
10512,train-clean-360/122/121729/122-121729-0027.flac,103680,
10513,train-clean-360/1182/133396/1182-133396-0015.flac,103600,
10514,train-clean-360/1079/128631/1079-128631-0006.flac,103520,
10515,train-clean-360/1603/141713/1603-141713-0006.flac,103520,
10516,train-clean-360/154/123998/154-123998-0032.flac,103440,
10517,train-clean-360/154/124002/154-124002-0006.flac,103440,
10518,train-clean-360/115/122944/115-122944-0054.flac,103360,
10519,train-clean-360/1322/137588/1322-137588-0015.flac,103360,
10520,train-clean-360/1498/140040/1498-140040-0019.flac,103201,
10521,train-clean-360/100/121674/100-121674-0030.flac,103200,
10522,train-clean-360/1425/139291/1425-139291-0025.flac,103120,
10523,train-clean-360/1668/136280/1668-136280-0066.flac,103040,
10524,train-clean-360/115/121896/115-121896-0010.flac,103040,
10525,train-clean-360/1182/133396/1182-133396-0022.flac,103040,
10526,train-clean-360/1536/137608/1536-137608-0009.flac,103040,
10527,train-clean-360/1509/143477/1509-143477-0034.flac,103040,
10528,train-clean-360/1417/1539/1417-1539-0010.flac,103040,
10529,train-clean-360/1482/140071/1482-140071-0020.flac,102960,
10530,train-clean-360/119/129513/119-129513-0022.flac,102960,
10531,train-clean-360/1264/135033/1264-135033-0019.flac,102960,
10532,train-clean-360/112/121671/112-121671-0023.flac,102880,
10533,train-clean-360/1552/140651/1552-140651-0031.flac,102800,
10534,train-clean-360/119/129514/119-129514-0007.flac,102800,
10535,train-clean-360/1498/140040/1498-140040-0018.flac,102800,
10536,train-clean-360/1349/135891/1349-135891-0018.flac,102800,
10537,train-clean-360/1093/132891/1093-132891-0130.flac,102720,
10538,train-clean-360/159/135897/159-135897-0007.flac,102720,
10539,train-clean-360/1382/130492/1382-130492-0022.flac,102640,
10540,train-clean-360/1639/132848/1639-132848-0025.flac,102560,
10541,train-clean-360/1079/128631/1079-128631-0017.flac,102240,
10542,train-clean-360/1053/132821/1053-132821-0023.flac,102240,
10543,train-clean-360/1390/130493/1390-130493-0025.flac,102080,
10544,train-clean-360/1413/121799/1413-121799-0075.flac,102080,
10545,train-clean-360/1603/139325/1603-139325-0004.flac,102080,
10546,train-clean-360/126/122467/126-122467-0070.flac,102000,
10547,train-clean-360/157/126796/157-126796-0022.flac,102000,
10548,train-clean-360/1313/135020/1313-135020-0010.flac,101920,
10549,train-clean-360/1383/130533/1383-130533-0029.flac,101760,
10550,train-clean-360/119/121722/119-121722-0018.flac,101760,
10551,train-clean-360/1012/133424/1012-133424-0064.flac,101680,
10552,train-clean-360/1417/1532/1417-1532-0037.flac,101680,
10553,train-clean-360/1028/133393/1028-133393-0040.flac,101680,
10554,train-clean-360/119/129514/119-129514-0017.flac,101600,
10555,train-clean-360/1446/122614/1446-122614-0026.flac,101600,
10556,train-clean-360/1629/139707/1629-139707-0008.flac,101520,
10557,train-clean-360/1401/174511/1401-174511-0001.flac,101440,
10558,train-clean-360/122/121730/122-121730-0026.flac,101440,
10559,train-clean-360/154/124002/154-124002-0022.flac,101440,
10560,train-clean-360/1060/134451/1060-134451-0064.flac,101280,
10561,train-clean-360/1027/125147/1027-125147-0028.flac,101280,
10562,train-clean-360/1390/130494/1390-130494-0028.flac,101120,
10563,train-clean-360/1348/135832/1348-135832-0015.flac,101040,
10564,train-clean-360/1456/139733/1456-139733-0002.flac,101040,
10565,train-clean-360/1536/141791/1536-141791-0007.flac,101040,
10566,train-clean-360/1472/142848/1472-142848-0015.flac,100960,
10567,train-clean-360/115/122944/115-122944-0084.flac,100960,
10568,train-clean-360/1259/72927/1259-72927-0020.flac,100960,
10569,train-clean-360/126/122467/126-122467-0076.flac,100880,
10570,train-clean-360/1645/141819/1645-141819-0001.flac,100880,
10571,train-clean-360/1027/125147/1027-125147-0044.flac,100800,
10572,train-clean-360/1160/139717/1160-139717-0025.flac,100640,
10573,train-clean-360/1382/130549/1382-130549-0019.flac,100640,
10574,train-clean-360/1335/160602/1335-160602-0035.flac,100640,
10575,train-clean-360/1271/136861/1271-136861-0010.flac,100560,
10576,train-clean-360/1283/129808/1283-129808-0001.flac,100560,
10577,train-clean-360/159/135897/159-135897-0043.flac,100480,
10578,train-clean-360/159/135897/159-135897-0054.flac,100480,
10579,train-clean-360/1668/136280/1668-136280-0021.flac,100480,
10580,train-clean-360/1290/135762/1290-135762-0057.flac,100480,
10581,train-clean-360/1487/133273/1487-133273-0111.flac,100400,
10582,train-clean-360/115/122944/115-122944-0039.flac,100400,
10583,train-clean-360/1639/132848/1639-132848-0003.flac,100240,
10584,train-clean-360/1093/132891/1093-132891-0052.flac,100240,
10585,train-clean-360/1638/84448/1638-84448-0021.flac,100240,
10586,train-clean-360/1498/140040/1498-140040-0033.flac,100240,
10587,train-clean-360/1463/134465/1463-134465-0032.flac,100240,
10588,train-clean-360/1629/139707/1629-139707-0015.flac,100160,
10589,train-clean-360/1472/142848/1472-142848-0002.flac,100080,
10590,train-clean-360/1448/135894/1448-135894-0028.flac,100080,
10591,train-clean-360/1552/140651/1552-140651-0021.flac,100000,
10592,train-clean-360/119/121722/119-121722-0014.flac,100000,
10593,train-clean-360/1463/134463/1463-134463-0012.flac,100000,
10594,train-clean-360/1607/150715/1607-150715-0027.flac,100000,
10595,train-clean-360/154/123998/154-123998-0006.flac,99920,
10596,train-clean-360/1066/103481/1066-103481-0024.flac,99920,
10597,train-clean-360/1222/133834/1222-133834-0044.flac,99840,
10598,train-clean-360/1668/136271/1668-136271-0014.flac,99840,
10599,train-clean-360/1639/133290/1639-133290-0046.flac,99840,
10600,train-clean-360/1448/135894/1448-135894-0014.flac,99760,
10601,train-clean-360/1259/27120/1259-27120-0016.flac,99680,
10602,train-clean-360/1498/140040/1498-140040-0045.flac,99680,
10603,train-clean-360/1001/134707/1001-134707-0013.flac,99600,
10604,train-clean-360/1160/134674/1160-134674-0001.flac,99520,
10605,train-clean-360/14/212/14-212-0034.flac,99520,
10606,train-clean-360/1472/142848/1472-142848-0032.flac,99440,
10607,train-clean-360/1222/133834/1222-133834-0045.flac,99360,
10608,train-clean-360/1556/139350/1556-139350-0021.flac,99360,
10609,train-clean-360/100/122655/100-122655-0042.flac,99200,
10610,train-clean-360/1392/135659/1392-135659-0013.flac,99200,
10611,train-clean-360/1668/136280/1668-136280-0013.flac,99120,
10612,train-clean-360/1052/139307/1052-139307-0022.flac,99040,
10613,train-clean-360/1638/84448/1638-84448-0003.flac,98880,
10614,train-clean-360/1535/141642/1535-141642-0023.flac,98720,
10615,train-clean-360/115/122944/115-122944-0076.flac,98720,
10616,train-clean-360/1012/133424/1012-133424-0085.flac,98720,
10617,train-clean-360/112/121671/112-121671-0001.flac,98640,
10618,train-clean-360/1052/132776/1052-132776-0016.flac,98480,
10619,train-clean-360/1473/135657/1473-135657-0116.flac,98400,
10620,train-clean-360/1222/133834/1222-133834-0058.flac,98400,
10621,train-clean-360/1046/133224/1046-133224-0016.flac,98320,
10622,train-clean-360/1226/141270/1226-141270-0017.flac,98240,
10623,train-clean-360/1259/137770/1259-137770-0035.flac,98240,
10624,train-clean-360/1413/121799/1413-121799-0112.flac,98080,
10625,train-clean-360/1265/135636/1265-135636-0026.flac,98080,
10626,train-clean-360/1264/135033/1264-135033-0006.flac,98080,
10627,train-clean-360/1311/134170/1311-134170-0047.flac,98000,
10628,train-clean-360/1112/1043/1112-1043-0015.flac,97920,
10629,train-clean-360/126/122467/126-122467-0043.flac,97920,
10630,train-clean-360/1460/138289/1460-138289-0001.flac,97920,
10631,train-clean-360/157/121899/157-121899-0008.flac,97920,
10632,train-clean-360/1175/126221/1175-126221-0031.flac,97840,
10633,train-clean-360/1265/135635/1265-135635-0017.flac,97760,
10634,train-clean-360/1259/27120/1259-27120-0028.flac,97760,
10635,train-clean-360/1052/139307/1052-139307-0040.flac,97680,
10636,train-clean-360/1079/128636/1079-128636-0009.flac,97680,
10637,train-clean-360/1182/134316/1182-134316-0024.flac,97680,
10638,train-clean-360/115/122944/115-122944-0041.flac,97600,
10639,train-clean-360/1224/121064/1224-121064-0077.flac,97600,
10640,train-clean-360/1607/134636/1607-134636-0037.flac,97600,
10641,train-clean-360/1241/121103/1241-121103-0022.flac,97600,
10642,train-clean-360/1335/163935/1335-163935-0001.flac,97520,
10643,train-clean-360/1100/124547/1100-124547-0013.flac,97440,
10644,train-clean-360/1222/141174/1222-141174-0010.flac,97360,
10645,train-clean-360/1634/141571/1634-141571-0023.flac,97280,
10646,train-clean-360/1641/130504/1641-130504-0003.flac,97280,
10647,train-clean-360/159/121891/159-121891-0004.flac,97200,
10648,train-clean-360/1311/134170/1311-134170-0044.flac,97040,
10649,train-clean-360/1413/121799/1413-121799-0062.flac,96880,
10650,train-clean-360/1422/146111/1422-146111-0033.flac,96800,
10651,train-clean-360/14/212/14-212-0047.flac,96721,
10652,train-clean-360/1311/134170/1311-134170-0024.flac,96720,
10653,train-clean-360/1311/134170/1311-134170-0011.flac,96720,
10654,train-clean-360/1509/143477/1509-143477-0019.flac,96560,
10655,train-clean-360/1264/129805/1264-129805-0036.flac,96560,
10656,train-clean-360/1313/135020/1313-135020-0028.flac,96480,
10657,train-clean-360/115/122944/115-122944-0099.flac,96400,
10658,train-clean-360/1498/140040/1498-140040-0012.flac,96400,
10659,train-clean-360/1487/133273/1487-133273-0036.flac,96400,
10660,train-clean-360/122/129752/122-129752-0007.flac,96400,
10661,train-clean-360/1392/140654/1392-140654-0003.flac,96320,
10662,train-clean-360/1289/288043/1289-288043-0006.flac,96240,
10663,train-clean-360/1264/129805/1264-129805-0025.flac,96240,
10664,train-clean-360/1195/130164/1195-130164-0015.flac,96160,
10665,train-clean-360/1226/141270/1226-141270-0010.flac,96000,
10666,train-clean-360/1456/130545/1456-130545-0005.flac,95920,
10667,train-clean-360/1060/134451/1060-134451-0062.flac,95840,
10668,train-clean-360/1323/138617/1323-138617-0019.flac,95520,
10669,train-clean-360/1383/130489/1383-130489-0011.flac,95520,
10670,train-clean-360/14/208/14-208-0020.flac,95360,
10671,train-clean-360/1182/133396/1182-133396-0012.flac,95360,
10672,train-clean-360/1222/141174/1222-141174-0000.flac,95280,
10673,train-clean-360/1322/137588/1322-137588-0058.flac,95200,
10674,train-clean-360/1283/129808/1283-129808-0011.flac,95040,
10675,train-clean-360/1001/134708/1001-134708-0012.flac,95040,
10676,train-clean-360/119/129513/119-129513-0041.flac,95040,
10677,train-clean-360/1639/133290/1639-133290-0002.flac,94960,
10678,train-clean-360/1283/129808/1283-129808-0044.flac,94960,
10679,train-clean-360/1645/141819/1645-141819-0009.flac,94880,
10680,train-clean-360/1337/10673/1337-10673-0002.flac,94800,
10681,train-clean-360/1060/134451/1060-134451-0082.flac,94720,
10682,train-clean-360/1498/140041/1498-140041-0036.flac,94720,
10683,train-clean-360/1629/139710/1629-139710-0062.flac,94720,
10684,train-clean-360/157/126796/157-126796-0020.flac,94640,
10685,train-clean-360/1322/137589/1322-137589-0044.flac,94560,
10686,train-clean-360/1335/163935/1335-163935-0028.flac,94480,
10687,train-clean-360/1487/133273/1487-133273-0047.flac,94480,
10688,train-clean-360/1264/129805/1264-129805-0055.flac,94480,
10689,train-clean-360/1093/132891/1093-132891-0048.flac,94400,
10690,train-clean-360/119/129514/119-129514-0016.flac,94400,
10691,train-clean-360/1028/133393/1028-133393-0028.flac,94400,
10692,train-clean-360/1058/131113/1058-131113-0070.flac,94400,
10693,train-clean-360/115/122944/115-122944-0091.flac,94320,
10694,train-clean-360/1212/14653/1212-14653-0018.flac,94320,
10695,train-clean-360/1283/129808/1283-129808-0043.flac,94240,
10696,train-clean-360/1283/129808/1283-129808-0007.flac,94240,
10697,train-clean-360/1050/134121/1050-134121-0029.flac,94240,
10698,train-clean-360/115/122944/115-122944-0105.flac,94160,
10699,train-clean-360/1265/135635/1265-135635-0042.flac,94160,
10700,train-clean-360/1052/132776/1052-132776-0018.flac,94160,
10701,train-clean-360/1629/139710/1629-139710-0019.flac,94160,
10702,train-clean-360/1552/140651/1552-140651-0047.flac,94160,
10703,train-clean-360/122/121729/122-121729-0005.flac,94080,
10704,train-clean-360/1509/143477/1509-143477-0043.flac,93920,
10705,train-clean-360/1639/133290/1639-133290-0016.flac,93840,
10706,train-clean-360/1001/134707/1001-134707-0020.flac,93760,
10707,train-clean-360/1473/135657/1473-135657-0074.flac,93680,
10708,train-clean-360/1349/135891/1349-135891-0000.flac,93600,
10709,train-clean-360/1498/140040/1498-140040-0044.flac,93600,
10710,train-clean-360/1445/139387/1445-139387-0043.flac,93600,
10711,train-clean-360/1645/141819/1645-141819-0015.flac,93600,
10712,train-clean-360/1413/121799/1413-121799-0099.flac,93440,
10713,train-clean-360/1392/140654/1392-140654-0016.flac,93440,
10714,train-clean-360/1607/134636/1607-134636-0000.flac,93440,
10715,train-clean-360/1463/134463/1463-134463-0032.flac,93360,
10716,train-clean-360/1390/130495/1390-130495-0008.flac,93360,
10717,train-clean-360/115/122944/115-122944-0067.flac,93360,
10718,train-clean-360/1607/134636/1607-134636-0030.flac,93281,
10719,train-clean-360/1289/288043/1289-288043-0053.flac,93280,
10720,train-clean-360/1607/134636/1607-134636-0026.flac,93200,
10721,train-clean-360/1413/121799/1413-121799-0128.flac,93200,
10722,train-clean-360/1079/128633/1079-128633-0011.flac,93200,
10723,train-clean-360/119/121722/119-121722-0011.flac,93200,
10724,train-clean-360/1448/135894/1448-135894-0041.flac,93200,
10725,train-clean-360/1175/126221/1175-126221-0039.flac,93120,
10726,train-clean-360/1547/130184/1547-130184-0067.flac,93120,
10727,train-clean-360/1160/134674/1160-134674-0017.flac,92961,
10728,train-clean-360/1259/27120/1259-27120-0027.flac,92960,
10729,train-clean-360/1547/130184/1547-130184-0016.flac,92960,
10730,train-clean-360/1383/130489/1383-130489-0003.flac,92960,
10731,train-clean-360/1050/134120/1050-134120-0002.flac,92880,
10732,train-clean-360/1241/121106/1241-121106-0016.flac,92801,
10733,train-clean-360/119/129513/119-129513-0019.flac,92800,
10734,train-clean-360/1224/121064/1224-121064-0068.flac,92720,
10735,train-clean-360/112/121727/112-121727-0007.flac,92640,
10736,train-clean-360/1025/75365/1025-75365-0015.flac,92640,
10737,train-clean-360/1058/131113/1058-131113-0041.flac,92640,
10738,train-clean-360/1639/133290/1639-133290-0060.flac,92640,
10739,train-clean-360/126/122467/126-122467-0027.flac,92560,
10740,train-clean-360/1649/150127/1649-150127-0026.flac,92480,
10741,train-clean-360/1645/141819/1645-141819-0011.flac,92480,
10742,train-clean-360/1001/134708/1001-134708-0036.flac,92400,
10743,train-clean-360/1093/132891/1093-132891-0081.flac,92320,
10744,train-clean-360/1100/124547/1100-124547-0026.flac,92240,
10745,train-clean-360/1093/132891/1093-132891-0062.flac,92160,
10746,train-clean-360/1401/14358/1401-14358-0017.flac,92160,
10747,train-clean-360/1265/135636/1265-135636-0035.flac,92000,
10748,train-clean-360/1052/139307/1052-139307-0025.flac,92000,
10749,train-clean-360/1556/143307/1556-143307-0007.flac,91920,
10750,train-clean-360/1264/129805/1264-129805-0019.flac,91920,
10751,train-clean-360/1323/149236/1323-149236-0024.flac,91920,
10752,train-clean-360/1383/130533/1383-130533-0011.flac,91840,
10753,train-clean-360/126/122467/126-122467-0060.flac,91840,
10754,train-clean-360/1456/136846/1456-136846-0027.flac,91760,
10755,train-clean-360/1224/121064/1224-121064-0076.flac,91600,
10756,train-clean-360/1413/121799/1413-121799-0085.flac,91600,
10757,train-clean-360/1050/134121/1050-134121-0028.flac,91520,
10758,train-clean-360/157/126796/157-126796-0024.flac,91520,
10759,train-clean-360/1336/138115/1336-138115-0011.flac,91440,
10760,train-clean-360/159/135897/159-135897-0025.flac,91360,
10761,train-clean-360/154/124002/154-124002-0011.flac,91360,
10762,train-clean-360/17/362/17-362-0011.flac,91360,
10763,train-clean-360/1460/138289/1460-138289-0008.flac,91280,
10764,train-clean-360/1165/135220/1165-135220-0043.flac,91280,
10765,train-clean-360/1536/137608/1536-137608-0038.flac,91280,
10766,train-clean-360/1222/141174/1222-141174-0052.flac,91280,
10767,train-clean-360/1607/134636/1607-134636-0011.flac,91280,
10768,train-clean-360/154/124003/154-124003-0002.flac,91280,
10769,train-clean-360/1079/128633/1079-128633-0008.flac,91280,
10770,train-clean-360/1165/135220/1165-135220-0059.flac,91280,
10771,train-clean-360/1212/14653/1212-14653-0032.flac,91200,
10772,train-clean-360/1603/140931/1603-140931-0005.flac,91200,
10773,train-clean-360/1028/133393/1028-133393-0045.flac,91200,
10774,train-clean-360/1649/150127/1649-150127-0034.flac,91120,
10775,train-clean-360/1392/128226/1392-128226-0012.flac,91040,
10776,train-clean-360/1392/140654/1392-140654-0006.flac,90960,
10777,train-clean-360/119/129514/119-129514-0031.flac,90960,
10778,train-clean-360/115/122944/115-122944-0043.flac,90880,
10779,train-clean-360/1678/142279/1678-142279-0038.flac,90800,
10780,train-clean-360/1448/135894/1448-135894-0089.flac,90800,
10781,train-clean-360/1390/130494/1390-130494-0035.flac,90800,
10782,train-clean-360/1050/134120/1050-134120-0020.flac,90720,
10783,train-clean-360/1382/130549/1382-130549-0005.flac,90720,
10784,train-clean-360/1556/139350/1556-139350-0019.flac,90720,
10785,train-clean-360/1290/135762/1290-135762-0076.flac,90720,
10786,train-clean-360/115/122944/115-122944-0085.flac,90560,
10787,train-clean-360/1121/135824/1121-135824-0033.flac,90400,
10788,train-clean-360/1607/134636/1607-134636-0005.flac,90320,
10789,train-clean-360/157/126796/157-126796-0055.flac,90320,
10790,train-clean-360/1322/137588/1322-137588-0055.flac,90320,
10791,train-clean-360/1259/137770/1259-137770-0025.flac,90240,
10792,train-clean-360/1463/134465/1463-134465-0025.flac,90240,
10793,train-clean-360/1535/141644/1535-141644-0052.flac,90160,
10794,train-clean-360/1425/139297/1425-139297-0028.flac,90080,
10795,train-clean-360/1093/132891/1093-132891-0127.flac,90080,
10796,train-clean-360/1382/130548/1382-130548-0010.flac,89920,
10797,train-clean-360/115/122944/115-122944-0093.flac,89920,
10798,train-clean-360/1182/133396/1182-133396-0026.flac,89920,
10799,train-clean-360/119/129514/119-129514-0027.flac,89920,
10800,train-clean-360/1634/141571/1634-141571-0081.flac,89600,
10801,train-clean-360/16/122827/16-122827-0041.flac,89600,
10802,train-clean-360/1552/140651/1552-140651-0025.flac,89600,
10803,train-clean-360/115/122944/115-122944-0037.flac,89600,
10804,train-clean-360/1649/150127/1649-150127-0002.flac,89520,
10805,train-clean-360/1645/141819/1645-141819-0010.flac,89520,
10806,train-clean-360/1001/134708/1001-134708-0031.flac,89520,
10807,train-clean-360/1668/136271/1668-136271-0026.flac,89440,
10808,train-clean-360/1365/134830/1365-134830-0027.flac,89440,
10809,train-clean-360/1348/135826/1348-135826-0004.flac,89440,
10810,train-clean-360/1027/125147/1027-125147-0042.flac,89360,
10811,train-clean-360/1456/139733/1456-139733-0004.flac,89360,
10812,train-clean-360/1390/130493/1390-130493-0020.flac,89360,
10813,train-clean-360/1425/139290/1425-139290-0017.flac,89280,
10814,train-clean-360/1498/140040/1498-140040-0024.flac,89280,
10815,train-clean-360/1175/126221/1175-126221-0018.flac,89280,
10816,train-clean-360/1241/121106/1241-121106-0020.flac,89280,
10817,train-clean-360/126/122467/126-122467-0022.flac,89200,
10818,train-clean-360/16/122827/16-122827-0028.flac,89120,
10819,train-clean-360/16/122827/16-122827-0054.flac,89120,
10820,train-clean-360/1226/141279/1226-141279-0023.flac,89040,
10821,train-clean-360/112/121671/112-121671-0002.flac,89040,
10822,train-clean-360/122/121730/122-121730-0016.flac,88960,
10823,train-clean-360/1536/141791/1536-141791-0022.flac,88880,
10824,train-clean-360/1463/134463/1463-134463-0020.flac,88800,
10825,train-clean-360/1182/134981/1182-134981-0048.flac,88800,
10826,train-clean-360/1001/134708/1001-134708-0013.flac,88800,
10827,train-clean-360/122/129752/122-129752-0008.flac,88720,
10828,train-clean-360/1290/135762/1290-135762-0092.flac,88720,
10829,train-clean-360/122/121730/122-121730-0017.flac,88720,
10830,train-clean-360/1460/138289/1460-138289-0015.flac,88640,
10831,train-clean-360/1093/132891/1093-132891-0082.flac,88640,
10832,train-clean-360/1001/134708/1001-134708-0001.flac,88560,
10833,train-clean-360/1678/142279/1678-142279-0070.flac,88480,
10834,train-clean-360/1509/143477/1509-143477-0042.flac,88480,
10835,train-clean-360/1552/140651/1552-140651-0003.flac,88480,
10836,train-clean-360/1473/135657/1473-135657-0088.flac,88400,
10837,train-clean-360/1079/128631/1079-128631-0001.flac,88400,
10838,train-clean-360/1093/132891/1093-132891-0024.flac,88320,
10839,train-clean-360/1050/134119/1050-134119-0005.flac,88240,
10840,train-clean-360/1498/140040/1498-140040-0001.flac,88240,
10841,train-clean-360/1079/128632/1079-128632-0032.flac,88000,
10842,train-clean-360/1446/122614/1446-122614-0044.flac,88000,
10843,train-clean-360/1337/10673/1337-10673-0017.flac,87840,
10844,train-clean-360/122/129752/122-129752-0005.flac,87760,
10845,train-clean-360/1498/140040/1498-140040-0027.flac,87760,
10846,train-clean-360/1417/1539/1417-1539-0035.flac,87760,
10847,train-clean-360/1050/134119/1050-134119-0016.flac,87760,
10848,train-clean-360/16/122827/16-122827-0004.flac,87680,
10849,train-clean-360/1607/134636/1607-134636-0036.flac,87520,
10850,train-clean-360/1259/27120/1259-27120-0026.flac,87520,
10851,train-clean-360/1649/5776/1649-5776-0005.flac,87360,
10852,train-clean-360/1607/134636/1607-134636-0041.flac,87360,
10853,train-clean-360/1165/135220/1165-135220-0008.flac,87280,
10854,train-clean-360/115/122944/115-122944-0080.flac,87280,
10855,train-clean-360/115/122944/115-122944-0031.flac,87200,
10856,train-clean-360/1649/150127/1649-150127-0003.flac,87120,
10857,train-clean-360/1058/131113/1058-131113-0046.flac,87120,
10858,train-clean-360/101/126860/101-126860-0041.flac,87040,
10859,train-clean-360/1645/141819/1645-141819-0018.flac,86960,
10860,train-clean-360/1607/149245/1607-149245-0028.flac,86880,
10861,train-clean-360/1460/138289/1460-138289-0016.flac,86880,
10862,train-clean-360/1046/133225/1046-133225-0026.flac,86880,
10863,train-clean-360/1025/75365/1025-75365-0024.flac,86880,
10864,train-clean-360/1513/140222/1513-140222-0020.flac,86800,
10865,train-clean-360/1425/139297/1425-139297-0041.flac,86800,
10866,train-clean-360/1311/134170/1311-134170-0009.flac,86800,
10867,train-clean-360/1392/140654/1392-140654-0015.flac,86560,
10868,train-clean-360/14/212/14-212-0003.flac,86400,
10869,train-clean-360/1259/27120/1259-27120-0021.flac,86240,
10870,train-clean-360/1290/135762/1290-135762-0031.flac,86240,
10871,train-clean-360/115/122944/115-122944-0103.flac,86240,
10872,train-clean-360/1100/124547/1100-124547-0062.flac,86240,
10873,train-clean-360/1182/134981/1182-134981-0047.flac,86240,
10874,train-clean-360/1448/135894/1448-135894-0095.flac,86080,
10875,train-clean-360/1175/126220/1175-126220-0004.flac,86080,
10876,train-clean-360/1639/132848/1639-132848-0054.flac,86000,
10877,train-clean-360/1264/129805/1264-129805-0021.flac,85840,
10878,train-clean-360/1322/137588/1322-137588-0056.flac,85760,
10879,train-clean-360/1639/133290/1639-133290-0000.flac,85759,
10880,train-clean-360/126/122467/126-122467-0019.flac,85759,
10881,train-clean-360/157/126796/157-126796-0023.flac,85600,
10882,train-clean-360/1629/139710/1629-139710-0043.flac,85600,
10883,train-clean-360/1535/141644/1535-141644-0008.flac,85600,
10884,train-clean-360/1607/149245/1607-149245-0007.flac,85440,
10885,train-clean-360/1060/134451/1060-134451-0008.flac,85360,
10886,train-clean-360/1607/134636/1607-134636-0027.flac,85200,
10887,train-clean-360/1050/134119/1050-134119-0045.flac,85200,
10888,train-clean-360/1046/133225/1046-133225-0033.flac,85040,
10889,train-clean-360/1639/133290/1639-133290-0001.flac,84960,
10890,train-clean-360/1473/135657/1473-135657-0084.flac,84960,
10891,train-clean-360/1390/130494/1390-130494-0001.flac,84880,
10892,train-clean-360/1271/136861/1271-136861-0003.flac,84800,
10893,train-clean-360/1445/139397/1445-139397-0017.flac,84800,
10894,train-clean-360/1316/132800/1316-132800-0014.flac,84800,
10895,train-clean-360/1290/135762/1290-135762-0053.flac,84720,
10896,train-clean-360/1678/142279/1678-142279-0051.flac,84720,
10897,train-clean-360/1634/141571/1634-141571-0082.flac,84560,
10898,train-clean-360/1160/139727/1160-139727-0007.flac,84560,
10899,train-clean-360/1639/132848/1639-132848-0047.flac,84560,
10900,train-clean-360/1487/133273/1487-133273-0066.flac,84480,
10901,train-clean-360/1241/137614/1241-137614-0018.flac,84400,
10902,train-clean-360/1265/135636/1265-135636-0004.flac,84320,
10903,train-clean-360/1401/14358/1401-14358-0020.flac,84320,
10904,train-clean-360/1296/138074/1296-138074-0064.flac,84160,
10905,train-clean-360/159/135897/159-135897-0026.flac,84160,
10906,train-clean-360/1112/1043/1112-1043-0005.flac,84000,
10907,train-clean-360/1678/142279/1678-142279-0001.flac,83840,
10908,train-clean-360/1283/136983/1283-136983-0030.flac,83840,
10909,train-clean-360/1093/132891/1093-132891-0016.flac,83840,
10910,train-clean-360/1058/133263/1058-133263-0000.flac,83760,
10911,train-clean-360/101/126859/101-126859-0004.flac,83680,
10912,train-clean-360/1290/135762/1290-135762-0075.flac,83680,
10913,train-clean-360/1536/141791/1536-141791-0038.flac,83600,
10914,train-clean-360/100/121669/100-121669-0007.flac,83600,
10915,train-clean-360/1552/140651/1552-140651-0027.flac,83600,
10916,train-clean-360/1054/143005/1054-143005-0043.flac,83520,
10917,train-clean-360/1639/133290/1639-133290-0008.flac,83440,
10918,train-clean-360/1392/140654/1392-140654-0012.flac,83360,
10919,train-clean-360/1463/134465/1463-134465-0066.flac,83360,
10920,train-clean-360/1413/121799/1413-121799-0055.flac,83360,
10921,train-clean-360/1066/5330/1066-5330-0026.flac,83280,
10922,train-clean-360/122/129752/122-129752-0015.flac,83280,
10923,train-clean-360/1413/121799/1413-121799-0050.flac,83280,
10924,train-clean-360/1607/150715/1607-150715-0040.flac,83120,
10925,train-clean-360/100/121669/100-121669-0029.flac,83040,
10926,train-clean-360/1296/134434/1296-134434-0041.flac,82960,
10927,train-clean-360/1349/135891/1349-135891-0043.flac,82880,
10928,train-clean-360/122/121729/122-121729-0010.flac,82880,
10929,train-clean-360/1448/135894/1448-135894-0002.flac,82800,
10930,train-clean-360/1058/131113/1058-131113-0005.flac,82720,
10931,train-clean-360/1265/135636/1265-135636-0034.flac,82720,
10932,train-clean-360/1079/128636/1079-128636-0017.flac,82720,
10933,train-clean-360/1175/126221/1175-126221-0022.flac,82640,
10934,train-clean-360/16/122827/16-122827-0002.flac,82640,
10935,train-clean-360/1487/133273/1487-133273-0101.flac,82480,
10936,train-clean-360/122/129752/122-129752-0004.flac,82480,
10937,train-clean-360/1271/136861/1271-136861-0054.flac,82480,
10938,train-clean-360/1498/140040/1498-140040-0048.flac,82480,
10939,train-clean-360/100/121669/100-121669-0001.flac,82400,
10940,train-clean-360/1365/134830/1365-134830-0026.flac,82320,
10941,train-clean-360/1224/121064/1224-121064-0030.flac,82240,
10942,train-clean-360/1027/125147/1027-125147-0003.flac,82240,
10943,train-clean-360/119/129514/119-129514-0015.flac,81840,
10944,train-clean-360/1222/141174/1222-141174-0039.flac,81840,
10945,train-clean-360/1487/133273/1487-133273-0103.flac,81840,
10946,train-clean-360/122/121729/122-121729-0011.flac,81760,
10947,train-clean-360/1482/140072/1482-140072-0007.flac,81680,
10948,train-clean-360/1649/5776/1649-5776-0010.flac,81600,
10949,train-clean-360/1487/133273/1487-133273-0040.flac,81520,
10950,train-clean-360/1348/135826/1348-135826-0034.flac,81440,
10951,train-clean-360/1638/84448/1638-84448-0018.flac,81360,
10952,train-clean-360/1392/140654/1392-140654-0001.flac,81360,
10953,train-clean-360/1678/142279/1678-142279-0040.flac,81040,
10954,train-clean-360/1046/133224/1046-133224-0011.flac,81040,
10955,train-clean-360/1387/134991/1387-134991-0019.flac,80960,
10956,train-clean-360/1241/121103/1241-121103-0001.flac,80960,
10957,train-clean-360/1046/133224/1046-133224-0038.flac,80880,
10958,train-clean-360/1222/133834/1222-133834-0012.flac,80880,
10959,train-clean-360/1093/132891/1093-132891-0018.flac,80640,
10960,train-clean-360/1222/141174/1222-141174-0040.flac,80640,
10961,train-clean-360/1629/139710/1629-139710-0026.flac,80640,
10962,train-clean-360/1175/126220/1175-126220-0021.flac,80560,
10963,train-clean-360/1552/140651/1552-140651-0006.flac,80480,
10964,train-clean-360/1556/143307/1556-143307-0072.flac,80400,
10965,train-clean-360/1460/138290/1460-138290-0051.flac,80400,
10966,train-clean-360/1417/1536/1417-1536-0023.flac,80240,
10967,train-clean-360/1100/135264/1100-135264-0015.flac,80240,
10968,train-clean-360/1498/140041/1498-140041-0041.flac,80160,
10969,train-clean-360/115/122944/115-122944-0106.flac,80160,
10970,train-clean-360/1182/134316/1182-134316-0008.flac,80080,
10971,train-clean-360/1629/139710/1629-139710-0010.flac,80000,
10972,train-clean-360/1629/139710/1629-139710-0015.flac,80000,
10973,train-clean-360/1629/139707/1629-139707-0040.flac,80000,
10974,train-clean-360/1079/128633/1079-128633-0003.flac,80000,
10975,train-clean-360/1365/134825/1365-134825-0000.flac,79920,
10976,train-clean-360/1413/121799/1413-121799-0029.flac,79920,
10977,train-clean-360/1160/139336/1160-139336-0002.flac,79920,
10978,train-clean-360/115/122944/115-122944-0078.flac,79920,
10979,train-clean-360/1413/121799/1413-121799-0098.flac,79600,
10980,train-clean-360/1335/160602/1335-160602-0008.flac,79600,
10981,train-clean-360/1645/141819/1645-141819-0014.flac,79520,
10982,train-clean-360/157/121899/157-121899-0036.flac,79440,
10983,train-clean-360/1259/27120/1259-27120-0023.flac,79440,
10984,train-clean-360/1224/121064/1224-121064-0083.flac,79280,
10985,train-clean-360/1337/10674/1337-10674-0044.flac,79280,
10986,train-clean-360/1401/14358/1401-14358-0040.flac,79200,
10987,train-clean-360/1322/137588/1322-137588-0024.flac,79200,
10988,train-clean-360/1160/139730/1160-139730-0015.flac,79200,
10989,train-clean-360/115/122944/115-122944-0098.flac,79040,
10990,train-clean-360/1323/138617/1323-138617-0031.flac,78960,
10991,train-clean-360/1417/1532/1417-1532-0002.flac,78880,
10992,train-clean-360/1536/138488/1536-138488-0033.flac,78880,
10993,train-clean-360/1365/134804/1365-134804-0001.flac,78880,
10994,train-clean-360/1182/133396/1182-133396-0041.flac,78800,
10995,train-clean-360/119/129513/119-129513-0030.flac,78720,
10996,train-clean-360/1383/130489/1383-130489-0009.flac,78640,
10997,train-clean-360/1012/133424/1012-133424-0070.flac,78640,
10998,train-clean-360/119/121722/119-121722-0013.flac,78640,
10999,train-clean-360/1498/140040/1498-140040-0046.flac,78480,
11000,train-clean-360/157/126796/157-126796-0046.flac,78480,
11001,train-clean-360/1536/141791/1536-141791-0024.flac,78400,
11002,train-clean-360/1112/1043/1112-1043-0010.flac,78400,
11003,train-clean-360/1226/141279/1226-141279-0033.flac,78400,
11004,train-clean-360/1182/134981/1182-134981-0022.flac,78320,
11005,train-clean-360/112/121727/112-121727-0018.flac,78320,
11006,train-clean-360/1678/142279/1678-142279-0049.flac,78241,
11007,train-clean-360/1603/141713/1603-141713-0013.flac,78240,
11008,train-clean-360/122/129752/122-129752-0026.flac,78240,
11009,train-clean-360/1392/140654/1392-140654-0018.flac,78160,
11010,train-clean-360/1536/141791/1536-141791-0033.flac,78000,
11011,train-clean-360/1290/135762/1290-135762-0016.flac,78000,
11012,train-clean-360/1634/141571/1634-141571-0065.flac,77920,
11013,train-clean-360/1425/139297/1425-139297-0030.flac,77920,
11014,train-clean-360/1311/134170/1311-134170-0003.flac,77760,
11015,train-clean-360/1224/121064/1224-121064-0018.flac,77760,
11016,train-clean-360/1498/140041/1498-140041-0031.flac,77760,
11017,train-clean-360/1060/134451/1060-134451-0007.flac,77600,
11018,train-clean-360/1337/10674/1337-10674-0037.flac,77360,
11019,train-clean-360/1472/142848/1472-142848-0004.flac,77360,
11020,train-clean-360/1093/132891/1093-132891-0137.flac,77280,
11021,train-clean-360/1271/136861/1271-136861-0044.flac,77200,
11022,train-clean-360/1112/128138/1112-128138-0018.flac,77120,
11023,train-clean-360/1463/134463/1463-134463-0018.flac,76960,
11024,train-clean-360/1645/141819/1645-141819-0012.flac,76800,
11025,train-clean-360/1054/143005/1054-143005-0060.flac,76640,
11026,train-clean-360/1482/140072/1482-140072-0001.flac,76560,
11027,train-clean-360/1322/137588/1322-137588-0060.flac,76560,
11028,train-clean-360/1536/137608/1536-137608-0036.flac,76480,
11029,train-clean-360/1316/132782/1316-132782-0007.flac,76480,
11030,train-clean-360/1323/138548/1323-138548-0026.flac,76480,
11031,train-clean-360/1066/5330/1066-5330-0031.flac,76320,
11032,train-clean-360/1241/137614/1241-137614-0015.flac,76240,
11033,train-clean-360/1289/288043/1289-288043-0028.flac,76000,
11034,train-clean-360/1552/140651/1552-140651-0048.flac,75920,
11035,train-clean-360/1629/139710/1629-139710-0056.flac,75920,
11036,train-clean-360/1536/141791/1536-141791-0000.flac,75840,
11037,train-clean-360/1093/132891/1093-132891-0050.flac,75760,
11038,train-clean-360/1316/132800/1316-132800-0034.flac,75680,
11039,train-clean-360/1259/27120/1259-27120-0019.flac,75680,
11040,train-clean-360/1079/128631/1079-128631-0004.flac,75600,
11041,train-clean-360/1054/143005/1054-143005-0109.flac,75600,
11042,train-clean-360/1121/135824/1121-135824-0034.flac,75520,
11043,train-clean-360/1392/140654/1392-140654-0014.flac,75520,
11044,train-clean-360/16/122827/16-122827-0035.flac,75440,
11045,train-clean-360/1182/133396/1182-133396-0004.flac,75280,
11046,train-clean-360/1472/142848/1472-142848-0037.flac,75200,
11047,train-clean-360/157/126796/157-126796-0050.flac,75200,
11048,train-clean-360/1401/146770/1401-146770-0006.flac,75120,
11049,train-clean-360/1463/134463/1463-134463-0036.flac,75040,
11050,train-clean-360/1222/133834/1222-133834-0028.flac,74960,
11051,train-clean-360/1182/133396/1182-133396-0008.flac,74960,
11052,train-clean-360/1058/131113/1058-131113-0026.flac,74960,
11053,train-clean-360/115/122944/115-122944-0065.flac,74960,
11054,train-clean-360/1052/132776/1052-132776-0014.flac,74880,
11055,train-clean-360/1226/141268/1226-141268-0002.flac,74800,
11056,train-clean-360/1645/141819/1645-141819-0003.flac,74640,
11057,train-clean-360/1536/141791/1536-141791-0026.flac,74640,
11058,train-clean-360/1513/140221/1513-140221-0010.flac,74480,
11059,train-clean-360/157/121907/157-121907-0013.flac,74480,
11060,train-clean-360/1079/128632/1079-128632-0025.flac,74400,
11061,train-clean-360/1259/27120/1259-27120-0030.flac,74320,
11062,train-clean-360/1012/133424/1012-133424-0051.flac,74240,
11063,train-clean-360/1463/134465/1463-134465-0005.flac,74240,
11064,train-clean-360/157/126796/157-126796-0027.flac,74240,
11065,train-clean-360/1607/150715/1607-150715-0022.flac,74240,
11066,train-clean-360/1093/132891/1093-132891-0091.flac,74160,
11067,train-clean-360/1121/132777/1121-132777-0012.flac,74160,
11068,train-clean-360/1472/142848/1472-142848-0000.flac,74160,
11069,train-clean-360/112/121727/112-121727-0013.flac,74080,
11070,train-clean-360/1607/134636/1607-134636-0008.flac,74000,
11071,train-clean-360/1121/135824/1121-135824-0032.flac,73920,
11072,train-clean-360/115/121720/115-121720-0022.flac,73840,
11073,train-clean-360/1413/121799/1413-121799-0117.flac,73760,
11074,train-clean-360/1552/140656/1552-140656-0000.flac,73760,
11075,train-clean-360/1241/137614/1241-137614-0005.flac,73680,
11076,train-clean-360/1165/135216/1165-135216-0037.flac,73600,
11077,train-clean-360/1222/133834/1222-133834-0059.flac,73440,
11078,train-clean-360/1472/142848/1472-142848-0033.flac,73360,
11079,train-clean-360/1313/135020/1313-135020-0037.flac,73360,
11080,train-clean-360/1337/10674/1337-10674-0050.flac,73200,
11081,train-clean-360/122/121729/122-121729-0007.flac,73200,
11082,train-clean-360/1283/129808/1283-129808-0006.flac,73200,
11083,train-clean-360/1678/142279/1678-142279-0077.flac,73200,
11084,train-clean-360/1224/121064/1224-121064-0072.flac,73040,
11085,train-clean-360/1121/135824/1121-135824-0025.flac,73040,
11086,train-clean-360/1271/136861/1271-136861-0020.flac,72880,
11087,train-clean-360/1349/135891/1349-135891-0023.flac,72800,
11088,train-clean-360/1160/139717/1160-139717-0011.flac,72800,
11089,train-clean-360/115/122944/115-122944-0049.flac,72800,
11090,train-clean-360/1607/149245/1607-149245-0041.flac,72800,
11091,train-clean-360/1638/84448/1638-84448-0051.flac,72720,
11092,train-clean-360/115/122944/115-122944-0032.flac,72720,
11093,train-clean-360/1552/140651/1552-140651-0009.flac,72640,
11094,train-clean-360/1290/135762/1290-135762-0085.flac,72480,
11095,train-clean-360/1271/136861/1271-136861-0002.flac,72480,
11096,train-clean-360/1165/135216/1165-135216-0051.flac,72480,
11097,train-clean-360/1472/142848/1472-142848-0022.flac,72480,
11098,train-clean-360/1100/124547/1100-124547-0002.flac,72400,
11099,train-clean-360/1509/143477/1509-143477-0017.flac,72400,
11100,train-clean-360/1472/139797/1472-139797-0042.flac,72400,
11101,train-clean-360/1323/138548/1323-138548-0027.flac,72320,
11102,train-clean-360/1348/135832/1348-135832-0017.flac,72320,
11103,train-clean-360/1311/134176/1311-134176-0027.flac,72080,
11104,train-clean-360/154/124003/154-124003-0019.flac,72000,
11105,train-clean-360/1413/121799/1413-121799-0091.flac,72000,
11106,train-clean-360/1271/136861/1271-136861-0034.flac,71840,
11107,train-clean-360/1413/121799/1413-121799-0123.flac,71840,
11108,train-clean-360/1265/135636/1265-135636-0033.flac,71760,
11109,train-clean-360/1390/130495/1390-130495-0017.flac,71680,
11110,train-clean-360/1224/121064/1224-121064-0112.flac,71680,
11111,train-clean-360/122/129752/122-129752-0011.flac,71680,
11112,train-clean-360/1379/130517/1379-130517-0013.flac,71680,
11113,train-clean-360/1027/125140/1027-125140-0034.flac,71600,
11114,train-clean-360/1060/134451/1060-134451-0038.flac,71520,
11115,train-clean-360/1552/141135/1552-141135-0035.flac,71520,
11116,train-clean-360/1509/145742/1509-145742-0029.flac,71520,
11117,train-clean-360/122/129752/122-129752-0010.flac,71280,
11118,train-clean-360/1336/138115/1336-138115-0012.flac,71280,
11119,train-clean-360/1401/174511/1401-174511-0033.flac,71280,
11120,train-clean-360/1165/135216/1165-135216-0021.flac,71120,
11121,train-clean-360/1448/135894/1448-135894-0019.flac,71040,
11122,train-clean-360/112/123216/112-123216-0023.flac,70960,
11123,train-clean-360/1536/138488/1536-138488-0017.flac,70960,
11124,train-clean-360/1283/129808/1283-129808-0032.flac,70800,
11125,train-clean-360/115/121720/115-121720-0000.flac,70800,
11126,train-clean-360/100/122655/100-122655-0036.flac,70720,
11127,train-clean-360/1629/139710/1629-139710-0033.flac,70720,
11128,train-clean-360/1337/10673/1337-10673-0011.flac,70720,
11129,train-clean-360/1639/132848/1639-132848-0062.flac,70720,
11130,train-clean-360/1046/133224/1046-133224-0031.flac,70560,
11131,train-clean-360/1641/130503/1641-130503-0002.flac,70560,
11132,train-clean-360/1536/138488/1536-138488-0031.flac,70480,
11133,train-clean-360/1316/132782/1316-132782-0053.flac,70400,
11134,train-clean-360/1498/140041/1498-140041-0034.flac,70400,
11135,train-clean-360/1058/131113/1058-131113-0061.flac,70320,
11136,train-clean-360/1603/140931/1603-140931-0001.flac,70320,
11137,train-clean-360/154/124002/154-124002-0019.flac,70320,
11138,train-clean-360/1487/133273/1487-133273-0097.flac,70240,
11139,train-clean-360/1638/84448/1638-84448-0050.flac,70240,
11140,train-clean-360/1607/134636/1607-134636-0002.flac,70160,
11141,train-clean-360/1487/133273/1487-133273-0074.flac,70080,
11142,train-clean-360/1241/121106/1241-121106-0021.flac,69920,
11143,train-clean-360/1536/138488/1536-138488-0043.flac,69920,
11144,train-clean-360/1241/137614/1241-137614-0003.flac,69760,
11145,train-clean-360/1290/135762/1290-135762-0088.flac,69760,
11146,train-clean-360/1001/134708/1001-134708-0016.flac,69681,
11147,train-clean-360/1289/288043/1289-288043-0041.flac,69680,
11148,train-clean-360/1323/138548/1323-138548-0029.flac,69680,
11149,train-clean-360/1603/139325/1603-139325-0011.flac,69680,
11150,train-clean-360/1050/134119/1050-134119-0003.flac,69600,
11151,train-clean-360/1417/1536/1417-1536-0024.flac,69520,
11152,train-clean-360/1224/121064/1224-121064-0085.flac,69520,
11153,train-clean-360/1182/133396/1182-133396-0001.flac,69440,
11154,train-clean-360/1639/132848/1639-132848-0017.flac,69280,
11155,train-clean-360/1241/121103/1241-121103-0004.flac,69200,
11156,train-clean-360/1413/121799/1413-121799-0015.flac,69120,
11157,train-clean-360/126/122467/126-122467-0021.flac,69120,
11158,train-clean-360/115/122944/115-122944-0048.flac,69120,
11159,train-clean-360/1417/1532/1417-1532-0025.flac,69040,
11160,train-clean-360/1336/138113/1336-138113-0065.flac,69040,
11161,train-clean-360/1552/140651/1552-140651-0023.flac,69040,
11162,train-clean-360/1224/121064/1224-121064-0113.flac,69040,
11163,train-clean-360/1195/135814/1195-135814-0007.flac,68960,
11164,train-clean-360/1050/134120/1050-134120-0028.flac,68880,
11165,train-clean-360/1025/75365/1025-75365-0026.flac,68800,
11166,train-clean-360/1093/132891/1093-132891-0028.flac,68720,
11167,train-clean-360/1392/140654/1392-140654-0020.flac,68640,
11168,train-clean-360/1456/136846/1456-136846-0020.flac,68640,
11169,train-clean-360/122/121734/122-121734-0000.flac,68480,
11170,train-clean-360/1224/121064/1224-121064-0069.flac,68480,
11171,train-clean-360/1629/139710/1629-139710-0076.flac,68480,
11172,train-clean-360/1392/140654/1392-140654-0013.flac,68400,
11173,train-clean-360/1121/135824/1121-135824-0023.flac,68320,
11174,train-clean-360/1413/121799/1413-121799-0005.flac,68240,
11175,train-clean-360/115/122944/115-122944-0104.flac,68240,
11176,train-clean-360/1313/135020/1313-135020-0033.flac,68160,
11177,train-clean-360/1348/135826/1348-135826-0000.flac,68160,
11178,train-clean-360/112/123215/112-123215-0009.flac,67920,
11179,train-clean-360/1365/134830/1365-134830-0041.flac,67840,
11180,train-clean-360/1445/139404/1445-139404-0009.flac,67760,
11181,train-clean-360/1046/133224/1046-133224-0035.flac,67760,
11182,train-clean-360/1645/141819/1645-141819-0013.flac,67680,
11183,train-clean-360/1498/140041/1498-140041-0026.flac,67680,
11184,train-clean-360/1417/1532/1417-1532-0027.flac,67600,
11185,train-clean-360/1112/128138/1112-128138-0008.flac,67600,
11186,train-clean-360/1552/140651/1552-140651-0039.flac,67600,
11187,train-clean-360/1365/134825/1365-134825-0004.flac,67600,
11188,train-clean-360/1283/136983/1283-136983-0043.flac,67600,
11189,train-clean-360/1259/137770/1259-137770-0006.flac,67520,
11190,train-clean-360/1079/128633/1079-128633-0007.flac,67440,
11191,train-clean-360/1224/121064/1224-121064-0082.flac,67360,
11192,train-clean-360/1060/134451/1060-134451-0031.flac,67280,
11193,train-clean-360/1259/137770/1259-137770-0014.flac,67280,
11194,train-clean-360/157/126796/157-126796-0006.flac,67200,
11195,train-clean-360/1052/132776/1052-132776-0007.flac,67200,
11196,train-clean-360/122/121729/122-121729-0008.flac,67200,
11197,train-clean-360/1552/140651/1552-140651-0010.flac,67120,
11198,train-clean-360/1552/140651/1552-140651-0029.flac,67120,
11199,train-clean-360/1323/149236/1323-149236-0005.flac,67120,
11200,train-clean-360/115/122944/115-122944-0094.flac,67120,
11201,train-clean-360/1473/135657/1473-135657-0112.flac,67120,
11202,train-clean-360/1052/139307/1052-139307-0015.flac,67040,
11203,train-clean-360/1271/136861/1271-136861-0016.flac,66960,
11204,train-clean-360/1093/132891/1093-132891-0071.flac,66960,
11205,train-clean-360/1634/141571/1634-141571-0007.flac,66880,
11206,train-clean-360/1061/142358/1061-142358-0019.flac,66880,
11207,train-clean-360/115/122944/115-122944-0077.flac,66800,
11208,train-clean-360/1311/134170/1311-134170-0048.flac,66800,
11209,train-clean-360/1079/128636/1079-128636-0006.flac,66640,
11210,train-clean-360/154/124002/154-124002-0015.flac,66640,
11211,train-clean-360/1290/135762/1290-135762-0010.flac,66640,
11212,train-clean-360/14/212/14-212-0024.flac,66560,
11213,train-clean-360/1093/132891/1093-132891-0079.flac,66560,
11214,train-clean-360/1031/133220/1031-133220-0098.flac,66400,
11215,train-clean-360/1182/134981/1182-134981-0044.flac,66320,
11216,train-clean-360/1264/129805/1264-129805-0033.flac,66240,
11217,train-clean-360/1498/140040/1498-140040-0009.flac,66240,
11218,train-clean-360/1058/131113/1058-131113-0029.flac,66160,
11219,train-clean-360/126/125084/126-125084-0044.flac,66080,
11220,train-clean-360/1425/139297/1425-139297-0021.flac,66080,
11221,train-clean-360/1079/128633/1079-128633-0013.flac,65760,
11222,train-clean-360/1175/126221/1175-126221-0014.flac,65680,
11223,train-clean-360/1607/150715/1607-150715-0012.flac,65520,
11224,train-clean-360/1027/125140/1027-125140-0017.flac,65440,
11225,train-clean-360/1390/130493/1390-130493-0012.flac,65280,
11226,train-clean-360/1509/145699/1509-145699-0024.flac,65280,
11227,train-clean-360/122/129752/122-129752-0012.flac,65120,
11228,train-clean-360/1241/121103/1241-121103-0023.flac,65040,
11229,train-clean-360/1472/142848/1472-142848-0024.flac,65040,
11230,train-clean-360/119/129513/119-129513-0013.flac,65040,
11231,train-clean-360/1547/130184/1547-130184-0054.flac,64960,
11232,train-clean-360/1241/137614/1241-137614-0023.flac,64960,
11233,train-clean-360/1401/14358/1401-14358-0019.flac,64960,
11234,train-clean-360/1012/133424/1012-133424-0007.flac,64960,
11235,train-clean-360/122/121729/122-121729-0012.flac,64880,
11236,train-clean-360/1290/135762/1290-135762-0001.flac,64880,
11237,train-clean-360/1058/131113/1058-131113-0066.flac,64800,
11238,train-clean-360/1629/139707/1629-139707-0017.flac,64720,
11239,train-clean-360/1290/135762/1290-135762-0058.flac,64720,
11240,train-clean-360/1678/142279/1678-142279-0013.flac,64640,
11241,train-clean-360/159/135897/159-135897-0039.flac,64560,
11242,train-clean-360/159/121902/159-121902-0024.flac,64480,
11243,train-clean-360/1093/132891/1093-132891-0058.flac,64400,
11244,train-clean-360/159/135897/159-135897-0060.flac,64400,
11245,train-clean-360/112/121727/112-121727-0001.flac,64320,
11246,train-clean-360/1513/140222/1513-140222-0036.flac,64320,
11247,train-clean-360/154/124003/154-124003-0030.flac,64320,
11248,train-clean-360/1079/128636/1079-128636-0020.flac,64240,
11249,train-clean-360/1348/135832/1348-135832-0000.flac,64240,
11250,train-clean-360/1463/134465/1463-134465-0063.flac,64080,
11251,train-clean-360/1460/138290/1460-138290-0071.flac,64000,
11252,train-clean-360/1641/130504/1641-130504-0025.flac,63760,
11253,train-clean-360/1552/140651/1552-140651-0035.flac,63760,
11254,train-clean-360/1448/135894/1448-135894-0025.flac,63680,
11255,train-clean-360/1079/128633/1079-128633-0004.flac,63680,
11256,train-clean-360/1629/139707/1629-139707-0019.flac,63680,
11257,train-clean-360/1241/137614/1241-137614-0037.flac,63680,
11258,train-clean-360/1058/131113/1058-131113-0031.flac,63600,
11259,train-clean-360/1093/132891/1093-132891-0075.flac,63600,
11260,train-clean-360/1629/139710/1629-139710-0029.flac,63520,
11261,train-clean-360/159/135897/159-135897-0077.flac,63520,
11262,train-clean-360/1513/140222/1513-140222-0016.flac,63440,
11263,train-clean-360/1536/138488/1536-138488-0049.flac,63360,
11264,train-clean-360/1028/133393/1028-133393-0023.flac,63360,
11265,train-clean-360/1629/139710/1629-139710-0028.flac,63119,
11266,train-clean-360/1456/136846/1456-136846-0000.flac,62960,
11267,train-clean-360/1182/133396/1182-133396-0024.flac,62960,
11268,train-clean-360/1112/1043/1112-1043-0004.flac,62880,
11269,train-clean-360/1547/130184/1547-130184-0032.flac,62800,
11270,train-clean-360/1335/163935/1335-163935-0039.flac,62640,
11271,train-clean-360/1556/143307/1556-143307-0006.flac,62560,
11272,train-clean-360/1509/145699/1509-145699-0002.flac,62560,
11273,train-clean-360/1456/136846/1456-136846-0035.flac,62560,
11274,train-clean-360/1639/132848/1639-132848-0000.flac,62560,
11275,train-clean-360/1121/135824/1121-135824-0024.flac,62480,
11276,train-clean-360/1222/141174/1222-141174-0029.flac,62480,
11277,train-clean-360/1121/176698/1121-176698-0027.flac,62480,
11278,train-clean-360/1509/143477/1509-143477-0039.flac,62400,
11279,train-clean-360/1463/134463/1463-134463-0026.flac,62399,
11280,train-clean-360/1079/128632/1079-128632-0011.flac,62320,
11281,train-clean-360/1322/137589/1322-137589-0056.flac,62240,
11282,train-clean-360/1641/130505/1641-130505-0009.flac,62240,
11283,train-clean-360/1536/137608/1536-137608-0021.flac,62240,
11284,train-clean-360/157/126796/157-126796-0040.flac,62080,
11285,train-clean-360/1413/121799/1413-121799-0012.flac,62000,
11286,train-clean-360/1678/142279/1678-142279-0042.flac,61840,
11287,train-clean-360/119/121722/119-121722-0002.flac,61840,
11288,train-clean-360/1337/10673/1337-10673-0016.flac,61840,
11289,train-clean-360/1079/128633/1079-128633-0006.flac,61760,
11290,train-clean-360/1456/136846/1456-136846-0005.flac,61680,
11291,train-clean-360/114/129317/114-129317-0013.flac,61600,
11292,train-clean-360/1337/156963/1337-156963-0007.flac,61600,
11293,train-clean-360/157/126796/157-126796-0061.flac,61600,
11294,train-clean-360/1241/121106/1241-121106-0022.flac,61360,
11295,train-clean-360/1093/132891/1093-132891-0066.flac,61120,
11296,train-clean-360/1603/140931/1603-140931-0022.flac,61040,
11297,train-clean-360/1224/121064/1224-121064-0035.flac,61040,
11298,train-clean-360/1387/130989/1387-130989-0016.flac,61040,
11299,train-clean-360/1417/1539/1417-1539-0006.flac,60880,
11300,train-clean-360/1121/132777/1121-132777-0011.flac,60800,
11301,train-clean-360/1322/137588/1322-137588-0041.flac,60720,
11302,train-clean-360/126/122467/126-122467-0035.flac,60720,
11303,train-clean-360/1603/139324/1603-139324-0000.flac,60640,
11304,train-clean-360/119/129514/119-129514-0005.flac,60640,
11305,train-clean-360/1222/141174/1222-141174-0053.flac,60640,
11306,train-clean-360/1463/134463/1463-134463-0039.flac,60560,
11307,train-clean-360/119/129514/119-129514-0037.flac,60480,
11308,train-clean-360/1100/124547/1100-124547-0029.flac,60400,
11309,train-clean-360/1390/130493/1390-130493-0011.flac,60400,
11310,train-clean-360/1323/138617/1323-138617-0013.flac,60400,
11311,train-clean-360/1160/139717/1160-139717-0003.flac,60320,
11312,train-clean-360/114/129317/114-129317-0050.flac,60240,
11313,train-clean-360/1271/136861/1271-136861-0056.flac,60240,
11314,train-clean-360/1058/131113/1058-131113-0013.flac,60240,
11315,train-clean-360/157/121899/157-121899-0023.flac,60160,
11316,train-clean-360/1387/134991/1387-134991-0026.flac,60000,
11317,train-clean-360/1054/143005/1054-143005-0073.flac,60000,
11318,train-clean-360/1296/138074/1296-138074-0065.flac,59921,
11319,train-clean-360/1224/121064/1224-121064-0091.flac,59920,
11320,train-clean-360/1100/124547/1100-124547-0061.flac,59920,
11321,train-clean-360/126/122467/126-122467-0081.flac,59840,
11322,train-clean-360/1387/134991/1387-134991-0025.flac,59760,
11323,train-clean-360/1001/134708/1001-134708-0018.flac,59760,
11324,train-clean-360/1639/132848/1639-132848-0050.flac,59520,
11325,train-clean-360/1639/133290/1639-133290-0034.flac,59520,
11326,train-clean-360/1547/130184/1547-130184-0083.flac,59440,
11327,train-clean-360/1463/134463/1463-134463-0001.flac,59440,
11328,train-clean-360/1050/134121/1050-134121-0030.flac,59360,
11329,train-clean-360/1498/140041/1498-140041-0050.flac,59280,
11330,train-clean-360/126/125084/126-125084-0029.flac,59280,
11331,train-clean-360/1607/150715/1607-150715-0009.flac,59200,
11332,train-clean-360/1160/139730/1160-139730-0020.flac,59040,
11333,train-clean-360/100/121669/100-121669-0008.flac,59040,
11334,train-clean-360/1487/133273/1487-133273-0081.flac,58960,
11335,train-clean-360/1271/136861/1271-136861-0046.flac,58960,
11336,train-clean-360/1445/139397/1445-139397-0023.flac,58720,
11337,train-clean-360/1401/146770/1401-146770-0011.flac,58720,
11338,train-clean-360/1392/140654/1392-140654-0021.flac,58480,
11339,train-clean-360/1265/135635/1265-135635-0049.flac,58480,
11340,train-clean-360/1160/139717/1160-139717-0026.flac,58400,
11341,train-clean-360/122/121734/122-121734-0006.flac,58400,
11342,train-clean-360/1283/129808/1283-129808-0022.flac,58400,
11343,train-clean-360/1222/141174/1222-141174-0009.flac,58320,
11344,train-clean-360/1100/124547/1100-124547-0024.flac,58320,
11345,train-clean-360/1175/126220/1175-126220-0059.flac,58240,
11346,train-clean-360/1509/145699/1509-145699-0012.flac,58240,
11347,train-clean-360/119/129513/119-129513-0037.flac,58000,
11348,train-clean-360/126/122467/126-122467-0030.flac,58000,
11349,train-clean-360/1160/139730/1160-139730-0018.flac,57840,
11350,train-clean-360/1290/135762/1290-135762-0023.flac,57760,
11351,train-clean-360/1079/128632/1079-128632-0015.flac,57680,
11352,train-clean-360/1058/131113/1058-131113-0011.flac,57600,
11353,train-clean-360/1224/121064/1224-121064-0114.flac,57520,
11354,train-clean-360/1547/130184/1547-130184-0066.flac,57440,
11355,train-clean-360/1556/139350/1556-139350-0022.flac,57440,
11356,train-clean-360/1422/146123/1422-146123-0016.flac,57440,
11357,train-clean-360/1446/122614/1446-122614-0012.flac,57440,
11358,train-clean-360/126/122467/126-122467-0046.flac,57280,
11359,train-clean-360/1323/149236/1323-149236-0009.flac,57200,
11360,train-clean-360/1241/137614/1241-137614-0034.flac,57200,
11361,train-clean-360/16/122828/16-122828-0023.flac,57200,
11362,train-clean-360/1093/132891/1093-132891-0140.flac,57120,
11363,train-clean-360/1112/128138/1112-128138-0041.flac,57120,
11364,train-clean-360/1365/134804/1365-134804-0007.flac,57120,
11365,train-clean-360/1379/130517/1379-130517-0019.flac,57040,
11366,train-clean-360/1335/160602/1335-160602-0032.flac,56960,
11367,train-clean-360/119/129514/119-129514-0029.flac,56960,
11368,train-clean-360/122/129752/122-129752-0009.flac,56960,
11369,train-clean-360/159/121902/159-121902-0001.flac,56880,
11370,train-clean-360/1552/140651/1552-140651-0011.flac,56880,
11371,train-clean-360/1463/134463/1463-134463-0013.flac,56800,
11372,train-clean-360/1472/142848/1472-142848-0013.flac,56800,
11373,train-clean-360/1112/128136/1112-128136-0030.flac,56800,
11374,train-clean-360/1283/129808/1283-129808-0024.flac,56720,
11375,train-clean-360/1472/142848/1472-142848-0021.flac,56720,
11376,train-clean-360/1175/126221/1175-126221-0016.flac,56640,
11377,train-clean-360/1629/139710/1629-139710-0040.flac,56560,
11378,train-clean-360/1160/139730/1160-139730-0006.flac,56560,
11379,train-clean-360/1012/133424/1012-133424-0067.flac,56480,
11380,train-clean-360/1456/136846/1456-136846-0026.flac,56480,
11381,train-clean-360/1390/130495/1390-130495-0004.flac,56400,
11382,train-clean-360/1100/124547/1100-124547-0007.flac,56400,
11383,train-clean-360/1460/138290/1460-138290-0043.flac,56400,
11384,train-clean-360/1552/141135/1552-141135-0043.flac,56400,
11385,train-clean-360/1093/132891/1093-132891-0129.flac,56400,
11386,train-clean-360/1413/121799/1413-121799-0042.flac,56320,
11387,train-clean-360/1060/134451/1060-134451-0080.flac,56240,
11388,train-clean-360/1401/146770/1401-146770-0029.flac,56080,
11389,train-clean-360/1335/163935/1335-163935-0033.flac,56000,
11390,train-clean-360/1182/134316/1182-134316-0025.flac,56000,
11391,train-clean-360/1629/139710/1629-139710-0021.flac,56000,
11392,train-clean-360/1165/135220/1165-135220-0013.flac,55920,
11393,train-clean-360/1289/288044/1289-288044-0059.flac,55920,
11394,train-clean-360/1322/137589/1322-137589-0045.flac,55840,
11395,train-clean-360/126/122467/126-122467-0058.flac,55761,
11396,train-clean-360/1160/134674/1160-134674-0008.flac,55680,
11397,train-clean-360/1535/141642/1535-141642-0010.flac,55440,
11398,train-clean-360/1222/133834/1222-133834-0050.flac,55360,
11399,train-clean-360/1241/121106/1241-121106-0027.flac,55360,
11400,train-clean-360/14/208/14-208-0045.flac,55360,
11401,train-clean-360/1513/140222/1513-140222-0038.flac,55280,
11402,train-clean-360/1222/141174/1222-141174-0058.flac,55280,
11403,train-clean-360/1290/135762/1290-135762-0035.flac,55280,
11404,train-clean-360/1290/135762/1290-135762-0004.flac,55280,
11405,train-clean-360/1093/132891/1093-132891-0112.flac,55200,
11406,train-clean-360/1224/121064/1224-121064-0102.flac,55120,
11407,train-clean-360/1552/140651/1552-140651-0051.flac,55120,
11408,train-clean-360/1290/135762/1290-135762-0061.flac,55120,
11409,train-clean-360/1313/135020/1313-135020-0032.flac,54880,
11410,train-clean-360/1649/150127/1649-150127-0041.flac,54880,
11411,train-clean-360/157/126796/157-126796-0021.flac,54880,
11412,train-clean-360/1336/138113/1336-138113-0014.flac,54880,
11413,train-clean-360/1195/130164/1195-130164-0000.flac,54880,
11414,train-clean-360/1100/135264/1100-135264-0009.flac,54800,
11415,train-clean-360/1046/133224/1046-133224-0048.flac,54800,
11416,train-clean-360/159/135897/159-135897-0053.flac,54800,
11417,train-clean-360/1401/146770/1401-146770-0024.flac,54720,
11418,train-clean-360/1079/128631/1079-128631-0022.flac,54640,
11419,train-clean-360/1638/84448/1638-84448-0000.flac,54640,
11420,train-clean-360/1417/1539/1417-1539-0042.flac,54560,
11421,train-clean-360/1316/132800/1316-132800-0051.flac,54560,
11422,train-clean-360/1639/132848/1639-132848-0012.flac,54560,
11423,train-clean-360/1552/141135/1552-141135-0021.flac,54480,
11424,train-clean-360/1222/133834/1222-133834-0047.flac,54400,
11425,train-clean-360/157/126796/157-126796-0062.flac,54400,
11426,train-clean-360/126/122467/126-122467-0017.flac,54320,
11427,train-clean-360/1638/84448/1638-84448-0015.flac,54240,
11428,train-clean-360/1336/138113/1336-138113-0062.flac,54240,
11429,train-clean-360/1001/134708/1001-134708-0021.flac,54080,
11430,train-clean-360/126/122467/126-122467-0084.flac,54080,
11431,train-clean-360/1556/139350/1556-139350-0024.flac,54000,
11432,train-clean-360/154/123998/154-123998-0020.flac,53920,
11433,train-clean-360/1473/135657/1473-135657-0044.flac,53920,
11434,train-clean-360/1379/130486/1379-130486-0012.flac,53920,
11435,train-clean-360/1093/132891/1093-132891-0059.flac,53920,
11436,train-clean-360/1160/139336/1160-139336-0008.flac,53840,
11437,train-clean-360/1552/140651/1552-140651-0026.flac,53760,
11438,train-clean-360/1264/129805/1264-129805-0037.flac,53680,
11439,train-clean-360/1607/134636/1607-134636-0020.flac,53680,
11440,train-clean-360/1100/135264/1100-135264-0024.flac,53600,
11441,train-clean-360/1571/141320/1571-141320-0051.flac,53600,
11442,train-clean-360/115/122944/115-122944-0057.flac,53520,
11443,train-clean-360/1456/136846/1456-136846-0034.flac,53520,
11444,train-clean-360/1061/152224/1061-152224-0032.flac,53440,
11445,train-clean-360/1160/139730/1160-139730-0017.flac,53440,
11446,train-clean-360/1058/131113/1058-131113-0016.flac,53360,
11447,train-clean-360/1463/134463/1463-134463-0003.flac,53200,
11448,train-clean-360/1046/133225/1046-133225-0003.flac,53120,
11449,train-clean-360/1446/122614/1446-122614-0065.flac,53120,
11450,train-clean-360/157/121907/157-121907-0002.flac,52960,
11451,train-clean-360/1552/140651/1552-140651-0004.flac,52960,
11452,train-clean-360/115/122944/115-122944-0075.flac,52880,
11453,train-clean-360/119/129513/119-129513-0027.flac,52800,
11454,train-clean-360/1337/10673/1337-10673-0036.flac,52800,
11455,train-clean-360/1487/133273/1487-133273-0023.flac,52720,
11456,train-clean-360/1463/134463/1463-134463-0037.flac,52720,
11457,train-clean-360/157/121907/157-121907-0009.flac,52720,
11458,train-clean-360/114/129317/114-129317-0014.flac,52560,
11459,train-clean-360/1224/121064/1224-121064-0084.flac,52560,
11460,train-clean-360/1322/137589/1322-137589-0014.flac,52400,
11461,train-clean-360/1050/134121/1050-134121-0006.flac,52160,
11462,train-clean-360/1058/131113/1058-131113-0074.flac,52080,
11463,train-clean-360/112/123215/112-123215-0027.flac,52000,
11464,train-clean-360/1603/140931/1603-140931-0031.flac,52000,
11465,train-clean-360/157/126796/157-126796-0029.flac,52000,
11466,train-clean-360/1413/121799/1413-121799-0121.flac,52000,
11467,train-clean-360/1212/185485/1212-185485-0035.flac,51920,
11468,train-clean-360/1536/138488/1536-138488-0015.flac,51920,
11469,train-clean-360/154/124003/154-124003-0025.flac,51920,
11470,train-clean-360/1678/142279/1678-142279-0047.flac,51840,
11471,train-clean-360/1058/131113/1058-131113-0015.flac,51840,
11472,train-clean-360/1093/132891/1093-132891-0073.flac,51840,
11473,train-clean-360/1241/121106/1241-121106-0012.flac,51680,
11474,train-clean-360/1182/133396/1182-133396-0019.flac,51600,
11475,train-clean-360/1195/130164/1195-130164-0007.flac,51440,
11476,train-clean-360/1607/134636/1607-134636-0017.flac,51360,
11477,train-clean-360/1264/129805/1264-129805-0008.flac,51280,
11478,train-clean-360/1322/137589/1322-137589-0006.flac,50960,
11479,train-clean-360/1382/130548/1382-130548-0004.flac,50960,
11480,train-clean-360/1603/141713/1603-141713-0011.flac,50880,
11481,train-clean-360/1547/130184/1547-130184-0042.flac,50880,
11482,train-clean-360/126/125084/126-125084-0024.flac,50800,
11483,train-clean-360/1224/121064/1224-121064-0015.flac,50800,
11484,train-clean-360/1323/138548/1323-138548-0037.flac,50720,
11485,train-clean-360/1552/140651/1552-140651-0005.flac,50720,
11486,train-clean-360/126/125084/126-125084-0039.flac,50640,
11487,train-clean-360/112/123215/112-123215-0030.flac,50640,
11488,train-clean-360/1607/134636/1607-134636-0025.flac,50560,
11489,train-clean-360/1121/176698/1121-176698-0026.flac,50480,
11490,train-clean-360/1093/132891/1093-132891-0057.flac,50480,
11491,train-clean-360/1290/135762/1290-135762-0028.flac,50480,
11492,train-clean-360/1487/133273/1487-133273-0090.flac,50320,
11493,train-clean-360/1382/130549/1382-130549-0015.flac,50240,
11494,train-clean-360/1365/134804/1365-134804-0040.flac,50240,
11495,train-clean-360/1607/150715/1607-150715-0004.flac,50240,
11496,train-clean-360/1222/141174/1222-141174-0028.flac,50160,
11497,train-clean-360/1337/10674/1337-10674-0045.flac,50160,
11498,train-clean-360/1052/139307/1052-139307-0016.flac,50080,
11499,train-clean-360/1547/130184/1547-130184-0003.flac,50080,
11500,train-clean-360/101/126860/101-126860-0050.flac,50000,
11501,train-clean-360/119/121722/119-121722-0015.flac,49920,
11502,train-clean-360/154/123998/154-123998-0016.flac,49920,
11503,train-clean-360/1241/121103/1241-121103-0039.flac,49760,
11504,train-clean-360/1638/84448/1638-84448-0062.flac,49520,
11505,train-clean-360/16/122828/16-122828-0027.flac,49440,
11506,train-clean-360/119/121722/119-121722-0017.flac,49200,
11507,train-clean-360/1079/128633/1079-128633-0015.flac,49040,
11508,train-clean-360/1336/138115/1336-138115-0002.flac,49040,
11509,train-clean-360/154/124002/154-124002-0021.flac,48960,
11510,train-clean-360/100/121674/100-121674-0027.flac,48960,
11511,train-clean-360/1112/1043/1112-1043-0016.flac,48880,
11512,train-clean-360/1382/130492/1382-130492-0005.flac,48800,
11513,train-clean-360/1054/143005/1054-143005-0054.flac,48560,
11514,train-clean-360/1182/133396/1182-133396-0000.flac,48560,
11515,train-clean-360/1336/138115/1336-138115-0021.flac,48560,
11516,train-clean-360/1337/10673/1337-10673-0034.flac,48400,
11517,train-clean-360/115/122944/115-122944-0063.flac,48160,
11518,train-clean-360/1313/135020/1313-135020-0003.flac,48080,
11519,train-clean-360/1241/137614/1241-137614-0006.flac,47920,
11520,train-clean-360/1417/1539/1417-1539-0007.flac,47920,
11521,train-clean-360/1629/139710/1629-139710-0070.flac,47920,
11522,train-clean-360/1387/134991/1387-134991-0016.flac,47920,
11523,train-clean-360/1290/135762/1290-135762-0009.flac,47760,
11524,train-clean-360/1349/135891/1349-135891-0037.flac,47600,
11525,train-clean-360/1001/134707/1001-134707-0005.flac,47440,
11526,train-clean-360/1552/140651/1552-140651-0012.flac,47440,
11527,train-clean-360/1222/133834/1222-133834-0041.flac,47440,
11528,train-clean-360/1498/140041/1498-140041-0038.flac,47360,
11529,train-clean-360/1422/146111/1422-146111-0039.flac,47360,
11530,train-clean-360/1241/137614/1241-137614-0022.flac,47280,
11531,train-clean-360/1498/140041/1498-140041-0006.flac,47280,
11532,train-clean-360/1027/125147/1027-125147-0025.flac,47280,
11533,train-clean-360/126/125084/126-125084-0033.flac,47200,
11534,train-clean-360/1093/132891/1093-132891-0064.flac,47200,
11535,train-clean-360/1046/133225/1046-133225-0031.flac,47200,
11536,train-clean-360/119/129514/119-129514-0033.flac,47120,
11537,train-clean-360/1387/134991/1387-134991-0035.flac,47120,
11538,train-clean-360/1031/133220/1031-133220-0033.flac,47120,
11539,train-clean-360/1053/132821/1053-132821-0016.flac,46960,
11540,train-clean-360/1547/130184/1547-130184-0082.flac,46880,
11541,train-clean-360/1050/134119/1050-134119-0002.flac,46800,
11542,train-clean-360/122/121729/122-121729-0028.flac,46800,
11543,train-clean-360/1649/150127/1649-150127-0036.flac,46720,
11544,train-clean-360/1348/135832/1348-135832-0019.flac,46720,
11545,train-clean-360/1547/130184/1547-130184-0048.flac,46640,
11546,train-clean-360/126/122467/126-122467-0042.flac,46480,
11547,train-clean-360/1498/140040/1498-140040-0026.flac,46480,
11548,train-clean-360/1052/139307/1052-139307-0044.flac,46480,
11549,train-clean-360/16/122828/16-122828-0002.flac,46400,
11550,train-clean-360/1028/133395/1028-133395-0021.flac,46320,
11551,train-clean-360/1259/27120/1259-27120-0025.flac,46320,
11552,train-clean-360/1027/125140/1027-125140-0024.flac,46320,
11553,train-clean-360/1060/134451/1060-134451-0075.flac,46320,
11554,train-clean-360/1182/134316/1182-134316-0006.flac,46160,
11555,train-clean-360/1639/132848/1639-132848-0056.flac,46000,
11556,train-clean-360/1335/160602/1335-160602-0005.flac,45920,
11557,train-clean-360/1552/140651/1552-140651-0013.flac,45920,
11558,train-clean-360/159/135897/159-135897-0015.flac,45840,
11559,train-clean-360/1290/135762/1290-135762-0040.flac,45760,
11560,train-clean-360/157/126796/157-126796-0032.flac,45680,
11561,train-clean-360/1536/141791/1536-141791-0023.flac,45600,
11562,train-clean-360/1473/135657/1473-135657-0087.flac,45600,
11563,train-clean-360/1290/135762/1290-135762-0042.flac,45600,
11564,train-clean-360/1259/72927/1259-72927-0010.flac,45520,
11565,train-clean-360/1264/129805/1264-129805-0062.flac,45520,
11566,train-clean-360/1060/134451/1060-134451-0048.flac,45520,
11567,train-clean-360/1536/141791/1536-141791-0009.flac,45440,
11568,train-clean-360/1046/133225/1046-133225-0060.flac,45440,
11569,train-clean-360/1058/131113/1058-131113-0051.flac,45440,
11570,train-clean-360/1313/135020/1313-135020-0039.flac,45440,
11571,train-clean-360/1337/10674/1337-10674-0016.flac,45440,
11572,train-clean-360/1417/1539/1417-1539-0003.flac,45360,
11573,train-clean-360/1463/134465/1463-134465-0043.flac,45280,
11574,train-clean-360/1498/140041/1498-140041-0035.flac,45280,
11575,train-clean-360/1265/135635/1265-135635-0015.flac,45280,
11576,train-clean-360/1100/124547/1100-124547-0042.flac,45200,
11577,train-clean-360/1365/134804/1365-134804-0013.flac,45120,
11578,train-clean-360/1413/121799/1413-121799-0045.flac,45040,
11579,train-clean-360/1639/132848/1639-132848-0036.flac,44960,
11580,train-clean-360/1271/136861/1271-136861-0038.flac,44880,
11581,train-clean-360/1607/134636/1607-134636-0029.flac,44880,
11582,train-clean-360/1460/138290/1460-138290-0063.flac,44880,
11583,train-clean-360/1093/132891/1093-132891-0029.flac,44800,
11584,train-clean-360/1182/134981/1182-134981-0046.flac,44800,
11585,train-clean-360/1547/130184/1547-130184-0053.flac,44720,
11586,train-clean-360/1058/131113/1058-131113-0037.flac,44560,
11587,train-clean-360/1607/150715/1607-150715-0003.flac,44560,
11588,train-clean-360/157/126796/157-126796-0044.flac,44400,
11589,train-clean-360/1498/140041/1498-140041-0022.flac,44320,
11590,train-clean-360/154/124003/154-124003-0013.flac,44240,
11591,train-clean-360/1160/139727/1160-139727-0012.flac,44160,
11592,train-clean-360/1413/121799/1413-121799-0036.flac,44080,
11593,train-clean-360/1634/141571/1634-141571-0031.flac,44000,
11594,train-clean-360/115/122944/115-122944-0052.flac,43760,
11595,train-clean-360/1093/132891/1093-132891-0100.flac,43600,
11596,train-clean-360/1337/10674/1337-10674-0025.flac,43600,
11597,train-clean-360/1241/137614/1241-137614-0042.flac,43600,
11598,train-clean-360/1349/135891/1349-135891-0017.flac,43361,
11599,train-clean-360/1536/138488/1536-138488-0016.flac,43360,
11600,train-clean-360/1093/132891/1093-132891-0116.flac,43280,
11601,train-clean-360/1463/134465/1463-134465-0062.flac,43200,
11602,train-clean-360/1265/135635/1265-135635-0013.flac,43120,
11603,train-clean-360/115/122944/115-122944-0051.flac,43120,
11604,train-clean-360/1629/139710/1629-139710-0018.flac,43040,
11605,train-clean-360/159/135897/159-135897-0055.flac,43040,
11606,train-clean-360/1058/131113/1058-131113-0057.flac,43040,
11607,train-clean-360/1463/134465/1463-134465-0013.flac,42880,
11608,train-clean-360/1536/141791/1536-141791-0010.flac,42880,
11609,train-clean-360/1413/121799/1413-121799-0086.flac,42800,
11610,train-clean-360/1093/132891/1093-132891-0051.flac,42800,
11611,train-clean-360/1603/140931/1603-140931-0010.flac,42640,
11612,train-clean-360/1456/130545/1456-130545-0020.flac,42560,
11613,train-clean-360/1387/134991/1387-134991-0022.flac,42480,
11614,train-clean-360/1079/128633/1079-128633-0014.flac,42480,
11615,train-clean-360/1387/130993/1387-130993-0008.flac,42400,
11616,train-clean-360/119/121722/119-121722-0012.flac,42400,
11617,train-clean-360/1093/132891/1093-132891-0094.flac,42320,
11618,train-clean-360/1463/134463/1463-134463-0019.flac,42160,
11619,train-clean-360/1012/133424/1012-133424-0031.flac,42160,
11620,train-clean-360/1547/130184/1547-130184-0025.flac,42080,
11621,train-clean-360/1264/129805/1264-129805-0066.flac,42080,
11622,train-clean-360/1678/142279/1678-142279-0059.flac,42000,
11623,train-clean-360/1463/134465/1463-134465-0040.flac,41920,
11624,train-clean-360/1547/130184/1547-130184-0041.flac,41840,
11625,train-clean-360/1448/135894/1448-135894-0029.flac,41840,
11626,train-clean-360/1552/140651/1552-140651-0050.flac,41840,
11627,train-clean-360/1498/140041/1498-140041-0045.flac,41760,
11628,train-clean-360/1556/143307/1556-143307-0009.flac,41760,
11629,train-clean-360/1552/141135/1552-141135-0000.flac,41680,
11630,train-clean-360/1224/121064/1224-121064-0011.flac,41520,
11631,train-clean-360/1607/134636/1607-134636-0009.flac,41520,
11632,train-clean-360/159/135897/159-135897-0022.flac,41360,
11633,train-clean-360/1383/130533/1383-130533-0015.flac,41280,
11634,train-clean-360/1160/139727/1160-139727-0000.flac,41280,
11635,train-clean-360/1271/136861/1271-136861-0033.flac,41280,
11636,train-clean-360/119/121722/119-121722-0005.flac,41280,
11637,train-clean-360/1226/141268/1226-141268-0031.flac,41200,
11638,train-clean-360/1425/139291/1425-139291-0030.flac,41200,
11639,train-clean-360/1052/139307/1052-139307-0029.flac,41040,
11640,train-clean-360/1417/1532/1417-1532-0041.flac,41040,
11641,train-clean-360/1552/141135/1552-141135-0020.flac,40880,
11642,train-clean-360/1289/288044/1289-288044-0031.flac,40880,
11643,train-clean-360/1112/128136/1112-128136-0040.flac,40720,
11644,train-clean-360/1283/129808/1283-129808-0049.flac,40560,
11645,train-clean-360/1316/132782/1316-132782-0049.flac,40560,
11646,train-clean-360/1456/130553/1456-130553-0019.flac,40560,
11647,train-clean-360/16/122827/16-122827-0060.flac,40560,
11648,train-clean-360/1012/133424/1012-133424-0053.flac,40480,
11649,train-clean-360/1607/134636/1607-134636-0035.flac,40400,
11650,train-clean-360/1058/131113/1058-131113-0075.flac,40320,
11651,train-clean-360/1463/134465/1463-134465-0050.flac,40320,
11652,train-clean-360/1472/142848/1472-142848-0023.flac,40240,
11653,train-clean-360/126/122467/126-122467-0045.flac,40160,
11654,train-clean-360/122/121730/122-121730-0011.flac,40080,
11655,train-clean-360/1012/133424/1012-133424-0034.flac,40080,
11656,train-clean-360/1383/130533/1383-130533-0005.flac,40000,
11657,train-clean-360/1401/174511/1401-174511-0028.flac,40000,
11658,train-clean-360/1224/121064/1224-121064-0059.flac,39840,
11659,train-clean-360/1498/140041/1498-140041-0021.flac,39760,
11660,train-clean-360/1472/285314/1472-285314-0031.flac,39760,
11661,train-clean-360/122/121730/122-121730-0033.flac,39680,
11662,train-clean-360/1536/138488/1536-138488-0018.flac,39680,
11663,train-clean-360/1046/133225/1046-133225-0032.flac,39680,
11664,train-clean-360/1513/140222/1513-140222-0049.flac,39680,
11665,train-clean-360/1337/156963/1337-156963-0002.flac,39520,
11666,train-clean-360/1050/134119/1050-134119-0035.flac,39520,
11667,train-clean-360/1535/141644/1535-141644-0054.flac,39280,
11668,train-clean-360/1264/129805/1264-129805-0038.flac,39120,
11669,train-clean-360/1112/128136/1112-128136-0039.flac,39120,
11670,train-clean-360/1079/128636/1079-128636-0016.flac,39120,
11671,train-clean-360/1509/145742/1509-145742-0009.flac,38960,
11672,train-clean-360/1222/141174/1222-141174-0023.flac,38960,
11673,train-clean-360/1224/121064/1224-121064-0116.flac,38880,
11674,train-clean-360/1182/133396/1182-133396-0009.flac,38880,
11675,train-clean-360/1638/84448/1638-84448-0036.flac,38720,
11676,train-clean-360/1290/135762/1290-135762-0081.flac,38720,
11677,train-clean-360/1060/134451/1060-134451-0003.flac,38560,
11678,train-clean-360/1536/138488/1536-138488-0023.flac,38560,
11679,train-clean-360/1460/138290/1460-138290-0052.flac,38480,
11680,train-clean-360/1079/128632/1079-128632-0040.flac,38400,
11681,train-clean-360/1392/135659/1392-135659-0030.flac,38400,
11682,train-clean-360/1290/135762/1290-135762-0029.flac,38400,
11683,train-clean-360/16/122827/16-122827-0011.flac,38400,
11684,train-clean-360/122/121734/122-121734-0002.flac,38320,
11685,train-clean-360/1603/140931/1603-140931-0027.flac,38240,
11686,train-clean-360/1498/140040/1498-140040-0000.flac,38160,
11687,train-clean-360/126/122467/126-122467-0065.flac,38160,
11688,train-clean-360/1100/135264/1100-135264-0001.flac,38080,
11689,train-clean-360/119/129513/119-129513-0031.flac,38000,
11690,train-clean-360/1463/134463/1463-134463-0033.flac,37920,
11691,train-clean-360/1603/139324/1603-139324-0011.flac,37840,
11692,train-clean-360/1383/130532/1383-130532-0026.flac,37760,
11693,train-clean-360/1536/137608/1536-137608-0022.flac,37760,
11694,train-clean-360/1552/140656/1552-140656-0002.flac,37760,
11695,train-clean-360/1390/130494/1390-130494-0005.flac,37680,
11696,train-clean-360/1160/134674/1160-134674-0004.flac,37680,
11697,train-clean-360/1222/133834/1222-133834-0023.flac,37600,
11698,train-clean-360/1222/141174/1222-141174-0054.flac,37600,
11699,train-clean-360/1093/132891/1093-132891-0053.flac,37520,
11700,train-clean-360/1607/150715/1607-150715-0033.flac,37360,
11701,train-clean-360/1290/135762/1290-135762-0021.flac,37280,
11702,train-clean-360/1313/135020/1313-135020-0041.flac,37200,
11703,train-clean-360/1290/135762/1290-135762-0051.flac,37120,
11704,train-clean-360/1645/141819/1645-141819-0007.flac,37120,
11705,train-clean-360/1448/135894/1448-135894-0113.flac,37120,
11706,train-clean-360/1264/129805/1264-129805-0069.flac,37120,
11707,train-clean-360/1290/135762/1290-135762-0086.flac,36960,
11708,train-clean-360/101/126860/101-126860-0000.flac,36960,
11709,train-clean-360/1472/285314/1472-285314-0005.flac,36880,
11710,train-clean-360/1224/121064/1224-121064-0086.flac,36880,
11711,train-clean-360/157/126796/157-126796-0036.flac,36800,
11712,train-clean-360/1552/140656/1552-140656-0004.flac,36800,
11713,train-clean-360/1316/132800/1316-132800-0015.flac,36800,
11714,train-clean-360/1323/138548/1323-138548-0036.flac,36720,
11715,train-clean-360/1046/133224/1046-133224-0027.flac,36160,
11716,train-clean-360/1313/135020/1313-135020-0040.flac,36160,
11717,train-clean-360/1060/134451/1060-134451-0078.flac,36160,
11718,train-clean-360/1603/141713/1603-141713-0005.flac,36000,
11719,train-clean-360/1552/140656/1552-140656-0001.flac,36000,
11720,train-clean-360/1463/134465/1463-134465-0037.flac,36000,
11721,train-clean-360/1417/1532/1417-1532-0015.flac,35920,
11722,train-clean-360/1182/133396/1182-133396-0006.flac,35760,
11723,train-clean-360/1093/132891/1093-132891-0110.flac,35760,
11724,train-clean-360/1348/135832/1348-135832-0025.flac,35760,
11725,train-clean-360/1224/121064/1224-121064-0061.flac,35679,
11726,train-clean-360/1509/143477/1509-143477-0038.flac,35600,
11727,train-clean-360/112/121671/112-121671-0017.flac,35360,
11728,train-clean-360/1634/141571/1634-141571-0048.flac,35280,
11729,train-clean-360/1271/136861/1271-136861-0045.flac,35120,
11730,train-clean-360/14/212/14-212-0027.flac,35040,
11731,train-clean-360/122/121730/122-121730-0004.flac,34880,
11732,train-clean-360/1337/156963/1337-156963-0000.flac,34800,
11733,train-clean-360/1552/140651/1552-140651-0002.flac,34480,
11734,train-clean-360/1079/128632/1079-128632-0026.flac,34480,
11735,train-clean-360/1473/135657/1473-135657-0043.flac,34480,
11736,train-clean-360/1473/135657/1473-135657-0046.flac,34320,
11737,train-clean-360/1417/1536/1417-1536-0007.flac,34320,
11738,train-clean-360/1425/139290/1425-139290-0028.flac,34240,
11739,train-clean-360/1121/176698/1121-176698-0028.flac,34240,
11740,train-clean-360/1392/140654/1392-140654-0000.flac,34160,
11741,train-clean-360/1322/137588/1322-137588-0012.flac,34080,
11742,train-clean-360/1473/135657/1473-135657-0041.flac,34080,
11743,train-clean-360/1382/130516/1382-130516-0017.flac,33920,
11744,train-clean-360/112/121671/112-121671-0000.flac,33840,
11745,train-clean-360/1052/132776/1052-132776-0011.flac,33600,
11746,train-clean-360/1498/140040/1498-140040-0002.flac,33520,
11747,train-clean-360/1473/135657/1473-135657-0067.flac,33520,
11748,train-clean-360/1425/139297/1425-139297-0018.flac,33280,
11749,train-clean-360/1417/1539/1417-1539-0038.flac,33120,
11750,train-clean-360/1473/135657/1473-135657-0100.flac,33040,
11751,train-clean-360/1264/129805/1264-129805-0079.flac,33040,
11752,train-clean-360/1001/134707/1001-134707-0075.flac,32800,
11753,train-clean-360/1552/140651/1552-140651-0008.flac,32800,
11754,train-clean-360/1552/140651/1552-140651-0045.flac,32800,
11755,train-clean-360/1365/134804/1365-134804-0044.flac,32720,
11756,train-clean-360/1607/134636/1607-134636-0006.flac,32720,
11757,train-clean-360/100/121669/100-121669-0000.flac,32640,
11758,train-clean-360/1552/141135/1552-141135-0012.flac,32400,
11759,train-clean-360/1463/134463/1463-134463-0043.flac,32320,
11760,train-clean-360/1259/27120/1259-27120-0007.flac,32240,
11761,train-clean-360/1552/140651/1552-140651-0046.flac,32160,
11762,train-clean-360/1121/176698/1121-176698-0014.flac,32080,
11763,train-clean-360/1645/141819/1645-141819-0017.flac,32000,
11764,train-clean-360/101/126859/101-126859-0035.flac,31360,
11765,train-clean-360/1678/142279/1678-142279-0050.flac,30880,
11766,train-clean-360/16/122827/16-122827-0044.flac,30560,
11767,train-clean-360/1335/163935/1335-163935-0030.flac,30559,
11768,train-clean-360/1337/156963/1337-156963-0001.flac,29840,
11769,train-clean-360/1552/140651/1552-140651-0049.flac,29120,
11770,train-clean-360/1552/140651/1552-140651-0041.flac,28000,
11771,train-clean-360/1093/132891/1093-132891-0083.flac,27760,
11772,train-clean-360/115/122944/115-122944-0107.flac,27360,
11773,train-clean-360/1456/136846/1456-136846-0002.flac,27280,
11774,train-clean-360/115/121720/115-121720-0014.flac,27200,
11775,train-clean-360/1556/139350/1556-139350-0009.flac,26400,
11776,train-clean-360/1060/134451/1060-134451-0096.flac,25680,
11777,train-clean-360/1387/130993/1387-130993-0026.flac,24080,
11778,train-clean-360/1678/142279/1678-142279-0052.flac,23760,
11779,train-clean-360/126/122467/126-122467-0064.flac,21600,
11780,train-clean-360/1222/133834/1222-133834-0054.flac,20960,
11781,train-clean-360/1634/141571/1634-141571-0004.flac,18480,
